0,-8558.73036849,-160981.424245,-332765.92214,285302.838481,-71059.5706724,-51362.1768524,-35810.4069928,127626.826713,10229.906652,-195538.108818,115939.991709,25624.1580893
1,-175398.170355,-18596.831233,-392850.665592,340130.658874,-127099.05063,60526.3383651,-105309.875476,120137.304896,-106763.919598,-144213.137693,205198.230988,228947.450953
2,-232711.604272,134708.859577,-264192.257837,326882.041033,-77978.0007155,-114534.516326,24827.6374534,64018.8873973,-146448.96054,-270250.105301,117485.857641,126475.867079
3,144756.900161,42741.7342216,-140536.522181,119024.822044,-87868.6533095,-168136.687725,37671.5886854,114476.655422,10047.2690163,-254196.464186,307294.575485,185863.18278
4,187817.245046,-4840.48987701,-112941.311642,190912.74011,-74864.3007267,-151524.815082,-11714.5135716,170405.695903,-75932.458087,-98791.9648763,205662.517323,172639.68428
5,138462.995579,-203813.53103,-64116.5655829,-17112.6935516,-52094.9886565,-204282.590035,-10018.770774,159212.107158,-45531.391913,65381.3040696,65647.3921671,76768.7317366
6,15738.3595677,-268969.085744,159353.833085,-85861.2170935,-167263.233968,71410.7587895,149779.519645,223808.169884,-124077.219549,9638.40278705,-29270.6632917,244786.658186
7,63030.24595,-116690.071004,134305.95547,-105504.375687,-177707.854418,-5077.76748826,247107.825943,344314.663723,-166109.131766,66721.042187,198871.105041,238774.840658
8,-116651.140417,-46141.4958052,182232.057246,176494.798202,-64329.9437619,136799.024258,251624.424046,93917.4157268,-195198.641252,-19730.9413876,197030.001771,192795.325447
9,-203759.26016,142621.328858,224537.381675,126191.793637,-155533.661979,42005.4696453,289474.251113,112518.352683,-68419.6297802,17062.0839942,172119.956922,204089.289814
10,-374290.680961,204921.101412,179897.486657,-55708.8671463,-173338.437545,67337.5726886,-205089.553247,62706.0031219,-260781.777406,16477.0755188,181752.582169,210494.549945
11,-324029.188393,180355.457284,221370.629724,-70266.2358421,-335528.349686,48524.0912398,-138685.474866,-9503.19385279,-15305.0000366,-9168.84999917,239040.211799,19189.1309601
12,-316521.30942,260770.902099,80985.8629446,-80249.9836958,-370902.503659,60391.0178276,-142397.010621,-108893.663838,-68723.7055317,-267529.64415,35606.3459486,52652.5133222
13,-359113.48228,-89608.6073012,-1288.08919111,60788.8828942,-399384.828645,33182.2735013,-267407.125105,164292.73622,74149.0611573,-226766.324742,17849.2744537,-85875.1291374
14,-178755.855883,48043.2732747,-206529.006478,183623.866555,-216782.722331,40429.9021304,-138401.132892,106875.863191,-39382.464379,-182327.87719,-141176.90953,-257571.841582
15,-196047.196505,209571.304909,24519.2972759,166603.519937,-175241.642795,97084.2479045,-180774.529231,-11789.362049,-17930.6807685,-272393.287035,45913.5589666,-162341.127154
16,-226878.262215,109211.314627,55602.3084776,31892.4400692,-145803.457651,-12496.0905561,-262166.811987,89756.1724111,-2173.31315595,-366226.277277,12074.3713605,-125919.670151
17,-211628.645642,227260.296657,227388.121846,-38656.102029,-181822.922892,-67741.8088775,-73468.1529259,13775.3675066,102333.031472,-255866.276525,-119567.565038,-194844.857227
18,-157512.554034,165840.743828,192908.1243,163485.493083,-180468.337997,-54888.1453638,-21496.3802417,-108035.748727,3288.32517452,-125726.896157,-14126.697158,-292278.80411
19,-147845.210317,86567.499559,48733.8660899,256213.978202,-155356.171446,-53845.464481,-267289.789518,-197418.211291,79452.8028445,-151733.373581,-85101.2508551,-401604.191347
20,52627.8828315,52600.703188,61807.524064,229597.874608,41627.9943317,-123701.206905,-159073.839338,-211982.020545,-127571.475745,-20722.157113,-146738.15448,-104305.65768
21,-70286.5058795,58251.9266149,69690.9174537,39387.6224044,35896.7289317,-136353.231767,14769.6730712,-60358.7431306,-48819.4667317,126399.979729,15003.0423558,65701.7013018
22,-8356.90799481,141272.868866,196510.512524,-61967.4529702,27334.6453782,11784.284685,-23390.4372236,-66422.8273037,6456.6391653,-22801.6785204,104169.516016,-212193.046464
23,-61968.9518642,-69563.5046617,-105514.448679,13490.5103447,108692.235344,37080.0305964,-138794.097896,70010.2263087,-260070.612582,128120.342616,145257.171398,-214490.647336
24,-148188.447816,-22859.1406483,19951.4568594,-83232.0971576,188095.609152,-163738.663383,55414.1407496,111170.738216,-46886.5978292,64896.7285152,22257.2104198,-169935.111744
25,21779.400257,58211.4595881,143187.948296,47826.9479068,188572.761929,11827.7813192,-10501.2591571,-135049.129919,-101007.97884,82036.9509485,-146193.962206,-187204.654735
26,11202.1511548,71547.1044021,-42255.1822514,179031.760846,168482.98931,-178305.005573,-174131.926385,-19185.9772391,-109540.659869,16771.1336101,-164862.975361,44338.7872222
27,-277869.163964,-229778.579332,103306.080806,46340.1875184,201724.33133,35836.9852007,-139854.320412,47758.2930055,-66708.90096,26855.9451168,-190336.883044,64745.1280357
28,-90246.4563285,-73190.6671186,155888.582619,39798.9576645,296340.542611,-4541.5584985,-38306.3212202,-203709.794249,-254799.329208,-80314.6500055,-259130.501855,-118424.818416
29,-92261.3912236,-125346.815367,264990.254776,315112.062441,329858.286874,-90704.3598893,-191384.206804,-184049.183427,-239367.742019,-98013.2136183,5203.79909994,53731.2338618
30,54702.3290011,-126695.799651,266692.096206,182966.834262,266305.901757,-25786.3615856,-465273.870709,-32621.2809337,-120896.463057,133257.185674,-77676.6102979,36974.9615877
31,-35834.0914048,-15860.256642,239752.554894,142050.864598,273708.333591,-84894.1272965,-23241.9538443,103178.481347,-29430.5779701,43912.1600475,-384763.834901,-172303.817485
32,92818.1938894,-17536.0813985,1510.6896777,93873.3984088,243511.961414,-119361.516749,25290.1516901,-139406.277958,-139341.406655,126744.35553,-327479.362322,-225587.543228
33,137701.429191,836.860229541,112354.695735,128613.90959,175289.00713,-20496.3386504,93329.305047,-18426.4825333,-47476.7663628,150255.636545,-250203.490044,-190554.891783
34,170686.028929,45005.5292093,-101653.325289,117062.820934,224965.810188,46071.317559,-654.248432998,159681.638222,-107944.980259,201063.400074,-355382.396846,-26760.064022
35,168287.195557,-13143.3186573,-132991.274026,-153760.419599,16869.9042152,-44940.265466,-1680.81739085,39370.6760949,-86573.4272965,189257.751043,-268747.842101,-102741.795909
36,94121.8443514,-11880.1837378,-129598.445619,-65169.9647194,-20498.1560189,-186132.695868,130793.921605,-84649.4687783,116525.045486,148136.096639,-96874.3227837,-253152.534641
37,140892.212134,-207686.177446,66425.371204,-82463.7919056,-7269.27925749,-148584.140386,74532.515144,202198.59927,127260.809819,218210.757762,-106840.275019,-258949.866221
38,264891.816587,-91892.8234404,-45401.8444751,-3808.07503134,98613.090555,-195739.679872,82527.1328661,192655.301891,63830.7361379,108178.164968,-93807.8551849,-231469.311609
39,4073.45566277,83457.7771242,65210.9309584,-71962.1804132,41186.911346,18446.4529032,296135.534016,158614.786656,-35323.535428,57397.5981286,-18212.9765535,-39468.4890089
40,74223.3049661,186412.645275,33153.7121277,-212415.612529,61052.9384599,-2864.93869631,130624.962418,8339.61291599,-90070.0166501,160195.674366,82947.6539655,-78707.0053882
41,33020.6082555,264521.989507,-7872.27240952,150778.470351,143409.3334,-89215.4631653,28584.6384973,127675.989324,112335.240002,254749.918,-28575.0628219,111376.820307
42,26346.3427568,103357.902315,95212.4596526,-108417.555152,-35390.9817855,-85651.4679081,-91680.0420475,225744.433456,259281.911828,210839.64648,265687.648477,-72046.7894715
43,-23816.1310155,134469.110722,100193.691082,8594.31231416,-37996.4869548,-155743.240993,-151070.226924,265614.766456,246074.484637,104098.206187,165430.857705,81660.044193
44,-46008.5168808,-225256.680258,-167723.903504,-110090.22201,20589.4645991,-51119.2618662,-1687.66403142,214618.439681,313127.123699,136596.674195,182124.023995,111627.171628
45,-20754.5385709,15818.2638439,-101663.777769,-220271.087534,-146780.784773,109144.902906,-62236.9135828,248091.238485,308405.539456,-67771.8164955,-12669.7039012,174031.663201
46,-58341.3187549,-35361.4040593,-192957.312564,-441242.211187,-98884.3474799,77437.8828467,-36913.7573049,174359.8017,186816.71525,-45643.3178104,-59054.6151521,180254.761018
47,20383.1344579,177689.358274,-172829.277511,-363599.293,-146399.391742,358715.63586,82305.8764364,41540.0396697,172668.657802,-66965.1459308,-76466.2282647,128802.292646
48,-32093.1788484,174174.037409,7038.12362853,-313756.692114,23045.0471701,85419.4590264,127745.267582,63.4540934077,228724.413014,51983.2197299,-57097.4573231,113959.430341
49,158658.834962,78379.0009657,-185388.090969,-226586.057059,67009.5637455,257905.559364,-10410.3529724,132730.030816,212126.059211,112177.450434,-215491.747028,-9269.26166263
50,140066.433075,199930.460413,-39417.1814367,-188882.651267,117370.196786,430221.586886,-34645.3233307,30910.0209989,298652.275911,155365.314015,-104903.864022,-18502.1650087
51,156181.879446,250645.377606,-263471.462275,-152720.136777,227225.355284,410871.684156,87449.070907,-55655.1972633,233021.540293,170572.159835,32007.7240696,-178604.567417
52,147260.752365,75526.1357582,-158567.775684,144114.848362,187962.76884,343585.948585,73985.6548802,-125903.25318,210328.47169,95065.579305,100635.051745,-58149.2271259
53,59308.3907177,89705.9324115,124876.290288,-37616.158106,49571.9764179,362122.883703,12676.1700708,-264619.536365,-79933.8308849,291177.409391,58073.6846601,129332.268514
54,212713.188654,47137.3272108,-8556.48158613,1527.09387372,104145.473893,167616.258931,227616.321051,-303788.544416,-68980.8561077,177634.266316,43233.8200031,222928.378464
55,100678.248158,-121069.952406,32702.0120531,103039.665234,-54966.5029538,46502.7262089,125422.731145,-346331.03611,15440.7214803,222237.110884,-171987.147905,235629.847557
56,89388.7428645,-145080.376239,10902.576405,-156463.097568,17137.1779685,91589.4251367,-28582.3052645,-332508.889039,-111581.567745,170714.254788,-120411.399971,140552.071108
57,250838.170157,-408107.53491,299.639365909,-58039.0394128,34166.7990485,-154587.507552,141362.073228,-292785.365138,21422.2706281,35204.2142026,-115796.993099,189183.399399
58,263192.063053,-347133.70188,-65453.954169,-65735.6327625,2989.68255729,-104663.187015,-40608.5087224,-193439.558014,124669.899846,-53065.7813338,-12030.5673058,126822.773993
59,217327.37247,-282059.947558,-5946.33001628,-118412.719736,-43163.5812131,33702.7216097,142226.934974,-210815.441644,-23156.9035946,-2988.78307273,277545.878125,161984.426469
60,242013.207635,-188519.628313,-154497.765664,-247525.798322,-75929.1432842,-15764.0928175,234004.351918,-253387.020129,-106056.010802,-17442.7592115,74319.8728903,93038.0137777
61,128618.479784,-203093.732957,-234102.586408,-90775.8065064,-47272.2291299,-108139.482454,214921.019305,34587.898093,-23715.9451739,-251058.639651,189483.236265,66165.7767936
62,98072.6963758,-185843.258958,-201383.189843,-77800.8786494,6160.55088647,-194360.400874,129396.971477,-87590.4953799,-61688.2217237,-314560.241075,205849.822631,176277.481653
63,-63809.3894394,-224034.337936,-250296.249286,148643.601097,39881.4961347,-127653.827514,171660.069128,4804.05599081,-106339.647593,-397157.85701,112044.464957,96440.8887345
64,-58056.8478119,-76658.6050137,-344711.54685,312563.722097,-81024.0440712,-32743.5150104,-11807.6670318,180781.698652,118187.33165,-251890.010419,107735.190025,231543.816738
65,-138490.872549,-27079.7139588,-378608.517941,322472.934129,-119778.509201,148564.983012,-31629.890045,34173.223196,-202726.609599,-121814.041736,208033.149131,131856.481237
66,-169343.100694,137774.312704,-316276.577143,302605.303547,-44672.1853539,-138302.127671,49619.0483178,742.796045356,-165526.831409,-248675.068261,109499.368591,132102.231774
67,206487.870788,16202.5050685,-156543.68382,214203.948088,-108464.369102,-142189.7693,-363.58252207,202610.157641,-81630.3338906,-225103.662128,368908.355943,143543.495716
68,152725.334489,-123555.825579,-138051.049993,131742.27637,-98274.5449108,-195766.190804,-81781.5866394,57535.3650436,-54792.2684824,-95473.352208,141514.278397,134643.579906
69,111229.182911,-180244.393814,5494.20310141,-8712.00123215,-183610.505529,-120918.528977,54364.0912825,182132.548805,-28980.5934398,26393.5324403,17245.5785209,48965.295158
70,33188.0988912,-265569.041659,133134.06729,-98110.9635208,-143552.46852,199219.539621,120938.482287,252257.266317,-147117.389753,-21716.8604235,111099.986342,205553.009806
71,83176.238384,-25910.3849344,71221.4487019,-162408.846648,-287980.112979,39038.2901175,277454.871319,319383.024999,-228119.376496,79764.2244832,131207.263311,229592.019682
72,-158500.282903,-75721.8677037,194057.734373,109831.221712,-99049.8952334,107378.24147,223688.021415,228102.972308,-161000.316747,-48532.6017143,146831.436155,168492.340407
73,-153040.870252,135103.224051,244715.887634,181987.633552,-178334.800008,39053.4494294,142020.451134,143415.971948,-96962.0530165,92672.1952975,128305.704427,24594.5080652
74,-324818.541484,231753.823515,264805.245562,-100537.212609,-165538.366646,61320.9404748,-135052.557274,58677.8637409,-201388.817623,18780.5163355,208389.381652,204448.231292
75,-288368.380327,251929.842224,264665.75817,-50166.075517,-360552.155672,57588.0196383,-172574.110892,-15390.953225,-5920.05347668,-64037.5496639,152864.569998,42231.2989382
76,-255197.600348,201425.067897,139311.628479,-106294.130241,-330369.812294,123013.599897,-156978.90859,-139514.8821,64317.2771401,-271068.775496,4521.00919584,68594.3349101
77,-353909.181298,-106656.189964,-15281.0261405,86621.5294309,-412447.83182,553.780490859,-135509.585955,110561.643682,24937.4018659,-264392.365729,28482.6619216,-50196.5751237
78,-271320.567396,72401.2713853,-136692.623521,170700.219602,-226611.137403,41409.165965,-155610.58942,74305.2084615,125584.534483,-278447.363597,-137080.494526,-180550.182372
79,-150068.295589,244728.288071,-11315.2009033,108971.411835,-149095.119486,27732.606852,-5927.82891226,57979.1171437,2831.57847454,-235911.260715,72855.0959022,-122712.910072
80,-222723.079292,131504.239164,101651.02425,8299.52753495,-143318.13386,-27666.2572036,-247738.20197,-43128.8137956,30440.754099,-366549.698046,-27100.0882811,-245300.632001
81,-185815.362947,306336.737401,153270.09495,56833.1657491,-168609.273342,-121539.187814,-150052.939706,-46682.8382819,57461.6929968,-324880.497842,-79594.2940273,-247578.765452
82,-141429.722237,98602.9332001,158428.24663,64770.2429186,-202312.301665,-53345.1439322,13981.8664778,-181133.337469,4504.82366742,-133517.873682,-10348.0800533,-328481.69501
83,-148195.37939,66922.9825216,53697.6084139,154121.989603,-111231.004908,-26638.1593129,-179673.563326,-177014.34242,106999.58916,-130329.185113,-135442.20502,-345020.676611
84,4390.59090481,105800.192282,40920.32447,200019.271067,68257.7726722,-233267.751289,-183331.740875,-123454.169586,-183756.564145,-39309.7671318,-54774.588162,-77988.504552
85,-102734.43169,130516.773008,67185.0727477,78831.4013998,-5294.05977793,-177761.282192,125820.492485,-62590.2858462,-58911.4754396,178505.935553,65612.0658589,49174.3573775
86,13826.4821318,110606.927897,79970.9404759,-171713.913429,75924.4793461,12796.2260026,-80661.2851738,-140843.303155,-3103.23824804,-63856.0884645,111006.610301,-237952.295286
87,-90522.8464917,-32679.8094776,-102673.874432,-140747.574315,105158.016567,-102292.867681,-191229.981324,18821.777478,-164676.922331,101514.095168,142935.743989,-128854.081987
88,-274554.221687,37800.0552285,747.222032026,-86741.4495676,199701.037799,-54919.717053,-67355.849221,127007.789567,-74559.0453493,69826.2372375,-22388.839686,-165961.834859
89,71926.9427528,19113.7888352,71392.7366882,-12062.4716756,217318.196538,16644.1939778,-145946.88315,-79738.1384499,-82662.9518312,109385.33235,-95428.3739036,-206831.767137
90,-66456.6800601,93905.0394336,85171.2901965,188973.166255,177861.664468,-90514.2216909,-184594.061154,562.049674161,-106684.773828,-15214.3062226,-160463.024032,30135.9402403
91,-250783.929614,-286099.456913,230436.20329,136002.456546,239935.044003,36874.4860166,-180997.128177,34146.3098147,-96375.6684076,31922.5408336,-172976.748257,9757.41340312
92,-166668.731846,-220782.021799,272914.758612,95994.9650878,288199.899361,-17376.9985848,-126647.14608,-158496.568048,-241842.150888,-119648.5491,-230716.935064,-123041.986403
93,-56805.3994279,-167289.887328,341114.833989,350634.195252,317398.954469,-56179.5525944,-281846.562438,-227035.455299,-231882.068752,-129805.025104,-25731.6576055,87485.6247912
94,100074.050344,-37439.2278938,291104.892748,132114.742498,251501.56716,-22830.9519079,-461343.961951,-65424.9903538,-220232.142052,43195.4080157,-109266.333363,91988.8084465
95,-24321.8100389,28186.7300046,153758.212921,80526.7858967,213175.362806,3804.73736768,-141778.483083,16544.2259012,-68091.9400577,104032.836024,-446239.294308,-78832.8065044
96,-21027.5527368,-12734.7481727,65319.7390733,49557.1063009,248376.060693,-36721.6097727,-22777.3916718,-140499.799333,-59908.4418756,-22147.7309862,-356880.890287,-326636.997255
97,194539.257377,49837.2014851,146622.420332,102169.205642,214427.079909,-6633.74019222,63832.9842056,128962.025514,-110040.772678,164951.671928,-210529.418093,-192546.34864
98,299766.854915,105958.152698,-51675.6072715,660.792793357,165794.058249,-81405.8472037,-110021.709933,119365.633648,-121719.324214,116321.34698,-249922.656258,-106978.273014
99,170095.493346,-64523.059795,-184946.372893,-51957.5348618,27541.3833002,-100960.831027,42916.633373,-63220.1657825,-52244.5691747,177408.721595,-188641.609982,-174813.015394
100,83593.9834702,-31663.5758892,-183754.71576,-97471.9193131,-32398.5277198,-167510.836351,14716.50686,-7703.28301029,132340.362001,125209.956444,-54547.4264859,-255221.098596
101,108778.397441,-131030.784837,5217.00458021,-25915.5661279,-23407.3588805,-128327.872028,168083.545105,204289.77918,185979.352939,243455.713836,-120693.216959,-302962.939924
102,302478.9483,-92578.66657,-56541.2768023,7757.02208529,88731.4787969,-203199.970985,67361.2741698,176207.403177,116327.615166,124374.578334,-71526.8847176,-333547.731901
103,34828.1967048,143040.266463,36073.8754249,-147996.021821,21708.5541179,-24584.0717947,295843.222006,211486.329046,-68204.7513003,34752.3308862,20708.8883621,10333.9181359
104,54968.4850955,239348.273648,-22596.1555804,-99176.5012455,75923.4775617,26684.7668438,26602.8360528,17529.1508733,-46449.779609,85869.7450582,14192.4951398,-81315.5198598
105,73408.9011567,194072.854908,-17375.7077601,128893.984283,148969.99202,-85263.4789364,-25458.3554298,135694.852941,68668.5977652,270803.348704,31937.5298203,142724.085514
106,69864.2305451,133071.961223,53340.0627539,-24223.2293919,41570.7284884,-74254.6855527,-101883.868164,269242.490236,191838.503607,142964.508592,214806.515727,-36993.397149
107,14436.2423552,147224.350694,28910.7250211,-53627.6846725,-20356.8973031,-155969.823502,-208226.723181,225353.140042,295364.26,96933.9554463,73485.8687654,34610.3173475
108,-115041.857497,-109895.992597,-42187.4559506,-120800.049157,35739.902054,-53947.4740531,-54884.0977293,254562.879166,268509.816467,111170.040918,211056.425849,41586.0928549
109,13452.4192542,72234.2238376,-132239.488292,-227093.124847,-134320.336797,138345.336795,-87430.228496,230777.845013,266527.815541,-57586.2436556,53538.2437897,174604.580192
110,-78316.8528811,33431.9307695,-141860.746057,-479314.675067,-124176.678668,169250.591887,-3125.86803665,116147.211825,38919.3967699,-102730.508752,-83579.295302,206854.53027
111,141670.216739,246245.809745,-148584.866845,-281806.875866,-102422.846482,327670.07222,114180.028546,58978.6016374,253798.564597,-82184.1280546,-33124.6432357,121169.510595
112,20479.47345,256445.336842,-68301.2033654,-251166.195571,58538.5975352,147625.472244,72834.9764656,-30204.3846921,249641.735565,-3280.55619638,-84809.5370087,169655.003093
113,189196.595587,29990.9861586,-162558.306635,-255121.991428,118175.702813,267232.343321,-62534.9885658,103193.888613,329908.300022,41571.7424097,-205720.49774,-19316.4086364
114,147188.712855,210540.192221,-84778.4327475,-217863.253096,163545.449723,520287.308983,90870.2878063,-48720.9607707,336847.572901,197783.031451,-69030.3291096,3208.63257575
115,151787.83153,188825.004855,-205128.753105,-206638.065066,266655.304281,367656.578859,221106.24399,-27237.521445,316030.684846,180254.936684,-21384.9595844,-126878.612587
116,115259.027354,34127.5951346,-118705.307532,135665.113961,147010.224374,372046.797248,25557.200691,-55514.9211849,120610.625211,180754.519432,43782.1380764,-38896.3772844
117,66588.5073533,103004.271795,185507.415114,-11185.4733418,49475.8204915,334220.003179,62437.4929963,-307962.715917,-104833.905394,305665.303412,50777.9996926,188410.343485
118,214534.634183,4585.19371623,102941.901411,-50584.9300123,157249.844234,94767.5527226,333085.57085,-319895.176195,-166945.263291,131211.263935,42440.3037779,130396.520827
119,10826.6112332,32434.955741,51369.3340088,-42598.358062,-49306.7265851,53656.9965162,129805.299875,-362757.791531,62672.4500896,175082.111772,-175199.888529,142738.958553
120,121956.619849,-182461.040274,8967.15355668,-165235.491381,-49005.2926744,69567.2207043,-97338.7336336,-304814.337555,-76926.1293239,188440.496794,-157356.54435,61195.4990881
121,153678.365987,-413342.015235,-62405.5720581,-110586.300742,78116.6670257,-169159.873725,102954.131539,-289805.096019,92235.3602667,-22245.7264455,-87676.5966525,185923.14111
122,249770.355717,-310768.950738,-78417.7333948,-15964.3659645,-3461.23925772,-81813.0261248,-58071.4050218,-193081.805033,85364.7981656,-11032.6225672,25847.8854223,79855.8772375
123,202679.845888,-369468.346267,41799.9608514,-117587.712913,-73171.1490494,93468.8092495,22338.4317387,-172274.675958,-57304.2820302,60855.2468295,252288.805105,155746.645604
124,244539.016748,-247494.511475,-105056.498361,-220942.346226,-103749.657552,-16434.3224399,247346.482722,-142145.421091,-33588.7497657,-47514.1697693,97317.0703594,169996.813682
125,58132.6624143,-191878.06985,-201004.607318,-114530.108113,-48406.9097277,-117928.219526,216798.285862,67979.8607015,-44310.273109,-268230.897418,209253.841228,41052.6968607
126,81217.207365,-96477.6577614,-180343.543429,-144301.017175,-17633.2589224,-179420.243987,143082.645767,-86456.2592198,-119435.840648,-357753.328477,189358.904978,202413.651937
127,-114351.168401,-326197.798783,-252190.637892,165656.631516,34281.9133625,-61168.4856982,173483.173774,-23141.8536817,-50186.2900652,-296588.538351,190959.454297,50427.5966331
128,-145256.354222,-113974.685328,-363347.697494,322802.792359,-61763.5267225,-13454.0862224,-33021.6844963,75109.3484365,11213.1905647,-242664.822107,156151.778512,106819.131113
129,-137892.812401,-111990.32755,-354258.596043,305587.77847,-141388.860571,96834.8465332,-153222.302051,50403.947014,-218214.66387,-105111.104312,238876.8009,151926.433187
130,-51938.140791,132591.733417,-271518.212541,291768.22631,-79829.0205236,-178642.563151,50386.4790158,49709.670994,-239104.41553,-158023.538396,54574.2908479,181176.426469
131,217676.174291,-3191.96613635,-166663.668817,125057.992359,-56726.3268072,-83699.8351722,36791.8685311,234929.67038,-81556.5401796,-270943.495976,300487.259712,91113.4304074
132,165996.395025,-206414.223828,-59084.2972605,28435.8550682,-22703.1193352,-147722.028506,-1871.40192948,87175.4601139,-35334.2243175,-70206.9931615,165292.060139,156245.737299
133,132368.536393,-163721.703762,96095.2831189,37567.4599856,-199976.720463,-64714.7424696,75135.3881985,131508.98993,-24510.6718904,107220.944016,-31774.0669854,86868.5575164
134,133039.006806,-215330.24771,158050.872517,-81345.4387026,-171110.18635,109931.906475,105560.983798,171658.171627,-103118.734623,-42230.7069603,30609.1420106,176019.57054
135,48812.057324,7830.12967813,106060.92935,-101499.111019,-214810.912611,32984.4165047,450592.94305,358174.108914,-249081.289446,154396.240285,119223.585354,198927.053413
136,-118506.227648,-5882.44172522,170511.673331,196663.92279,-193376.610636,23689.1509233,302098.889616,207592.975043,-133609.171958,-31392.5802425,239405.560074,137741.295579
137,-88231.9985221,127064.432422,226645.702194,106261.121514,-218610.898866,4689.25830299,17443.2243379,114926.380987,-136243.247456,119265.198065,160857.702095,82869.0901404
138,-319622.382658,213816.868817,233310.029594,-191759.399596,-258906.949249,99448.555516,-99639.4548348,34257.5396907,-165972.964398,23729.8947325,262585.837994,180900.142817
139,-261306.202395,255245.509967,249564.673536,-108462.531251,-343136.58761,22000.8839113,-190444.05744,-76439.7367479,-48627.5101412,49874.2720661,125101.785174,-29845.6040661
140,-225478.838994,161096.377627,155490.740615,-102456.700537,-314996.342192,66597.5801834,-158082.520235,-107170.365538,59955.9380648,-248154.986311,90611.4044945,97977.7665032
141,-247011.714822,-59688.2749819,-4560.66539171,104075.064047,-305848.718892,13104.4753873,-142449.082747,122853.35006,-42185.6057236,-329384.462901,-7179.62331711,9787.90799448
142,-302036.028877,78731.681784,-158323.684666,52884.9600791,-202055.596481,-55122.520037,-237916.033196,60463.6500539,68957.4766174,-303013.941101,-100409.740324,-239259.905927
143,-87970.7168455,236914.616419,-53526.0381699,97466.4924904,-148179.060653,87098.2176802,-81412.8801915,129524.944735,4026.54282209,-200629.263915,85229.0980111,-63293.2068322
144,-202439.915808,264454.856667,59958.5751338,2151.29309039,-128194.114288,23100.8618589,-329869.452768,-59688.5310956,47459.3513792,-358074.65627,40000.9027786,-198326.140934
145,-200816.310022,241694.118878,265510.605085,64874.8884037,-206473.568999,-168075.975376,-89842.1141331,-35390.1480806,74110.3337879,-303842.909174,47868.9187766,-317163.394649
146,-214684.144341,42215.7365958,178855.002776,166994.141674,-195998.319362,-75529.1080321,-114162.691149,-249105.703648,46642.4123241,-173681.759753,-28836.8788348,-265054.552061
147,-106418.653438,59861.6006199,36632.7934797,187078.117247,-15961.3451451,-13419.4998401,-148826.743154,-116277.97063,79060.8859391,-145748.812059,-66285.2209417,-288233.956497
148,30344.6146515,89813.6542495,-40515.090088,243741.407755,103688.423028,-240854.620238,-1463.09798424,-177657.645762,-162299.811188,-19358.9736707,6461.42421254,11679.645643
149,-21186.4053329,111210.841729,102881.12651,-36763.1607378,1997.83146896,-169549.55627,11588.2416232,-131974.409115,-57499.6410566,180932.372417,-16988.7152538,-54056.5082478
150,190.871463408,23131.1021109,78960.7610184,-212365.489232,94050.834277,5653.51301954,-190286.650042,-119710.020609,-100216.811919,-68793.9633995,109208.782478,-195317.78867
151,-76739.5193626,67210.0821493,-65207.074231,-48281.7066672,107880.076383,-119099.392367,-97667.3851002,64553.8700399,-91514.1842573,41853.7951554,143324.568314,-130799.309649
152,-225920.478438,-7095.53450973,8099.58347151,-107164.243715,246618.915775,-85571.1220081,23277.9486735,60151.3405086,-54429.2956728,148393.244964,-68725.8922831,-121187.334858
153,23937.99459,37014.5458317,92882.3217208,-97439.5779398,197988.61283,-51929.9848517,-91308.2940285,-158341.175643,-164011.877974,82177.5422991,-24597.9260027,-207366.180293
154,-138157.193327,-1493.64298197,-22752.4860551,189973.811033,170978.765462,-63767.8029537,-237495.687971,1554.56492579,-84053.2244472,-19682.3154927,-215832.111375,118383.931848
155,-262631.342203,-227113.186006,208032.665273,171108.448068,179100.697703,47460.6062618,-189140.629635,86223.9867713,-60233.3532213,66899.077559,-94173.8371937,-10121.4970255
156,-134717.138433,-212851.813616,314388.060815,152166.804267,306063.341052,56523.8203535,-84311.1458807,-137263.97945,-251949.088695,-53370.3147203,-219872.023323,-97944.0473441
157,-17484.7968199,-240351.973669,326904.986007,344755.702843,222817.392907,-87595.0785865,-306285.89322,-203926.667963,-167148.818624,-68111.3345877,-48529.1833314,97858.1755506
158,21131.0632404,-2265.49479146,323594.137582,210948.438402,212390.294374,13249.7146119,-419409.600377,-71609.0292026,-199376.421877,51165.5623218,-171754.912054,20941.9479224
159,87452.5659444,74613.757056,80509.9744979,61053.9542318,208317.513914,-73863.9478633,-36606.5832601,-44182.9147806,-190028.218265,68977.3000903,-369958.095506,-83739.9676618
160,44987.510766,-104925.884231,49310.04407,76489.9684304,275434.439293,-55351.3542772,-137297.233102,-28829.9930232,-91021.6896956,23302.0783427,-383439.109355,-291382.701822
161,205970.266133,19180.7478714,28463.6633336,98573.2564182,194985.890605,13268.9436007,177497.671188,156406.177403,-56470.0801849,184882.904173,-214700.415709,-151605.367821
162,264529.009108,77942.2368106,3482.78097955,-19295.0656479,130885.584566,-63176.4901352,-110180.085513,44904.7726679,-73645.0925737,134469.978919,-291267.213118,-127824.613479
163,82611.248279,-55531.0681996,-205093.375652,-262530.783854,1412.6874723,-106809.060488,-1686.49739832,-87453.3813126,-67940.1190855,167396.504365,-135384.210085,-82069.098461
164,198342.002435,-63547.3974489,-105848.967547,-154440.979162,-10396.4782142,-151312.805187,-30635.3020017,22413.9464458,116837.363892,230919.785736,-71357.4585901,-289964.545999
165,156836.116221,-115615.148447,-24165.9286618,-17687.1670298,5158.12729953,-212605.833548,165093.359942,136353.089637,156976.03521,183900.623189,-106608.285116,-228107.327571
166,150361.293585,-107005.703011,-18509.9866059,54612.9043474,70326.0416422,-203169.927201,149069.348765,130436.946576,79913.6220651,143098.666655,-196410.744761,-256809.048678
167,100249.714808,253047.549378,48995.2345654,-195434.420749,57338.5140433,-15456.5514957,464556.817869,296019.914102,-15813.3141048,-34808.5866527,-20482.1782574,7684.11786847
168,33114.8341407,280178.242486,-21095.0893782,-63853.4142743,63004.64964,19458.0187273,-32799.9288617,128221.585738,23016.8811716,149710.444147,85267.4405439,-25782.8307179
169,83440.108225,183138.89622,-15947.7332406,27333.8549521,126591.323004,-38896.5845402,-168647.254252,18550.1087544,126332.238375,231996.482903,-15547.7251112,-15140.3943467
170,66478.6879371,175241.787287,35594.2923443,-82291.9427872,79987.19743,-84125.8036944,-87853.9470289,200201.435716,283801.610495,49100.7623928,178263.476283,-13944.6963758
171,-34682.171523,59388.7917446,5461.10183845,-13541.6800194,5832.19348282,-124105.339957,-185507.064988,137096.538668,212198.051374,122897.461272,111241.532738,-1937.65399229
172,-135527.541202,-103258.841268,-74876.3476653,-110178.603381,6470.98808004,-20899.585987,-40819.650611,214592.537758,250141.293997,137913.889163,231665.140849,64038.2372578
173,46783.3961399,64770.1819478,-157766.824607,-327130.926706,-176052.005945,91708.1744075,-27217.293991,237992.568048,238104.60013,-20230.5788849,30853.2177803,279217.379546
174,-59926.7987426,43950.4041882,-136618.540531,-443622.913533,-91933.8691275,158248.267334,47584.2632305,90504.7305367,54037.2911363,-17204.0500939,-134735.437089,155139.976727
175,97530.3238774,211470.573545,-142847.282122,-218788.044795,-75547.8426522,258923.552031,201491.674475,57715.1152451,234910.530965,-138320.124236,-37252.8067948,155019.031961
176,-53851.0108683,226112.879396,-171484.344112,-317296.626924,33487.282392,239280.059315,7958.12280645,-7905.64734017,196523.15369,-25686.3046763,-79147.1882564,27351.6601206
177,220104.046193,60806.9950452,-289281.821535,-321027.972262,169414.886712,358566.7299,-130938.021564,100242.533314,303841.889087,71492.8170272,-148352.218028,-42506.6182844
178,63659.2543641,162220.755156,-120708.056175,-197120.43041,148084.570454,522025.073901,181763.958069,-83345.2869934,310681.400515,241468.74692,-188.793567271,-16226.0326828
179,159400.447563,184881.919582,-132524.88994,-160445.281256,289769.465552,391387.554043,280489.858356,-150422.553048,407619.427469,235452.265053,-26807.2186049,-195039.281205
180,122341.296669,56820.0160405,-158045.987905,82383.269783,197708.837138,416014.475918,96693.6406453,-101667.824204,95215.2902662,326019.087769,35858.078939,-133825.519726
181,94888.2246222,13957.3499934,119389.869528,-115144.226162,24718.9474139,325971.682825,69530.7439519,-314913.860504,-37462.3206762,219764.399874,57709.3595218,170535.38724
182,259533.27992,-68407.7389377,238885.786047,-15133.1407978,121275.495317,39287.9867773,256734.627434,-294727.407365,-189258.515484,181720.510744,-40969.7028986,204268.015015
183,-96027.0027052,-19291.7055442,122152.049729,-144703.073178,-50802.7003956,43330.1610641,182348.658521,-439603.284184,-13715.6162216,147474.173417,-228325.467868,142955.121976
184,171304.173408,-180455.191495,-31341.689447,-121492.590205,24882.5971482,86888.2288244,17765.4333707,-314235.2709,-66767.3880385,199830.270771,-144762.602852,153285.968404
185,207425.686683,-430379.946896,-88229.4364195,-43232.2056069,91094.7477884,-41135.8266836,52992.4180539,-170041.210049,86678.70994,-19237.6206142,-127892.33922,200612.031767
186,242492.453089,-347310.277814,-153954.121315,-5912.24846684,-20361.7575004,-90350.2142958,-45255.4861078,-176906.047716,48470.6583398,-35169.5762752,-8922.38934893,35140.75927
187,157878.362578,-309970.317741,52762.6619494,-95889.5773268,-26653.9929423,105051.073359,25317.1820994,-267508.282307,-87422.5788272,90684.2573066,215396.391411,63963.7282112
188,234438.599802,-149346.248052,-142868.159518,-296760.011304,-98238.1250539,28270.3175131,324848.77916,-128418.279735,-95044.6379602,-59861.6556144,105605.520792,177651.050457
189,-21894.2298118,-127331.250156,-238909.480096,-60861.5228158,-16750.0038244,-137745.233069,91971.7048398,62562.3183764,-50266.8465553,-276473.408132,155850.770947,108595.560644
190,-41349.5317053,-112636.284514,-227385.572477,-87695.2009491,-32820.0720679,-217463.270402,142188.087402,-68341.7493423,-75740.4068245,-361580.5849,259395.790959,190215.901021
191,-58188.5606177,-342790.235353,-290034.117248,217552.144758,6153.20042779,-45206.9251464,143909.397736,-13936.5595409,-2919.05026875,-287530.813204,277996.222746,8935.92161211
192,-115995.695471,-11919.0346859,-381584.682431,309695.849863,-51584.5796759,-1249.95442503,-36033.4934922,109124.063085,-38882.4453045,-237149.454633,218421.119954,233285.329295
193,-135480.402595,-55941.3913505,-342598.836426,324811.047941,-92979.2717688,86765.4884991,-126116.851827,14379.1062759,-197429.33758,-49690.4920134,221611.0352,112635.278491
194,43090.6267418,139375.423939,-294124.715512,315024.734835,-54582.8820076,-148123.513212,-14040.6773835,148331.379839,-138309.754301,-161781.712209,95247.5184935,245617.258689
195,158732.068904,-26082.830742,-200638.839648,55852.288542,-33188.9271565,-57699.1474711,47862.591558,222264.869309,-106639.438304,-225270.532652,311378.890459,19039.5472016
196,183542.957306,-166774.121108,-68975.4640356,70360.7919282,-57932.6947153,-196276.409223,-59315.3202383,52276.364599,-1794.00370226,-67561.3341986,95447.6317189,188054.953386
197,123350.789686,-137477.030512,166281.109244,46859.8041995,-209867.793603,-6646.01180448,116706.646997,186633.478995,-19587.7832426,143938.978033,-64144.775535,109625.650149
198,97500.6017673,-188343.690092,143962.665129,-118589.010385,-184335.398363,63068.8316024,142052.712346,192710.268499,-110712.732682,-109027.37876,38742.3123222,200233.51098
199,48632.0624206,768.365378534,194215.780067,-23006.1706766,-216485.218915,37074.6075538,441010.659718,302309.873421,-243576.813074,208580.829967,109849.194712,221589.542066
200,-98883.4036183,39103.5896085,220496.628406,291686.483062,-221583.584602,5435.12379425,326589.356326,314301.339727,-163476.713705,5566.49761492,267648.329005,75213.3232062
201,-145520.656324,209590.992625,263876.331988,59804.3863728,-219559.794444,40603.9902715,-26006.3893134,102439.913021,-55104.2003015,21956.7325525,96286.3272452,79456.3555807
202,-313549.273656,255890.012582,171667.442775,-188171.542851,-277966.618065,115400.429904,-45783.8921983,37592.2878683,-54861.6270202,32458.6554098,280806.985221,255469.495877
203,-362204.64265,288406.279848,167358.373013,-36896.5679264,-360769.702626,10150.415913,-284921.847953,-55266.8507108,-35234.0871901,-19343.4992549,65467.5829513,-15332.5473874
204,-218328.344919,10745.5855976,186921.525626,-83197.4543852,-292416.935873,63692.4331384,-211798.286528,-99722.8831483,35436.9159763,-167183.259574,54733.5381368,96797.7457428
205,-248952.182242,4845.39476757,36877.8115144,-20730.0286011,-331243.290248,31402.6810913,-186754.712296,138851.920639,-49633.9349436,-352020.146309,-68918.6310521,-3750.79299572
206,-288706.248513,39693.5550965,-112134.651929,160800.706904,-158550.462187,-47343.8310094,-223344.410968,50673.2617315,66068.0535915,-366722.169947,-53957.8957103,-271706.220672
207,-140369.4998,221500.257913,-83356.8472125,182156.769793,-203153.055829,-94144.692736,25922.4437571,116896.274231,62551.2656768,-210609.646601,20202.5602949,-54839.485473
208,-140747.621787,225462.191548,92391.5925564,33861.0965994,-104948.327257,20926.8170915,-228451.711821,-34727.1758425,21305.7150246,-355177.373,88461.9992514,-266084.445854
209,-177685.390754,248240.868396,226545.660666,113305.078637,-185863.54562,-110235.971506,-45367.2034861,-9722.9696058,91761.8943449,-222264.790277,43564.3079164,-300426.114798
210,-175504.906318,39578.4704831,140393.493216,122159.858523,-253131.694994,-112144.414309,-270397.982168,-185575.943961,158222.695092,-288614.559896,-48779.7912134,-203417.859507
211,-70302.104582,81888.3489703,50928.9624615,153221.291431,-5794.84790385,22385.8237368,-124677.927342,-191050.842628,41817.5651265,-178567.9157,-100645.232006,-280937.055391
212,-21162.7532081,24475.3394035,-44696.3349191,217964.648947,99398.2082144,-282789.443676,-15878.5054262,-140443.646647,-163241.285304,65677.4026406,-32819.0275731,-1670.31579652
213,35029.0212047,63221.3521613,165775.163962,-61918.3238951,41564.2481929,-105720.691191,-15287.9644501,-116615.454616,-102614.108172,155774.742515,-18627.1347378,-135724.77677
214,36622.8455976,78017.9281447,63428.211344,-93094.5290526,81213.2890125,64232.0080258,-147782.731013,-82596.7429798,-62024.7928578,-87964.1004533,110025.484293,-222346.900305
215,-219406.975458,41545.3369938,-13394.7334179,-64953.5356585,122449.56617,-73178.291857,-73733.5758226,129206.523994,-7225.86545793,6645.97367846,120602.184063,-105756.393057
216,-135954.860857,-72695.2751574,45256.1609075,-13597.0959418,204445.761491,8266.11858492,3632.19411514,-8126.69154461,-122278.578024,142157.736136,-60118.2736903,-104374.217048
217,-23027.6751462,29538.508803,106883.015766,-8528.36279478,202244.057919,-85750.4285219,-200033.165607,-123342.123344,-195172.959942,6600.9268569,-74107.5288628,-155014.9643
218,-212155.988997,25745.6795288,95736.1794353,211923.959117,199616.557725,-98654.0642323,-231753.296481,-11860.9343619,-90729.2583194,83644.6442066,-204308.585823,99660.2828892
219,-207571.374439,-171733.939791,206857.574583,246786.404358,179497.872098,33446.6016241,-239097.583256,117405.061433,-89719.6314106,40150.8437155,-137526.699678,71132.5493965
220,-152756.454432,-268653.877886,317542.212324,193820.79013,337013.079715,-11469.3197987,-99778.031291,-155083.172374,-207340.47669,-91014.8164629,-189526.443293,-106588.892889
221,10969.4189552,-211902.801949,253123.702685,420031.235798,275552.136391,-141217.606333,-355698.682984,-183094.234721,-76321.2236356,-1864.12665759,-108211.125335,2673.87051623
222,41696.9950591,-39655.4003597,365041.078574,208043.766901,264015.336392,-40299.0962815,-366585.697753,43249.2741849,-180426.149471,49860.3618564,-198296.824877,39160.9368741
223,36825.3487107,-6234.46251824,141770.039713,79576.7798087,257765.083895,-69844.3700846,-131966.030039,9836.09312301,-135732.13833,130724.761136,-325487.964434,-199802.478486
224,73924.7206024,-21509.5906211,51073.9460205,114372.837086,203321.100322,73422.1017875,27915.1798272,20610.0488586,-84233.5939921,-63634.2786835,-303810.593541,-374335.923557
225,218929.444928,-48791.4679657,105207.463567,47244.1783475,181239.649684,-7405.77769501,224695.049202,121007.776277,-18967.3200601,277704.438665,-227424.896584,-222040.70798
226,203158.699247,113960.969218,-7359.65358992,9898.12933972,93846.0639189,-82733.1167824,-26971.1234649,33566.9108425,-58614.8733178,136349.627286,-298214.935062,-43642.0803293
227,61204.1694981,-21870.5400042,-189037.591033,-206064.520775,-19457.673775,-127870.885981,-17871.3621825,-155704.022696,-74543.9564237,117224.702164,-43273.3630135,-242727.803497
228,207420.325276,-149104.880977,-89972.8785931,-77314.5520898,-36663.9767098,-149604.361012,-77854.5027152,23764.5896078,190808.522094,295465.582483,17254.5687565,-180246.197501
229,115589.13709,-81157.4355606,39993.0730211,15832.8939579,39163.2024163,-349061.531365,217920.706344,60663.1857638,104243.838999,161677.300843,-77514.6951534,-281201.980739
230,99967.2578131,-143522.827245,8527.14382213,31967.0252289,-3186.68558583,-159772.175327,151552.660607,186224.620034,5845.8528471,159712.325726,-111349.06141,-292017.868005
231,78748.6158698,160204.34494,61031.2854177,-262187.475964,-28121.6386777,52229.148494,354419.826535,211718.050232,-73224.9910731,-78510.9765326,-5813.64710059,-74148.1058892
232,822.498011474,220137.812532,-3278.03141098,94209.9264462,54652.7013445,-43566.5836455,112496.530323,125407.028769,12235.6779498,146628.449311,120408.578299,-29171.8783416
233,69839.8174007,245260.313221,18712.2630348,-59488.4637334,89581.9572075,2715.08273285,-99026.7022033,11726.8855374,140310.581558,171330.239099,161668.97823,107368.195927
234,19062.7618565,121197.044224,44621.5281989,48267.257381,124491.615786,-106165.960869,-50252.1780005,166980.70485,281237.488467,63472.8710035,121077.771154,73406.7851116
235,-50052.5632177,-54055.1261289,32.8757754389,-101373.57169,72967.9597968,-114587.115182,-186952.039743,71291.5009473,222035.494414,105301.732779,137719.82288,89698.1379084
236,-160481.694693,-46614.7226772,-64940.7568122,-158587.132033,42161.9984859,-85842.7663795,-52000.3650495,202316.501048,253080.203563,58961.7759609,183384.999228,131288.639312
237,-18777.9930734,19249.2292791,-149805.02504,-289241.319161,-188870.378602,126757.362241,-11125.9260914,286388.525963,271765.816266,20178.0246752,29807.0927596,332481.659994
238,-16601.8144236,73540.8899812,-102929.593355,-516353.994119,-91384.7881701,143335.698582,69004.7139034,70597.6214446,125683.750293,-55865.2369989,-200007.505092,139183.080184
239,146588.480537,235818.08838,-123288.534084,-326801.217115,-33746.4381323,290814.40532,110390.461702,-5205.11476849,196469.495421,-38072.1210175,-81717.6521731,69065.1126403
240,5567.88234104,137109.37943,-170913.827769,-229530.790761,46902.040044,264973.092761,62937.388942,1569.57059382,252605.942504,2652.20417903,-86818.7685112,67795.0293155
241,184732.455843,71087.1380005,-192381.64987,-285626.737657,227947.667548,383972.436425,-173376.786475,65310.2256362,302715.39528,138260.459512,-148242.684549,49976.7212727
242,25502.7183694,205916.332487,-159068.979732,-44013.7017966,200091.206302,435326.683525,189841.707266,-63239.1502779,314469.963622,235342.13115,-8624.65029713,-94538.9617095
243,254922.951779,194115.169734,-187123.781139,-45507.3396041,299562.867692,422292.089404,229433.958001,-81048.7968896,410898.301629,279654.349978,-42965.4152567,-190225.234369
244,207054.024553,-5956.75133159,-98086.7977874,-5732.19555203,219658.497048,432878.313248,73107.6269651,-52350.4730616,113902.101453,357565.946396,32828.3687767,-188611.774577
245,29588.6740363,74697.7841399,185154.210837,-60908.6951123,83811.6974557,433046.729041,7235.05883186,-282436.978095,-89915.8354147,226296.030796,26805.1473762,261714.31064
246,348275.062406,-46604.0329859,140216.694915,42129.3237681,180821.907266,154144.442137,361701.803136,-258925.941402,-110359.802039,193832.097293,-50040.9139346,169003.901943
247,-25154.960161,-66537.226741,79811.8208576,-143572.048934,10141.4635365,-4306.27175171,39561.7484315,-428048.759278,-44807.7125424,201627.937323,-244146.124041,189651.320294
248,117567.626278,-282091.789894,-85762.9141985,-45189.3030762,33983.0674719,-2086.34828073,-10967.5621734,-335191.850805,-151248.419843,155657.222842,-150313.886301,144902.143651
249,268249.769784,-439555.009657,-109861.836458,-62645.1291346,80327.4991625,9600.36719554,173608.72553,-166263.624369,169296.904018,-57923.4122455,-116892.675538,180286.161597
250,253665.983407,-384691.706186,-69479.58087,-170805.831384,12713.3119554,-74062.9010671,-7825.11695638,-208950.300716,47235.8713761,-67694.3896391,-24597.9544997,70332.3462652
251,191247.047414,-275031.991054,10778.5004284,-171445.930304,-15561.690266,57760.732383,113588.445793,-263884.266168,-78256.6437387,82156.2386483,190601.328099,97281.7938038
252,147051.580736,-157026.747447,-96205.6435617,-267849.973686,-144610.409453,1072.75727837,342829.221127,-107249.584615,-50502.4304075,-156086.820609,103113.413788,174545.945334
253,-10646.8207978,-24606.3947053,-253934.72666,-105262.387562,-6582.35411435,-76304.3345502,207391.138609,-32770.448581,-62229.771581,-326172.610132,139957.747209,139937.723848
254,-76522.0882286,-197394.200904,-304257.054846,-109792.01609,-41775.9853945,-154754.047283,229408.207093,-86801.7598693,-97197.2604065,-364373.092681,193011.134009,228713.391976
255,-87775.2156881,-243343.694409,-375487.960303,322124.102326,-15272.9438417,-71755.6429822,180787.821957,42167.7187849,-136487.344892,-315048.086678,315303.45329,68293.305867
256,-170636.688599,23186.1457469,-410805.038395,288439.745362,-18739.4221766,12981.0545193,-13750.4540192,124944.890239,-81234.1796054,-218555.366028,148823.511329,183480.260302
257,-182953.839964,-25212.3969712,-368429.958185,316964.756797,-105730.875472,45463.1037227,-86691.9655013,-8396.37553472,-207215.572661,-66702.2789337,113436.015483,154628.340533
258,-14720.6304876,117976.720215,-343456.788788,336343.81698,-31415.8033127,-225974.960284,-33195.926997,166093.771821,-87628.0386752,-202984.560093,148909.044827,240283.782151
259,220599.881613,-17459.7521239,-133409.654193,175717.273013,-54850.1404235,-88203.3693258,32045.5260106,299476.21517,-137240.691302,-163160.824893,302325.521833,6887.721592
260,232091.738088,-134943.002168,-33478.2807548,21623.4023621,-97826.2149808,-236306.68291,-111795.204549,25797.7590554,31838.1650339,-71326.5305521,137111.378693,217300.398645
261,36667.827862,-94217.708476,247590.670899,-54623.3723018,-228400.026553,5697.10849244,94845.1005762,199710.552974,-70594.6490703,70377.4947076,1276.6256124,114958.063862
262,92253.8579307,-104069.833786,161983.885444,-180564.240432,-225943.832007,72784.6297224,154902.668098,280186.327549,-104908.672228,-13002.6037613,38032.6327246,191258.037858
263,-10560.261172,5905.39550722,176987.781082,-42181.3099936,-189541.576953,42461.4058469,410315.20802,324237.146599,-142757.904606,19301.7050851,153661.529789,188315.726114
264,-44982.4098738,42965.3920377,231551.859932,305155.493364,-277545.278888,-47496.9316892,201750.302196,248405.222499,-51781.7460472,80950.4880973,305413.906731,185143.83886
265,-205772.044074,243910.301008,236755.893702,91009.4674697,-188718.752454,3016.88075894,-96535.9958612,118036.087588,-149356.238941,52862.7456361,129409.747317,60063.5858204
266,-341430.559543,229992.769124,204394.852151,-95978.7243494,-314179.068941,40090.0355979,-81754.2652741,20606.8890414,-99458.5842139,73675.3307372,183715.756638,224379.14571
267,-383849.675267,219393.109608,66585.7671896,-42781.7708573,-362022.778223,13512.7853886,-191131.337418,-41480.0772389,-22748.2686263,-109675.100396,47529.5273534,18622.0560915
268,-243563.70344,25549.9474582,169570.209021,-20086.0629325,-346578.744081,14012.3828891,-154517.327825,-84188.492154,61396.521297,-163873.046769,-20690.4221135,-90966.7562464
269,-317686.200426,-9138.6408943,39223.3206429,40997.2787308,-339550.535812,79910.6859299,-148247.862312,149131.06886,-62414.2526214,-270807.401692,-73084.1678124,-20960.8173382
270,-234983.80194,96920.1462574,-39412.1990211,157011.359938,-150901.473794,65974.4288181,-96815.2400823,20907.4526863,6919.29682215,-363377.638004,40458.8996893,-195514.188408
271,-105273.108051,219911.698645,-70303.2605856,167057.218951,-165632.836686,-171447.638342,-85493.173636,152537.170286,8074.6974428,-183819.398529,2675.33971321,-98633.8409242
272,-211309.808711,285283.341608,109768.917611,-36813.9840035,-115908.584245,72536.5822725,-220420.101917,51400.9851122,81021.4147199,-361129.642464,38958.0801762,-285701.686508
273,-96300.7312044,168428.832307,207245.984347,66968.2703886,-204841.033684,-142620.142168,-43042.8331831,-37454.9862039,42064.7403594,-292250.142309,70526.7443155,-271215.790237
274,-177555.933871,35382.4156027,153513.047809,157110.079852,-255940.067505,-125560.164897,-163080.802986,-187641.484349,144462.991713,-255515.549495,-47435.3291775,-230611.507855
275,-34369.0910666,19553.3639744,27143.7709758,144632.417218,31647.5770887,-39783.0344758,-125071.942195,-217102.616936,14111.6266161,-182521.53646,-100474.577948,-319641.692244
276,-72029.7985494,-7680.86113644,-34393.0015016,184026.586138,144302.871334,-213876.608463,4767.72369863,-179354.009665,-146123.965972,65813.3427867,-98532.7161011,-33929.9975462
277,80509.6941954,40769.6669296,225151.329089,-8661.40409574,82202.1372267,-73654.574991,-28602.8738758,-32488.7747424,-90163.3119181,118792.567456,79163.798587,-181717.504602
278,9370.82519318,53343.6691459,18176.1815801,-17166.5559795,104267.039849,50502.271824,-53291.5851004,-3809.77038589,-114481.405932,-126609.116719,95161.5479518,-241812.513082
279,-308455.110821,123700.20881,32156.6464188,-64076.1411288,99538.5508091,-98027.0290032,50732.6986401,158497.995386,-21649.0757553,90735.8616341,10441.612198,-150976.370232
280,-146373.49444,1936.13250036,104348.461098,-53812.3210041,198029.567059,87855.2222936,-48699.936765,-46075.3339572,-165127.220337,92620.6655074,-65354.2906618,-103943.077497
281,-56516.5723655,3567.37478872,-2069.97291632,189329.295753,204867.738881,-99219.7015295,-145330.788595,-95748.4801064,-194334.480342,-6008.27405602,-65560.6642464,-61540.5997234
282,-252270.877527,-73100.1322383,95709.9355408,233087.293642,207771.639988,-36419.5898875,-198797.153294,-25331.9448518,-68041.7445586,64952.8286476,-202386.515535,32835.7340387
283,-130454.130057,-155962.487893,139027.140236,152176.381022,242907.046686,48944.2721564,-158160.618005,56220.7698101,-160006.489758,-604.978576185,-183481.934525,94664.0579622
284,-124511.67741,-66495.8559298,356287.439462,149596.550072,297156.219352,-78240.2312458,-198369.943849,-143373.259936,-117850.110193,-89531.9449242,-146093.251945,-83992.4104234
285,-80511.9345545,-181441.639553,265468.994093,373563.28242,285316.357012,-179484.360659,-366930.030438,-127967.242896,-142611.448198,-3605.53404594,-131334.462837,-48158.7898993
286,20020.5863657,-108702.669159,323894.85353,284656.523148,270398.49198,-81778.91128,-348365.636445,-20805.7748946,-105005.921962,119967.552179,-325513.574765,-52976.190097
287,52820.7745602,24460.2878875,76017.3503936,128490.579155,248149.276787,-20324.0962606,-14973.723619,-7972.56829312,-196788.667566,184815.615748,-409802.811755,-237516.295658
288,26273.8278802,-82028.1509051,30595.6281095,144419.085085,187850.232814,45292.638669,58034.5862066,92460.5886769,-78626.2436188,-43235.2747312,-288142.737769,-351255.76178
289,175295.888833,61800.5059727,77875.5023822,23031.9169401,144314.480601,-109141.194218,236134.516471,41094.1398526,-53611.5177183,245823.374107,-307943.377144,-282630.986166
290,156297.554513,69460.3996885,-33764.5442227,-37320.9987075,111322.347824,-131399.840284,16451.9509728,-14583.8793071,4614.94776708,204016.387347,-258827.280821,-154520.271811
291,138770.729579,-87392.9054711,-175927.909681,-172938.282477,17080.5925229,-154255.294923,33968.9646734,-195944.583985,-99702.0987623,176551.464574,-37494.4042175,-211043.191588
292,186797.55694,-113808.702209,-12233.0878357,-45266.5819393,14570.9226274,-171726.236551,50809.8447748,55342.9751758,109604.310704,333641.90171,-12557.8070885,-308340.235737
293,137073.186549,-79010.7882605,-7269.97433926,-67485.9038376,31650.3345614,-229280.661164,120356.318609,71519.3445317,132481.04506,191746.969067,-65962.1481565,-298815.883353
294,96192.4182068,-30032.1310392,45242.3105418,-43206.8063816,23735.3466868,-84502.0010588,174518.856902,211509.507047,107974.736235,93759.0776712,-188088.149782,-239097.231568
295,-59765.0527718,245563.435238,10844.8759981,-220758.733169,-60800.6997755,26731.1875817,384825.463823,192166.947653,-19348.8053544,14800.6878019,13880.4091126,1226.09182432
296,-126624.122027,309004.454699,-9907.42169758,7573.93761068,61783.5914875,-94551.6862705,71900.4864859,27236.5927171,-11388.511029,133601.214776,88572.7308687,36755.7648618
297,94841.5694861,257614.004775,5429.90936144,-194726.13469,103521.686198,-156658.488426,-40192.9685848,151067.957959,116381.754383,88968.0369723,192599.426627,100616.146919
298,47350.2833987,111844.841808,18426.6541322,-16697.802256,63064.6502134,-221046.804113,-182735.417198,210187.048681,323363.211915,155306.052508,32518.1007442,55731.3312069
299,-94094.4112769,-23719.63013,52684.7114319,-94614.255587,51277.5333622,-60162.2020568,-154860.861772,14554.2898724,302816.586366,94557.216294,117037.663801,45781.8805185
300,-122387.687948,-18293.6720874,-111714.393317,-49661.3383416,28890.8021295,-26597.4172729,-114378.868074,191634.081552,301601.412176,31987.1331392,86493.799711,175720.74162
301,-7362.19114626,-38150.9881865,-92493.0749398,-319745.189315,-119609.998615,181898.558656,48121.9984125,251166.803971,332938.408526,-36279.2350857,1381.77045398,291714.500744
302,21120.3344431,101825.61043,-110555.10437,-506041.430636,-93831.6791445,189422.969084,56539.193747,75387.1700827,197999.618967,-14735.6046722,-276504.287836,73453.4112232
303,107602.053304,163187.382126,-99165.0587623,-252266.184264,26105.586423,204946.52497,156580.530747,12986.6511436,242529.824165,4259.74455846,1216.68091919,161446.903653
304,3571.98342344,147163.321144,-93369.4252926,-106703.803612,95738.053454,308368.49689,35819.2708548,54987.6386683,256704.275299,44723.3222847,-159938.439027,-22018.9220339
305,306792.275787,34691.7214,-135283.730415,-255032.992859,170434.27145,416834.766077,27349.2572327,28284.0282848,255354.790178,107274.869467,-132821.027411,36767.4962933
306,5398.23634737,188828.366958,-204228.448158,-95303.6466318,232052.741491,351652.486001,153517.336735,1022.87145466,293883.630272,270102.175807,53527.7559218,-104776.557383
307,251144.965365,119517.663098,-202567.1739,-43823.4380733,254125.444836,324427.53365,165256.600428,-112571.559877,312492.261534,216628.452377,-92779.1630255,-165088.573285
308,122249.392254,15813.0748695,-1139.28381738,-49406.7145478,99609.0102641,487309.661433,21749.3184309,-95279.880847,18115.6354905,343378.2518,71424.4775793,-160930.326309
309,118873.210403,121158.158964,147509.58998,-107363.911383,118572.825399,303499.513172,28655.2011001,-306164.541086,-118693.429901,154715.798939,28922.601597,186967.77801
310,229403.712941,-26404.7819203,208430.791871,100042.441718,122106.465515,108310.614753,171372.447942,-422292.672046,-29924.1568778,303844.75123,-59457.0533041,167975.057776
311,106355.000271,-87008.737449,90794.345046,-74482.8382083,10544.4290071,-16844.6538809,-2193.27066437,-397867.901457,-65000.6723688,195245.044061,-144385.34958,301540.241449
312,15168.382962,-352824.447209,-74482.2200533,-17572.6051904,103865.210038,-26777.417434,5555.00937133,-258561.979348,-119090.224198,117250.146484,-57075.1455749,166402.542324
313,261909.051264,-465246.19631,-51475.6988084,-162862.482602,39763.8508433,-32559.0845094,157460.591328,-171974.036955,177859.206853,-86664.2096616,-90342.922186,244159.559654
314,287922.559442,-423757.419306,-98166.1556295,-135035.039858,32961.4830836,-121536.696365,110722.816967,-188344.303888,-21383.8886888,-79474.303071,16034.3069133,70527.1776773
315,160819.76594,-203662.071026,-4270.80333576,-170573.047766,-32038.6233172,15155.4325085,78681.6462078,-276506.274017,-643.106362612,48586.6402562,169674.177335,51869.1124182
316,142340.227734,-149835.829274,-94537.0581973,-227429.111217,-77127.0115326,-82348.7137817,362315.67998,-96669.1498217,-93790.0329468,-203905.270942,81218.3626211,252595.313362
317,56894.9708562,-81369.4534334,-237741.468948,-157172.393548,-113502.789571,-85572.9085196,188652.04133,-54390.9951685,-37327.8913853,-384091.536021,265220.14993,110943.890066
318,-93900.9156922,-199249.019856,-244439.160845,10029.5056518,12104.762227,-90620.5733556,332678.017106,-146305.964297,-56747.8190434,-388344.025957,205525.495415,181478.328454
319,-88281.7574993,-194330.0935,-400661.394995,357478.626632,-24472.3392267,-146323.179573,106098.344333,105614.357867,-16532.94886,-259269.144605,259053.448206,142836.05867
320,-242809.017149,-68706.7839077,-504601.57671,427372.333188,-72641.9149823,-2011.33487517,-109778.773663,162222.395884,-140486.46761,-141701.809547,186979.970707,226510.812887
321,-167460.310637,-12645.3074802,-230594.324314,418846.324987,-60882.7589173,20822.1746253,28742.6531151,-49291.7052249,-136642.227012,-90466.7836133,138753.335571,104905.545458
322,16662.8939505,61866.3288277,-277090.894084,307165.613635,-35727.9463836,-152897.538829,-46776.1484621,107438.995699,-93704.2823971,-186559.82708,271219.265534,203557.561557
323,243594.932627,-33354.6810351,-143757.915489,153571.662356,-67288.3246962,-129753.769812,62720.0393328,245144.218659,-87845.0149777,-155230.083017,362545.383721,-44702.6079902
324,236895.581771,-157117.29969,26897.9340382,-12910.9742985,-19561.7404049,-158409.915324,-214743.623056,71558.6533256,50151.3814484,-18885.9662711,109724.919961,198006.981571
325,1935.14871755,-121365.068414,186441.782434,-16643.1603314,-238368.276206,47799.7266824,103395.618535,226639.097963,-66981.9770211,70524.9577859,-29693.7651001,163451.21134
326,154073.717069,-91298.5971249,216606.23785,-43606.0608027,-211990.185186,4614.87021727,168425.601745,255957.109166,-132812.287445,-81577.5144808,114145.692088,158663.16478
327,-63460.6913404,-62190.2596808,137138.394283,11552.4133468,-178626.378522,116386.09281,361607.055277,155359.996434,-97088.7298345,47358.8731952,131496.952168,152684.14252
328,-61874.2825698,96195.3545567,307970.137565,287046.189313,-255492.639982,-33148.6046007,264277.344143,208014.864291,-45444.498008,20694.6080734,287508.211188,82349.9234638
329,-294316.913934,167358.594698,296484.162385,91778.86587,-194339.295078,6606.42302184,-117372.610165,4862.39128403,-207425.623201,71503.9580173,133353.447364,142613.113347
330,-297882.349301,247989.276334,174101.402453,-89157.1738776,-297782.987929,34780.1472122,-117613.777958,64098.3723116,-57511.4299786,47971.8439379,224974.071171,122100.99629
331,-410456.542279,218965.810376,120763.227816,-91639.2021812,-335141.015442,-35193.6192613,-193578.633896,-77173.066644,-47027.6434421,-91160.0434298,88223.3567059,83888.7470295
332,-218721.266911,15943.2436476,183220.950118,50886.7592436,-397786.449683,-1197.7036631,-148050.656155,-26862.0931489,16928.762387,-183872.933699,-9416.73711192,-50717.6073737
333,-301042.587659,25124.0448824,-31940.2659609,118468.439403,-313815.580348,103529.566651,-230732.08372,97236.8463862,-115267.298466,-207847.301341,-95712.9506919,-119790.551128
334,-192547.950123,177085.114685,-2714.25459512,227065.381614,-198657.785665,44895.1364443,-110311.712453,-39168.3510007,-123.372185967,-406458.777132,103345.557192,-207480.917136
335,-61464.344911,169755.683014,-23335.2602227,55954.1179878,-214265.69017,-166863.100856,-170845.835673,140292.431162,54882.3444845,-203916.491769,-36832.9787818,-92383.0479453
336,-197981.856964,396509.85304,79772.1796644,-62290.0765199,-141254.086371,-50809.4886543,-227050.955167,-30249.1347864,53402.3039892,-377657.049533,65362.1774167,-305048.715372
337,-86018.6338829,182887.398246,188109.397942,173721.619967,-264559.901004,-88369.2792709,6202.2489197,-62896.6447375,49825.1829889,-367481.412163,29462.0267074,-338030.105159
338,-183291.964373,-12451.3669509,180138.04663,143418.142741,-178456.866689,-45326.3264658,-153740.580487,-207135.572916,130551.791078,-245921.047324,-77528.504625,-289271.065398
339,-21663.1464039,87255.6835107,60730.265532,197129.854685,62655.8426776,-77147.1631852,-172845.034806,-213981.693237,50593.8377435,-76204.9323549,-124633.396862,-272630.548203
340,-92087.3102473,50167.9922989,-31754.1232315,31824.9125354,114076.001991,-151855.599587,58890.0489591,-161974.025191,-193915.511572,21034.7955778,-95051.3496317,91948.1047766
341,99907.216863,10635.6678845,260276.654208,-18461.8919403,72490.215621,-56285.2325601,-76270.6354704,-95014.9510879,-41147.114822,89143.7945987,38579.2698387,-157287.80437
342,1282.00612377,-32378.2907129,-52004.6372775,8811.9964932,119185.72754,26170.887117,-110720.082513,-33505.8528545,-240822.0835,-152248.530243,149911.225979,-189873.683493
343,-165461.897448,53408.4448117,6834.03471161,-81729.8874828,136160.217723,-147824.002258,79722.012058,93708.2843059,17704.1812312,75474.3205594,64143.2870623,-186528.29729
344,-103927.684297,27192.2531058,80721.8299142,60293.525707,144423.659363,35301.4247816,-88023.0747786,5826.86334206,-109077.230743,150079.552283,-52428.1393026,1141.07999498
345,12847.9566341,-7255.74782652,16478.2629964,154178.120869,131499.15833,-134142.782152,-79151.8900414,-87085.2488784,-185533.268192,-103286.987056,-128727.871338,59413.1162324
346,-262996.671869,-38360.1389689,59423.2839942,177708.469248,217878.093529,-93631.6128015,-218304.030747,-20075.7384196,-52363.6739749,-32271.5224036,-144465.651844,18946.0076518
347,-137586.711259,-91603.2418222,150981.477794,131438.570047,254637.14628,12429.835306,-73256.8276183,-14860.9914395,-150573.424472,52486.8553851,-98432.8605115,51163.9838186
348,-55766.0748523,-152927.134553,267390.767201,96622.8667132,316381.883953,-89812.0827305,-252485.479948,-246758.712152,-181128.381805,-93787.9335425,-106150.32316,-33418.5103154
349,-82986.4897049,-206842.85915,326468.007429,319374.497066,249528.303772,-112456.469214,-288265.404631,-111482.873501,-189557.508295,115981.678856,-73697.6057997,-125060.735045
350,62214.4103596,-46527.1443822,349768.467356,270535.311935,252632.583251,-47467.2773218,-258856.915063,-26999.5136111,24158.4475251,112805.287383,-402604.258955,38200.8277627
351,98316.159094,-5238.48903222,-7052.78725016,83933.3121495,204252.116042,16557.1109394,-5634.2779643,-21208.6445074,-211745.825418,151185.832115,-338882.795788,-197928.33603
352,61419.1222055,-40839.6801931,121129.221411,18003.3221908,213496.382667,73345.4111526,53801.15391,5654.58138787,-20850.5915766,-25281.4981919,-275647.672205,-325970.136723
353,197259.936356,125413.661267,-5347.37222216,-49322.3374003,178618.248805,-82801.1932859,180240.364337,81843.5347671,-109080.849711,305752.114263,-377242.448777,-240355.176778
354,269631.757887,58642.0376224,-66722.4375449,-183557.315102,66085.4196165,-110793.237841,85607.1625461,-33328.2666122,-7446.32322733,296462.073439,-264717.616316,-176367.628566
355,71257.9789608,-17998.49981,-163177.640475,-44872.1151311,10884.5367962,-134179.348948,42647.745169,-238628.444112,-19528.7306859,266449.319637,-65449.7874791,-254699.367692
356,231941.586648,-101921.856541,-7843.00981261,-14085.2404891,-7285.5704736,-162863.947723,104655.050777,153759.068336,108670.794204,239010.6322,-115345.100465,-259384.958581
357,187379.10147,-78912.9030899,-15543.4476699,-127222.774265,54620.6258308,-204766.536574,145189.913276,129134.093785,146736.690959,207224.364957,-85198.6705652,-301441.743646
358,-11343.2832422,-38514.8221019,66944.9299549,-46225.3011375,24729.2515368,-133955.122278,236059.186747,54461.6488563,74642.0292815,117688.175988,-163181.805258,-171287.467372
359,-82441.4712286,127398.994604,50671.8195299,-187478.780824,-49176.5419281,62678.542239,224962.096994,101922.231551,-41096.0217872,58467.7570161,92409.8082254,-90157.2752388
360,-104361.942935,315537.780376,-96769.4753289,-17465.9359695,94953.3420487,-107792.880642,90851.7104529,93059.5994101,65359.0599461,109371.675961,5154.63960662,45954.1794616
361,130395.045478,184935.417498,-5395.9537506,-146978.619619,63056.9664327,-148040.630563,-78067.1612667,174219.050085,106862.717035,143162.793173,158321.445315,26566.9966063
362,-4171.47448794,34805.2810326,94387.4246257,25133.9684718,86373.8809763,-206779.92149,-83265.3582366,224513.561189,258691.372358,159679.119794,90365.9922321,117097.336951
363,-94339.8507211,-57073.4028934,21291.0351239,-83167.1399439,28035.2937262,-81482.6636615,-89860.355942,104898.752254,293886.119903,97139.360109,182226.421415,72080.4729222
364,-158689.304841,17067.8895045,-158843.071973,-69647.2695256,-8187.16970977,-18951.3919815,-60834.9585275,176814.257449,317552.616792,39555.9113657,92522.8353404,190152.925556
365,-49603.8701154,-32222.1215695,-113663.532019,-330003.421453,-142455.108426,152816.895259,106443.544345,295996.57344,223269.383603,-36937.4789848,-57083.0870724,249833.003181
366,41340.5450668,83243.2006247,-129186.084292,-432430.294952,-163935.592319,159460.407337,174992.097481,9416.4879463,205804.967266,-106387.276921,-179775.330495,127656.422162
367,49691.2080904,170085.629039,-20878.6115698,-297026.340778,13757.1282086,196656.902969,124332.509372,-6605.01081081,200918.843414,-25148.6823996,-431.739345499,55608.2757831
368,16169.6679098,67566.5868479,-205058.893112,-153841.596122,61505.5201108,341703.381713,82688.481894,42023.0150807,276424.718992,59923.3702985,-187913.761356,26036.8753652
369,240016.158742,210777.757253,-112954.829378,-169056.607505,121346.232297,374751.338206,-117089.277609,28310.908562,272402.942907,143121.515641,-127433.656329,57832.9762849
370,6325.67526797,217132.826673,-239195.272709,-21766.3792574,213993.416833,412131.178988,152377.933232,-26202.7328202,254177.879674,218570.234136,93237.5541865,-35628.7760497
371,302413.780197,108343.108966,-270766.087756,-29490.8237656,280433.164817,308472.210903,49570.8979897,12190.0722341,347797.323327,247754.718254,-73103.7727507,-170975.705954
372,233837.465339,-46908.9040098,-67392.867915,-26641.3790748,132267.889911,440029.372593,-14566.2637065,-168521.095148,16020.2394901,329997.561383,18338.7780187,-66828.3208446
373,146811.782255,186981.475585,116800.292542,-88170.7879766,156145.610618,303518.872409,97030.9255318,-211324.431874,-92200.4993931,117925.577112,75940.2933765,183524.770736
374,188720.921887,-89978.0665812,204604.843703,-57484.5272524,91480.6588924,90960.0837554,204414.781092,-375882.260592,-21523.492558,264834.91115,-172693.751989,109822.052028
375,141620.165841,-180113.080269,-12281.2854103,-153315.813766,53031.7262353,8289.5153853,-36037.6459324,-412764.364047,-110116.339351,164695.479306,-113263.035539,308545.701364
376,87076.0156043,-385258.827941,-87127.7841193,-23899.5297691,155268.417629,-43877.321216,76179.7276874,-261697.074448,-17351.5249566,135354.076691,-121918.926115,173286.955967
377,234705.861537,-418450.005238,-100547.380518,-161963.943628,58939.0645895,-105210.764665,92928.5276306,-276593.475646,163722.354853,-132514.314936,-34140.2088485,238441.244748
378,303747.818046,-345965.19673,-4924.14809144,-160670.229105,60546.0669527,-156159.413038,136842.467821,-202567.355527,7125.46988976,-61526.7724703,-30285.5283578,163491.129561
379,237235.300032,-138002.207474,-79044.4500888,-146540.423702,-61999.0673183,72383.6539889,171569.910623,-350760.570877,-22052.2485307,28265.8577467,212851.056354,101633.875653
380,137539.572258,-156966.410736,-102689.198335,-154671.434873,-91075.8777328,-93538.1001174,153103.288184,-43270.0186882,-88953.0197886,-216896.532827,78287.6500982,184819.586265
381,-39410.4926064,-77261.0271734,-290868.176331,-180433.440135,-123356.878046,-117254.9305,213602.475448,-126458.518033,-36584.07878,-295394.185058,231372.000655,175792.599692
382,-21127.134749,-135826.355769,-272271.003915,-7798.65849477,3803.29350031,-198961.028283,230994.537229,-50912.2238149,-55960.6730014,-450297.370173,165665.671215,110872.37683
383,-40015.9992144,-259321.64441,-367795.600606,418028.262255,-81479.7578385,-185143.200631,61852.3296457,99325.0740881,22470.4271414,-176006.895694,223421.737542,66741.9696894
384,-201928.059369,-45890.2488095,-467263.524791,431345.257877,-62567.6140429,44042.3400684,-38449.8563619,177781.762492,-70368.6274902,-176804.375366,210323.114505,150956.526068
385,-187366.065336,-25580.0617912,-329840.073249,433788.354587,-82468.3939438,-95101.9101328,52508.1935496,-7673.12065442,-80402.1477932,-111208.955337,124727.675538,100734.632283
386,-3937.40427065,112838.651335,-227182.425138,211667.331311,-58650.54972,-136496.813039,-48899.4716595,151442.894794,-117134.408156,-121775.239379,260722.39455,231589.022055
387,250829.611354,-101531.117614,-46792.6198177,221114.851345,-34758.3962199,-113187.86244,157777.804946,228546.599135,-90833.823335,-67957.9740331,286009.450594,-26242.4833771
388,221166.28621,-233220.415478,41833.8342644,-55407.1791253,-42852.270429,-58354.84639,-151439.920578,151998.448405,-5149.31329938,18272.9857127,166377.936039,188564.173625
389,-13504.8817901,-90563.3535409,131281.898269,-55438.2129291,-181892.437242,51496.1750931,123599.385977,203078.894623,-169945.00582,39512.8100752,-60413.9155409,155687.4511
390,91753.2355924,-75727.9490738,199892.993553,-134318.446195,-162183.512876,74274.5291389,176195.875707,248535.204828,-55770.0214589,-24257.4175572,113146.03972,265185.112529
391,-97430.6654442,-46773.5161371,150146.371942,122724.525503,-169029.860975,130761.112282,198103.289708,117064.978946,-89437.4305855,31013.618423,136670.706863,116514.699365
392,-15606.6083119,18223.4467117,315158.831038,246360.846657,-213426.213922,1974.92382842,161373.590758,208296.791933,-79881.1295424,22844.262045,258949.089092,117692.409537
393,-235838.471617,113367.794785,265112.806006,42036.4052334,-166545.758905,105996.425709,-73897.4401702,-17679.8831432,-258929.195725,77269.9242163,221440.263001,152516.57315
394,-373548.196834,247982.821281,237375.415101,-66580.7068145,-294531.61048,32717.367763,-128713.455021,50989.0965913,48561.6953696,2613.54031203,228103.81678,51559.7634537
395,-417570.190526,323428.151599,129387.673023,-144901.328519,-390891.134528,30115.1602884,-154041.502386,-121032.784176,-38822.0591825,-183154.210096,154945.733617,45342.4416267
396,-295582.34076,-15169.6498585,84921.763075,29349.5959344,-393831.025169,9416.23504862,-140727.666609,-8958.24137023,-19559.5663389,-279780.682207,-42936.1356151,-70757.1964836
397,-312519.070872,-31447.4466863,-92758.1222681,122304.541343,-252765.761075,75918.3362811,-122455.57419,50506.5153558,-56702.9406809,-253890.604887,-143575.312024,-157314.530241
398,-249469.60137,134369.175317,-101931.175698,299461.014144,-193665.49279,60785.4550655,-212864.099697,-54526.976503,-18193.827406,-349519.637594,112606.212847,-216348.215591
399,-99273.0089947,163919.317896,-46261.9962172,95235.4321126,-162400.058532,-110160.437082,-229513.538877,8267.70564447,85635.7185344,-259641.618961,28945.3284305,-9861.29903781
400,-236219.938694,216653.557318,133314.739367,-99879.7182347,-120367.783208,-77976.3888103,-220632.07587,-21688.7095082,-30456.4960458,-357419.279041,-20685.5662422,-205891.346738
401,-37200.9465149,89365.1710428,166923.887967,207234.560937,-275221.695275,-115851.765516,-76833.9259286,-68403.0909175,64693.264206,-244784.097867,76893.9285559,-329954.911908
402,-174141.099305,34858.4684742,101374.64014,147886.681764,-216137.370749,-67706.2032867,-70144.4093866,-188075.374085,153128.853504,-227224.247935,-20938.7243491,-247181.866991
403,7355.03961613,109864.074373,13050.855452,124505.154538,9830.17439448,-101797.141891,-125827.99299,-138165.839971,97889.3016775,-129626.203113,-116197.486588,-188279.642785
404,-89949.3646301,100495.126783,-23050.0165205,16774.8761063,137534.575254,-157068.977603,135607.072988,-128587.427112,-58416.5335462,35856.9255033,-108977.159606,15301.2693988
405,4799.05073153,-13034.7578775,274079.510435,-29867.3361925,48558.9185499,-33412.0027326,-15676.1873922,30077.9035177,-126950.124849,66935.900133,13949.8725039,-99997.877492
406,35084.4928652,-85950.7345787,-72174.0458216,37337.5704451,28602.8239005,42355.5782011,-124585.301374,-18578.691202,-276961.358462,6548.78133029,154905.438557,-224286.1544
407,-163304.468111,56152.8878417,42386.4659587,-156402.971404,197890.061875,-196444.46609,103864.87394,72947.9281502,64503.1000313,61941.4555993,89944.8488833,-215505.521166
408,-40814.6895068,14273.7177199,90186.903121,75181.8695291,185148.241339,47883.1682187,-206153.964172,-64358.1388331,-154275.985731,167647.060031,-75501.1522648,-28453.7612661
409,-1662.57260582,54890.8687999,-53995.6398999,89326.1865776,152325.764676,-90369.2147302,-126505.065656,-69505.3221131,-160457.004457,-18784.7289608,-97084.4177781,-4396.26920466
410,-248598.326008,-166666.864361,134239.985356,103272.137284,236753.320277,-14722.5276862,-267672.677764,49402.0226115,-99564.7744752,26114.1492302,-160100.206042,52620.3936915
411,-230389.699208,-50270.3066599,94697.3426686,97014.5351871,281534.211158,-37314.3072396,-93697.8614939,-84598.9162711,-165215.935097,-59121.9845178,-155416.98814,-4748.06255746
412,1818.85738914,-46905.7576057,359799.914981,80243.4549661,315728.422842,-128108.468502,-268018.570165,-237145.903798,-173794.531577,-7477.35788985,-60727.4528711,-93579.3017196
413,7397.87417109,-203571.410062,260563.117749,341652.75699,295722.61875,-52840.7580277,-319608.779638,-146332.49908,-91693.9979248,164055.241948,-79489.2424284,-27210.5718594
414,64152.9951043,-75968.1399196,319588.497637,277024.466178,324420.270177,-34324.8784786,-164489.703244,72994.2996026,-5491.89043166,187179.591665,-362746.011574,-3381.92126803
415,76538.9602482,-53343.4030466,50233.8610597,60701.2880136,169980.231447,-25344.7944252,37958.7974807,-79880.2571533,-175245.066798,153106.93689,-312799.753293,-150757.947183
416,19929.6041662,56538.489866,139456.312256,71249.9291612,215913.017146,63364.8205662,163665.63827,-39842.4667343,-85476.3838156,29017.665086,-239537.318502,-257245.004687
417,196715.432912,101324.757504,-82091.8874206,4663.96151675,169039.122675,-22414.6132248,172061.484502,144216.59289,-90877.7379456,278415.196253,-295524.325059,-121334.820105
418,272526.405131,43649.2502339,-84060.8862754,-113902.556445,96502.4027553,-93011.1592612,67096.3822187,35975.4158677,-48981.861757,267265.347494,-321710.194634,-149716.32017
419,113364.525371,79030.4276245,-260788.749024,-54262.3525071,-4477.1015778,-123573.917368,-23118.5203788,-323979.253987,42173.7155212,185451.234596,-59381.7003831,-329045.116966
420,199521.767344,-94629.5743935,-3986.4660123,5204.35417299,-16706.581936,-146575.109837,39455.6342342,186609.148963,148605.86239,258058.142345,-143215.016583,-214102.375793
421,138318.824234,-123019.643725,2650.43544217,-151295.011275,118600.720125,-196530.957692,232495.512313,242119.209028,90844.4902338,208811.422046,-90243.5088501,-326562.679764
422,21199.3229603,18037.7364498,32006.4773836,-95315.7732842,-33948.7329851,-90362.8578412,155551.564452,94093.804308,3584.78908835,16006.464526,-130407.680946,-170895.433047
423,-21855.1611248,38243.6570573,66723.4594364,-144142.39251,-12925.6753958,28150.3184313,181696.069339,130471.799499,15660.9310379,89443.8481071,155675.781452,-113210.858579
424,13956.4398392,219726.829858,-76739.6747422,-38905.6610521,77507.69797,-109878.951906,68179.9565492,99493.5524469,52001.2898227,206340.529945,-39323.6041536,37545.6746123
425,130583.341122,252962.741606,17801.5354103,-194866.26892,-44302.6184499,-143933.260849,-86370.3076423,181324.839318,150558.267815,180689.833222,215960.195135,51826.2644851
426,51673.6525145,117180.615904,147807.570739,14149.0475094,-7153.54508409,-219132.153111,-76386.976492,234161.748056,284845.344631,105923.074584,94633.2835059,47508.9691219
427,-60264.0692588,-69030.3425477,-88267.2753967,-65458.2397175,-27278.800993,-167769.448332,-58717.4565744,137475.029042,321571.179841,144061.988407,270045.164722,115693.993869
428,-81342.2083103,-31031.0435723,-184081.067404,-202485.538078,-46968.8604435,-2605.41428803,49429.2554205,165407.291287,291312.815647,29046.4013354,121554.284052,250248.199852
429,10104.5096486,-30110.1481539,-131766.840228,-354641.271209,-137007.866103,176017.875066,-7149.07256677,271166.206396,209767.293847,41849.405263,18419.6836988,155462.894568
430,12064.9098159,121163.023378,-107614.003925,-376349.984002,-209938.955589,259330.533728,143149.39457,-49908.859418,188025.067992,-79324.2420885,-185100.322946,128313.237423
431,20341.9482189,170430.079326,-45832.848346,-244347.355812,-3235.46299642,58925.7775193,131842.31259,-7699.1409465,202159.422974,20556.8015299,-59283.2997058,37368.6359149
432,84413.1143903,70878.6759997,-149864.443866,-245464.121219,159807.946148,240867.209188,-56904.0528135,28827.2782456,235070.834779,167552.272104,-228013.777702,12166.6097521
433,194377.918867,241161.81248,-37205.1879966,-169647.489044,123676.229671,381568.767666,-108862.613995,18547.8532817,199814.435229,151962.522179,-94716.2398972,45865.4835913
434,19837.9373089,217220.175047,-125277.507217,-81003.6101056,231010.429014,382229.197109,135143.174342,-64462.7981169,245615.432273,230410.616081,37435.4248606,-74309.2952688
435,271342.089813,72563.5830228,-204116.286044,-2703.27566995,254810.283699,355412.510821,75817.0058449,-60298.7617818,251115.408988,143278.450909,-106148.785771,-175511.480883
436,115441.378426,-29368.0374206,-19151.3594092,-98460.4305862,66305.8925187,382359.00325,-24498.3710459,-191634.476057,-67543.8733017,323483.520082,74355.8846942,24517.6418011
437,152432.982525,89783.8465734,106719.48431,-41201.5969528,163050.923338,162991.431359,55262.8011823,-289155.740989,-156511.891389,185382.386016,73538.8742967,218080.210229
438,122943.755407,-50343.5008632,166345.393186,-3522.12385073,6908.47977761,90248.8780166,217726.267931,-371541.513755,-20887.9224127,147178.976404,-102850.228954,230798.087319
439,121530.414004,-201780.330325,-27773.6859942,-163632.656604,-12415.4213205,90931.938473,117550.873767,-455063.72093,-47597.3820373,130702.504652,-103608.463392,302353.782094
440,220182.520677,-395339.045101,-125167.78035,-200616.144305,97621.1473651,-105664.234539,100417.016159,-325670.791183,-18392.3775432,80313.5525051,-80707.4746108,237532.854111
441,173081.098762,-486861.561516,-50798.6262319,-189208.28503,50546.922818,-154231.836513,19791.1054882,-215757.388491,256467.007348,-87642.0323267,-89639.1329587,106972.120759
442,354722.701242,-284127.637069,3212.68864096,-42224.9369875,97244.1265125,-174434.659291,53676.4604613,-237955.033457,10864.9298759,-392.122809894,50656.8714649,139696.114968
443,291836.105302,-143216.760745,-35814.7374381,-188395.215765,-5752.22215336,99562.5851237,139245.788382,-303887.57265,-49704.4668153,113857.559743,137241.242406,18196.3873553
444,130620.534589,-107544.559682,-185554.216211,-137298.97979,-150882.562336,-109986.860437,100021.171479,-16315.499999,-59348.9586519,-171394.397293,39820.4390707,147921.753166
445,-19389.5710483,-145003.352756,-232391.474244,-162724.238366,-93864.8499346,-170386.155863,197743.280348,-115759.100584,39046.4951456,-342777.373727,280210.906372,182504.155525
446,-14794.179621,-213977.553485,-297898.417858,65988.9772717,7098.25597928,-140337.381414,299274.870533,-44669.5500856,-42822.3072512,-436431.986281,133838.471253,154168.974937
447,23202.2502634,-211480.102735,-385698.600632,350526.358494,-84018.7088331,-106935.921304,-19645.4791767,123975.790666,16946.9878874,-209705.918069,167101.734721,95887.7798781
448,-249233.803763,19107.0320646,-449292.452593,390445.990071,-78318.1740963,64002.1395082,-56768.4111184,188704.819514,-133248.145471,-167353.965999,220531.73609,128239.178485
449,-140175.575182,26114.1217665,-348050.249969,332545.271098,-58037.2089546,-127485.331076,54391.802536,-25541.7860661,-103439.899149,-247841.531261,154723.630454,89576.4019288
450,14414.170285,150634.867103,-143256.634629,229775.324454,-53161.4329077,-133865.758785,-55304.0585296,201271.187117,-66903.3934179,-182863.167796,261043.137857,139632.251162
451,224843.696094,-26240.7380302,1957.28438457,131733.810741,-2241.23153036,-66621.867275,60827.0746537,177318.7905,-100826.07236,-84099.2458377,219559.740402,31982.3467797
452,197279.245208,-200047.251954,-59499.1700752,36650.9472213,-71661.9478134,-163719.210681,-62677.4413077,131996.302346,-55762.0484077,55706.5345174,38052.6741062,124453.807123
453,21376.1120215,-210405.963443,150734.38885,-39050.6826002,-184046.196448,56731.5530303,69334.6845353,263723.17637,-198930.264185,11136.9362409,5067.73453856,98062.4368528
454,161821.057729,-104820.979627,177497.244076,-45177.5848513,-150755.762474,43913.1673112,224443.228395,270899.116931,-100945.612492,40842.689217,79664.8244143,205059.837895
455,-109786.32304,-28202.8649797,148938.95258,199487.464498,-80855.0489704,136592.112423,223674.991234,118442.082971,-92012.3376501,-3387.90262448,66434.551343,110838.073808
456,-125940.290953,51253.6016281,281345.545608,155972.233793,-186277.086773,-19223.879024,250599.86456,141899.843607,-53913.6949449,35374.5196726,198276.922762,188993.613784
457,-280767.988488,162912.509661,289159.733779,44176.3405238,-220376.236759,130638.600154,-272411.312835,20792.0221431,-258469.334548,74748.963105,188560.502278,197563.417239
458,-279228.430406,197844.00082,213872.452463,73052.6058472,-320642.568796,48667.2125832,-278877.763176,112686.632149,30764.0502512,92220.5014565,206215.051668,-8884.66622391
459,-377575.93901,230603.123852,120882.783742,-137357.010891,-374057.216627,-19298.0528637,-297909.349673,-115821.32356,-44558.3131045,-213196.223631,105010.632508,99449.4739569
460,-320418.430468,-60689.243091,21081.0271443,87571.5579928,-426163.290328,-10720.334703,-285148.263769,50478.8010379,-40988.1573052,-307315.519289,1034.75024509,-22419.0494133
461,-231431.015331,99442.0366312,-89169.1956196,154351.1275,-254742.827732,38571.7285255,-217911.0869,51877.4523996,-44883.9076316,-245399.224316,-207716.558758,-219401.372275
462,-167665.783568,241760.438043,-94970.2467485,335754.818484,-157775.223454,-17388.1701953,-288140.982694,-6106.20860866,-52917.9997987,-335526.598711,83397.5024408,-169301.233512
463,-184020.687184,145346.318609,1071.81772386,91002.7170234,-161724.556272,-12982.8363296,-232641.159761,72833.9665429,-37190.7500115,-412799.319824,-18028.1958122,-29021.9554394
464,-236179.093743,207324.634962,159560.706983,-24244.3898252,-171118.520844,-106134.841067,-156022.223558,27735.3982348,6406.03269338,-297880.270447,-42056.6239676,-279811.466978
465,-46664.8469337,138735.473896,243044.716145,99555.9042471,-201768.185044,-111809.823422,-49959.7180939,-21549.4179239,24122.1638459,-258832.735591,-17296.8096501,-309131.984671
466,-121628.381926,51788.7502445,-17930.7662519,114149.321317,-180258.866374,-68027.8688781,-203168.883692,-139075.021461,194915.908378,-191204.544655,-109278.394364,-345817.589677
467,41775.2650983,87014.5314054,44797.5190931,234956.306295,55335.9638788,-110406.055199,-164584.184311,-176024.247819,68069.9535393,-33540.3725546,-110681.893173,-46647.2141004
468,-25197.5910658,15594.2204862,-11132.0159333,82530.6464598,108569.019019,-139087.17104,122556.965723,-97482.3124454,-141828.876873,19729.2601022,-28535.1421749,-8346.14987416
469,-5105.87497209,20396.9417512,212751.39123,-104249.976299,44444.1682504,-78058.5936725,-20887.259892,-4152.25422813,-96293.9849142,88738.6193241,77951.2542669,-195443.61976
470,-39783.0816097,-127065.963367,-54487.4383676,-45389.8343577,39574.4862306,114527.780834,-186271.592343,78472.1986537,-298926.003979,58692.8943254,78764.5399618,-240997.423972
471,-155602.250169,-5041.89764834,28709.947648,-147874.711994,204193.921286,-169981.879856,84388.575817,32350.4208258,-30601.084307,56280.1631452,-31091.8509652,-177969.560605
472,44835.1680059,-77479.738005,149694.2323,70350.8768581,153734.62332,7772.63658051,-67806.7347188,-34493.1772492,-114360.06077,188435.01748,-108196.251429,-207441.924665
473,6015.39407372,44741.9806342,-90598.494207,47192.3540795,157474.646305,-71042.8493737,-192548.702141,-133448.309009,-169068.382725,33253.8233777,-200023.220767,19110.2577654
474,-219214.539654,-92176.7250473,146463.151554,55745.1053238,263383.695584,5392.07066271,-152695.377318,31676.6796519,-27685.4213981,24237.860771,-145536.907143,-19220.2155123
475,-151632.090172,-47706.4941309,120107.503528,112017.081982,260938.945275,10378.1879068,-78404.4762628,-131394.049662,-239287.879831,-84788.2040112,-211334.644681,-43999.7568024
476,-56169.51315,-22352.2396962,316189.076218,128269.801909,320443.833913,-116201.428429,-245046.053646,-255546.989644,-220544.773733,-56639.633863,-49832.3997832,-8603.02433321
477,28124.2631098,-203372.163928,271443.190283,231977.508297,291305.592006,1586.10651208,-416523.103611,-97849.5921638,-93737.6099313,131838.633746,-71520.3265424,-32778.1219282
478,8052.57885075,-75555.7498594,299053.79768,219501.682729,270572.010964,-87974.5905495,-187890.943896,41825.4208628,-49712.2059767,100405.753489,-407875.626528,-91530.6343075
479,52015.4255001,-42312.9533897,39505.1203481,66470.8154144,175487.174525,-30341.074046,-59199.5581781,-160121.631367,-138356.411881,66323.1646154,-383939.170825,-133453.060589
480,117440.021159,86529.2610779,85025.426866,158178.175802,158259.553189,-11956.7306832,137089.647652,788.627469352,-101272.968343,51362.5260598,-278859.586555,-212338.488852
481,208356.148027,15807.1600832,-92311.9923923,72365.1068898,191431.518709,-39590.885779,170387.287766,155913.579671,-78224.4678903,311530.23588,-319959.291835,-106582.793792
482,207082.938418,-35242.1886032,-79923.2005469,-164779.611032,-3173.05995999,16869.2922303,-19466.0472511,-44170.9948423,-54469.4563771,221197.745948,-343331.685626,-156679.566095
483,325.683219269,17429.9906386,-150101.294073,-46110.0937516,-9157.92635303,-111217.119582,24763.89481,-152146.088568,69976.5878705,139713.406102,-132018.329388,-262888.773316
484,74873.6403402,-97459.6149447,-41122.3450269,-30231.8481204,-91380.8774913,-187803.214734,108446.466648,230839.385715,189327.392993,231229.185638,-48470.4986089,-261668.36401
485,217864.37202,-116914.658537,-60313.8350056,-32116.6522691,90775.3147839,-239422.374594,29415.1775351,266113.110845,74756.7993344,158931.208197,-95239.4790471,-281514.092934
486,-20267.5855378,29759.3259254,20264.1843313,-125451.892262,38793.1509985,-82834.8375683,281133.662138,256641.436682,25946.5314567,-5269.01242239,-114838.780604,-114271.034799
487,-7928.73653847,105585.265755,65590.6558882,-137408.520788,78179.6646218,32850.34531,206650.485013,82317.0127297,-3221.8953408,94278.96028,111288.776942,-119081.776962
488,-49319.7770509,255486.128463,-117263.249003,18167.1265229,122795.729399,-101741.772022,91253.0327295,120640.345351,78925.7510195,194200.245321,-16144.9870863,174601.349049
489,-7313.83012883,147983.698775,82942.028532,-159768.966345,-56191.6748118,-164163.996525,-102069.637983,145538.889009,303213.189848,235498.719568,260594.173044,-56249.4734083
490,88519.4369215,34565.887848,84614.4408214,52435.9112314,-50514.9111273,-198514.006027,-67947.2140617,173127.617339,341914.065795,109124.297539,92745.2505734,139838.603373
491,-71259.0510482,-182565.407399,-135668.219157,-109873.719199,-14066.564876,-52288.5256239,-99578.9484271,171125.897784,331173.38199,120866.687837,171251.048637,186606.670015
492,-37858.4491037,15883.084013,-122494.539277,-233760.598891,-87001.7710498,72256.7066147,-35279.975848,238150.007226,295715.954458,19331.2483669,107151.093432,242815.121226
493,-17150.4836827,-135978.469438,-158523.444697,-328640.704414,-112086.208332,129658.620142,60114.0461746,183832.783555,120350.180693,-28552.8520953,-26002.4098209,185680.500089
494,6944.93462493,80569.2884837,-176833.19038,-343544.644728,-127422.280669,362665.12199,95692.7102852,38846.3781714,125034.421386,5999.844431,-139311.318842,246545.731689
495,-6267.99577011,138079.61856,31268.5988067,-253590.746321,36053.3053846,-1989.31933559,175758.607282,88039.8149382,145796.976852,23322.5601953,-107766.539508,96606.7622574
496,96168.2281416,59878.8907652,-229136.532071,-259848.426671,67750.9908333,269058.317717,86760.9200671,150582.879333,258467.831488,74450.3869361,-124306.813304,7742.51548063
497,163529.450854,276688.392928,-93821.3836822,-263304.106947,113400.110564,378306.43499,-93501.9571641,62826.6990792,164826.926905,153094.063319,-67390.5443005,-31066.0426139
498,86214.2549353,196105.743217,-148882.549196,-130499.313334,226054.042584,424632.693477,149986.978393,-99845.6038435,263588.167722,272859.756296,-42325.4886968,-125802.349899
499,186069.177801,164378.150953,-165282.625977,-55895.6120332,236681.128587,254325.447066,160670.281591,-126909.880214,275016.386161,87150.5762777,31796.0709835,-125153.352421
500,50695.7671551,34848.2427099,92527.6093468,-71501.0982259,54657.885151,359266.332116,141396.675694,-112406.44421,-104921.022771,280483.939289,104292.387929,62593.1825532
501,137625.946008,10988.3177015,61257.4915574,-39176.6187062,89071.4674279,186383.161918,90626.0968596,-286126.689294,-84726.2739509,168426.595114,110892.01972,215741.92789
502,140151.204418,-122075.729955,142222.521777,-15637.1304105,-31175.9093274,108726.336116,212188.392506,-403750.60977,-8710.48157633,190303.218143,-106922.116333,201638.308827
503,79766.4513468,-177310.699883,29711.2205604,-130074.542383,-40551.9395567,45843.0749667,61745.6887901,-434166.149461,-92526.4243699,104551.582253,-164475.173572,95817.7214185
504,317968.902571,-396599.084298,-103488.252297,-179352.576223,50293.8911555,-138292.562941,73373.1625435,-324718.258018,-33314.3048056,116738.170986,-127495.203464,275775.506375
505,285414.677453,-477660.850441,-26233.6467898,-124870.810179,-56593.7193618,-174068.050037,-105270.413518,-164684.889692,161188.217727,-107166.262197,54119.5836955,161229.430579
506,316216.64552,-312912.95862,15232.3659267,-110518.324683,37874.1981545,-44046.1385554,143104.805326,-172024.584522,-100212.150584,19530.0536705,147819.726685,128921.882434
507,284419.371977,-176948.713301,-121105.282854,-249100.204658,-70890.0502112,54784.0074461,185999.114735,-232801.622762,-115026.324274,77380.7339352,145461.721421,13549.0569064
508,181519.769319,-190582.644842,-188512.358775,-103670.490865,-110552.299978,-108287.912414,221450.263172,-3935.86807237,-40988.1273324,-228693.618924,126887.244056,86573.1559759
509,43630.3789046,-203798.871417,-182593.828825,-82432.3044061,-50742.6310951,-142392.896313,144841.770171,-82848.202199,90708.3995423,-331113.076709,159612.230723,227583.220543
510,-107448.8663,-199633.935128,-340098.07861,91186.5608732,214.049610363,-136797.576654,327865.382025,-60436.0912816,-101684.140038,-361854.914328,157618.053162,144278.366187
511,-8558.73036854,-160981.424245,-332765.92214,285302.838481,-71059.5706724,-51362.1768525,-35810.4069927,127626.826713,10229.906652,-195538.108818,115939.991709,25624.1580893
512,-175398.170355,-18596.831233,-392850.665592,340130.658874,-127099.05063,60526.338365,-105309.875476,120137.304896,-106763.919598,-144213.137693,205198.230988,228947.450953
513,-232711.604272,134708.859577,-264192.257837,326882.041033,-77978.0007155,-114534.516326,24827.6374533,64018.8873974,-146448.96054,-270250.105301,117485.857641,126475.867079
514,144756.900161,42741.7342216,-140536.522181,119024.822044,-87868.6533095,-168136.687725,37671.5886854,114476.655422,10047.2690163,-254196.464186,307294.575485,185863.18278
515,187817.245046,-4840.48987702,-112941.311642,190912.74011,-74864.3007266,-151524.815082,-11714.5135715,170405.695903,-75932.4580869,-98791.9648763,205662.517323,172639.68428
516,138462.995579,-203813.53103,-64116.5655829,-17112.6935517,-52094.9886565,-204282.590035,-10018.770774,159212.107158,-45531.3919131,65381.3040696,65647.3921671,76768.7317366
517,15738.3595677,-268969.085744,159353.833085,-85861.2170935,-167263.233968,71410.7587895,149779.519645,223808.169884,-124077.219549,9638.40278717,-29270.6632918,244786.658185
518,63030.2459501,-116690.071004,134305.95547,-105504.375687,-177707.854418,-5077.7674882,247107.825943,344314.663723,-166109.131766,66721.042187,198871.10504,238774.840658
519,-116651.140417,-46141.4958052,182232.057246,176494.798202,-64329.9437619,136799.024258,251624.424046,93917.4157268,-195198.641252,-19730.9413876,197030.001771,192795.325447
520,-203759.26016,142621.328858,224537.381675,126191.793637,-155533.661979,42005.4696453,289474.251113,112518.352683,-68419.6297802,17062.0839942,172119.956922,204089.289814
521,-374290.680961,204921.101412,179897.486657,-55708.8671463,-173338.437545,67337.5726887,-205089.553247,62706.0031219,-260781.777406,16477.0755188,181752.582169,210494.549945
522,-324029.188393,180355.457285,221370.629724,-70266.2358421,-335528.349686,48524.0912398,-138685.474866,-9503.19385275,-15305.0000365,-9168.84999914,239040.211799,19189.1309601
523,-316521.30942,260770.902099,80985.8629446,-80249.9836957,-370902.503659,60391.0178276,-142397.010621,-108893.663838,-68723.7055317,-267529.64415,35606.3459486,52652.5133222
524,-359113.48228,-89608.6073012,-1288.08919108,60788.8828942,-399384.828645,33182.2735013,-267407.125105,164292.73622,74149.0611573,-226766.324742,17849.2744537,-85875.1291374
525,-178755.855883,48043.2732747,-206529.006478,183623.866555,-216782.722332,40429.9021305,-138401.132892,106875.863191,-39382.4643791,-182327.87719,-141176.90953,-257571.841582
526,-196047.196505,209571.304909,24519.2972759,166603.519937,-175241.642795,97084.2479045,-180774.529231,-11789.362049,-17930.6807686,-272393.287035,45913.5589666,-162341.127154
527,-226878.262215,109211.314627,55602.3084776,31892.4400693,-145803.457651,-12496.090556,-262166.811987,89756.1724111,-2173.31315598,-366226.277277,12074.3713604,-125919.670151
528,-211628.645642,227260.296657,227388.121846,-38656.102029,-181822.922892,-67741.8088775,-73468.1529259,13775.3675066,102333.031472,-255866.276525,-119567.565038,-194844.857227
529,-157512.554034,165840.743828,192908.124301,163485.493083,-180468.337997,-54888.1453639,-21496.3802417,-108035.748727,3288.32517451,-125726.896157,-14126.697158,-292278.80411
530,-147845.210317,86567.4995591,48733.8660899,256213.978202,-155356.171446,-53845.464481,-267289.789518,-197418.211291,79452.8028445,-151733.373581,-85101.2508551,-401604.191347
531,52627.8828315,52600.703188,61807.524064,229597.874608,41627.9943317,-123701.206904,-159073.839337,-211982.020545,-127571.475745,-20722.157113,-146738.15448,-104305.65768
532,-70286.5058795,58251.926615,69690.9174538,39387.6224044,35896.7289317,-136353.231767,14769.6730712,-60358.7431305,-48819.4667316,126399.979729,15003.0423558,65701.7013017
533,-8356.90799484,141272.868866,196510.512524,-61967.4529702,27334.6453782,11784.284685,-23390.4372236,-66422.8273037,6456.6391653,-22801.6785204,104169.516017,-212193.046464
534,-61968.9518642,-69563.5046619,-105514.448678,13490.5103448,108692.235344,37080.0305965,-138794.097896,70010.2263088,-260070.612582,128120.342616,145257.171398,-214490.647336
535,-148188.447816,-22859.1406483,19951.4568593,-83232.0971577,188095.609152,-163738.663383,55414.1407498,111170.738216,-46886.5978292,64896.7285152,22257.2104197,-169935.111744
536,21779.400257,58211.4595881,143187.948296,47826.9479066,188572.761929,11827.7813192,-10501.2591571,-135049.129919,-101007.97884,82036.9509484,-146193.962206,-187204.654735
537,11202.1511548,71547.1044021,-42255.1822514,179031.760846,168482.98931,-178305.005573,-174131.926385,-19185.9772392,-109540.659869,16771.1336101,-164862.975361,44338.7872222
538,-277869.163964,-229778.579332,103306.080806,46340.1875184,201724.33133,35836.9852006,-139854.320412,47758.2930054,-66708.90096,26855.9451168,-190336.883044,64745.1280357
539,-90246.4563285,-73190.6671185,155888.582619,39798.9576645,296340.542611,-4541.55849853,-38306.3212203,-203709.794249,-254799.329208,-80314.6500056,-259130.501855,-118424.818416
540,-92261.3912236,-125346.815367,264990.254776,315112.062441,329858.286874,-90704.3598893,-191384.206804,-184049.183427,-239367.742019,-98013.2136183,5203.79909997,53731.2338618
541,54702.329001,-126695.799651,266692.096206,182966.834262,266305.901757,-25786.3615855,-465273.870709,-32621.2809337,-120896.463057,133257.185674,-77676.6102979,36974.9615876
542,-35834.0914048,-15860.256642,239752.554894,142050.864598,273708.333591,-84894.1272965,-23241.9538443,103178.481347,-29430.5779701,43912.1600475,-384763.834901,-172303.817485
543,92818.1938894,-17536.0813985,1510.68967763,93873.3984087,243511.961414,-119361.516749,25290.1516901,-139406.277958,-139341.406655,126744.35553,-327479.362322,-225587.543228
544,137701.429191,836.860229536,112354.695735,128613.909589,175289.00713,-20496.3386504,93329.305047,-18426.4825334,-47476.7663628,150255.636545,-250203.490044,-190554.891783
545,170686.028929,45005.5292092,-101653.325289,117062.820934,224965.810188,46071.317559,-654.248432946,159681.638222,-107944.980259,201063.400074,-355382.396846,-26760.064022
546,168287.195556,-13143.3186574,-132991.274026,-153760.419599,16869.9042152,-44940.265466,-1680.81739081,39370.6760948,-86573.4272966,189257.751043,-268747.842101,-102741.795909
547,94121.8443515,-11880.1837377,-129598.445619,-65169.9647194,-20498.1560189,-186132.695868,130793.921605,-84649.4687783,116525.045486,148136.096639,-96874.3227838,-253152.534641
548,140892.212134,-207686.177446,66425.371204,-82463.7919056,-7269.27925754,-148584.140386,74532.515144,202198.59927,127260.809819,218210.757762,-106840.275019,-258949.866221
549,264891.816587,-91892.8234404,-45401.8444751,-3808.0750314,98613.090555,-195739.679872,82527.1328661,192655.301891,63830.7361379,108178.164968,-93807.8551849,-231469.311609
550,4073.45566281,83457.7771242,65210.9309583,-71962.1804132,41186.9113461,18446.4529032,296135.534016,158614.786655,-35323.535428,57397.5981286,-18212.9765535,-39468.4890089
551,74223.3049662,186412.645275,33153.7121277,-212415.612529,61052.9384599,-2864.93869633,130624.962418,8339.61291597,-90070.0166501,160195.674366,82947.6539656,-78707.0053882
552,33020.6082554,264521.989507,-7872.27240957,150778.470351,143409.3334,-89215.4631653,28584.6384973,127675.989324,112335.240002,254749.918,-28575.0628219,111376.820307
553,26346.3427569,103357.902315,95212.4596526,-108417.555152,-35390.9817855,-85651.4679082,-91680.0420476,225744.433456,259281.911828,210839.64648,265687.648477,-72046.7894715
554,-23816.1310156,134469.110722,100193.691082,8594.31231418,-37996.4869548,-155743.240993,-151070.226924,265614.766456,246074.484637,104098.206187,165430.857705,81660.044193
555,-46008.5168808,-225256.680258,-167723.903504,-110090.22201,20589.464599,-51119.2618662,-1687.66403147,214618.439681,313127.123699,136596.674195,182124.023995,111627.171628
556,-20754.5385708,15818.2638439,-101663.777769,-220271.087534,-146780.784773,109144.902906,-62236.9135827,248091.238485,308405.539456,-67771.8164954,-12669.7039013,174031.663201
557,-58341.3187549,-35361.4040594,-192957.312564,-441242.211187,-98884.3474799,77437.8828466,-36913.7573048,174359.8017,186816.71525,-45643.3178103,-59054.6151521,180254.761018
558,20383.134458,177689.358274,-172829.277511,-363599.293,-146399.391742,358715.63586,82305.8764364,41540.0396697,172668.657802,-66965.1459308,-76466.2282647,128802.292646
559,-32093.1788484,174174.037409,7038.12362864,-313756.692114,23045.0471701,85419.4590264,127745.267582,63.454093479,228724.413014,51983.2197299,-57097.4573231,113959.430341
560,158658.834962,78379.0009657,-185388.090969,-226586.057059,67009.5637455,257905.559364,-10410.3529724,132730.030816,212126.059211,112177.450434,-215491.747028,-9269.26166265
561,140066.433075,199930.460413,-39417.1814367,-188882.651267,117370.196786,430221.586886,-34645.3233308,30910.0209989,298652.275911,155365.314015,-104903.864022,-18502.1650087
562,156181.879446,250645.377606,-263471.462275,-152720.136777,227225.355284,410871.684156,87449.0709071,-55655.1972633,233021.540293,170572.159835,32007.7240695,-178604.567417
563,147260.752365,75526.1357583,-158567.775684,144114.848362,187962.76884,343585.948585,73985.6548802,-125903.25318,210328.47169,95065.579305,100635.051745,-58149.2271259
564,59308.3907178,89705.9324116,124876.290288,-37616.1581061,49571.9764179,362122.883703,12676.1700708,-264619.536365,-79933.830885,291177.409391,58073.6846601,129332.268514
565,212713.188654,47137.3272108,-8556.48158616,1527.09387371,104145.473893,167616.258931,227616.321051,-303788.544416,-68980.8561076,177634.266316,43233.8200031,222928.378464
566,100678.248158,-121069.952406,32702.0120532,103039.665234,-54966.5029538,46502.726209,125422.731145,-346331.03611,15440.7214803,222237.110884,-171987.147905,235629.847557
567,89388.7428645,-145080.376239,10902.576405,-156463.097568,17137.1779685,91589.4251366,-28582.3052645,-332508.889039,-111581.567745,170714.254788,-120411.399971,140552.071108
568,250838.170157,-408107.53491,299.639365976,-58039.0394128,34166.7990484,-154587.507552,141362.073228,-292785.365138,21422.2706281,35204.2142026,-115796.993099,189183.399399
569,263192.063053,-347133.70188,-65453.9541689,-65735.6327625,2989.68255726,-104663.187015,-40608.5087224,-193439.558014,124669.899846,-53065.7813338,-12030.5673058,126822.773993
570,217327.372471,-282059.947558,-5946.33001629,-118412.719736,-43163.581213,33702.7216097,142226.934974,-210815.441644,-23156.9035946,-2988.78307269,277545.878125,161984.42647
571,242013.207635,-188519.628313,-154497.765664,-247525.798323,-75929.1432842,-15764.0928174,234004.351918,-253387.020129,-106056.010802,-17442.7592115,74319.8728902,93038.0137777
572,128618.479784,-203093.732957,-234102.586408,-90775.8065064,-47272.2291299,-108139.482454,214921.019305,34587.8980929,-23715.945174,-251058.639651,189483.236265,66165.7767937
573,98072.6963758,-185843.258958,-201383.189843,-77800.8786494,6160.55088645,-194360.400874,129396.971477,-87590.49538,-61688.2217236,-314560.241075,205849.822631,176277.481653
574,-63809.3894395,-224034.337936,-250296.249286,148643.601097,39881.4961346,-127653.827514,171660.069128,4804.05599078,-106339.647593,-397157.85701,112044.464957,96440.8887346
575,-58056.8478118,-76658.6050136,-344711.54685,312563.722097,-81024.0440713,-32743.5150104,-11807.6670318,180781.698652,118187.33165,-251890.010419,107735.190025,231543.816738
576,-138490.872549,-27079.7139588,-378608.517941,322472.934129,-119778.509201,148564.983012,-31629.8900451,34173.223196,-202726.609599,-121814.041736,208033.149131,131856.481237
577,-169343.100694,137774.312704,-316276.577143,302605.303547,-44672.1853539,-138302.127671,49619.0483178,742.796045396,-165526.831409,-248675.068261,109499.368591,132102.231774
578,206487.870788,16202.5050687,-156543.68382,214203.948088,-108464.369102,-142189.7693,-363.582522143,202610.157641,-81630.3338906,-225103.662128,368908.355943,143543.495716
579,152725.334489,-123555.825579,-138051.049993,131742.27637,-98274.5449108,-195766.190804,-81781.5866394,57535.3650436,-54792.2684824,-95473.352208,141514.278397,134643.579905
580,111229.182911,-180244.393815,5494.20310135,-8712.00123209,-183610.505529,-120918.528978,54364.0912824,182132.548805,-28980.5934398,26393.5324402,17245.5785209,48965.295158
581,33188.0988912,-265569.041659,133134.06729,-98110.9635208,-143552.46852,199219.539621,120938.482287,252257.266317,-147117.389753,-21716.8604236,111099.986342,205553.009806
582,83176.2383839,-25910.3849345,71221.4487019,-162408.846648,-287980.112979,39038.2901175,277454.871319,319383.024999,-228119.376496,79764.2244832,131207.263311,229592.019682
583,-158500.282903,-75721.8677037,194057.734373,109831.221712,-99049.8952334,107378.24147,223688.021415,228102.972308,-161000.316747,-48532.6017143,146831.436155,168492.340407
584,-153040.870252,135103.224051,244715.887634,181987.633552,-178334.800008,39053.4494294,142020.451134,143415.971948,-96962.0530165,92672.1952975,128305.704427,24594.5080653
585,-324818.541484,231753.823515,264805.245562,-100537.212609,-165538.366646,61320.9404748,-135052.557274,58677.8637409,-201388.817623,18780.5163354,208389.381652,204448.231292
586,-288368.380327,251929.842224,264665.75817,-50166.075517,-360552.155672,57588.0196383,-172574.110892,-15390.953225,-5920.05347676,-64037.5496639,152864.569998,42231.2989381
587,-255197.600348,201425.067897,139311.628479,-106294.130241,-330369.812294,123013.599897,-156978.90859,-139514.8821,64317.2771401,-271068.775496,4521.00919591,68594.3349102
588,-353909.181298,-106656.189964,-15281.0261406,86621.5294309,-412447.83182,553.780490844,-135509.585955,110561.643682,24937.401866,-264392.365729,28482.6619217,-50196.5751237
589,-271320.567396,72401.2713853,-136692.623521,170700.219602,-226611.137403,41409.165965,-155610.58942,74305.2084615,125584.534483,-278447.363597,-137080.494526,-180550.182372
590,-150068.295589,244728.288071,-11315.2009033,108971.411835,-149095.119486,27732.606852,-5927.8289122,57979.1171437,2831.57847459,-235911.260715,72855.0959022,-122712.910072
591,-222723.079292,131504.239164,101651.02425,8299.52753498,-143318.13386,-27666.2572037,-247738.20197,-43128.8137956,30440.754099,-366549.698045,-27100.088281,-245300.632001
592,-185815.362947,306336.737401,153270.09495,56833.1657492,-168609.273342,-121539.187814,-150052.939706,-46682.8382819,57461.6929969,-324880.497842,-79594.2940272,-247578.765452
593,-141429.722237,98602.9332,158428.24663,64770.2429187,-202312.301665,-53345.1439323,13981.8664778,-181133.337469,4504.82366745,-133517.873682,-10348.0800532,-328481.69501
594,-148195.37939,66922.9825215,53697.6084139,154121.989603,-111231.004908,-26638.1593129,-179673.563326,-177014.34242,106999.58916,-130329.185113,-135442.20502,-345020.676611
595,4390.59090492,105800.192282,40920.3244701,200019.271067,68257.7726721,-233267.751289,-183331.740875,-123454.169586,-183756.564145,-39309.7671318,-54774.5881621,-77988.5045519
596,-102734.43169,130516.773008,67185.0727477,78831.4013999,-5294.05977793,-177761.282192,125820.492485,-62590.2858461,-58911.4754397,178505.935553,65612.065859,49174.3573775
597,13826.4821318,110606.927897,79970.9404759,-171713.913429,75924.4793461,12796.2260026,-80661.2851738,-140843.303155,-3103.23824803,-63856.0884644,111006.610301,-237952.295286
598,-90522.8464916,-32679.8094777,-102673.874432,-140747.574315,105158.016567,-102292.867681,-191229.981324,18821.777478,-164676.922331,101514.095168,142935.743989,-128854.081987
599,-274554.221687,37800.0552285,747.222032013,-86741.4495676,199701.037799,-54919.717053,-67355.8492209,127007.789567,-74559.0453493,69826.2372375,-22388.8396859,-165961.834859
600,71926.9427528,19113.7888352,71392.7366883,-12062.4716756,217318.196538,16644.1939779,-145946.88315,-79738.1384499,-82662.9518312,109385.33235,-95428.3739037,-206831.767137
601,-66456.6800601,93905.0394336,85171.2901965,188973.166255,177861.664468,-90514.2216909,-184594.061154,562.049674145,-106684.773828,-15214.3062226,-160463.024032,30135.9402403
602,-250783.929614,-286099.456913,230436.20329,136002.456546,239935.044003,36874.4860166,-180997.128177,34146.3098147,-96375.6684075,31922.5408336,-172976.748257,9757.41340314
603,-166668.731846,-220782.0218,272914.758612,95994.9650878,288199.899361,-17376.9985848,-126647.14608,-158496.568048,-241842.150888,-119648.5491,-230716.935064,-123041.986403
604,-56805.3994279,-167289.887328,341114.833989,350634.195253,317398.954469,-56179.5525944,-281846.562438,-227035.455299,-231882.068752,-129805.025104,-25731.6576056,87485.6247911
605,100074.050344,-37439.2278939,291104.892748,132114.742498,251501.56716,-22830.951908,-461343.961951,-65424.9903537,-220232.142052,43195.4080156,-109266.333363,91988.8084464
606,-24321.8100389,28186.7300045,153758.212921,80526.7858967,213175.362806,3804.73736767,-141778.483083,16544.2259012,-68091.9400577,104032.836024,-446239.294308,-78832.8065044
607,-21027.5527368,-12734.7481727,65319.7390734,49557.1063008,248376.060693,-36721.6097727,-22777.3916718,-140499.799333,-59908.4418756,-22147.7309862,-356880.890287,-326636.997255
608,194539.257377,49837.2014851,146622.420332,102169.205642,214427.079909,-6633.7401922,63832.9842056,128962.025514,-110040.772678,164951.671928,-210529.418093,-192546.34864
609,299766.854915,105958.152698,-51675.6072715,660.792793386,165794.058249,-81405.8472038,-110021.709934,119365.633648,-121719.324214,116321.34698,-249922.656258,-106978.273014
610,170095.493346,-64523.0597949,-184946.372893,-51957.5348617,27541.3833002,-100960.831027,42916.6333731,-63220.1657826,-52244.5691747,177408.721595,-188641.609982,-174813.015394
611,83593.9834702,-31663.5758892,-183754.71576,-97471.9193131,-32398.5277198,-167510.836351,14716.50686,-7703.28301036,132340.362001,125209.956444,-54547.4264858,-255221.098596
612,108778.397441,-131030.784837,5217.00458018,-25915.566128,-23407.3588804,-128327.872028,168083.545105,204289.77918,185979.352939,243455.713836,-120693.216959,-302962.939924
613,302478.9483,-92578.66657,-56541.2768023,7757.02208534,88731.4787969,-203199.970985,67361.2741698,176207.403177,116327.615166,124374.578334,-71526.8847176,-333547.731901
614,34828.1967047,143040.266463,36073.8754249,-147996.021821,21708.5541178,-24584.0717946,295843.222006,211486.329046,-68204.7513003,34752.3308862,20708.8883622,10333.9181359
615,54968.4850955,239348.273648,-22596.1555804,-99176.5012454,75923.4775617,26684.7668438,26602.8360529,17529.1508733,-46449.7796091,85869.7450581,14192.4951399,-81315.5198598
616,73408.9011567,194072.854908,-17375.7077601,128893.984283,148969.99202,-85263.4789363,-25458.3554298,135694.852941,68668.5977652,270803.348704,31937.5298203,142724.085514
617,69864.2305451,133071.961223,53340.0627539,-24223.2293919,41570.7284884,-74254.6855527,-101883.868164,269242.490236,191838.503607,142964.508592,214806.515727,-36993.3971491
618,14436.2423551,147224.350694,28910.7250212,-53627.6846726,-20356.8973031,-155969.823502,-208226.723181,225353.140042,295364.26,96933.9554463,73485.8687654,34610.3173475
619,-115041.857497,-109895.992597,-42187.4559507,-120800.049157,35739.9020541,-53947.4740532,-54884.0977293,254562.879166,268509.816467,111170.040918,211056.425849,41586.0928549
620,13452.4192541,72234.2238376,-132239.488292,-227093.124847,-134320.336797,138345.336795,-87430.228496,230777.845013,266527.815541,-57586.2436556,53538.2437897,174604.580192
621,-78316.852881,33431.9307695,-141860.746057,-479314.675067,-124176.678668,169250.591887,-3125.86803665,116147.211825,38919.3967698,-102730.508752,-83579.295302,206854.53027
622,141670.216739,246245.809745,-148584.866845,-281806.875866,-102422.846482,327670.07222,114180.028546,58978.6016374,253798.564597,-82184.1280546,-33124.6432357,121169.510595
623,20479.47345,256445.336842,-68301.2033654,-251166.195572,58538.5975352,147625.472244,72834.9764655,-30204.3846922,249641.735565,-3280.55619639,-84809.5370086,169655.003093
624,189196.595587,29990.9861585,-162558.306635,-255121.991428,118175.702813,267232.343321,-62534.9885658,103193.888613,329908.300022,41571.7424097,-205720.49774,-19316.4086364
625,147188.712855,210540.192221,-84778.4327475,-217863.253096,163545.449723,520287.308983,90870.2878063,-48720.9607708,336847.572901,197783.031451,-69030.3291097,3208.63257573
626,151787.83153,188825.004855,-205128.753105,-206638.065066,266655.304281,367656.578859,221106.24399,-27237.521445,316030.684846,180254.936684,-21384.9595844,-126878.612587
627,115259.027354,34127.5951346,-118705.307532,135665.113961,147010.224374,372046.797247,25557.2006909,-55514.921185,120610.625211,180754.519432,43782.1380764,-38896.3772844
628,66588.5073533,103004.271795,185507.415114,-11185.4733419,49475.8204914,334220.003179,62437.4929962,-307962.715917,-104833.905394,305665.303412,50777.9996926,188410.343485
629,214534.634183,4585.19371622,102941.901411,-50584.9300123,157249.844234,94767.5527225,333085.570851,-319895.176195,-166945.26329,131211.263935,42440.3037779,130396.520827
630,10826.6112332,32434.955741,51369.3340087,-42598.358062,-49306.7265851,53656.9965162,129805.299875,-362757.791531,62672.4500896,175082.111772,-175199.888529,142738.958553
631,121956.619849,-182461.040274,8967.1535567,-165235.491381,-49005.2926744,69567.2207043,-97338.7336335,-304814.337555,-76926.129324,188440.496794,-157356.54435,61195.499088
632,153678.365987,-413342.015235,-62405.5720581,-110586.300742,78116.6670257,-169159.873725,102954.131539,-289805.096019,92235.3602668,-22245.7264455,-87676.5966526,185923.14111
633,249770.355717,-310768.950738,-78417.7333948,-15964.3659645,-3461.23925767,-81813.0261249,-58071.4050217,-193081.805033,85364.7981657,-11032.6225672,25847.8854223,79855.8772375
634,202679.845889,-369468.346267,41799.9608514,-117587.712913,-73171.1490494,93468.8092495,22338.4317387,-172274.675958,-57304.2820302,60855.2468294,252288.805105,155746.645604
635,244539.016748,-247494.511476,-105056.498361,-220942.346226,-103749.657552,-16434.3224399,247346.482722,-142145.421091,-33588.7497657,-47514.1697693,97317.0703594,169996.813682
636,58132.6624143,-191878.06985,-201004.607318,-114530.108113,-48406.9097277,-117928.219526,216798.285862,67979.8607015,-44310.273109,-268230.897418,209253.841228,41052.6968607
637,81217.207365,-96477.6577614,-180343.543429,-144301.017175,-17633.2589224,-179420.243987,143082.645767,-86456.2592199,-119435.840648,-357753.328477,189358.904978,202413.651937
638,-114351.1684,-326197.798784,-252190.637892,165656.631516,34281.9133626,-61168.4856982,173483.173775,-23141.8536817,-50186.2900652,-296588.538351,190959.454297,50427.5966331
639,-145256.354221,-113974.685328,-363347.697494,322802.792359,-61763.5267225,-13454.0862224,-33021.6844963,75109.3484365,11213.1905647,-242664.822107,156151.778512,106819.131113
640,-137892.812401,-111990.32755,-354258.596043,305587.77847,-141388.860571,96834.8465332,-153222.302051,50403.947014,-218214.66387,-105111.104312,238876.8009,151926.433187
641,-51938.1407911,132591.733417,-271518.212541,291768.22631,-79829.0205236,-178642.563151,50386.4790159,49709.6709941,-239104.41553,-158023.538396,54574.2908479,181176.426469
642,217676.174291,-3191.96613642,-166663.668817,125057.992359,-56726.3268072,-83699.8351722,36791.868531,234929.67038,-81556.5401796,-270943.495976,300487.259712,91113.4304074
643,165996.395025,-206414.223828,-59084.2972604,28435.8550682,-22703.1193353,-147722.028506,-1871.40192946,87175.460114,-35334.2243175,-70206.9931616,165292.060139,156245.737299
644,132368.536393,-163721.703762,96095.2831189,37567.4599855,-199976.720463,-64714.7424696,75135.3881985,131508.98993,-24510.6718903,107220.944016,-31774.0669854,86868.5575164
645,133039.006806,-215330.247709,158050.872517,-81345.4387025,-171110.18635,109931.906475,105560.983798,171658.171627,-103118.734623,-42230.7069602,30609.1420106,176019.57054
646,48812.057324,7830.12967811,106060.92935,-101499.111019,-214810.912611,32984.4165046,450592.94305,358174.108914,-249081.289445,154396.240285,119223.585355,198927.053413
647,-118506.227648,-5882.44172525,170511.67333,196663.92279,-193376.610636,23689.1509233,302098.889616,207592.975043,-133609.171958,-31392.5802426,239405.560074,137741.295579
648,-88231.9985221,127064.432422,226645.702195,106261.121514,-218610.898866,4689.25830296,17443.224338,114926.380987,-136243.247456,119265.198065,160857.702095,82869.0901405
649,-319622.382658,213816.868817,233310.029595,-191759.399596,-258906.949249,99448.5555161,-99639.4548349,34257.5396907,-165972.964398,23729.8947325,262585.837994,180900.142817
650,-261306.202395,255245.509967,249564.673536,-108462.531251,-343136.58761,22000.8839114,-190444.05744,-76439.7367479,-48627.5101412,49874.2720661,125101.785174,-29845.6040661
651,-225478.838994,161096.377627,155490.740615,-102456.700537,-314996.342192,66597.5801835,-158082.520235,-107170.365538,59955.9380648,-248154.986311,90611.4044945,97977.7665032
652,-247011.714822,-59688.2749819,-4560.66539159,104075.064047,-305848.718892,13104.4753873,-142449.082747,122853.35006,-42185.6057236,-329384.462901,-7179.6233171,9787.90799449
653,-302036.028877,78731.681784,-158323.684666,52884.9600792,-202055.596481,-55122.520037,-237916.033196,60463.6500539,68957.4766174,-303013.941101,-100409.740324,-239259.905927
654,-87970.7168456,236914.616419,-53526.0381699,97466.4924904,-148179.060653,87098.2176802,-81412.8801915,129524.944735,4026.54282207,-200629.263915,85229.0980111,-63293.2068322
655,-202439.915808,264454.856667,59958.5751338,2151.29309053,-128194.114288,23100.8618589,-329869.452768,-59688.5310956,47459.3513791,-358074.65627,40000.9027785,-198326.140934
656,-200816.310022,241694.118878,265510.605085,64874.8884037,-206473.568999,-168075.975376,-89842.1141331,-35390.1480806,74110.3337878,-303842.909174,47868.9187766,-317163.394649
657,-214684.144341,42215.7365959,178855.002775,166994.141674,-195998.319362,-75529.1080321,-114162.691149,-249105.703648,46642.4123241,-173681.759753,-28836.8788348,-265054.552061
658,-106418.653438,59861.6006199,36632.7934797,187078.117247,-15961.3451451,-13419.49984,-148826.743154,-116277.97063,79060.8859391,-145748.812059,-66285.2209418,-288233.956497
659,30344.6146515,89813.6542495,-40515.090088,243741.407755,103688.423028,-240854.620238,-1463.09798427,-177657.645762,-162299.811188,-19358.9736708,6461.42421269,11679.6456429
660,-21186.405333,111210.841729,102881.12651,-36763.1607379,1997.83146894,-169549.55627,11588.2416232,-131974.409115,-57499.6410566,180932.372417,-16988.7152537,-54056.5082479
661,190.871463466,23131.1021108,78960.7610184,-212365.489232,94050.834277,5653.51301954,-190286.650042,-119710.020609,-100216.811919,-68793.9633995,109208.782478,-195317.788671
662,-76739.5193627,67210.0821494,-65207.0742311,-48281.7066672,107880.076383,-119099.392367,-97667.3851002,64553.8700398,-91514.1842574,41853.7951554,143324.568314,-130799.309649
663,-225920.478438,-7095.53450971,8099.58347154,-107164.243715,246618.915775,-85571.1220081,23277.9486735,60151.3405086,-54429.2956728,148393.244964,-68725.8922831,-121187.334858
664,23937.99459,37014.5458317,92882.3217207,-97439.5779398,197988.61283,-51929.9848517,-91308.2940285,-158341.175642,-164011.877974,82177.5422991,-24597.9260028,-207366.180293
665,-138157.193327,-1493.64298213,-22752.4860551,189973.811033,170978.765462,-63767.8029538,-237495.687971,1554.56492579,-84053.2244473,-19682.3154926,-215832.111375,118383.931848
666,-262631.342203,-227113.186006,208032.665273,171108.448068,179100.697703,47460.6062618,-189140.629635,86223.9867713,-60233.3532213,66899.077559,-94173.8371937,-10121.4970255
667,-134717.138433,-212851.813616,314388.060815,152166.804267,306063.341052,56523.8203535,-84311.1458807,-137263.97945,-251949.088695,-53370.3147203,-219872.023323,-97944.0473442
668,-17484.7968199,-240351.973669,326904.986007,344755.702843,222817.392907,-87595.0785865,-306285.89322,-203926.667963,-167148.818624,-68111.3345877,-48529.1833313,97858.1755506
669,21131.0632404,-2265.49479145,323594.137582,210948.438402,212390.294374,13249.7146119,-419409.600377,-71609.0292026,-199376.421877,51165.5623219,-171754.912054,20941.9479225
670,87452.5659444,74613.7570559,80509.9744979,61053.9542318,208317.513914,-73863.9478633,-36606.5832602,-44182.9147806,-190028.218265,68977.3000903,-369958.095506,-83739.9676618
671,44987.510766,-104925.884231,49310.04407,76489.9684304,275434.439293,-55351.3542773,-137297.233102,-28829.9930232,-91021.6896955,23302.0783428,-383439.109355,-291382.701822
672,205970.266133,19180.7478714,28463.6633336,98573.2564183,194985.890605,13268.9436007,177497.671188,156406.177403,-56470.0801849,184882.904173,-214700.415709,-151605.367821
673,264529.009108,77942.2368106,3482.7809796,-19295.0656479,130885.584566,-63176.4901352,-110180.085513,44904.772668,-73645.0925737,134469.978919,-291267.213118,-127824.613479
674,82611.2482789,-55531.0681997,-205093.375652,-262530.783854,1412.6874723,-106809.060488,-1686.49739826,-87453.3813125,-67940.1190856,167396.504365,-135384.210085,-82069.098461
675,198342.002435,-63547.3974489,-105848.967547,-154440.979162,-10396.4782142,-151312.805187,-30635.3020017,22413.9464458,116837.363892,230919.785736,-71357.4585903,-289964.545999
676,156836.116221,-115615.148447,-24165.9286618,-17687.1670298,5158.12729958,-212605.833548,165093.359942,136353.089637,156976.03521,183900.623189,-106608.285116,-228107.327571
677,150361.293585,-107005.703011,-18509.9866059,54612.9043474,70326.0416422,-203169.927201,149069.348765,130436.946577,79913.6220651,143098.666655,-196410.744761,-256809.048678
678,100249.714809,253047.549378,48995.2345654,-195434.420749,57338.5140433,-15456.5514957,464556.817869,296019.914102,-15813.3141048,-34808.5866527,-20482.1782574,7684.11786832
679,33114.8341406,280178.242486,-21095.0893783,-63853.4142744,63004.6496401,19458.0187273,-32799.9288618,128221.585738,23016.8811716,149710.444146,85267.4405439,-25782.8307179
680,83440.1082249,183138.89622,-15947.7332406,27333.8549521,126591.323004,-38896.5845402,-168647.254252,18550.1087544,126332.238375,231996.482903,-15547.7251113,-15140.3943468
681,66478.6879371,175241.787287,35594.2923443,-82291.9427872,79987.1974299,-84125.8036944,-87853.9470289,200201.435716,283801.610495,49100.7623927,178263.476283,-13944.6963758
682,-34682.171523,59388.7917446,5461.1018385,-13541.6800194,5832.19348284,-124105.339957,-185507.064988,137096.538668,212198.051374,122897.461272,111241.532738,-1937.65399231
683,-135527.541202,-103258.841268,-74876.3476652,-110178.603381,6470.98808002,-20899.585987,-40819.6506109,214592.537758,250141.293997,137913.889163,231665.140849,64038.2372578
684,46783.3961397,64770.1819478,-157766.824607,-327130.926706,-176052.005945,91708.1744076,-27217.2939909,237992.568048,238104.60013,-20230.5788849,30853.2177802,279217.379546
685,-59926.7987427,43950.4041882,-136618.540531,-443622.913533,-91933.8691276,158248.267334,47584.2632305,90504.7305368,54037.2911363,-17204.0500939,-134735.437089,155139.976727
686,97530.3238774,211470.573545,-142847.282122,-218788.044795,-75547.8426522,258923.552031,201491.674475,57715.115245,234910.530965,-138320.124236,-37252.8067947,155019.031961
687,-53851.0108684,226112.879396,-171484.344111,-317296.626924,33487.282392,239280.059315,7958.12280636,-7905.64734023,196523.15369,-25686.3046763,-79147.1882564,27351.6601206
688,220104.046193,60806.9950453,-289281.821535,-321027.972262,169414.886712,358566.7299,-130938.021564,100242.533314,303841.889087,71492.8170271,-148352.218028,-42506.6182844
689,63659.2543641,162220.755156,-120708.056175,-197120.43041,148084.570454,522025.073901,181763.958069,-83345.2869934,310681.400514,241468.74692,-188.793567348,-16226.0326828
690,159400.447563,184881.919582,-132524.88994,-160445.281256,289769.465552,391387.554043,280489.858356,-150422.553048,407619.427469,235452.265053,-26807.218605,-195039.281205
691,122341.296669,56820.0160405,-158045.987905,82383.2697831,197708.837138,416014.475918,96693.6406453,-101667.824204,95215.2902662,326019.087769,35858.0789391,-133825.519726
692,94888.2246222,13957.3499934,119389.869528,-115144.226162,24718.9474139,325971.682825,69530.7439519,-314913.860504,-37462.3206762,219764.399874,57709.3595217,170535.38724
693,259533.27992,-68407.7389377,238885.786047,-15133.1407978,121275.495317,39287.9867774,256734.627434,-294727.407365,-189258.515484,181720.510744,-40969.7028986,204268.015015
694,-96027.0027053,-19291.7055441,122152.049729,-144703.073178,-50802.7003956,43330.1610641,182348.658521,-439603.284184,-13715.6162216,147474.173417,-228325.467869,142955.121976
695,171304.173408,-180455.191495,-31341.689447,-121492.590205,24882.5971482,86888.2288245,17765.4333706,-314235.2709,-66767.3880385,199830.270771,-144762.602852,153285.968404
696,207425.686683,-430379.946896,-88229.4364195,-43232.205607,91094.7477884,-41135.8266836,52992.4180538,-170041.210049,86678.70994,-19237.6206143,-127892.33922,200612.031767
697,242492.453089,-347310.277814,-153954.121315,-5912.24846691,-20361.7575005,-90350.2142958,-45255.4861078,-176906.047716,48470.6583398,-35169.5762753,-8922.38934891,35140.7592701
698,157878.362578,-309970.317741,52762.6619493,-95889.5773268,-26653.9929423,105051.073359,25317.1820993,-267508.282307,-87422.5788271,90684.2573066,215396.391411,63963.7282112
699,234438.599802,-149346.248052,-142868.159518,-296760.011304,-98238.1250539,28270.3175131,324848.77916,-128418.279735,-95044.6379602,-59861.6556145,105605.520792,177651.050458
700,-21894.2298117,-127331.250156,-238909.480096,-60861.5228159,-16750.0038244,-137745.233069,91971.7048399,62562.3183764,-50266.8465554,-276473.408132,155850.770947,108595.560644
701,-41349.5317052,-112636.284514,-227385.572477,-87695.2009491,-32820.0720679,-217463.270402,142188.087402,-68341.7493423,-75740.4068245,-361580.5849,259395.790959,190215.901021
702,-58188.5606177,-342790.235353,-290034.117248,217552.144758,6153.20042781,-45206.9251464,143909.397736,-13936.5595407,-2919.0502687,-287530.813204,277996.222746,8935.92161212
703,-115995.695471,-11919.0346859,-381584.682431,309695.849863,-51584.5796759,-1249.95442507,-36033.4934922,109124.063085,-38882.4453045,-237149.454633,218421.119954,233285.329295
704,-135480.402594,-55941.3913506,-342598.836426,324811.047941,-92979.2717688,86765.4884991,-126116.851827,14379.106276,-197429.33758,-49690.4920135,221611.0352,112635.278491
705,43090.6267418,139375.423939,-294124.715512,315024.734835,-54582.8820075,-148123.513212,-14040.6773835,148331.379839,-138309.754301,-161781.712209,95247.5184935,245617.258689
706,158732.068904,-26082.830742,-200638.839648,55852.288542,-33188.9271565,-57699.1474712,47862.5915579,222264.869309,-106639.438304,-225270.532652,311378.890459,19039.5472017
707,183542.957306,-166774.121108,-68975.4640356,70360.7919281,-57932.6947153,-196276.409223,-59315.3202382,52276.364599,-1794.00370231,-67561.3341986,95447.6317189,188054.953386
708,123350.789686,-137477.030512,166281.109244,46859.8041994,-209867.793603,-6646.01180445,116706.646997,186633.478995,-19587.7832425,143938.978033,-64144.7755349,109625.650148
709,97500.6017673,-188343.690092,143962.665129,-118589.010385,-184335.398363,63068.8316023,142052.712346,192710.268499,-110712.732682,-109027.37876,38742.3123222,200233.51098
710,48632.0624206,768.365378509,194215.780067,-23006.1706766,-216485.218915,37074.6075538,441010.659718,302309.873421,-243576.813075,208580.829967,109849.194712,221589.542066
711,-98883.4036183,39103.5896086,220496.628406,291686.483062,-221583.584602,5435.12379424,326589.356326,314301.339727,-163476.713705,5566.49761493,267648.329005,75213.3232062
712,-145520.656324,209590.992625,263876.331988,59804.3863728,-219559.794444,40603.9902714,-26006.3893134,102439.913021,-55104.2003015,21956.7325525,96286.3272453,79456.3555806
713,-313549.273656,255890.012583,171667.442775,-188171.542851,-277966.618065,115400.429904,-45783.8921984,37592.2878683,-54861.6270202,32458.6554098,280806.985221,255469.495877
714,-362204.64265,288406.279848,167358.373013,-36896.5679263,-360769.702626,10150.415913,-284921.847953,-55266.8507107,-35234.0871901,-19343.4992548,65467.5829513,-15332.5473874
715,-218328.344919,10745.5855977,186921.525626,-83197.4543852,-292416.935873,63692.4331385,-211798.286528,-99722.8831482,35436.9159763,-167183.259574,54733.5381369,96797.7457428
716,-248952.182242,4845.39476758,36877.8115144,-20730.028601,-331243.290248,31402.6810914,-186754.712296,138851.920639,-49633.9349436,-352020.146309,-68918.631052,-3750.79299568
717,-288706.248513,39693.5550964,-112134.651929,160800.706904,-158550.462187,-47343.8310094,-223344.410968,50673.2617315,66068.0535914,-366722.169947,-53957.8957103,-271706.220672
718,-140369.4998,221500.257913,-83356.8472125,182156.769793,-203153.055829,-94144.6927359,25922.4437571,116896.274231,62551.2656768,-210609.646601,20202.560295,-54839.4854729
719,-140747.621787,225462.191548,92391.5925564,33861.0965994,-104948.327257,20926.8170915,-228451.711821,-34727.1758424,21305.7150246,-355177.373,88461.9992514,-266084.445855
720,-177685.390754,248240.868396,226545.660666,113305.078638,-185863.54562,-110235.971506,-45367.2034861,-9722.9696058,91761.8943449,-222264.790278,43564.3079164,-300426.114798
721,-175504.906318,39578.4704832,140393.493216,122159.858523,-253131.694994,-112144.414309,-270397.982168,-185575.943961,158222.695092,-288614.559896,-48779.7912134,-203417.859507
722,-70302.104582,81888.3489703,50928.9624615,153221.291431,-5794.8479038,22385.8237366,-124677.927342,-191050.842628,41817.5651267,-178567.9157,-100645.232006,-280937.055391
723,-21162.753208,24475.3394035,-44696.3349191,217964.648947,99398.2082144,-282789.443676,-15878.5054263,-140443.646647,-163241.285304,65677.4026406,-32819.0275731,-1670.31579661
724,35029.0212047,63221.3521613,165775.163962,-61918.3238952,41564.2481928,-105720.691191,-15287.9644502,-116615.454616,-102614.108172,155774.742515,-18627.1347378,-135724.77677
725,36622.8455976,78017.9281448,63428.211344,-93094.5290526,81213.2890126,64232.0080258,-147782.731013,-82596.7429798,-62024.7928577,-87964.1004533,110025.484293,-222346.900305
726,-219406.975458,41545.3369938,-13394.7334179,-64953.5356584,122449.56617,-73178.291857,-73733.5758226,129206.523994,-7225.86545788,6645.97367845,120602.184063,-105756.393057
727,-135954.860856,-72695.2751573,45256.1609075,-13597.0959417,204445.761491,8266.11858492,3632.19411521,-8126.69154466,-122278.578024,142157.736136,-60118.2736902,-104374.217048
728,-23027.6751462,29538.508803,106883.015766,-8528.36279485,202244.057919,-85750.4285219,-200033.165607,-123342.123344,-195172.959942,6600.92685689,-74107.5288628,-155014.9643
729,-212155.988997,25745.6795289,95736.1794352,211923.959117,199616.557725,-98654.0642323,-231753.296481,-11860.9343619,-90729.2583193,83644.6442066,-204308.585823,99660.2828892
730,-207571.374439,-171733.939791,206857.574583,246786.404358,179497.872098,33446.6016241,-239097.583256,117405.061433,-89719.6314105,40150.8437156,-137526.699678,71132.5493965
731,-152756.454432,-268653.877886,317542.212324,193820.79013,337013.079715,-11469.3197986,-99778.0312909,-155083.172374,-207340.47669,-91014.8164629,-189526.443293,-106588.892889
732,10969.4189552,-211902.801949,253123.702685,420031.235798,275552.136391,-141217.606333,-355698.682984,-183094.234721,-76321.2236355,-1864.12665762,-108211.125335,2673.87051627
733,41696.995059,-39655.4003596,365041.078574,208043.766901,264015.336392,-40299.0962815,-366585.697752,43249.2741849,-180426.149471,49860.3618563,-198296.824877,39160.9368742
734,36825.3487107,-6234.46251822,141770.039713,79576.7798087,257765.083895,-69844.3700847,-131966.030039,9836.09312302,-135732.13833,130724.761136,-325487.964434,-199802.478486
735,73924.7206024,-21509.5906212,51073.9460205,114372.837086,203321.100322,73422.1017874,27915.1798272,20610.0488585,-84233.5939921,-63634.2786834,-303810.593541,-374335.923557
736,218929.444928,-48791.4679658,105207.463567,47244.1783474,181239.649684,-7405.77769505,224695.049202,121007.776277,-18967.3200601,277704.438665,-227424.896584,-222040.70798
737,203158.699247,113960.969218,-7359.65358992,9898.12933974,93846.0639189,-82733.1167824,-26971.1234649,33566.9108425,-58614.8733178,136349.627286,-298214.935062,-43642.0803293
738,61204.1694981,-21870.5400042,-189037.591033,-206064.520775,-19457.673775,-127870.88598,-17871.3621825,-155704.022696,-74543.9564239,117224.702165,-43273.3630135,-242727.803497
739,207420.325276,-149104.880977,-89972.8785931,-77314.5520898,-36663.9767098,-149604.361012,-77854.5027152,23764.5896079,190808.522094,295465.582483,17254.5687565,-180246.197501
740,115589.13709,-81157.4355606,39993.0730211,15832.8939579,39163.2024163,-349061.531365,217920.706344,60663.1857637,104243.838999,161677.300843,-77514.6951535,-281201.980739
741,99967.257813,-143522.827245,8527.14382209,31967.025229,-3186.68558579,-159772.175327,151552.660607,186224.620034,5845.85284706,159712.325726,-111349.06141,-292017.868005
742,78748.6158697,160204.34494,61031.2854177,-262187.475964,-28121.6386777,52229.148494,354419.826535,211718.050232,-73224.9910732,-78510.9765326,-5813.64710064,-74148.1058892
743,822.498011457,220137.812532,-3278.03141093,94209.9264462,54652.7013445,-43566.5836455,112496.530323,125407.028769,12235.6779499,146628.449311,120408.578299,-29171.8783416
744,69839.8174007,245260.313221,18712.2630347,-59488.4637334,89581.9572075,2715.08273292,-99026.7022034,11726.8855374,140310.581558,171330.2391,161668.97823,107368.195927
745,19062.7618566,121197.044224,44621.5281988,48267.257381,124491.615786,-106165.960869,-50252.1780005,166980.70485,281237.488467,63472.8710035,121077.771154,73406.7851116
746,-50052.5632178,-54055.1261289,32.8757754642,-101373.57169,72967.9597967,-114587.115182,-186952.039743,71291.5009473,222035.494414,105301.732779,137719.82288,89698.1379084
747,-160481.694693,-46614.7226773,-64940.7568122,-158587.132033,42161.9984859,-85842.7663795,-52000.3650497,202316.501048,253080.203563,58961.7759609,183384.999228,131288.639312
748,-18777.9930734,19249.2292792,-149805.02504,-289241.319161,-188870.378602,126757.362241,-11125.9260915,286388.525963,271765.816266,20178.0246753,29807.0927595,332481.659994
749,-16601.8144237,73540.8899811,-102929.593355,-516353.994119,-91384.7881701,143335.698582,69004.7139034,70597.6214446,125683.750293,-55865.2369989,-200007.505092,139183.080184
750,146588.480537,235818.08838,-123288.534084,-326801.217115,-33746.4381323,290814.40532,110390.461702,-5205.11476843,196469.495421,-38072.1210175,-81717.6521731,69065.1126403
751,5567.8823411,137109.37943,-170913.827769,-229530.790761,46902.0400439,264973.092761,62937.388942,1569.57059383,252605.942504,2652.20417898,-86818.7685112,67795.0293155
752,184732.455843,71087.1380005,-192381.64987,-285626.737657,227947.667548,383972.436425,-173376.786475,65310.2256362,302715.39528,138260.459512,-148242.684549,49976.7212726
753,25502.7183694,205916.332487,-159068.979732,-44013.7017966,200091.206302,435326.683525,189841.707267,-63239.1502779,314469.963622,235342.13115,-8624.65029708,-94538.9617096
754,254922.951779,194115.169734,-187123.781139,-45507.339604,299562.867692,422292.089404,229433.958001,-81048.7968897,410898.301629,279654.349978,-42965.4152567,-190225.234369
755,207054.024553,-5956.75133159,-98086.7977873,-5732.19555199,219658.497048,432878.313248,73107.6269651,-52350.4730616,113902.101453,357565.946396,32828.3687766,-188611.774577
756,29588.6740362,74697.7841399,185154.210837,-60908.6951122,83811.6974556,433046.729041,7235.05883183,-282436.978095,-89915.8354146,226296.030796,26805.1473763,261714.31064
757,348275.062406,-46604.032986,140216.694915,42129.3237681,180821.907266,154144.442137,361701.803136,-258925.941402,-110359.802039,193832.097293,-50040.9139346,169003.901943
758,-25154.960161,-66537.226741,79811.8208577,-143572.048934,10141.4635365,-4306.27175165,39561.7484315,-428048.759278,-44807.7125424,201627.937323,-244146.124041,189651.320295
759,117567.626278,-282091.789894,-85762.9141985,-45189.3030762,33983.0674719,-2086.34828065,-10967.5621734,-335191.850805,-151248.419843,155657.222842,-150313.886301,144902.143651
760,268249.769784,-439555.009657,-109861.836458,-62645.1291346,80327.4991625,9600.36719556,173608.72553,-166263.624369,169296.904018,-57923.4122455,-116892.675538,180286.161597
761,253665.983407,-384691.706186,-69479.58087,-170805.831384,12713.3119553,-74062.9010671,-7825.11695623,-208950.300715,47235.8713761,-67694.3896392,-24597.9544997,70332.3462651
762,191247.047414,-275031.991054,10778.5004283,-171445.930304,-15561.6902659,57760.732383,113588.445794,-263884.266168,-78256.6437388,82156.2386484,190601.328099,97281.7938038
763,147051.580736,-157026.747447,-96205.6435618,-267849.973687,-144610.409453,1072.75727839,342829.221127,-107249.584615,-50502.4304074,-156086.820609,103113.413788,174545.945334
764,-10646.8207979,-24606.3947054,-253934.72666,-105262.387562,-6582.35411432,-76304.3345502,207391.138609,-32770.448581,-62229.7715811,-326172.610132,139957.747209,139937.723848
765,-76522.0882286,-197394.200904,-304257.054846,-109792.01609,-41775.9853945,-154754.047283,229408.207093,-86801.7598692,-97197.2604066,-364373.092681,193011.134009,228713.391976
766,-87775.2156882,-243343.694409,-375487.960303,322124.102326,-15272.9438417,-71755.6429822,180787.821957,42167.7187849,-136487.344892,-315048.086678,315303.45329,68293.305867
767,-170636.688599,23186.145747,-410805.038395,288439.745362,-18739.4221766,12981.0545193,-13750.4540191,124944.890239,-81234.1796054,-218555.366028,148823.511329,183480.260302
768,-182953.839964,-25212.3969712,-368429.958185,316964.756797,-105730.875472,45463.1037228,-86691.9655014,-8396.37553466,-207215.572661,-66702.2789337,113436.015483,154628.340533
769,-14720.6304876,117976.720215,-343456.788788,336343.81698,-31415.8033127,-225974.960284,-33195.926997,166093.771821,-87628.0386751,-202984.560093,148909.044827,240283.782151
770,220599.881613,-17459.752124,-133409.654193,175717.273013,-54850.1404234,-88203.3693258,32045.5260107,299476.21517,-137240.691302,-163160.824893,302325.521833,6887.72159204
771,232091.738088,-134943.002168,-33478.2807549,21623.4023622,-97826.2149808,-236306.682911,-111795.204549,25797.7590554,31838.1650338,-71326.5305521,137111.378693,217300.398645
772,36667.8278621,-94217.7084761,247590.670899,-54623.3723018,-228400.026553,5697.10849241,94845.1005762,199710.552974,-70594.6490703,70377.4947076,1276.62561238,114958.063862
773,92253.8579308,-104069.833786,161983.885444,-180564.240432,-225943.832007,72784.6297223,154902.668098,280186.327549,-104908.672228,-13002.6037613,38032.6327246,191258.037858
774,-10560.261172,5905.39550734,176987.781082,-42181.3099936,-189541.576953,42461.405847,410315.20802,324237.1466,-142757.904606,19301.705085,153661.529789,188315.726114
775,-44982.409874,42965.3920378,231551.859932,305155.493364,-277545.278888,-47496.9316891,201750.302196,248405.222499,-51781.7460472,80950.4880973,305413.906731,185143.83886
776,-205772.044073,243910.301007,236755.893702,91009.4674696,-188718.752454,3016.8807589,-96535.9958613,118036.087588,-149356.238941,52862.745636,129409.747317,60063.5858204
777,-341430.559543,229992.769124,204394.852151,-95978.7243495,-314179.068941,40090.0355979,-81754.2652741,20606.8890414,-99458.5842138,73675.3307372,183715.756638,224379.14571
778,-383849.675267,219393.109608,66585.7671897,-42781.7708572,-362022.778223,13512.7853886,-191131.337418,-41480.0772389,-22748.2686263,-109675.100396,47529.5273534,18622.0560915
779,-243563.70344,25549.9474582,169570.209021,-20086.0629326,-346578.744081,14012.3828891,-154517.327825,-84188.492154,61396.5212971,-163873.046769,-20690.4221134,-90966.7562463
780,-317686.200426,-9138.64089428,39223.320643,40997.2787308,-339550.535812,79910.6859298,-148247.862312,149131.06886,-62414.2526214,-270807.401692,-73084.1678124,-20960.8173382
781,-234983.80194,96920.1462574,-39412.1990211,157011.359938,-150901.473794,65974.428818,-96815.2400824,20907.4526862,6919.29682218,-363377.638004,40458.8996892,-195514.188408
782,-105273.108051,219911.698645,-70303.2605855,167057.218951,-165632.836686,-171447.638342,-85493.173636,152537.170286,8074.69744281,-183819.398529,2675.33971322,-98633.8409243
783,-211309.808711,285283.341608,109768.917611,-36813.9840034,-115908.584245,72536.5822724,-220420.101917,51400.9851121,81021.4147199,-361129.642465,38958.0801761,-285701.686508
784,-96300.7312044,168428.832307,207245.984347,66968.2703885,-204841.033684,-142620.142168,-43042.8331832,-37454.9862038,42064.7403593,-292250.142309,70526.7443154,-271215.790237
785,-177555.933871,35382.4156028,153513.047809,157110.079852,-255940.067505,-125560.164897,-163080.802986,-187641.484349,144462.991713,-255515.549495,-47435.3291774,-230611.507855
786,-34369.0910666,19553.3639743,27143.7709758,144632.417218,31647.5770887,-39783.0344758,-125071.942195,-217102.616936,14111.6266162,-182521.53646,-100474.577948,-319641.692244
787,-72029.7985494,-7680.86113646,-34393.0015015,184026.586138,144302.871334,-213876.608463,4767.72369852,-179354.009665,-146123.965972,65813.3427868,-98532.7161011,-33929.9975461
788,80509.6941955,40769.6669296,225151.329089,-8661.40409577,82202.1372267,-73654.574991,-28602.8738757,-32488.7747425,-90163.3119181,118792.567456,79163.7985869,-181717.504602
789,9370.8251931,53343.6691459,18176.1815801,-17166.5559795,104267.039849,50502.2718241,-53291.5851002,-3809.77038582,-114481.405932,-126609.116719,95161.5479518,-241812.513082
790,-308455.110821,123700.20881,32156.6464188,-64076.1411288,99538.5508091,-98027.0290032,50732.6986402,158497.995386,-21649.0757554,90735.8616341,10441.612198,-150976.370232
791,-146373.49444,1936.13250043,104348.461098,-53812.3210041,198029.56706,87855.2222935,-48699.936765,-46075.3339571,-165127.220337,92620.6655074,-65354.2906617,-103943.077497
792,-56516.5723656,3567.37478873,-2069.97291628,189329.295753,204867.738881,-99219.7015295,-145330.788595,-95748.4801065,-194334.480341,-6008.27405605,-65560.6642463,-61540.5997234
793,-252270.877527,-73100.1322383,95709.9355409,233087.293642,207771.639988,-36419.5898876,-198797.153294,-25331.9448519,-68041.7445586,64952.8286476,-202386.515535,32835.7340388
794,-130454.130057,-155962.487894,139027.140236,152176.381022,242907.046686,48944.2721564,-158160.618005,56220.7698101,-160006.489758,-604.978576084,-183481.934526,94664.0579622
795,-124511.67741,-66495.8559299,356287.439462,149596.550072,297156.219352,-78240.2312457,-198369.943849,-143373.259936,-117850.110193,-89531.9449242,-146093.251945,-83992.4104234
796,-80511.9345545,-181441.639553,265468.994093,373563.28242,285316.357012,-179484.360659,-366930.030438,-127967.242896,-142611.448198,-3605.53404592,-131334.462837,-48158.7898994
797,20020.5863657,-108702.669159,323894.85353,284656.523148,270398.49198,-81778.91128,-348365.636445,-20805.7748946,-105005.921962,119967.552179,-325513.574765,-52976.190097
798,52820.7745602,24460.2878876,76017.3503935,128490.579155,248149.276787,-20324.0962607,-14973.7236191,-7972.56829318,-196788.667566,184815.615748,-409802.811755,-237516.295658
799,26273.8278803,-82028.1509051,30595.6281097,144419.085085,187850.232814,45292.6386691,58034.5862066,92460.588677,-78626.2436189,-43235.2747311,-288142.737769,-351255.76178
800,175295.888833,61800.5059727,77875.5023822,23031.9169402,144314.480601,-109141.194218,236134.516471,41094.1398525,-53611.5177182,245823.374107,-307943.377144,-282630.986166
801,156297.554513,69460.3996886,-33764.5442227,-37320.9987075,111322.347824,-131399.840284,16451.9509727,-14583.8793071,4614.94776711,204016.387347,-258827.280821,-154520.271811
802,138770.729579,-87392.9054711,-175927.909681,-172938.282477,17080.5925228,-154255.294923,33968.9646733,-195944.583985,-99702.0987623,176551.464573,-37494.4042175,-211043.191588
803,186797.55694,-113808.702209,-12233.0878358,-45266.5819394,14570.9226273,-171726.236551,50809.8447748,55342.9751758,109604.310704,333641.90171,-12557.8070885,-308340.235737
804,137073.186549,-79010.7882607,-7269.97433926,-67485.9038377,31650.3345615,-229280.661164,120356.318609,71519.3445318,132481.04506,191746.969067,-65962.1481566,-298815.883353
805,96192.4182068,-30032.1310392,45242.3105418,-43206.8063817,23735.3466868,-84502.0010588,174518.856902,211509.507047,107974.736235,93759.0776713,-188088.149782,-239097.231568
806,-59765.0527718,245563.435238,10844.8759981,-220758.733169,-60800.6997756,26731.1875817,384825.463823,192166.947653,-19348.8053544,14800.6878019,13880.4091126,1226.09182423
807,-126624.122027,309004.454699,-9907.42169754,7573.93761064,61783.5914874,-94551.6862706,71900.4864859,27236.5927169,-11388.511029,133601.214776,88572.7308688,36755.7648618
808,94841.5694862,257614.004776,5429.9093614,-194726.13469,103521.686198,-156658.488426,-40192.9685847,151067.957959,116381.754383,88968.0369723,192599.426627,100616.146919
809,47350.2833988,111844.841808,18426.6541323,-16697.8022559,63064.6502134,-221046.804113,-182735.417198,210187.048681,323363.211915,155306.052508,32518.1007442,55731.3312068
810,-94094.4112771,-23719.63013,52684.7114319,-94614.255587,51277.5333622,-60162.2020569,-154860.861772,14554.2898724,302816.586366,94557.216294,117037.663801,45781.8805185
811,-122387.687948,-18293.6720873,-111714.393317,-49661.3383416,28890.8021296,-26597.4172729,-114378.868074,191634.081552,301601.412176,31987.1331392,86493.7997111,175720.74162
812,-7362.19114625,-38150.9881865,-92493.0749398,-319745.189315,-119609.998615,181898.558656,48121.9984126,251166.803971,332938.408526,-36279.2350857,1381.77045398,291714.500744
813,21120.3344432,101825.61043,-110555.104371,-506041.430636,-93831.6791444,189422.969084,56539.1937469,75387.1700826,197999.618966,-14735.6046721,-276504.287836,73453.4112232
814,107602.053304,163187.382126,-99165.0587622,-252266.184263,26105.5864231,204946.52497,156580.530747,12986.6511436,242529.824166,4259.74455842,1216.68091911,161446.903653
815,3571.98342344,147163.321144,-93369.4252926,-106703.803612,95738.0534541,308368.49689,35819.2708549,54987.6386683,256704.275299,44723.3222847,-159938.439027,-22018.922034
816,306792.275787,34691.7213999,-135283.730416,-255032.992859,170434.27145,416834.766077,27349.2572327,28284.0282849,255354.790178,107274.869467,-132821.027411,36767.4962932
817,5398.23634733,188828.366958,-204228.448158,-95303.6466319,232052.741491,351652.486001,153517.336735,1022.87145469,293883.630272,270102.175807,53527.7559217,-104776.557383
818,251144.965365,119517.663098,-202567.1739,-43823.4380733,254125.444836,324427.53365,165256.600428,-112571.559877,312492.261534,216628.452377,-92779.1630255,-165088.573285
819,122249.392254,15813.0748695,-1139.28381739,-49406.7145478,99609.0102641,487309.661433,21749.3184309,-95279.8808471,18115.6354904,343378.2518,71424.4775793,-160930.326309
820,118873.210403,121158.158964,147509.58998,-107363.911383,118572.825399,303499.513172,28655.2011,-306164.541086,-118693.429901,154715.798939,28922.601597,186967.77801
821,229403.712941,-26404.7819204,208430.791871,100042.441718,122106.465515,108310.614753,171372.447942,-422292.672046,-29924.1568778,303844.75123,-59457.0533041,167975.057776
822,106355.000271,-87008.737449,90794.345046,-74482.8382082,10544.4290071,-16844.6538809,-2193.27066437,-397867.901457,-65000.6723687,195245.044061,-144385.34958,301540.241449
823,15168.3829621,-352824.447209,-74482.2200532,-17572.6051903,103865.210038,-26777.4174341,5555.0093713,-258561.979348,-119090.224198,117250.146484,-57075.1455748,166402.542324
824,261909.051264,-465246.19631,-51475.6988085,-162862.482602,39763.8508433,-32559.0845095,157460.591328,-171974.036955,177859.206853,-86664.2096617,-90342.922186,244159.559654
825,287922.559442,-423757.419306,-98166.1556296,-135035.039858,32961.4830836,-121536.696365,110722.816967,-188344.303888,-21383.8886888,-79474.303071,16034.3069132,70527.1776774
826,160819.765941,-203662.071026,-4270.80333571,-170573.047766,-32038.6233172,15155.4325085,78681.6462077,-276506.274017,-643.106362621,48586.6402562,169674.177335,51869.1124182
827,142340.227734,-149835.829274,-94537.0581973,-227429.111217,-77127.0115326,-82348.7137817,362315.67998,-96669.1498217,-93790.0329469,-203905.270942,81218.3626211,252595.313362
828,56894.9708563,-81369.4534334,-237741.468947,-157172.393548,-113502.789571,-85572.9085195,188652.04133,-54390.9951685,-37327.8913853,-384091.536021,265220.14993,110943.890066
829,-93900.9156923,-199249.019856,-244439.160845,10029.5056517,12104.762227,-90620.5733556,332678.017106,-146305.964297,-56747.8190435,-388344.025957,205525.495415,181478.328454
830,-88281.7574993,-194330.0935,-400661.394995,357478.626632,-24472.3392267,-146323.179573,106098.344333,105614.357867,-16532.94886,-259269.144605,259053.448206,142836.05867
831,-242809.017149,-68706.7839077,-504601.57671,427372.333188,-72641.9149823,-2011.33487516,-109778.773663,162222.395884,-140486.46761,-141701.809547,186979.970707,226510.812887
832,-167460.310637,-12645.3074802,-230594.324314,418846.324987,-60882.7589173,20822.1746253,28742.6531151,-49291.705225,-136642.227012,-90466.7836133,138753.335571,104905.545458
833,16662.8939505,61866.3288276,-277090.894084,307165.613636,-35727.9463835,-152897.538829,-46776.1484621,107438.995699,-93704.2823972,-186559.82708,271219.265534,203557.561557
834,243594.932627,-33354.6810351,-143757.915489,153571.662356,-67288.3246962,-129753.769812,62720.0393327,245144.218659,-87845.0149777,-155230.083017,362545.383721,-44702.6079902
835,236895.581771,-157117.29969,26897.9340382,-12910.9742986,-19561.7404049,-158409.915325,-214743.623056,71558.6533255,50151.3814484,-18885.9662711,109724.919961,198006.981571
836,1935.14871751,-121365.068414,186441.782434,-16643.1603313,-238368.276206,47799.7266823,103395.618535,226639.097963,-66981.9770212,70524.9577859,-29693.7651001,163451.21134
837,154073.717069,-91298.5971249,216606.23785,-43606.0608028,-211990.185186,4614.87021724,168425.601745,255957.109166,-132812.287444,-81577.5144808,114145.692088,158663.16478
838,-63460.6913404,-62190.2596808,137138.394283,11552.4133467,-178626.378522,116386.09281,361607.055277,155359.996434,-97088.7298345,47358.8731953,131496.952168,152684.14252
839,-61874.2825698,96195.3545567,307970.137565,287046.189313,-255492.639982,-33148.6046007,264277.344143,208014.864291,-45444.498008,20694.6080734,287508.211188,82349.9234638
840,-294316.913934,167358.594698,296484.162385,91778.86587,-194339.295078,6606.42302176,-117372.610165,4862.39128403,-207425.623201,71503.9580173,133353.447364,142613.113347
841,-297882.349301,247989.276334,174101.402453,-89157.1738775,-297782.987929,34780.1472122,-117613.777958,64098.3723116,-57511.4299787,47971.843938,224974.071171,122100.996289
842,-410456.542279,218965.810376,120763.227816,-91639.2021812,-335141.015442,-35193.6192613,-193578.633896,-77173.0666439,-47027.6434422,-91160.0434298,88223.3567059,83888.7470295
843,-218721.266911,15943.2436476,183220.950118,50886.7592437,-397786.449683,-1197.70366305,-148050.656155,-26862.0931489,16928.762387,-183872.933699,-9416.73711191,-50717.6073737
844,-301042.587659,25124.0448823,-31940.2659608,118468.439403,-313815.580348,103529.566651,-230732.08372,97236.8463863,-115267.298466,-207847.301341,-95712.9506918,-119790.551128
845,-192547.950124,177085.114685,-2714.2545951,227065.381614,-198657.785665,44895.1364444,-110311.712453,-39168.3510006,-123.372185891,-406458.777132,103345.557192,-207480.917136
846,-61464.344911,169755.683014,-23335.2602227,55954.1179879,-214265.69017,-166863.100856,-170845.835673,140292.431162,54882.3444844,-203916.491769,-36832.9787818,-92383.0479453
847,-197981.856964,396509.85304,79772.1796644,-62290.07652,-141254.086371,-50809.4886543,-227050.955167,-30249.1347864,53402.3039893,-377657.049533,65362.1774166,-305048.715372
848,-86018.633883,182887.398246,188109.397942,173721.619967,-264559.901004,-88369.2792709,6202.24891963,-62896.6447376,49825.1829889,-367481.412163,29462.0267074,-338030.105159
849,-183291.964373,-12451.3669509,180138.04663,143418.142741,-178456.866689,-45326.3264658,-153740.580487,-207135.572916,130551.791078,-245921.047324,-77528.504625,-289271.065398
850,-21663.1464039,87255.6835108,60730.265532,197129.854685,62655.8426776,-77147.1631852,-172845.034806,-213981.693237,50593.8377434,-76204.932355,-124633.396862,-272630.548203
851,-92087.3102473,50167.9922989,-31754.1232316,31824.9125355,114076.001991,-151855.599588,58890.0489592,-161974.025191,-193915.511572,21034.7955778,-95051.3496317,91948.1047766
852,99907.216863,10635.6678845,260276.654208,-18461.8919402,72490.2156211,-56285.23256,-76270.6354705,-95014.9510879,-41147.1148219,89143.7945986,38579.2698388,-157287.80437
853,1282.00612378,-32378.2907129,-52004.6372775,8811.99649327,119185.72754,26170.887117,-110720.082513,-33505.8528545,-240822.0835,-152248.530244,149911.225979,-189873.683493
854,-165461.897448,53408.4448117,6834.03471156,-81729.8874827,136160.217723,-147824.002258,79722.0120581,93708.284306,17704.1812313,75474.3205594,64143.2870622,-186528.29729
855,-103927.684297,27192.2531059,80721.8299142,60293.525707,144423.659363,35301.4247816,-88023.0747785,5826.863342,-109077.230743,150079.552283,-52428.1393026,1141.07999499
856,12847.9566341,-7255.74782655,16478.2629965,154178.120869,131499.15833,-134142.782152,-79151.8900416,-87085.2488783,-185533.268192,-103286.987056,-128727.871338,59413.1162323
857,-262996.671869,-38360.1389689,59423.2839942,177708.469248,217878.093529,-93631.6128016,-218304.030747,-20075.7384197,-52363.6739749,-32271.5224035,-144465.651844,18946.0076519
858,-137586.711259,-91603.2418222,150981.477794,131438.570047,254637.14628,12429.835306,-73256.8276184,-14860.9914394,-150573.424472,52486.855385,-98432.8605115,51163.9838186
859,-55766.0748524,-152927.134553,267390.767201,96622.8667133,316381.883953,-89812.0827306,-252485.479948,-246758.712152,-181128.381805,-93787.9335425,-106150.32316,-33418.5103155
860,-82986.489705,-206842.85915,326468.007429,319374.497066,249528.303772,-112456.469214,-288265.404631,-111482.873501,-189557.508295,115981.678856,-73697.6057998,-125060.735045
861,62214.4103596,-46527.1443822,349768.467356,270535.311935,252632.583251,-47467.2773218,-258856.915063,-26999.5136111,24158.447525,112805.287383,-402604.258955,38200.8277626
862,98316.159094,-5238.48903215,-7052.78725013,83933.3121495,204252.116042,16557.1109394,-5634.27796425,-21208.6445072,-211745.825418,151185.832115,-338882.795788,-197928.33603
863,61419.1222055,-40839.680193,121129.221411,18003.3221908,213496.382667,73345.4111526,53801.1539099,5654.58138788,-20850.5915766,-25281.4981919,-275647.672205,-325970.136723
864,197259.936356,125413.661267,-5347.372222,-49322.3374002,178618.248805,-82801.1932859,180240.364337,81843.5347672,-109080.849711,305752.114263,-377242.448777,-240355.176778
865,269631.757887,58642.0376224,-66722.4375449,-183557.315102,66085.4196165,-110793.237841,85607.1625461,-33328.2666123,-7446.32322727,296462.073439,-264717.616316,-176367.628566
866,71257.9789608,-17998.4998101,-163177.640475,-44872.115131,10884.5367961,-134179.348948,42647.745169,-238628.444112,-19528.7306859,266449.319637,-65449.7874791,-254699.367692
867,231941.586648,-101921.856541,-7843.00981257,-14085.2404892,-7285.57047367,-162863.947723,104655.050777,153759.068336,108670.794204,239010.6322,-115345.100465,-259384.958581
868,187379.10147,-78912.9030899,-15543.4476699,-127222.774265,54620.6258308,-204766.536574,145189.913277,129134.093785,146736.690959,207224.364957,-85198.6705652,-301441.743646
869,-11343.2832421,-38514.8221019,66944.9299549,-46225.3011374,24729.2515369,-133955.122278,236059.186747,54461.6488564,74642.0292815,117688.175988,-163181.805257,-171287.467372
870,-82441.4712286,127398.994605,50671.8195299,-187478.780824,-49176.5419281,62678.542239,224962.096994,101922.231551,-41096.0217872,58467.7570161,92409.8082254,-90157.2752388
871,-104361.942935,315537.780376,-96769.4753289,-17465.9359694,94953.3420487,-107792.880642,90851.7104529,93059.5994101,65359.0599463,109371.675961,5154.63960672,45954.1794617
872,130395.045478,184935.417498,-5395.95375062,-146978.619619,63056.9664328,-148040.630563,-78067.1612666,174219.050085,106862.717035,143162.793173,158321.445315,26566.9966063
873,-4171.47448798,34805.2810326,94387.4246256,25133.9684717,86373.8809763,-206779.92149,-83265.3582366,224513.561189,258691.372358,159679.119794,90365.9922322,117097.336951
874,-94339.8507211,-57073.4028935,21291.0351239,-83167.1399438,28035.2937261,-81482.6636615,-89860.355942,104898.752254,293886.119903,97139.3601091,182226.421415,72080.4729222
875,-158689.304841,17067.8895045,-158843.071973,-69647.2695257,-8187.16970978,-18951.3919815,-60834.9585275,176814.257449,317552.616792,39555.9113657,92522.8353405,190152.925556
876,-49603.8701153,-32222.1215696,-113663.532019,-330003.421453,-142455.108426,152816.895259,106443.544345,295996.57344,223269.383603,-36937.4789848,-57083.0870724,249833.003181
877,41340.5450668,83243.2006247,-129186.084292,-432430.294952,-163935.592319,159460.407337,174992.097481,9416.48794629,205804.967266,-106387.276921,-179775.330495,127656.422162
878,49691.2080904,170085.629039,-20878.61157,-297026.340778,13757.1282086,196656.902969,124332.509372,-6605.01081094,200918.843414,-25148.6823997,-431.739345522,55608.275783
879,16169.6679098,67566.5868478,-205058.893112,-153841.596122,61505.5201108,341703.381713,82688.481894,42023.0150806,276424.718992,59923.3702985,-187913.761356,26036.8753652
880,240016.158742,210777.757252,-112954.829378,-169056.607505,121346.232297,374751.338206,-117089.277609,28310.908562,272402.942907,143121.515641,-127433.656329,57832.976285
881,6325.67526804,217132.826673,-239195.272709,-21766.3792572,213993.416833,412131.178988,152377.933232,-26202.7328202,254177.879674,218570.234136,93237.5541865,-35628.7760497
882,302413.780197,108343.108966,-270766.087756,-29490.8237656,280433.164817,308472.210903,49570.8979898,12190.0722342,347797.323327,247754.718254,-73103.7727507,-170975.705954
883,233837.465339,-46908.9040097,-67392.867915,-26641.3790748,132267.889911,440029.372593,-14566.2637065,-168521.095148,16020.2394902,329997.561383,18338.7780188,-66828.3208446
884,146811.782254,186981.475585,116800.292542,-88170.7879767,156145.610618,303518.87241,97030.9255317,-211324.431874,-92200.4993931,117925.577112,75940.2933765,183524.770736
885,188720.921887,-89978.0665812,204604.843703,-57484.5272524,91480.6588924,90960.0837554,204414.781092,-375882.260593,-21523.492558,264834.91115,-172693.751989,109822.052028
886,141620.165841,-180113.080269,-12281.2854102,-153315.813766,53031.7262353,8289.5153853,-36037.6459324,-412764.364047,-110116.339351,164695.479306,-113263.035539,308545.701364
887,87076.0156042,-385258.827941,-87127.7841194,-23899.5297691,155268.417629,-43877.321216,76179.7276874,-261697.074448,-17351.5249566,135354.076691,-121918.926115,173286.955967
888,234705.861537,-418450.005238,-100547.380518,-161963.943628,58939.0645895,-105210.764665,92928.5276307,-276593.475646,163722.354853,-132514.314936,-34140.2088486,238441.244748
889,303747.818046,-345965.19673,-4924.14809142,-160670.229105,60546.0669526,-156159.413038,136842.467821,-202567.355527,7125.46988977,-61526.7724704,-30285.5283579,163491.129562
890,237235.300032,-138002.207474,-79044.4500888,-146540.423702,-61999.0673183,72383.6539889,171569.910623,-350760.570877,-22052.2485307,28265.8577467,212851.056354,101633.875653
891,137539.572258,-156966.410736,-102689.198335,-154671.434873,-91075.8777328,-93538.1001174,153103.288184,-43270.0186882,-88953.0197887,-216896.532827,78287.6500982,184819.586265
892,-39410.4926065,-77261.0271733,-290868.176331,-180433.440135,-123356.878046,-117254.9305,213602.475448,-126458.518033,-36584.07878,-295394.185058,231372.000655,175792.599692
893,-21127.134749,-135826.355769,-272271.003915,-7798.65849483,3803.29350031,-198961.028283,230994.537229,-50912.2238149,-55960.6730014,-450297.370173,165665.671215,110872.37683
894,-40015.9992145,-259321.64441,-367795.600605,418028.262255,-81479.7578385,-185143.200631,61852.3296457,99325.0740881,22470.4271414,-176006.895694,223421.737542,66741.9696893
895,-201928.059369,-45890.2488094,-467263.524791,431345.257877,-62567.6140429,44042.3400683,-38449.8563619,177781.762492,-70368.6274901,-176804.375366,210323.114505,150956.526068
896,-187366.065336,-25580.0617912,-329840.073249,433788.354587,-82468.3939437,-95101.9101327,52508.1935496,-7673.12065442,-80402.1477933,-111208.955337,124727.675538,100734.632283
897,-3937.40427072,112838.651335,-227182.425138,211667.331311,-58650.54972,-136496.813039,-48899.4716595,151442.894794,-117134.408156,-121775.239379,260722.39455,231589.022055
898,250829.611354,-101531.117614,-46792.6198177,221114.851345,-34758.3962198,-113187.86244,157777.804946,228546.599135,-90833.823335,-67957.9740332,286009.450594,-26242.4833771
899,221166.28621,-233220.415478,41833.8342644,-55407.1791253,-42852.270429,-58354.84639,-151439.920578,151998.448405,-5149.31329943,18272.9857128,166377.936039,188564.173625
900,-13504.8817901,-90563.353541,131281.898269,-55438.2129289,-181892.437242,51496.1750931,123599.385977,203078.894623,-169945.00582,39512.8100752,-60413.9155409,155687.4511
901,91753.2355923,-75727.9490739,199892.993553,-134318.446195,-162183.512876,74274.5291389,176195.875707,248535.204828,-55770.0214589,-24257.4175572,113146.03972,265185.112529
902,-97430.6654443,-46773.5161371,150146.371942,122724.525502,-169029.860975,130761.112282,198103.289708,117064.978946,-89437.4305855,31013.6184231,136670.706863,116514.699365
903,-15606.6083118,18223.4467116,315158.831038,246360.846657,-213426.213922,1974.92382847,161373.590758,208296.791933,-79881.1295423,22844.262045,258949.089092,117692.409537
904,-235838.471617,113367.794785,265112.806006,42036.4052334,-166545.758905,105996.425709,-73897.4401701,-17679.8831432,-258929.195725,77269.9242162,221440.263001,152516.57315
905,-373548.196834,247982.821281,237375.415101,-66580.7068146,-294531.61048,32717.367763,-128713.455021,50989.0965913,48561.6953697,2613.54031203,228103.81678,51559.7634538
906,-417570.190526,323428.151599,129387.673023,-144901.328519,-390891.134528,30115.1602885,-154041.502386,-121032.784176,-38822.0591824,-183154.210096,154945.733617,45342.4416266
907,-295582.34076,-15169.6498584,84921.7630752,29349.5959344,-393831.025169,9416.2350486,-140727.666609,-8958.24137023,-19559.5663388,-279780.682207,-42936.1356152,-70757.1964835
908,-312519.070872,-31447.4466863,-92758.1222681,122304.541343,-252765.761075,75918.3362811,-122455.57419,50506.5153558,-56702.940681,-253890.604887,-143575.312024,-157314.530241
909,-249469.60137,134369.175317,-101931.175698,299461.014144,-193665.49279,60785.4550655,-212864.099697,-54526.976503,-18193.827406,-349519.637594,112606.212847,-216348.215591
910,-99273.0089947,163919.317896,-46261.9962172,95235.4321126,-162400.058532,-110160.437082,-229513.538877,8267.70564454,85635.7185343,-259641.618961,28945.3284305,-9861.29903793
911,-236219.938694,216653.557318,133314.739367,-99879.7182347,-120367.783208,-77976.3888102,-220632.07587,-21688.7095083,-30456.4960458,-357419.279041,-20685.5662422,-205891.346738
912,-37200.946515,89365.1710429,166923.887967,207234.560937,-275221.695275,-115851.765516,-76833.9259286,-68403.0909175,64693.264206,-244784.097867,76893.9285559,-329954.911908
913,-174141.099304,34858.4684741,101374.64014,147886.681764,-216137.370749,-67706.2032868,-70144.4093865,-188075.374085,153128.853504,-227224.247935,-20938.7243491,-247181.866991
914,7355.03961613,109864.074373,13050.8554519,124505.154538,9830.17439445,-101797.14189,-125827.99299,-138165.839971,97889.3016775,-129626.203113,-116197.486588,-188279.642785
915,-89949.3646302,100495.126783,-23050.0165205,16774.8761062,137534.575254,-157068.977603,135607.072988,-128587.427112,-58416.5335461,35856.9255032,-108977.159606,15301.2693989
916,4799.05073154,-13034.7578775,274079.510435,-29867.3361925,48558.91855,-33412.0027326,-15676.1873921,30077.9035177,-126950.124849,66935.900133,13949.8725039,-99997.877492
917,35084.4928652,-85950.7345786,-72174.0458216,37337.5704451,28602.8239005,42355.578201,-124585.301374,-18578.691202,-276961.358462,6548.78133019,154905.438557,-224286.1544
918,-163304.468111,56152.8878417,42386.4659587,-156402.971404,197890.061875,-196444.46609,103864.87394,72947.9281502,64503.1000312,61941.4555993,89944.8488833,-215505.521166
919,-40814.6895068,14273.7177199,90186.903121,75181.8695291,185148.241339,47883.1682187,-206153.964172,-64358.1388331,-154275.985731,167647.060031,-75501.1522649,-28453.761266
920,-1662.57260579,54890.8687998,-53995.6398999,89326.1865775,152325.764676,-90369.2147302,-126505.065656,-69505.322113,-160457.004458,-18784.7289608,-97084.4177781,-4396.2692047
921,-248598.326008,-166666.864361,134239.985356,103272.137284,236753.320277,-14722.5276862,-267672.677764,49402.0226116,-99564.7744751,26114.1492302,-160100.206042,52620.3936915
922,-230389.699208,-50270.3066599,94697.3426686,97014.5351871,281534.211158,-37314.3072397,-93697.8614938,-84598.9162711,-165215.935097,-59121.9845179,-155416.98814,-4748.06255745
923,1818.8573891,-46905.7576057,359799.914981,80243.4549661,315728.422842,-128108.468502,-268018.570165,-237145.903798,-173794.531577,-7477.35788992,-60727.452871,-93579.3017197
924,7397.87417104,-203571.410062,260563.117749,341652.75699,295722.61875,-52840.7580277,-319608.779638,-146332.49908,-91693.9979248,164055.241948,-79489.2424284,-27210.5718593
925,64152.9951043,-75968.1399197,319588.497637,277024.466178,324420.270177,-34324.8784786,-164489.703244,72994.2996026,-5491.89043162,187179.591665,-362746.011575,-3381.92126804
926,76538.9602483,-53343.4030466,50233.8610596,60701.2880136,169980.231447,-25344.7944252,37958.7974807,-79880.2571532,-175245.066798,153106.93689,-312799.753293,-150757.947183
927,19929.6041661,56538.4898659,139456.312256,71249.9291611,215913.017146,63364.8205662,163665.63827,-39842.4667343,-85476.3838155,29017.6650861,-239537.318502,-257245.004687
928,196715.432911,101324.757504,-82091.8874206,4663.96151675,169039.122675,-22414.613225,172061.484502,144216.59289,-90877.7379456,278415.196253,-295524.325059,-121334.820105
929,272526.405131,43649.2502339,-84060.8862754,-113902.556445,96502.4027553,-93011.1592612,67096.3822186,35975.4158677,-48981.861757,267265.347495,-321710.194634,-149716.32017
930,113364.525371,79030.4276245,-260788.749024,-54262.3525071,-4477.10157781,-123573.917368,-23118.5203787,-323979.253987,42173.7155212,185451.234596,-59381.700383,-329045.116966
931,199521.767344,-94629.5743934,-3986.46601229,5204.35417309,-16706.5819359,-146575.109837,39455.6342342,186609.148962,148605.86239,258058.142345,-143215.016583,-214102.375793
932,138318.824234,-123019.643725,2650.43544219,-151295.011275,118600.720125,-196530.957692,232495.512313,242119.209028,90844.4902338,208811.422046,-90243.5088501,-326562.679764
933,21199.3229603,18037.7364498,32006.4773836,-95315.7732841,-33948.7329851,-90362.8578412,155551.564452,94093.8043079,3584.78908837,16006.4645261,-130407.680946,-170895.433047
934,-21855.1611248,38243.6570572,66723.4594365,-144142.39251,-12925.6753959,28150.3184313,181696.069339,130471.799499,15660.9310379,89443.8481071,155675.781452,-113210.858578
935,13956.4398393,219726.829858,-76739.6747422,-38905.661052,77507.69797,-109878.951906,68179.9565491,99493.552447,52001.2898227,206340.529945,-39323.6041535,37545.6746123
936,130583.341122,252962.741606,17801.5354102,-194866.26892,-44302.6184499,-143933.260849,-86370.3076423,181324.839318,150558.267815,180689.833222,215960.195135,51826.2644851
937,51673.6525145,117180.615904,147807.570739,14149.0475094,-7153.5450841,-219132.15311,-76386.976492,234161.748056,284845.344631,105923.074584,94633.2835059,47508.969122
938,-60264.0692588,-69030.3425477,-88267.2753967,-65458.2397174,-27278.8009929,-167769.448332,-58717.4565743,137475.029042,321571.179841,144061.988407,270045.164722,115693.993869
939,-81342.2083103,-31031.0435724,-184081.067404,-202485.538078,-46968.8604434,-2605.41428797,49429.2554205,165407.291287,291312.815647,29046.4013354,121554.284052,250248.199852
940,10104.5096485,-30110.1481539,-131766.840228,-354641.271209,-137007.866103,176017.875066,-7149.07256673,271166.206396,209767.293848,41849.4052631,18419.6836987,155462.894568
941,12064.9098159,121163.023378,-107614.003925,-376349.984002,-209938.955589,259330.533728,143149.39457,-49908.859418,188025.067992,-79324.2420885,-185100.322946,128313.237423
942,20341.9482189,170430.079326,-45832.848346,-244347.355812,-3235.46299645,58925.7775193,131842.31259,-7699.14094647,202159.422974,20556.8015299,-59283.2997059,37368.6359149
943,84413.1143903,70878.6759998,-149864.443866,-245464.121219,159807.946148,240867.209188,-56904.0528136,28827.2782455,235070.834779,167552.272104,-228013.777702,12166.6097521
944,194377.918867,241161.81248,-37205.1879965,-169647.489044,123676.229671,381568.767667,-108862.613995,18547.8532817,199814.435229,151962.522179,-94716.2398973,45865.4835914
945,19837.937309,217220.175047,-125277.507217,-81003.6101056,231010.429014,382229.197109,135143.174342,-64462.798117,245615.432273,230410.616081,37435.4248607,-74309.2952687
946,271342.089813,72563.5830229,-204116.286044,-2703.27566981,254810.283699,355412.510821,75817.005845,-60298.7617818,251115.408988,143278.450909,-106148.785771,-175511.480883
947,115441.378426,-29368.0374206,-19151.3594093,-98460.4305863,66305.8925186,382359.00325,-24498.3710459,-191634.476057,-67543.8733017,323483.520081,74355.8846943,24517.6418012
948,152432.982525,89783.8465733,106719.48431,-41201.5969528,163050.923338,162991.431359,55262.8011823,-289155.740989,-156511.891389,185382.386016,73538.8742966,218080.210229
949,122943.755407,-50343.5008631,166345.393186,-3522.12385085,6908.47977762,90248.8780166,217726.267931,-371541.513755,-20887.9224128,147178.976404,-102850.228954,230798.087319
950,121530.414004,-201780.330325,-27773.6859942,-163632.656604,-12415.4213205,90931.9384729,117550.873767,-455063.72093,-47597.3820372,130702.504652,-103608.463392,302353.782094
951,220182.520677,-395339.045101,-125167.78035,-200616.144305,97621.1473651,-105664.234539,100417.016159,-325670.791184,-18392.3775433,80313.5525051,-80707.4746109,237532.854111
952,173081.098762,-486861.561516,-50798.6262319,-189208.28503,50546.9228181,-154231.836513,19791.1054883,-215757.388491,256467.007348,-87642.0323268,-89639.1329587,106972.120759
953,354722.701242,-284127.637069,3212.68864086,-42224.9369874,97244.1265125,-174434.659291,53676.4604613,-237955.033457,10864.929876,-392.122809964,50656.8714649,139696.114968
954,291836.105302,-143216.760745,-35814.7374381,-188395.215765,-5752.22215343,99562.5851237,139245.788382,-303887.57265,-49704.4668153,113857.559743,137241.242406,18196.3873552
955,130620.534589,-107544.559682,-185554.216211,-137298.97979,-150882.562336,-109986.860437,100021.171479,-16315.4999989,-59348.9586518,-171394.397293,39820.4390707,147921.753166
956,-19389.5710483,-145003.352756,-232391.474244,-162724.238366,-93864.8499345,-170386.155863,197743.280348,-115759.100584,39046.4951456,-342777.373727,280210.906372,182504.155525
957,-14794.179621,-213977.553485,-297898.417858,65988.9772718,7098.25597929,-140337.381414,299274.870533,-44669.5500856,-42822.3072512,-436431.986281,133838.471253,154168.974937
958,23202.2502635,-211480.102735,-385698.600633,350526.358495,-84018.7088331,-106935.921304,-19645.4791767,123975.790667,16946.9878874,-209705.918069,167101.734721,95887.7798781
959,-249233.803763,19107.0320647,-449292.452593,390445.990071,-78318.1740963,64002.1395082,-56768.4111185,188704.819514,-133248.145471,-167353.965999,220531.73609,128239.178485
960,-140175.575182,26114.1217663,-348050.249969,332545.271098,-58037.2089546,-127485.331076,54391.8025359,-25541.7860662,-103439.899149,-247841.531261,154723.630454,89576.4019287
961,14414.170285,150634.867103,-143256.634629,229775.324454,-53161.4329078,-133865.758785,-55304.0585297,201271.187117,-66903.3934179,-182863.167796,261043.137857,139632.251162
962,224843.696094,-26240.7380301,1957.28438456,131733.810741,-2241.23153038,-66621.8672751,60827.0746538,177318.7905,-100826.07236,-84099.2458378,219559.740402,31982.3467795
963,197279.245208,-200047.251953,-59499.1700752,36650.9472213,-71661.9478135,-163719.210681,-62677.4413077,131996.302346,-55762.0484077,55706.5345175,38052.6741061,124453.807123
964,21376.1120215,-210405.963443,150734.38885,-39050.6826002,-184046.196448,56731.5530303,69334.6845353,263723.17637,-198930.264184,11136.9362409,5067.73453856,98062.4368527
965,161821.057728,-104820.979627,177497.244076,-45177.5848514,-150755.762474,43913.1673113,224443.228395,270899.116931,-100945.612492,40842.689217,79664.8244143,205059.837895
966,-109786.32304,-28202.8649797,148938.95258,199487.464498,-80855.0489704,136592.112423,223674.991234,118442.082971,-92012.3376499,-3387.90262445,66434.551343,110838.073808
967,-125940.290953,51253.6016281,281345.545608,155972.233793,-186277.086773,-19223.879024,250599.86456,141899.843607,-53913.6949449,35374.5196726,198276.922762,188993.613784
968,-280767.988488,162912.509661,289159.733779,44176.3405241,-220376.236759,130638.600154,-272411.312835,20792.0221431,-258469.334548,74748.9631049,188560.502278,197563.417239
969,-279228.430406,197844.00082,213872.452463,73052.6058472,-320642.568796,48667.2125832,-278877.763176,112686.63215,30764.0502513,92220.5014565,206215.051668,-8884.66622397
970,-377575.93901,230603.123852,120882.783742,-137357.010891,-374057.216628,-19298.0528637,-297909.349673,-115821.32356,-44558.3131044,-213196.223631,105010.632508,99449.473957
971,-320418.430468,-60689.2430911,21081.0271444,87571.5579928,-426163.290328,-10720.334703,-285148.263769,50478.801038,-40988.1573052,-307315.519289,1034.75024506,-22419.0494134
972,-231431.015331,99442.0366312,-89169.1956195,154351.1275,-254742.827732,38571.7285255,-217911.0869,51877.4523996,-44883.9076316,-245399.224316,-207716.558758,-219401.372275
973,-167665.783568,241760.438043,-94970.2467485,335754.818484,-157775.223454,-17388.1701953,-288140.982694,-6106.20860869,-52917.9997986,-335526.598711,83397.5024407,-169301.233512
974,-184020.687184,145346.318609,1071.8177239,91002.7170234,-161724.556272,-12982.8363297,-232641.159761,72833.9665428,-37190.7500115,-412799.319824,-18028.1958122,-29021.9554394
975,-236179.093743,207324.634962,159560.706983,-24244.3898252,-171118.520844,-106134.841067,-156022.223558,27735.3982348,6406.03269327,-297880.270447,-42056.6239676,-279811.466978
976,-46664.8469336,138735.473896,243044.716145,99555.9042472,-201768.185044,-111809.823422,-49959.718094,-21549.4179238,24122.1638459,-258832.735591,-17296.80965,-309131.984671
977,-121628.381926,51788.7502446,-17930.7662518,114149.321317,-180258.866374,-68027.8688783,-203168.883692,-139075.021461,194915.908378,-191204.544655,-109278.394364,-345817.589677
978,41775.2650983,87014.5314055,44797.5190932,234956.306295,55335.9638788,-110406.055199,-164584.18431,-176024.247819,68069.9535394,-33540.3725547,-110681.893173,-46647.2141003
979,-25197.5910657,15594.2204861,-11132.0159333,82530.6464598,108569.019019,-139087.17104,122556.965723,-97482.3124454,-141828.876873,19729.2601022,-28535.1421749,-8346.14987406
980,-5105.87497195,20396.9417513,212751.39123,-104249.976299,44444.1682505,-78058.5936725,-20887.2598919,-4152.25422812,-96293.9849143,88738.619324,77951.2542669,-195443.61976
981,-39783.0816097,-127065.963367,-54487.4383676,-45389.8343577,39574.4862305,114527.780834,-186271.592343,78472.1986538,-298926.003979,58692.8943254,78764.5399618,-240997.423972
982,-155602.250169,-5041.89764838,28709.947648,-147874.711994,204193.921286,-169981.879856,84388.5758169,32350.4208258,-30601.084307,56280.1631452,-31091.8509652,-177969.560605
983,44835.1680058,-77479.738005,149694.2323,70350.8768581,153734.62332,7772.63658057,-67806.7347188,-34493.1772492,-114360.06077,188435.01748,-108196.251429,-207441.924665
984,6015.39407376,44741.9806343,-90598.494207,47192.3540796,157474.646305,-71042.8493737,-192548.702141,-133448.309009,-169068.382725,33253.8233777,-200023.220767,19110.2577653
985,-219214.539654,-92176.7250473,146463.151554,55745.1053239,263383.695584,5392.07066268,-152695.377318,31676.679652,-27685.4213981,24237.8607711,-145536.907143,-19220.2155122
986,-151632.090172,-47706.4941309,120107.503528,112017.081982,260938.945276,10378.1879068,-78404.4762627,-131394.049662,-239287.879831,-84788.2040111,-211334.644681,-43999.7568025
987,-56169.51315,-22352.2396962,316189.076218,128269.801909,320443.833913,-116201.428429,-245046.053646,-255546.989644,-220544.773733,-56639.633863,-49832.399783,-8603.02433319
988,28124.2631098,-203372.163928,271443.190283,231977.508297,291305.592006,1586.10651211,-416523.103611,-97849.5921638,-93737.6099312,131838.633746,-71520.3265424,-32778.1219283
989,8052.57885075,-75555.7498594,299053.79768,219501.682729,270572.010964,-87974.5905494,-187890.943896,41825.4208629,-49712.2059767,100405.753489,-407875.626528,-91530.6343076
990,52015.4255001,-42312.9533897,39505.1203481,66470.8154144,175487.174524,-30341.074046,-59199.5581781,-160121.631367,-138356.411881,66323.1646154,-383939.170825,-133453.060589
991,117440.021159,86529.2610778,85025.4268659,158178.175802,158259.553189,-11956.7306831,137089.647652,788.62746929,-101272.968343,51362.5260599,-278859.586555,-212338.488852
992,208356.148027,15807.1600833,-92311.9923923,72365.1068896,191431.518709,-39590.8857789,170387.287766,155913.579671,-78224.4678904,311530.23588,-319959.291835,-106582.793792
993,207082.938418,-35242.1886032,-79923.2005469,-164779.611032,-3173.05995994,16869.2922303,-19466.0472512,-44170.9948422,-54469.4563772,221197.745948,-343331.685626,-156679.566095
994,325.683219319,17429.9906387,-150101.294073,-46110.0937515,-9157.92635304,-111217.119582,24763.8948098,-152146.088568,69976.5878704,139713.406102,-132018.329388,-262888.773316
995,74873.6403403,-97459.6149448,-41122.345027,-30231.8481203,-91380.8774913,-187803.214734,108446.466648,230839.385715,189327.392993,231229.185638,-48470.4986089,-261668.36401
996,217864.37202,-116914.658537,-60313.8350056,-32116.652269,90775.3147839,-239422.374594,29415.1775351,266113.110845,74756.7993343,158931.208197,-95239.4790471,-281514.092934
997,-20267.5855378,29759.3259254,20264.1843313,-125451.892262,38793.1509985,-82834.8375683,281133.662138,256641.436682,25946.5314567,-5269.01242246,-114838.780604,-114271.034799
998,-7928.73653845,105585.265755,65590.6558883,-137408.520788,78179.6646218,32850.34531,206650.485012,82317.0127297,-3221.89534068,94278.96028,111288.776942,-119081.776962
999,-49319.7770509,255486.128463,-117263.249003,18167.1265228,122795.729399,-101741.772022,91253.0327295,120640.345351,78925.7510195,194200.245322,-16144.9870862,174601.349049
1000,-7313.83012881,147983.698775,82942.0285319,-159768.966345,-56191.6748118,-164163.996525,-102069.637983,145538.889009,303213.189848,235498.719568,260594.173044,-56249.4734082
1001,88519.4369215,34565.887848,84614.4408213,52435.9112314,-50514.9111273,-198514.006027,-67947.2140616,173127.617339,341914.065795,109124.297539,92745.2505733,139838.603372
1002,-71259.0510482,-182565.407399,-135668.219157,-109873.719199,-14066.564876,-52288.5256239,-99578.9484271,171125.897784,331173.38199,120866.687836,171251.048637,186606.670015
1003,-37858.4491036,15883.084013,-122494.539277,-233760.598891,-87001.7710498,72256.7066146,-35279.9758481,238150.007226,295715.954457,19331.2483669,107151.093432,242815.121226
1004,-17150.4836827,-135978.469438,-158523.444697,-328640.704414,-112086.208332,129658.620142,60114.0461746,183832.783554,120350.180693,-28552.8520953,-26002.4098209,185680.500089
1005,6944.93462484,80569.2884836,-176833.19038,-343544.644728,-127422.280669,362665.12199,95692.7102854,38846.3781712,125034.421386,5999.8444311,-139311.318842,246545.731689
1006,-6267.99577007,138079.618561,31268.5988067,-253590.746321,36053.3053846,-1989.31933558,175758.607282,88039.8149381,145796.976852,23322.5601953,-107766.539508,96606.7622574
1007,96168.2281416,59878.8907652,-229136.532071,-259848.426671,67750.9908334,269058.317717,86760.9200671,150582.879333,258467.831488,74450.386936,-124306.813304,7742.51548066
1008,163529.450854,276688.392928,-93821.3836822,-263304.106947,113400.110564,378306.43499,-93501.957164,62826.6990792,164826.926905,153094.06332,-67390.5443006,-31066.0426139
1009,86214.2549353,196105.743217,-148882.549196,-130499.313334,226054.042584,424632.693477,149986.978393,-99845.6038436,263588.167722,272859.756296,-42325.4886969,-125802.349899
1010,186069.177801,164378.150953,-165282.625977,-55895.6120334,236681.128587,254325.447067,160670.281591,-126909.880214,275016.386161,87150.5762775,31796.0709834,-125153.352421
1011,50695.767155,34848.24271,92527.6093467,-71501.0982259,54657.885151,359266.332116,141396.675694,-112406.44421,-104921.022771,280483.939289,104292.387929,62593.1825531
1012,137625.946008,10988.3177014,61257.4915575,-39176.6187063,89071.4674279,186383.161918,90626.0968595,-286126.689294,-84726.2739509,168426.595114,110892.01972,215741.92789
1013,140151.204418,-122075.729955,142222.521777,-15637.1304105,-31175.9093274,108726.336116,212188.392506,-403750.60977,-8710.48157631,190303.218143,-106922.116333,201638.308827
1014,79766.4513467,-177310.699884,29711.2205603,-130074.542382,-40551.9395567,45843.0749667,61745.6887902,-434166.149461,-92526.4243698,104551.582253,-164475.173572,95817.7214185
1015,317968.902571,-396599.084298,-103488.252297,-179352.576223,50293.8911555,-138292.562941,73373.1625434,-324718.258018,-33314.3048056,116738.170986,-127495.203464,275775.506375
1016,285414.677453,-477660.850441,-26233.6467898,-124870.810179,-56593.7193618,-174068.050037,-105270.413518,-164684.889692,161188.217726,-107166.262197,54119.5836955,161229.430579
1017,316216.64552,-312912.95862,15232.3659267,-110518.324683,37874.1981545,-44046.1385554,143104.805326,-172024.584522,-100212.150584,19530.0536705,147819.726684,128921.882434
1018,284419.371977,-176948.713301,-121105.282854,-249100.204658,-70890.0502111,54784.0074461,185999.114735,-232801.622762,-115026.324274,77380.7339352,145461.721421,13549.0569064
1019,181519.769319,-190582.644842,-188512.358775,-103670.490865,-110552.299978,-108287.912414,221450.263172,-3935.86807239,-40988.1273323,-228693.618924,126887.244056,86573.1559758
1020,43630.3789046,-203798.871417,-182593.828825,-82432.3044061,-50742.6310951,-142392.896313,144841.770171,-82848.2021989,90708.3995424,-331113.076709,159612.230723,227583.220543
1021,-107448.8663,-199633.935128,-340098.07861,91186.5608732,214.049610337,-136797.576654,327865.382025,-60436.0912815,-101684.140038,-361854.914328,157618.053162,144278.366186
1022,-8558.73036858,-160981.424245,-332765.922141,285302.838481,-71059.5706724,-51362.1768526,-35810.4069926,127626.826713,10229.9066519,-195538.108818,115939.991709,25624.1580892
1023,-175398.170355,-18596.8312331,-392850.665592,340130.658874,-127099.05063,60526.338365,-105309.875476,120137.304896,-106763.919598,-144213.137693,205198.230988,228947.450953
1024,-232711.604272,134708.859577,-264192.257837,326882.041033,-77978.0007155,-114534.516326,24827.6374534,64018.8873974,-146448.96054,-270250.105301,117485.857641,126475.867079
1025,144756.900161,42741.7342216,-140536.522181,119024.822044,-87868.6533094,-168136.687725,37671.5886854,114476.655422,10047.2690163,-254196.464186,307294.575485,185863.18278
1026,187817.245046,-4840.48987705,-112941.311642,190912.740109,-74864.3007266,-151524.815082,-11714.5135714,170405.695903,-75932.4580868,-98791.9648763,205662.517323,172639.68428
1027,138462.995579,-203813.53103,-64116.5655829,-17112.6935517,-52094.9886564,-204282.590035,-10018.7707739,159212.107158,-45531.3919131,65381.3040696,65647.3921671,76768.7317365
1028,15738.3595676,-268969.085744,159353.833085,-85861.2170934,-167263.233968,71410.7587895,149779.519645,223808.169884,-124077.219549,9638.40278728,-29270.6632919,244786.658185
1029,63030.24595,-116690.071004,134305.95547,-105504.375688,-177707.854418,-5077.76748811,247107.825943,344314.663723,-166109.131766,66721.0421869,198871.10504,238774.840658
1030,-116651.140417,-46141.4958053,182232.057246,176494.798202,-64329.9437619,136799.024258,251624.424046,93917.4157268,-195198.641252,-19730.9413877,197030.001771,192795.325447
1031,-203759.26016,142621.328859,224537.381675,126191.793637,-155533.661979,42005.4696454,289474.251113,112518.352683,-68419.6297803,17062.0839942,172119.956922,204089.289814
1032,-374290.680961,204921.101412,179897.486657,-55708.8671462,-173338.437545,67337.5726886,-205089.553247,62706.0031219,-260781.777406,16477.0755189,181752.582169,210494.549945
1033,-324029.188393,180355.457285,221370.629724,-70266.2358421,-335528.349686,48524.0912397,-138685.474866,-9503.19385275,-15305.0000365,-9168.84999911,239040.2118,19189.1309601
1034,-316521.30942,260770.902099,80985.8629446,-80249.9836957,-370902.503659,60391.0178275,-142397.010621,-108893.663838,-68723.7055318,-267529.64415,35606.3459486,52652.5133221
1035,-359113.48228,-89608.6073013,-1288.08919103,60788.8828942,-399384.828645,33182.2735012,-267407.125105,164292.73622,74149.0611573,-226766.324742,17849.2744536,-85875.1291375
1036,-178755.855883,48043.2732747,-206529.006478,183623.866555,-216782.722332,40429.9021304,-138401.132892,106875.863191,-39382.4643792,-182327.87719,-141176.90953,-257571.841582
1037,-196047.196505,209571.304909,24519.2972758,166603.519937,-175241.642795,97084.2479044,-180774.529231,-11789.3620489,-17930.6807687,-272393.287035,45913.5589666,-162341.127154
1038,-226878.262215,109211.314627,55602.3084776,31892.4400695,-145803.457651,-12496.090556,-262166.811987,89756.1724112,-2173.31315596,-366226.277277,12074.3713604,-125919.670151
1039,-211628.645642,227260.296657,227388.121846,-38656.102029,-181822.922892,-67741.8088775,-73468.1529259,13775.3675067,102333.031472,-255866.276525,-119567.565038,-194844.857227
1040,-157512.554034,165840.743828,192908.124301,163485.493083,-180468.337997,-54888.145364,-21496.3802418,-108035.748727,3288.3251745,-125726.896157,-14126.6971581,-292278.80411
1041,-147845.210317,86567.4995591,48733.8660899,256213.978202,-155356.171446,-53845.4644809,-267289.789518,-197418.211291,79452.8028446,-151733.373581,-85101.2508551,-401604.191347
1042,52627.8828315,52600.7031879,61807.524064,229597.874609,41627.9943317,-123701.206904,-159073.839337,-211982.020545,-127571.475745,-20722.157113,-146738.15448,-104305.65768
1043,-70286.5058795,58251.926615,69690.9174537,39387.6224045,35896.7289317,-136353.231767,14769.6730712,-60358.7431305,-48819.4667316,126399.979729,15003.0423556,65701.7013017
1044,-8356.90799483,141272.868866,196510.512524,-61967.4529702,27334.6453782,11784.284685,-23390.4372236,-66422.8273037,6456.63916535,-22801.6785205,104169.516017,-212193.046464
1045,-61968.9518643,-69563.5046619,-105514.448678,13490.5103448,108692.235344,37080.0305965,-138794.097896,70010.226309,-260070.612582,128120.342616,145257.171398,-214490.647336
1046,-148188.447816,-22859.1406483,19951.4568593,-83232.0971578,188095.609152,-163738.663383,55414.1407498,111170.738216,-46886.5978292,64896.7285152,22257.2104197,-169935.111744
1047,21779.400257,58211.459588,143187.948296,47826.9479065,188572.761929,11827.7813193,-10501.259157,-135049.129919,-101007.978841,82036.9509484,-146193.962206,-187204.654735
1048,11202.1511548,71547.1044022,-42255.1822514,179031.760846,168482.98931,-178305.005573,-174131.926385,-19185.9772392,-109540.659869,16771.13361,-164862.975361,44338.7872222
1049,-277869.163964,-229778.579332,103306.080806,46340.1875185,201724.33133,35836.9852006,-139854.320412,47758.2930052,-66708.90096,26855.9451168,-190336.883044,64745.1280357
1050,-90246.4563285,-73190.6671183,155888.582619,39798.9576646,296340.542611,-4541.5584986,-38306.3212204,-203709.794249,-254799.329208,-80314.6500055,-259130.501855,-118424.818416
1051,-92261.3912237,-125346.815367,264990.254776,315112.062441,329858.286873,-90704.3598893,-191384.206804,-184049.183427,-239367.742019,-98013.2136184,5203.79909991,53731.2338618
1052,54702.3290009,-126695.799651,266692.096206,182966.834261,266305.901757,-25786.3615854,-465273.870709,-32621.2809337,-120896.463057,133257.185674,-77676.6102978,36974.9615876
1053,-35834.0914048,-15860.256642,239752.554894,142050.864598,273708.333591,-84894.1272966,-23241.9538444,103178.481347,-29430.57797,43912.1600476,-384763.834901,-172303.817485
1054,92818.1938894,-17536.0813984,1510.68967752,93873.3984087,243511.961414,-119361.516749,25290.1516902,-139406.277958,-139341.406655,126744.35553,-327479.362322,-225587.543228
1055,137701.429191,836.860229511,112354.695735,128613.909589,175289.00713,-20496.3386504,93329.305047,-18426.4825334,-47476.7663629,150255.636545,-250203.490045,-190554.891783
1056,170686.028929,45005.5292092,-101653.325289,117062.820934,224965.810188,46071.317559,-654.248432779,159681.638222,-107944.980259,201063.400074,-355382.396846,-26760.064022
1057,168287.195556,-13143.3186574,-132991.274026,-153760.419599,16869.9042151,-44940.265466,-1680.81739069,39370.6760949,-86573.4272966,189257.751043,-268747.842101,-102741.795909
1058,94121.8443515,-11880.1837377,-129598.445619,-65169.9647195,-20498.1560189,-186132.695868,130793.921605,-84649.4687783,116525.045486,148136.096639,-96874.3227838,-253152.534641
1059,140892.212134,-207686.177446,66425.371204,-82463.7919056,-7269.27925759,-148584.140386,74532.5151439,202198.59927,127260.809819,218210.757762,-106840.275019,-258949.866221
1060,264891.816587,-91892.8234403,-45401.844475,-3808.07503151,98613.090555,-195739.679872,82527.1328661,192655.301891,63830.7361379,108178.164968,-93807.8551849,-231469.311609
1061,4073.45566286,83457.7771243,65210.9309582,-71962.1804132,41186.9113461,18446.4529032,296135.534016,158614.786655,-35323.5354281,57397.5981287,-18212.9765535,-39468.4890088
1062,74223.3049662,186412.645275,33153.7121278,-212415.612529,61052.9384599,-2864.93869629,130624.962418,8339.61291602,-90070.01665,160195.674366,82947.6539656,-78707.0053882
1063,33020.6082555,264521.989507,-7872.27240966,150778.470351,143409.3334,-89215.4631654,28584.6384973,127675.989324,112335.240002,254749.918,-28575.0628218,111376.820307
1064,26346.3427569,103357.902315,95212.4596526,-108417.555152,-35390.9817855,-85651.4679083,-91680.0420476,225744.433456,259281.911828,210839.64648,265687.648478,-72046.7894714
1065,-23816.1310155,134469.110722,100193.691082,8594.31231423,-37996.4869548,-155743.240993,-151070.226924,265614.766456,246074.484637,104098.206187,165430.857705,81660.0441932
1066,-46008.5168808,-225256.680258,-167723.903504,-110090.22201,20589.464599,-51119.2618661,-1687.66403149,214618.439681,313127.123699,136596.674195,182124.023995,111627.171628
1067,-20754.5385708,15818.2638439,-101663.777769,-220271.087534,-146780.784773,109144.902906,-62236.9135826,248091.238485,308405.539456,-67771.8164954,-12669.7039013,174031.663201
1068,-58341.3187547,-35361.4040596,-192957.312564,-441242.211187,-98884.3474799,77437.8828465,-36913.7573048,174359.8017,186816.71525,-45643.3178102,-59054.6151522,180254.761018
1069,20383.1344581,177689.358274,-172829.277511,-363599.293,-146399.391742,358715.63586,82305.8764364,41540.0396698,172668.657802,-66965.1459308,-76466.2282647,128802.292646
1070,-32093.1788484,174174.037409,7038.12362876,-313756.692114,23045.0471701,85419.4590264,127745.267582,63.4540934967,228724.413014,51983.21973,-57097.4573231,113959.430341
1071,158658.834962,78379.0009658,-185388.090969,-226586.057059,67009.5637455,257905.559364,-10410.3529723,132730.030816,212126.059211,112177.450434,-215491.747028,-9269.26166254
1072,140066.433075,199930.460413,-39417.1814367,-188882.651267,117370.196786,430221.586886,-34645.3233309,30910.0209988,298652.275911,155365.314015,-104903.864022,-18502.1650088
1073,156181.879446,250645.377606,-263471.462275,-152720.136777,227225.355284,410871.684156,87449.0709071,-55655.1972632,233021.540293,170572.159835,32007.7240693,-178604.567417
1074,147260.752365,75526.1357584,-158567.775684,144114.848362,187962.76884,343585.948585,73985.6548802,-125903.25318,210328.47169,95065.579305,100635.051745,-58149.2271258
1075,59308.3907178,89705.9324117,124876.290288,-37616.1581062,49571.9764179,362122.883703,12676.1700707,-264619.536365,-79933.8308851,291177.409391,58073.6846603,129332.268514
1076,212713.188654,47137.3272107,-8556.48158619,1527.09387379,104145.473893,167616.258931,227616.321051,-303788.544416,-68980.8561075,177634.266316,43233.8200031,222928.378464
1077,100678.248158,-121069.952406,32702.0120533,103039.665234,-54966.5029538,46502.7262091,125422.731145,-346331.03611,15440.7214804,222237.110884,-171987.147905,235629.847557
1078,89388.7428645,-145080.376239,10902.5764049,-156463.097568,17137.1779685,91589.4251366,-28582.3052645,-332508.889039,-111581.567745,170714.254788,-120411.399971,140552.071108
1079,250838.170157,-408107.53491,299.639365973,-58039.0394128,34166.7990484,-154587.507552,141362.073228,-292785.365138,21422.270628,35204.2142028,-115796.993099,189183.399399
1080,263192.063053,-347133.701881,-65453.9541689,-65735.6327625,2989.68255731,-104663.187015,-40608.5087224,-193439.558014,124669.899846,-53065.7813337,-12030.5673059,126822.773993
1081,217327.372471,-282059.947558,-5946.33001629,-118412.719736,-43163.581213,33702.7216097,142226.934974,-210815.441644,-23156.9035946,-2988.78307267,277545.878125,161984.42647
1082,242013.207635,-188519.628313,-154497.765664,-247525.798323,-75929.1432842,-15764.0928174,234004.351918,-253387.020129,-106056.010802,-17442.7592115,74319.8728902,93038.0137778
1083,128618.479784,-203093.732957,-234102.586408,-90775.8065062,-47272.2291298,-108139.482454,214921.019305,34587.8980929,-23715.945174,-251058.639651,189483.236265,66165.7767936
1084,98072.6963758,-185843.258958,-201383.189843,-77800.8786494,6160.55088646,-194360.400874,129396.971477,-87590.4953799,-61688.2217234,-314560.241075,205849.822631,176277.481653
1085,-63809.3894397,-224034.337936,-250296.249286,148643.601097,39881.4961346,-127653.827514,171660.069128,4804.05599079,-106339.647593,-397157.85701,112044.464957,96440.8887346
1086,-58056.8478118,-76658.6050136,-344711.54685,312563.722097,-81024.0440713,-32743.5150104,-11807.6670318,180781.698652,118187.33165,-251890.010419,107735.190025,231543.816738
1087,-138490.872549,-27079.7139588,-378608.517941,322472.934129,-119778.509201,148564.983012,-31629.8900451,34173.2231961,-202726.609599,-121814.041736,208033.149131,131856.481238
1088,-169343.100694,137774.312704,-316276.577143,302605.303547,-44672.1853539,-138302.127671,49619.0483178,742.796045552,-165526.831409,-248675.068261,109499.368591,132102.231774
1089,206487.870788,16202.5050687,-156543.68382,214203.948088,-108464.369102,-142189.7693,-363.58252213,202610.157641,-81630.3338905,-225103.662128,368908.355943,143543.495716
1090,152725.334489,-123555.825579,-138051.049993,131742.27637,-98274.5449108,-195766.190804,-81781.5866394,57535.3650435,-54792.2684824,-95473.352208,141514.278397,134643.579905
1091,111229.182911,-180244.393815,5494.20310131,-8712.0012321,-183610.505529,-120918.528978,54364.0912825,182132.548805,-28980.5934396,26393.5324402,17245.5785209,48965.2951579
1092,33188.0988911,-265569.041659,133134.06729,-98110.9635209,-143552.46852,199219.539621,120938.482287,252257.266317,-147117.389753,-21716.8604237,111099.986342,205553.009806
1093,83176.2383839,-25910.3849345,71221.4487018,-162408.846648,-287980.112979,39038.2901175,277454.871319,319383.024998,-228119.376496,79764.2244831,131207.263311,229592.019682
1094,-158500.282903,-75721.8677037,194057.734373,109831.221713,-99049.8952334,107378.241469,223688.021415,228102.972308,-161000.316747,-48532.6017142,146831.436155,168492.340407
1095,-153040.870252,135103.224051,244715.887634,181987.633552,-178334.800008,39053.4494293,142020.451134,143415.971948,-96962.0530165,92672.1952974,128305.704427,24594.5080653
1096,-324818.541484,231753.823516,264805.245562,-100537.212609,-165538.366646,61320.9404748,-135052.557274,58677.8637409,-201388.817623,18780.5163355,208389.381651,204448.231292
1097,-288368.380327,251929.842224,264665.75817,-50166.0755171,-360552.155672,57588.0196383,-172574.110892,-15390.9532251,-5920.05347688,-64037.5496639,152864.569998,42231.298938
1098,-255197.600348,201425.067897,139311.628479,-106294.130241,-330369.812294,123013.599897,-156978.90859,-139514.8821,64317.27714,-271068.775496,4521.00919587,68594.3349102
1099,-353909.181298,-106656.189964,-15281.0261406,86621.5294309,-412447.83182,553.780490807,-135509.585955,110561.643682,24937.401866,-264392.365729,28482.6619217,-50196.5751238
1100,-271320.567395,72401.2713852,-136692.623521,170700.219602,-226611.137403,41409.165965,-155610.58942,74305.2084615,125584.534483,-278447.363597,-137080.494526,-180550.182372
1101,-150068.295589,244728.288071,-11315.2009032,108971.411835,-149095.119485,27732.606852,-5927.82891208,57979.1171438,2831.57847462,-235911.260715,72855.0959022,-122712.910072
1102,-222723.079292,131504.239164,101651.02425,8299.52753501,-143318.13386,-27666.2572037,-247738.20197,-43128.8137956,30440.754099,-366549.698045,-27100.088281,-245300.632001
1103,-185815.362947,306336.737401,153270.09495,56833.1657492,-168609.273342,-121539.187814,-150052.939706,-46682.8382819,57461.6929969,-324880.497842,-79594.2940272,-247578.765452
1104,-141429.722237,98602.9331999,158428.24663,64770.2429187,-202312.301665,-53345.1439323,13981.8664777,-181133.337469,4504.82366752,-133517.873682,-10348.0800532,-328481.69501
1105,-148195.37939,66922.9825215,53697.6084139,154121.989602,-111231.004908,-26638.159313,-179673.563327,-177014.34242,106999.58916,-130329.185113,-135442.20502,-345020.676611
1106,4390.59090489,105800.192282,40920.3244701,200019.271067,68257.772672,-233267.751289,-183331.740875,-123454.169586,-183756.564145,-39309.7671319,-54774.5881621,-77988.5045519
1107,-102734.43169,130516.773008,67185.0727477,78831.4014,-5294.05977796,-177761.282191,125820.492485,-62590.285846,-58911.4754397,178505.935553,65612.0658589,49174.3573776
1108,13826.4821317,110606.927897,79970.940476,-171713.913429,75924.4793461,12796.2260026,-80661.2851738,-140843.303155,-3103.238248,-63856.0884644,111006.610301,-237952.295287
1109,-90522.8464915,-32679.8094777,-102673.874432,-140747.574315,105158.016567,-102292.867681,-191229.981324,18821.777478,-164676.922331,101514.095168,142935.743988,-128854.081987
1110,-274554.221687,37800.0552286,747.222031996,-86741.4495676,199701.037799,-54919.717053,-67355.8492209,127007.789567,-74559.0453493,69826.2372375,-22388.8396859,-165961.834859
1111,71926.9427529,19113.7888351,71392.7366883,-12062.4716755,217318.196538,16644.193978,-145946.88315,-79738.1384499,-82662.9518311,109385.33235,-95428.3739039,-206831.767137
1112,-66456.68006,93905.0394335,85171.2901964,188973.166255,177861.664468,-90514.2216909,-184594.061154,562.04967422,-106684.773828,-15214.3062227,-160463.024032,30135.9402403
1113,-250783.929614,-286099.456913,230436.20329,136002.456546,239935.044003,36874.4860167,-180997.128177,34146.3098146,-96375.6684075,31922.5408336,-172976.748257,9757.41340323
1114,-166668.731846,-220782.021799,272914.758612,95994.9650878,288199.899361,-17376.9985847,-126647.14608,-158496.568048,-241842.150888,-119648.5491,-230716.935064,-123041.986403
1115,-56805.3994279,-167289.887328,341114.833989,350634.195253,317398.954469,-56179.5525944,-281846.562438,-227035.455299,-231882.068752,-129805.025104,-25731.6576056,87485.624791
1116,100074.050344,-37439.227894,291104.892748,132114.742498,251501.56716,-22830.951908,-461343.961951,-65424.9903537,-220232.142052,43195.4080156,-109266.333363,91988.8084464
1117,-24321.8100389,28186.7300044,153758.212921,80526.7858967,213175.362806,3804.73736767,-141778.483083,16544.2259012,-68091.9400577,104032.836024,-446239.294308,-78832.8065044
1118,-21027.5527369,-12734.7481727,65319.7390734,49557.1063008,248376.060693,-36721.6097728,-22777.3916717,-140499.799333,-59908.4418756,-22147.7309862,-356880.890287,-326636.997255
1119,194539.257377,49837.2014851,146622.420332,102169.205642,214427.079909,-6633.74019217,63832.9842057,128962.025514,-110040.772678,164951.671928,-210529.418093,-192546.34864
1120,299766.854915,105958.152698,-51675.6072716,660.792793352,165794.058249,-81405.8472038,-110021.709934,119365.633648,-121719.324214,116321.34698,-249922.656258,-106978.273013
1121,170095.493346,-64523.0597949,-184946.372893,-51957.5348617,27541.3833002,-100960.831026,42916.6333731,-63220.1657825,-52244.5691747,177408.721595,-188641.609982,-174813.015394
1122,83593.9834701,-31663.5758892,-183754.71576,-97471.919313,-32398.5277198,-167510.836351,14716.50686,-7703.28301034,132340.362001,125209.956444,-54547.4264858,-255221.098596
1123,108778.397441,-131030.784837,5217.00458023,-25915.566128,-23407.3588804,-128327.872028,168083.545105,204289.77918,185979.352939,243455.713836,-120693.216959,-302962.939924
1124,302478.9483,-92578.6665699,-56541.2768023,7757.02208541,88731.4787969,-203199.970985,67361.2741697,176207.403177,116327.615166,124374.578334,-71526.8847175,-333547.731901
1125,34828.1967046,143040.266463,36073.8754249,-147996.021821,21708.5541178,-24584.0717947,295843.222006,211486.329046,-68204.7513003,34752.3308861,20708.8883622,10333.918136
1126,54968.4850954,239348.273648,-22596.1555804,-99176.5012454,75923.4775617,26684.7668438,26602.836053,17529.1508733,-46449.7796091,85869.7450582,14192.4951399,-81315.5198598
1127,73408.9011568,194072.854908,-17375.7077602,128893.984283,148969.99202,-85263.4789363,-25458.3554298,135694.852941,68668.5977651,270803.348704,31937.5298203,142724.085514
1128,69864.2305449,133071.961223,53340.062754,-24223.229392,41570.7284884,-74254.6855527,-101883.868165,269242.490236,191838.503607,142964.508592,214806.515727,-36993.3971492
1129,14436.242355,147224.350694,28910.7250212,-53627.6846726,-20356.8973031,-155969.823502,-208226.72318,225353.140042,295364.26,96933.9554463,73485.8687654,34610.3173474
1130,-115041.857497,-109895.992597,-42187.4559508,-120800.049157,35739.9020541,-53947.4740533,-54884.0977295,254562.879166,268509.816467,111170.040918,211056.425849,41586.0928549
1131,13452.4192542,72234.2238376,-132239.488292,-227093.124847,-134320.336797,138345.336795,-87430.2284961,230777.845013,266527.815541,-57586.2436557,53538.2437897,174604.580192
1132,-78316.852881,33431.9307695,-141860.746057,-479314.675067,-124176.678668,169250.591887,-3125.86803659,116147.211825,38919.3967699,-102730.508752,-83579.2953019,206854.53027
1133,141670.216739,246245.809745,-148584.866845,-281806.875866,-102422.846482,327670.07222,114180.028546,58978.6016374,253798.564597,-82184.1280546,-33124.6432357,121169.510595
1134,20479.47345,256445.336842,-68301.2033654,-251166.195571,58538.5975353,147625.472244,72834.9764656,-30204.3846923,249641.735565,-3280.55619633,-84809.5370086,169655.003093
1135,189196.595587,29990.9861585,-162558.306635,-255121.991428,118175.702813,267232.34332,-62534.9885659,103193.888613,329908.300022,41571.7424098,-205720.49774,-19316.4086364
1136,147188.712855,210540.192221,-84778.4327475,-217863.253096,163545.449723,520287.308983,90870.2878063,-48720.9607709,336847.572901,197783.031451,-69030.3291097,3208.63257573
1137,151787.83153,188825.004855,-205128.753105,-206638.065066,266655.304281,367656.578859,221106.24399,-27237.5214448,316030.684846,180254.936683,-21384.9595843,-126878.612587
1138,115259.027354,34127.5951345,-118705.307532,135665.113961,147010.224374,372046.797247,25557.2006908,-55514.921185,120610.625211,180754.519432,43782.1380765,-38896.3772845
1139,66588.5073533,103004.271795,185507.415114,-11185.4733417,49475.8204914,334220.003179,62437.4929961,-307962.715917,-104833.905394,305665.303412,50777.9996925,188410.343485
1140,214534.634183,4585.19371629,102941.901411,-50584.9300122,157249.844234,94767.5527225,333085.570851,-319895.176195,-166945.26329,131211.263935,42440.303778,130396.520827
1141,10826.6112333,32434.9557409,51369.3340087,-42598.358062,-49306.7265851,53656.9965162,129805.299875,-362757.791531,62672.4500896,175082.111772,-175199.888529,142738.958553
1142,121956.619849,-182461.040274,8967.15355665,-165235.491381,-49005.2926745,69567.2207043,-97338.7336335,-304814.337555,-76926.129324,188440.496794,-157356.54435,61195.499088
1143,153678.365987,-413342.015235,-62405.5720581,-110586.300742,78116.6670257,-169159.873725,102954.131539,-289805.096019,92235.3602669,-22245.7264455,-87676.5966525,185923.14111
1144,249770.355717,-310768.950738,-78417.7333948,-15964.3659644,-3461.23925768,-81813.0261249,-58071.4050217,-193081.805033,85364.7981658,-11032.6225672,25847.8854223,79855.8772376
1145,202679.845889,-369468.346267,41799.9608514,-117587.712913,-73171.1490494,93468.8092493,22338.4317387,-172274.675958,-57304.2820301,60855.2468293,252288.805105,155746.645604
1146,244539.016748,-247494.511475,-105056.498361,-220942.346226,-103749.657552,-16434.3224398,247346.482722,-142145.421091,-33588.7497658,-47514.1697693,97317.0703594,169996.813682
1147,58132.6624143,-191878.06985,-201004.607318,-114530.108112,-48406.9097277,-117928.219526,216798.285862,67979.8607016,-44310.2731089,-268230.897418,209253.841228,41052.6968606
1148,81217.2073651,-96477.6577615,-180343.543429,-144301.017175,-17633.2589224,-179420.243987,143082.645767,-86456.2592199,-119435.840648,-357753.328477,189358.904978,202413.651937
1149,-114351.1684,-326197.798784,-252190.637892,165656.631516,34281.9133626,-61168.4856981,173483.173775,-23141.8536817,-50186.2900653,-296588.538351,190959.454297,50427.5966332
1150,-145256.354221,-113974.685328,-363347.697495,322802.792359,-61763.5267225,-13454.0862224,-33021.6844963,75109.3484365,11213.1905648,-242664.822107,156151.778512,106819.131113
1151,-137892.812401,-111990.32755,-354258.596043,305587.77847,-141388.860571,96834.8465332,-153222.302051,50403.947014,-218214.66387,-105111.104312,238876.8009,151926.433187
1152,-51938.1407912,132591.733417,-271518.212541,291768.22631,-79829.0205236,-178642.563151,50386.4790159,49709.6709941,-239104.415531,-158023.538396,54574.2908479,181176.426469
1153,217676.174291,-3191.96613648,-166663.668817,125057.992359,-56726.3268072,-83699.8351722,36791.868531,234929.67038,-81556.5401797,-270943.495976,300487.259712,91113.4304074
1154,165996.395025,-206414.223828,-59084.2972604,28435.8550682,-22703.1193353,-147722.028506,-1871.40192948,87175.460114,-35334.2243176,-70206.9931616,165292.060138,156245.737299
1155,132368.536393,-163721.703761,96095.2831189,37567.4599856,-199976.720463,-64714.7424696,75135.3881985,131508.98993,-24510.6718904,107220.944016,-31774.0669853,86868.5575164
1156,133039.006806,-215330.247709,158050.872517,-81345.4387024,-171110.18635,109931.906475,105560.983798,171658.171627,-103118.734623,-42230.7069602,30609.1420106,176019.57054
1157,48812.057324,7830.12967815,106060.92935,-101499.11102,-214810.912611,32984.4165046,450592.94305,358174.108914,-249081.289445,154396.240285,119223.585355,198927.053413
1158,-118506.227648,-5882.44172535,170511.67333,196663.92279,-193376.610636,23689.1509232,302098.889616,207592.975043,-133609.171958,-31392.5802426,239405.560074,137741.295579
1159,-88231.9985221,127064.432422,226645.702195,106261.121514,-218610.898866,4689.25830297,17443.2243381,114926.380987,-136243.247456,119265.198065,160857.702095,82869.0901406
1160,-319622.382658,213816.868817,233310.029595,-191759.399596,-258906.949249,99448.5555161,-99639.4548349,34257.5396907,-165972.964398,23729.8947325,262585.837994,180900.142817
1161,-261306.202395,255245.509967,249564.673536,-108462.531251,-343136.58761,22000.8839113,-190444.05744,-76439.7367479,-48627.5101411,49874.2720661,125101.785174,-29845.6040661
1162,-225478.838994,161096.377627,155490.740615,-102456.700537,-314996.342192,66597.5801834,-158082.520235,-107170.365538,59955.9380649,-248154.986311,90611.4044944,97977.7665032
1163,-247011.714822,-59688.2749818,-4560.66539143,104075.064047,-305848.718892,13104.4753873,-142449.082747,122853.35006,-42185.6057236,-329384.462901,-7179.6233172,9787.90799448
1164,-302036.028877,78731.681784,-158323.684666,52884.9600791,-202055.596481,-55122.5200371,-237916.033196,60463.6500539,68957.4766173,-303013.941101,-100409.740324,-239259.905927
1165,-87970.7168457,236914.616419,-53526.0381698,97466.4924904,-148179.060653,87098.2176802,-81412.8801914,129524.944735,4026.54282208,-200629.263916,85229.0980111,-63293.2068323
1166,-202439.915808,264454.856667,59958.5751339,2151.2930906,-128194.114288,23100.861859,-329869.452769,-59688.5310956,47459.3513791,-358074.65627,40000.9027785,-198326.140934
1167,-200816.310022,241694.118878,265510.605085,64874.8884038,-206473.568999,-168075.975376,-89842.1141331,-35390.1480806,74110.3337877,-303842.909174,47868.9187765,-317163.394649
1168,-214684.144341,42215.7365958,178855.002775,166994.141674,-195998.319362,-75529.108032,-114162.691149,-249105.703648,46642.412324,-173681.759753,-28836.8788348,-265054.552061
1169,-106418.653438,59861.6006199,36632.7934797,187078.117247,-15961.3451452,-13419.4998401,-148826.743154,-116277.97063,79060.8859391,-145748.812059,-66285.2209419,-288233.956497
1170,30344.6146514,89813.6542496,-40515.0900881,243741.407755,103688.423028,-240854.620238,-1463.09798432,-177657.645762,-162299.811188,-19358.9736708,6461.42421274,11679.645643
1171,-21186.4053331,111210.84173,102881.12651,-36763.1607378,1997.83146893,-169549.55627,11588.2416233,-131974.409115,-57499.6410565,180932.372417,-16988.7152537,-54056.5082479
1172,190.871463519,23131.1021108,78960.7610184,-212365.489232,94050.8342769,5653.51301953,-190286.650042,-119710.020609,-100216.811919,-68793.9633995,109208.782478,-195317.788671
1173,-76739.5193627,67210.0821495,-65207.0742311,-48281.7066672,107880.076383,-119099.392367,-97667.3851002,64553.8700398,-91514.1842574,41853.7951554,143324.568314,-130799.309649
1174,-225920.478438,-7095.53450965,8099.58347155,-107164.243715,246618.915775,-85571.1220081,23277.9486735,60151.3405087,-54429.2956728,148393.244964,-68725.8922831,-121187.334858
1175,23937.99459,37014.5458316,92882.3217206,-97439.5779399,197988.61283,-51929.9848517,-91308.2940287,-158341.175642,-164011.877974,82177.5422991,-24597.9260029,-207366.180293
1176,-138157.193327,-1493.64298219,-22752.4860551,189973.811034,170978.765462,-63767.8029538,-237495.687971,1554.56492583,-84053.2244474,-19682.3154926,-215832.111375,118383.931848
1177,-262631.342203,-227113.186006,208032.665273,171108.448067,179100.697703,47460.6062618,-189140.629635,86223.9867713,-60233.3532214,66899.077559,-94173.8371938,-10121.4970255
1178,-134717.138433,-212851.813616,314388.060815,152166.804267,306063.341052,56523.8203535,-84311.1458807,-137263.97945,-251949.088695,-53370.3147203,-219872.023323,-97944.0473442
1179,-17484.7968198,-240351.973669,326904.986007,344755.702843,222817.392907,-87595.0785865,-306285.89322,-203926.667963,-167148.818624,-68111.3345877,-48529.1833312,97858.1755507
1180,21131.0632404,-2265.49479134,323594.137582,210948.438402,212390.294374,13249.7146119,-419409.600377,-71609.0292026,-199376.421877,51165.5623219,-171754.912054,20941.9479228
1181,87452.5659444,74613.7570559,80509.9744979,61053.9542316,208317.513914,-73863.9478633,-36606.5832602,-44182.9147806,-190028.218265,68977.3000904,-369958.095506,-83739.9676619
1182,44987.510766,-104925.884231,49310.0440699,76489.9684304,275434.439293,-55351.3542773,-137297.233101,-28829.9930232,-91021.6896954,23302.0783428,-383439.109355,-291382.701822
1183,205970.266133,19180.7478714,28463.6633335,98573.2564184,194985.890605,13268.9436007,177497.671188,156406.177403,-56470.0801849,184882.904173,-214700.415709,-151605.367821
1184,264529.009108,77942.2368106,3482.78097962,-19295.0656479,130885.584566,-63176.4901351,-110180.085513,44904.772668,-73645.0925738,134469.978919,-291267.213118,-127824.613479
1185,82611.2482789,-55531.0681997,-205093.375652,-262530.783854,1412.68747225,-106809.060488,-1686.49739816,-87453.3813125,-67940.1190856,167396.504365,-135384.210085,-82069.0984609
1186,198342.002435,-63547.3974489,-105848.967547,-154440.979162,-10396.4782142,-151312.805187,-30635.3020016,22413.9464458,116837.363892,230919.785736,-71357.4585903,-289964.545999
1187,156836.116221,-115615.148447,-24165.9286618,-17687.1670297,5158.1272996,-212605.833548,165093.359942,136353.089637,156976.03521,183900.623189,-106608.285116,-228107.327571
1188,150361.293585,-107005.703011,-18509.9866058,54612.9043474,70326.0416422,-203169.927201,149069.348765,130436.946577,79913.6220651,143098.666655,-196410.744761,-256809.048678
1189,100249.714809,253047.549378,48995.2345654,-195434.420749,57338.5140433,-15456.5514956,464556.817868,296019.914102,-15813.3141047,-34808.5866528,-20482.1782574,7684.11786827
1190,33114.8341407,280178.242486,-21095.0893783,-63853.4142744,63004.64964,19458.0187272,-32799.9288618,128221.585738,23016.8811716,149710.444146,85267.4405439,-25782.830718
1191,83440.1082249,183138.89622,-15947.7332407,27333.8549522,126591.323004,-38896.5845402,-168647.254251,18550.1087543,126332.238374,231996.482904,-15547.7251113,-15140.3943467
1192,66478.6879371,175241.787287,35594.2923443,-82291.9427871,79987.19743,-84125.8036944,-87853.9470291,200201.435716,283801.610495,49100.7623926,178263.476283,-13944.6963759
1193,-34682.171523,59388.7917446,5461.10183859,-13541.6800195,5832.19348283,-124105.339957,-185507.064988,137096.538668,212198.051374,122897.461272,111241.532738,-1937.65399241
1194,-135527.541202,-103258.841268,-74876.3476653,-110178.603381,6470.98808005,-20899.5859871,-40819.6506108,214592.537758,250141.293997,137913.889164,231665.140849,64038.2372576
1195,46783.3961396,64770.1819478,-157766.824607,-327130.926706,-176052.005945,91708.1744076,-27217.293991,237992.568048,238104.600131,-20230.578885,30853.2177802,279217.379546
1196,-59926.7987426,43950.4041882,-136618.540531,-443622.913533,-91933.8691277,158248.267334,47584.2632307,90504.7305369,54037.2911364,-17204.0500939,-134735.437089,155139.976727
1197,97530.3238774,211470.573545,-142847.282122,-218788.044795,-75547.8426523,258923.552031,201491.674475,57715.115245,234910.530965,-138320.124236,-37252.8067947,155019.031961
1198,-53851.0108684,226112.879396,-171484.344111,-317296.626924,33487.282392,239280.059315,7958.12280623,-7905.64734021,196523.15369,-25686.3046763,-79147.1882564,27351.6601206
1199,220104.046193,60806.9950453,-289281.821535,-321027.972262,169414.886712,358566.7299,-130938.021564,100242.533314,303841.889087,71492.8170272,-148352.218028,-42506.6182844
1200,63659.2543641,162220.755156,-120708.056175,-197120.430411,148084.570454,522025.073901,181763.958069,-83345.2869934,310681.400514,241468.74692,-188.793567395,-16226.0326827
1201,159400.447563,184881.919582,-132524.88994,-160445.281256,289769.465552,391387.554043,280489.858357,-150422.553048,407619.427469,235452.265053,-26807.2186051,-195039.281205
1202,122341.296669,56820.0160405,-158045.987905,82383.2697832,197708.837138,416014.475918,96693.6406453,-101667.824204,95215.2902662,326019.087769,35858.0789391,-133825.519726
1203,94888.2246222,13957.3499934,119389.869528,-115144.226162,24718.9474139,325971.682825,69530.7439522,-314913.860504,-37462.3206763,219764.399874,57709.3595217,170535.38724
1204,259533.27992,-68407.7389376,238885.786047,-15133.1407978,121275.495317,39287.9867774,256734.627434,-294727.407365,-189258.515484,181720.510744,-40969.7028985,204268.015015
1205,-96027.0027054,-19291.7055439,122152.049729,-144703.073178,-50802.7003955,43330.1610641,182348.658521,-439603.284184,-13715.6162218,147474.173417,-228325.467869,142955.121976
1206,171304.173408,-180455.191495,-31341.689447,-121492.590205,24882.5971482,86888.2288246,17765.4333706,-314235.2709,-66767.3880385,199830.270771,-144762.602852,153285.968404
1207,207425.686683,-430379.946896,-88229.4364196,-43232.205607,91094.7477884,-41135.8266836,52992.4180538,-170041.210049,86678.70994,-19237.6206143,-127892.33922,200612.031767
1208,242492.453089,-347310.277814,-153954.121315,-5912.24846701,-20361.7575005,-90350.2142958,-45255.4861077,-176906.047716,48470.6583398,-35169.5762753,-8922.38934881,35140.75927
1209,157878.362578,-309970.317741,52762.6619493,-95889.5773267,-26653.9929423,105051.073359,25317.1820992,-267508.282308,-87422.5788271,90684.2573065,215396.391411,63963.7282112
1210,234438.599802,-149346.248052,-142868.159517,-296760.011304,-98238.1250539,28270.3175131,324848.77916,-128418.279735,-95044.6379602,-59861.6556145,105605.520792,177651.050458
1211,-21894.2298116,-127331.250156,-238909.480096,-60861.5228159,-16750.0038244,-137745.233069,91971.7048399,62562.3183764,-50266.8465553,-276473.408131,155850.770947,108595.560644
1212,-41349.5317052,-112636.284514,-227385.572477,-87695.2009491,-32820.0720679,-217463.270402,142188.087402,-68341.7493424,-75740.4068246,-361580.5849,259395.790959,190215.901021
1213,-58188.5606177,-342790.235353,-290034.117248,217552.144757,6153.2004278,-45206.9251463,143909.397736,-13936.5595406,-2919.05026855,-287530.813204,277996.222746,8935.92161216
1214,-115995.695471,-11919.0346858,-381584.682432,309695.849863,-51584.5796759,-1249.95442505,-36033.4934922,109124.063085,-38882.4453045,-237149.454633,218421.119954,233285.329295
1215,-135480.402594,-55941.3913507,-342598.836426,324811.047941,-92979.2717689,86765.4884991,-126116.851827,14379.106276,-197429.33758,-49690.4920135,221611.0352,112635.278491
1216,43090.6267417,139375.423939,-294124.715512,315024.734835,-54582.8820075,-148123.513212,-14040.6773833,148331.379839,-138309.754301,-161781.712209,95247.5184935,245617.258689
1217,158732.068904,-26082.8307421,-200638.839648,55852.288542,-33188.9271565,-57699.1474712,47862.5915578,222264.869309,-106639.438303,-225270.532652,311378.890459,19039.5472017
1218,183542.957306,-166774.121108,-68975.4640356,70360.7919281,-57932.6947152,-196276.409223,-59315.3202381,52276.3645988,-1794.00370237,-67561.3341986,95447.6317189,188054.953387
1219,123350.789686,-137477.030512,166281.109244,46859.8041995,-209867.793603,-6646.01180449,116706.646997,186633.478995,-19587.7832425,143938.978033,-64144.775535,109625.650148
1220,97500.6017673,-188343.690093,143962.665129,-118589.010385,-184335.398363,63068.8316023,142052.712346,192710.268499,-110712.732683,-109027.37876,38742.3123222,200233.51098
1221,48632.0624207,768.365378464,194215.780067,-23006.1706765,-216485.218915,37074.6075539,441010.659718,302309.873421,-243576.813075,208580.829967,109849.194711,221589.542066
1222,-98883.4036183,39103.5896085,220496.628406,291686.483062,-221583.584602,5435.12379426,326589.356326,314301.339727,-163476.713705,5566.49761489,267648.329005,75213.3232063
1223,-145520.656324,209590.992625,263876.331988,59804.3863727,-219559.794444,40603.9902714,-26006.3893135,102439.913021,-55104.2003015,21956.7325525,96286.3272453,79456.3555805
1224,-313549.273656,255890.012583,171667.442775,-188171.542851,-277966.618065,115400.429904,-45783.8921984,37592.2878684,-54861.6270202,32458.6554099,280806.985221,255469.495877
1225,-362204.64265,288406.279848,167358.373014,-36896.5679264,-360769.702626,10150.4159131,-284921.847953,-55266.8507106,-35234.0871901,-19343.4992548,65467.5829514,-15332.5473875
1226,-218328.344919,10745.5855977,186921.525626,-83197.4543853,-292416.935873,63692.4331386,-211798.286528,-99722.8831482,35436.9159763,-167183.259574,54733.5381368,96797.7457429
1227,-248952.182242,4845.39476765,36877.8115145,-20730.028601,-331243.290248,31402.6810913,-186754.712296,138851.920639,-49633.9349436,-352020.146309,-68918.631052,-3750.79299565
1228,-288706.248513,39693.5550964,-112134.651929,160800.706904,-158550.462187,-47343.8310093,-223344.410968,50673.2617314,66068.0535914,-366722.169947,-53957.8957104,-271706.220672
1229,-140369.4998,221500.257913,-83356.8472125,182156.769793,-203153.055829,-94144.6927358,25922.4437571,116896.274231,62551.2656767,-210609.646601,20202.560295,-54839.4854728
1230,-140747.621787,225462.191548,92391.5925564,33861.0965994,-104948.327257,20926.8170915,-228451.711821,-34727.1758424,21305.7150246,-355177.373,88461.9992515,-266084.445855
1231,-177685.390754,248240.868396,226545.660666,113305.078638,-185863.54562,-110235.971506,-45367.2034861,-9722.96960569,91761.894345,-222264.790278,43564.3079165,-300426.114798
1232,-175504.906318,39578.4704832,140393.493216,122159.858523,-253131.694994,-112144.414309,-270397.982168,-185575.943961,158222.695091,-288614.559896,-48779.7912135,-203417.859507
1233,-70302.104582,81888.3489703,50928.9624615,153221.291431,-5794.84790376,22385.8237366,-124677.927342,-191050.842628,41817.5651268,-178567.9157,-100645.232006,-280937.055391
1234,-21162.753208,24475.3394036,-44696.3349191,217964.648947,99398.2082144,-282789.443676,-15878.5054263,-140443.646647,-163241.285304,65677.4026407,-32819.027573,-1670.31579672
1235,35029.0212047,63221.3521613,165775.163962,-61918.3238954,41564.2481927,-105720.691191,-15287.9644504,-116615.454616,-102614.108171,155774.742515,-18627.1347378,-135724.77677
1236,36622.8455977,78017.9281448,63428.211344,-93094.5290528,81213.2890126,64232.0080258,-147782.731013,-82596.7429799,-62024.7928578,-87964.1004532,110025.484293,-222346.900305
1237,-219406.975458,41545.3369938,-13394.7334178,-64953.5356583,122449.56617,-73178.2918571,-73733.5758226,129206.523994,-7225.86545789,6645.97367846,120602.184063,-105756.393057
1238,-135954.860856,-72695.2751574,45256.1609074,-13597.0959417,204445.761491,8266.11858495,3632.19411537,-8126.69154472,-122278.578024,142157.736136,-60118.2736901,-104374.217048
1239,-23027.6751462,29538.5088031,106883.015766,-8528.36279487,202244.057919,-85750.4285218,-200033.165607,-123342.123344,-195172.959942,6600.92685693,-74107.5288627,-155014.9643
1240,-212155.988997,25745.6795289,95736.1794352,211923.959117,199616.557725,-98654.0642323,-231753.296481,-11860.9343619,-90729.2583192,83644.6442066,-204308.585823,99660.2828892
1241,-207571.374439,-171733.93979,206857.574583,246786.404358,179497.872098,33446.6016241,-239097.583256,117405.061433,-89719.6314105,40150.8437157,-137526.699678,71132.5493964
1242,-152756.454432,-268653.877886,317542.212324,193820.79013,337013.079715,-11469.3197986,-99778.0312908,-155083.172374,-207340.47669,-91014.8164628,-189526.443293,-106588.892889
1243,10969.4189552,-211902.801949,253123.702685,420031.235798,275552.136391,-141217.606333,-355698.682984,-183094.234721,-76321.2236355,-1864.12665759,-108211.125335,2673.87051623
1244,41696.995059,-39655.4003596,365041.078574,208043.766902,264015.336392,-40299.0962815,-366585.697752,43249.2741849,-180426.149471,49860.3618562,-198296.824877,39160.9368743
1245,36825.3487107,-6234.46251816,141770.039713,79576.7798087,257765.083895,-69844.3700846,-131966.030039,9836.09312294,-135732.13833,130724.761136,-325487.964434,-199802.478486
1246,73924.7206024,-21509.5906211,51073.9460205,114372.837086,203321.100322,73422.1017873,27915.1798271,20610.0488585,-84233.5939921,-63634.2786834,-303810.593541,-374335.923557
1247,218929.444928,-48791.4679658,105207.463567,47244.1783474,181239.649684,-7405.77769506,224695.049202,121007.776277,-18967.3200602,277704.438665,-227424.896584,-222040.70798
1248,203158.699247,113960.969218,-7359.65358986,9898.12933971,93846.0639188,-82733.1167823,-26971.123465,33566.9108425,-58614.8733179,136349.627286,-298214.935062,-43642.0803292
1249,61204.1694981,-21870.5400042,-189037.591033,-206064.520775,-19457.6737751,-127870.88598,-17871.3621824,-155704.022696,-74543.9564239,117224.702165,-43273.3630135,-242727.803497
1250,207420.325276,-149104.880976,-89972.8785931,-77314.5520899,-36663.9767097,-149604.361012,-77854.5027153,23764.5896078,190808.522094,295465.582483,17254.5687566,-180246.197501
1251,115589.13709,-81157.4355606,39993.073021,15832.8939579,39163.2024164,-349061.531365,217920.706344,60663.1857637,104243.838999,161677.300843,-77514.6951534,-281201.980738
1252,99967.2578131,-143522.827245,8527.14382214,31967.0252289,-3186.68558579,-159772.175327,151552.660607,186224.620034,5845.85284703,159712.325726,-111349.06141,-292017.868005
1253,78748.6158698,160204.34494,61031.2854177,-262187.475964,-28121.6386778,52229.148494,354419.826535,211718.050232,-73224.9910732,-78510.9765327,-5813.64710064,-74148.1058891
1254,822.498011522,220137.812532,-3278.03141081,94209.9264462,54652.7013444,-43566.5836455,112496.530323,125407.028769,12235.67795,146628.449311,120408.578299,-29171.8783417
1255,69839.8174008,245260.313221,18712.2630348,-59488.4637335,89581.9572074,2715.08273286,-99026.7022034,11726.8855374,140310.581558,171330.239099,161668.97823,107368.195927
1256,19062.7618565,121197.044224,44621.5281988,48267.2573809,124491.615786,-106165.960869,-50252.1780004,166980.70485,281237.488467,63472.8710035,121077.771154,73406.7851118
1257,-50052.5632178,-54055.1261288,32.8757755063,-101373.57169,72967.9597968,-114587.115182,-186952.039743,71291.5009475,222035.494414,105301.732779,137719.82288,89698.1379085
1258,-160481.694693,-46614.7226772,-64940.7568121,-158587.132033,42161.9984859,-85842.7663796,-52000.3650498,202316.501048,253080.203563,58961.7759609,183384.999228,131288.639311
1259,-18777.9930734,19249.2292793,-149805.02504,-289241.319161,-188870.378602,126757.362241,-11125.9260916,286388.525963,271765.816266,20178.0246753,29807.0927597,332481.659994
1260,-16601.8144238,73540.889981,-102929.593355,-516353.994119,-91384.7881701,143335.698582,69004.7139034,70597.6214447,125683.750293,-55865.2369989,-200007.505092,139183.080184
1261,146588.480537,235818.08838,-123288.534084,-326801.217115,-33746.4381323,290814.40532,110390.461702,-5205.1147685,196469.495422,-38072.1210176,-81717.652173,69065.1126403
1262,5567.88234106,137109.37943,-170913.827769,-229530.790761,46902.0400438,264973.092761,62937.3889421,1569.57059381,252605.942504,2652.20417892,-86818.7685113,67795.0293154
1263,184732.455843,71087.1380005,-192381.64987,-285626.737657,227947.667548,383972.436425,-173376.786475,65310.2256362,302715.39528,138260.459512,-148242.684549,49976.7212726
1264,25502.7183694,205916.332487,-159068.979732,-44013.7017965,200091.206302,435326.683525,189841.707267,-63239.1502778,314469.963622,235342.13115,-8624.650297,-94538.9617096
1265,254922.951779,194115.169734,-187123.78114,-45507.3396041,299562.867692,422292.089404,229433.958001,-81048.7968899,410898.301629,279654.349978,-42965.4152566,-190225.234369
1266,207054.024553,-5956.75133149,-98086.7977872,-5732.19555193,219658.497048,432878.313248,73107.6269652,-52350.4730617,113902.101453,357565.946396,32828.3687767,-188611.774577
1267,29588.6740363,74697.7841398,185154.210837,-60908.6951122,83811.6974556,433046.729041,7235.05883181,-282436.978095,-89915.8354145,226296.030796,26805.1473763,261714.31064
1268,348275.062406,-46604.032986,140216.694915,42129.3237681,180821.907266,154144.442137,361701.803136,-258925.941402,-110359.802039,193832.097293,-50040.9139346,169003.901943
1269,-25154.9601611,-66537.226741,79811.8208577,-143572.048934,10141.4635366,-4306.27175168,39561.7484315,-428048.759279,-44807.7125425,201627.937323,-244146.124041,189651.320295
1270,117567.626278,-282091.789894,-85762.9141985,-45189.3030762,33983.0674719,-2086.34828056,-10967.5621732,-335191.850805,-151248.419843,155657.222843,-150313.886301,144902.143651
1271,268249.769784,-439555.009657,-109861.836458,-62645.1291346,80327.4991625,9600.36719556,173608.72553,-166263.624369,169296.904018,-57923.4122454,-116892.675538,180286.161597
1272,253665.983407,-384691.706186,-69479.58087,-170805.831384,12713.3119553,-74062.9010671,-7825.11695619,-208950.300716,47235.871376,-67694.3896393,-24597.9544996,70332.3462651
1273,191247.047414,-275031.991054,10778.5004283,-171445.930304,-15561.6902658,57760.732383,113588.445793,-263884.266168,-78256.6437387,82156.2386485,190601.328099,97281.7938037
1274,147051.580736,-157026.747447,-96205.6435618,-267849.973687,-144610.409453,1072.75727854,342829.221127,-107249.584616,-50502.4304075,-156086.820609,103113.413788,174545.945334
1275,-10646.820798,-24606.3947053,-253934.72666,-105262.387562,-6582.35411431,-76304.3345502,207391.138609,-32770.448581,-62229.771581,-326172.610131,139957.747209,139937.723848
1276,-76522.0882286,-197394.200904,-304257.054846,-109792.01609,-41775.9853945,-154754.047283,229408.207093,-86801.7598691,-97197.2604066,-364373.092681,193011.134009,228713.391976
1277,-87775.2156881,-243343.694409,-375487.960303,322124.102326,-15272.9438418,-71755.6429821,180787.821957,42167.7187849,-136487.344892,-315048.086678,315303.45329,68293.305867
1278,-170636.688599,23186.145747,-410805.038395,288439.745362,-18739.4221766,12981.0545193,-13750.454019,124944.890239,-81234.1796053,-218555.366028,148823.511329,183480.260302
1279,-182953.839964,-25212.3969711,-368429.958185,316964.756797,-105730.875472,45463.1037228,-86691.9655015,-8396.37553477,-207215.572661,-66702.2789338,113436.015483,154628.340533
1280,-14720.6304877,117976.720215,-343456.788788,336343.81698,-31415.8033127,-225974.960283,-33195.926997,166093.771821,-87628.038675,-202984.560093,148909.044827,240283.782151
1281,220599.881613,-17459.752124,-133409.654193,175717.273013,-54850.1404234,-88203.3693258,32045.5260107,299476.21517,-137240.691302,-163160.824893,302325.521833,6887.72159198
1282,232091.738088,-134943.002168,-33478.2807549,21623.4023623,-97826.2149808,-236306.682911,-111795.204549,25797.7590554,31838.1650337,-71326.5305521,137111.378693,217300.398645
1283,36667.8278621,-94217.7084761,247590.670899,-54623.3723017,-228400.026553,5697.10849233,94845.1005764,199710.552974,-70594.6490703,70377.4947076,1276.62561233,114958.063862
1284,92253.8579308,-104069.833786,161983.885444,-180564.240432,-225943.832007,72784.6297223,154902.668098,280186.327549,-104908.672228,-13002.6037613,38032.6327246,191258.037858
1285,-10560.2611718,5905.39550736,176987.781082,-42181.3099938,-189541.576953,42461.4058471,410315.20802,324237.146599,-142757.904606,19301.7050848,153661.529789,188315.726114
1286,-44982.409874,42965.3920378,231551.859932,305155.493364,-277545.278888,-47496.931689,201750.302195,248405.222499,-51781.7460472,80950.4880974,305413.906731,185143.83886
1287,-205772.044073,243910.301007,236755.893702,91009.4674694,-188718.752454,3016.88075887,-96535.9958612,118036.087588,-149356.238941,52862.745636,129409.747317,60063.5858203
1288,-341430.559543,229992.769124,204394.852151,-95978.7243496,-314179.06894,40090.0355979,-81754.2652739,20606.8890414,-99458.5842138,73675.3307373,183715.756638,224379.14571
1289,-383849.675267,219393.109608,66585.7671898,-42781.7708571,-362022.778223,13512.7853886,-191131.337418,-41480.0772389,-22748.2686263,-109675.100396,47529.5273536,18622.0560915
1290,-243563.70344,25549.9474582,169570.209021,-20086.0629325,-346578.744081,14012.3828891,-154517.327825,-84188.4921541,61396.521297,-163873.046769,-20690.4221134,-90966.7562463
1291,-317686.200426,-9138.64089429,39223.320643,40997.2787308,-339550.535812,79910.6859298,-148247.862312,149131.06886,-62414.2526214,-270807.401692,-73084.1678124,-20960.8173381
1292,-234983.80194,96920.1462574,-39412.1990212,157011.359938,-150901.473794,65974.4288179,-96815.2400825,20907.4526862,6919.29682213,-363377.638004,40458.8996892,-195514.188408
1293,-105273.108051,219911.698645,-70303.2605853,167057.218951,-165632.836686,-171447.638342,-85493.173636,152537.170286,8074.69744289,-183819.398529,2675.33971322,-98633.8409244
1294,-211309.808711,285283.341608,109768.917611,-36813.9840033,-115908.584245,72536.5822725,-220420.101917,51400.9851121,81021.4147199,-361129.642465,38958.0801761,-285701.686508
1295,-96300.7312044,168428.832307,207245.984347,66968.2703884,-204841.033684,-142620.142168,-43042.8331832,-37454.9862037,42064.7403593,-292250.142309,70526.7443155,-271215.790237
1296,-177555.933871,35382.4156028,153513.047809,157110.079852,-255940.067505,-125560.164897,-163080.802986,-187641.484348,144462.991713,-255515.549495,-47435.3291775,-230611.507855
1297,-34369.0910667,19553.3639741,27143.7709757,144632.417218,31647.5770888,-39783.0344759,-125071.942195,-217102.616936,14111.6266162,-182521.53646,-100474.577948,-319641.692244
1298,-72029.7985494,-7680.86113646,-34393.0015014,184026.586138,144302.871334,-213876.608463,4767.72369851,-179354.009665,-146123.965972,65813.3427869,-98532.7161011,-33929.997546
1299,80509.6941955,40769.6669297,225151.32909,-8661.40409563,82202.1372266,-73654.574991,-28602.8738756,-32488.7747425,-90163.3119181,118792.567456,79163.7985868,-181717.504602
1300,9370.825193,53343.6691459,18176.1815801,-17166.5559795,104267.039849,50502.2718242,-53291.5851002,-3809.77038576,-114481.405932,-126609.116719,95161.5479519,-241812.513082
1301,-308455.110821,123700.20881,32156.6464188,-64076.1411287,99538.5508091,-98027.0290032,50732.6986401,158497.995386,-21649.0757554,90735.8616341,10441.6121978,-150976.370232
1302,-146373.49444,1936.13250047,104348.461097,-53812.3210041,198029.56706,87855.2222936,-48699.936765,-46075.3339571,-165127.220337,92620.6655073,-65354.2906618,-103943.077497
1303,-56516.5723657,3567.37478855,-2069.97291624,189329.295753,204867.738881,-99219.7015295,-145330.788595,-95748.4801067,-194334.480342,-6008.2740561,-65560.6642462,-61540.5997234
1304,-252270.877527,-73100.1322383,95709.9355408,233087.293642,207771.639988,-36419.5898876,-198797.153294,-25331.9448521,-68041.7445586,64952.8286477,-202386.515535,32835.7340387
1305,-130454.130057,-155962.487894,139027.140236,152176.381022,242907.046686,48944.2721565,-158160.618005,56220.7698102,-160006.489758,-604.978576023,-183481.934526,94664.0579623
1306,-124511.67741,-66495.8559298,356287.439462,149596.550072,297156.219352,-78240.2312456,-198369.94385,-143373.259936,-117850.110193,-89531.9449243,-146093.251946,-83992.4104234
1307,-80511.9345546,-181441.639553,265468.994093,373563.28242,285316.357012,-179484.360658,-366930.030438,-127967.242896,-142611.448198,-3605.53404596,-131334.462837,-48158.7898994
1308,20020.5863657,-108702.669159,323894.85353,284656.523148,270398.49198,-81778.91128,-348365.636445,-20805.7748945,-105005.921962,119967.552179,-325513.574765,-52976.1900969
1309,52820.7745601,24460.2878876,76017.3503935,128490.579155,248149.276787,-20324.0962607,-14973.7236192,-7972.56829321,-196788.667566,184815.615748,-409802.811755,-237516.295658
1310,26273.8278803,-82028.150905,30595.6281097,144419.085085,187850.232814,45292.6386691,58034.5862066,92460.588677,-78626.243619,-43235.2747311,-288142.737769,-351255.76178
1311,175295.888833,61800.5059728,77875.5023823,23031.9169402,144314.480601,-109141.194218,236134.516471,41094.1398525,-53611.5177182,245823.374107,-307943.377144,-282630.986165
1312,156297.554513,69460.3996885,-33764.5442227,-37320.9987074,111322.347824,-131399.840284,16451.9509726,-14583.8793071,4614.94776716,204016.387347,-258827.280821,-154520.271811
1313,138770.729579,-87392.9054711,-175927.909681,-172938.282477,17080.5925228,-154255.294923,33968.9646732,-195944.583985,-99702.0987624,176551.464573,-37494.4042177,-211043.191588
1314,186797.55694,-113808.702209,-12233.0878357,-45266.5819395,14570.9226273,-171726.236551,50809.8447749,55342.9751759,109604.310704,333641.90171,-12557.8070886,-308340.235737
1315,137073.186549,-79010.7882606,-7269.97433938,-67485.9038376,31650.3345615,-229280.661164,120356.318609,71519.3445318,132481.04506,191746.969067,-65962.1481565,-298815.883353
1316,96192.4182068,-30032.1310391,45242.3105417,-43206.8063816,23735.3466869,-84502.0010589,174518.856902,211509.507047,107974.736235,93759.0776712,-188088.149782,-239097.231568
1317,-59765.0527718,245563.435238,10844.8759981,-220758.733169,-60800.6997756,26731.1875816,384825.463823,192166.947653,-19348.8053545,14800.6878019,13880.4091127,1226.09182421
1318,-126624.122027,309004.454699,-9907.42169754,7573.9376107,61783.5914874,-94551.6862705,71900.4864861,27236.5927169,-11388.5110291,133601.214776,88572.7308688,36755.7648619
1319,94841.5694862,257614.004776,5429.90936133,-194726.13469,103521.686198,-156658.488426,-40192.9685848,151067.957959,116381.754383,88968.0369723,192599.426627,100616.146919
1320,47350.2833988,111844.841808,18426.6541323,-16697.8022559,63064.6502134,-221046.804113,-182735.417198,210187.048681,323363.211915,155306.052508,32518.1007443,55731.3312068
1321,-94094.4112771,-23719.63013,52684.7114319,-94614.255587,51277.5333622,-60162.2020569,-154860.861772,14554.2898723,302816.586366,94557.216294,117037.663801,45781.8805185
1322,-122387.687948,-18293.6720873,-111714.393317,-49661.3383416,28890.8021296,-26597.417273,-114378.868074,191634.081552,301601.412176,31987.1331394,86493.7997111,175720.74162
1323,-7362.19114617,-38150.9881864,-92493.0749397,-319745.189315,-119609.998615,181898.558656,48121.9984127,251166.803971,332938.408526,-36279.2350857,1381.77045406,291714.500744
1324,21120.3344433,101825.61043,-110555.104371,-506041.430636,-93831.6791444,189422.969083,56539.1937468,75387.1700826,197999.618967,-14735.6046721,-276504.287836,73453.4112232
1325,107602.053304,163187.382126,-99165.0587622,-252266.184264,26105.5864231,204946.52497,156580.530747,12986.6511435,242529.824166,4259.74455839,1216.68091916,161446.903653
1326,3571.98342345,147163.321144,-93369.4252927,-106703.803612,95738.0534541,308368.496889,35819.2708551,54987.6386681,256704.275299,44723.3222847,-159938.439027,-22018.9220339
1327,306792.275787,34691.7213999,-135283.730416,-255032.992859,170434.27145,416834.766077,27349.2572326,28284.0282849,255354.790178,107274.869468,-132821.027411,36767.4962931
1328,5398.23634742,188828.366958,-204228.448158,-95303.6466319,232052.741491,351652.486001,153517.336735,1022.87145477,293883.630272,270102.175807,53527.7559216,-104776.557383
1329,251144.965365,119517.663098,-202567.1739,-43823.4380733,254125.444836,324427.53365,165256.600428,-112571.559877,312492.261534,216628.452377,-92779.1630255,-165088.573285
1330,122249.392254,15813.0748695,-1139.28381741,-49406.7145477,99609.0102641,487309.661433,21749.3184309,-95279.8808472,18115.6354905,343378.2518,71424.4775793,-160930.326309
1331,118873.210403,121158.158964,147509.58998,-107363.911383,118572.825399,303499.513172,28655.2010998,-306164.541086,-118693.429901,154715.798939,28922.6015971,186967.77801
1332,229403.712941,-26404.7819205,208430.79187,100042.441718,122106.465515,108310.614753,171372.447942,-422292.672046,-29924.1568778,303844.75123,-59457.0533041,167975.057776
1333,106355.000271,-87008.737449,90794.3450462,-74482.8382083,10544.4290071,-16844.653881,-2193.27066445,-397867.901457,-65000.6723686,195245.044061,-144385.34958,301540.241449
1334,15168.3829622,-352824.447209,-74482.2200531,-17572.6051904,103865.210038,-26777.417434,5555.00937119,-258561.979348,-119090.224199,117250.146484,-57075.1455748,166402.542324
1335,261909.051264,-465246.19631,-51475.6988086,-162862.482602,39763.8508432,-32559.0845094,157460.591328,-171974.036955,177859.206853,-86664.2096618,-90342.9221859,244159.559654
1336,287922.559442,-423757.419306,-98166.1556296,-135035.039858,32961.4830836,-121536.696365,110722.816967,-188344.303888,-21383.8886887,-79474.3030708,16034.3069132,70527.1776775
1337,160819.765941,-203662.071026,-4270.80333568,-170573.047766,-32038.6233173,15155.4325086,78681.6462077,-276506.274017,-643.106362535,48586.6402562,169674.177335,51869.1124182
1338,142340.227734,-149835.829274,-94537.0581974,-227429.111217,-77127.0115327,-82348.7137817,362315.67998,-96669.1498217,-93790.0329468,-203905.270942,81218.3626211,252595.313362
1339,56894.9708563,-81369.4534334,-237741.468947,-157172.393548,-113502.789571,-85572.9085195,188652.04133,-54390.9951686,-37327.8913852,-384091.536021,265220.14993,110943.890066
1340,-93900.9156923,-199249.019856,-244439.160845,10029.5056518,12104.762227,-90620.5733556,332678.017106,-146305.964297,-56747.8190435,-388344.025957,205525.495415,181478.328454
1341,-88281.7574992,-194330.0935,-400661.394995,357478.626632,-24472.3392266,-146323.179573,106098.344333,105614.357867,-16532.94886,-259269.144605,259053.448206,142836.05867
1342,-242809.017149,-68706.7839076,-504601.57671,427372.333188,-72641.9149824,-2011.33487516,-109778.773663,162222.395884,-140486.46761,-141701.809547,186979.970707,226510.812887
1343,-167460.310637,-12645.3074801,-230594.324314,418846.324987,-60882.7589173,20822.1746254,28742.6531151,-49291.705225,-136642.227012,-90466.7836132,138753.335571,104905.545458
1344,16662.8939504,61866.3288275,-277090.894084,307165.613636,-35727.9463835,-152897.538829,-46776.1484623,107438.995699,-93704.2823972,-186559.82708,271219.265534,203557.561557
1345,243594.932627,-33354.6810351,-143757.915489,153571.662356,-67288.3246962,-129753.769812,62720.0393328,245144.218659,-87845.0149778,-155230.083017,362545.383722,-44702.6079903
1346,236895.581771,-157117.29969,26897.9340382,-12910.9742987,-19561.740405,-158409.915325,-214743.623056,71558.6533255,50151.3814486,-18885.9662712,109724.919961,198006.981571
1347,1935.14871734,-121365.068414,186441.782434,-16643.1603311,-238368.276206,47799.7266822,103395.618535,226639.097963,-66981.9770212,70524.9577859,-29693.7651001,163451.21134
1348,154073.717068,-91298.597125,216606.237851,-43606.0608028,-211990.185186,4614.87021717,168425.601745,255957.109166,-132812.287444,-81577.5144808,114145.692088,158663.16478
1349,-63460.6913405,-62190.2596807,137138.394283,11552.4133468,-178626.378522,116386.09281,361607.055277,155359.996434,-97088.7298346,47358.8731953,131496.952168,152684.14252
1350,-61874.2825698,96195.3545568,307970.137565,287046.189313,-255492.639982,-33148.6046007,264277.344143,208014.864291,-45444.4980079,20694.6080734,287508.211188,82349.9234638
1351,-294316.913934,167358.594698,296484.162385,91778.86587,-194339.295078,6606.4230218,-117372.610165,4862.39128396,-207425.623201,71503.9580173,133353.447364,142613.113347
1352,-297882.349301,247989.276334,174101.402453,-89157.1738773,-297782.987929,34780.1472121,-117613.777958,64098.3723117,-57511.4299787,47971.843938,224974.071171,122100.996289
1353,-410456.542279,218965.810376,120763.227816,-91639.2021813,-335141.015442,-35193.6192614,-193578.633896,-77173.0666439,-47027.6434422,-91160.0434298,88223.356706,83888.7470295
1354,-218721.266911,15943.2436475,183220.950118,50886.7592437,-397786.449683,-1197.70366299,-148050.656155,-26862.0931488,16928.7623871,-183872.933699,-9416.73711196,-50717.6073737
1355,-301042.587659,25124.0448823,-31940.2659608,118468.439403,-313815.580348,103529.566651,-230732.08372,97236.8463862,-115267.298466,-207847.301341,-95712.9506918,-119790.551127
1356,-192547.950123,177085.114685,-2714.254595,227065.381614,-198657.785665,44895.1364444,-110311.712453,-39168.3510007,-123.372185945,-406458.777132,103345.557192,-207480.917136
1357,-61464.344911,169755.683014,-23335.2602227,55954.1179881,-214265.69017,-166863.100856,-170845.835673,140292.431162,54882.3444844,-203916.491769,-36832.9787818,-92383.0479453
1358,-197981.856964,396509.85304,79772.1796644,-62290.07652,-141254.086371,-50809.4886542,-227050.955167,-30249.1347864,53402.3039892,-377657.049533,65362.1774166,-305048.715372
1359,-86018.633883,182887.398246,188109.397942,173721.619967,-264559.901004,-88369.2792709,6202.24891958,-62896.6447375,49825.182989,-367481.412163,29462.0267074,-338030.105159
1360,-183291.964373,-12451.3669509,180138.046629,143418.142742,-178456.866689,-45326.3264658,-153740.580487,-207135.572916,130551.791078,-245921.047324,-77528.5046251,-289271.065398
1361,-21663.1464038,87255.6835108,60730.2655321,197129.854685,62655.8426777,-77147.1631851,-172845.034806,-213981.693237,50593.8377433,-76204.9323549,-124633.396862,-272630.548203
1362,-92087.3102473,50167.992299,-31754.1232315,31824.9125355,114076.001991,-151855.599588,58890.0489593,-161974.025192,-193915.511572,21034.7955776,-95051.3496316,91948.1047765
1363,99907.216863,10635.6678845,260276.654208,-18461.8919403,72490.2156211,-56285.2325601,-76270.6354706,-95014.951088,-41147.1148219,89143.7945987,38579.2698388,-157287.80437
1364,1282.00612389,-32378.2907128,-52004.6372776,8811.99649327,119185.72754,26170.8871171,-110720.082513,-33505.8528546,-240822.0835,-152248.530244,149911.225979,-189873.683493
1365,-165461.897448,53408.4448116,6834.03471154,-81729.8874828,136160.217723,-147824.002258,79722.0120582,93708.284306,17704.1812314,75474.3205595,64143.2870621,-186528.29729
1366,-103927.684297,27192.2531058,80721.8299142,60293.525707,144423.659363,35301.4247816,-88023.0747784,5826.86334208,-109077.230743,150079.552283,-52428.1393026,1141.07999499
1367,12847.9566342,-7255.74782653,16478.2629966,154178.120869,131499.15833,-134142.782152,-79151.8900415,-87085.2488784,-185533.268192,-103286.987056,-128727.871338,59413.1162325
1368,-262996.671869,-38360.1389689,59423.2839941,177708.469248,217878.093529,-93631.6128015,-218304.030747,-20075.7384196,-52363.6739749,-32271.5224036,-144465.651844,18946.0076518
1369,-137586.711259,-91603.2418223,150981.477794,131438.570047,254637.14628,12429.8353061,-73256.8276185,-14860.9914395,-150573.424472,52486.855385,-98432.8605115,51163.9838187
1370,-55766.0748525,-152927.134553,267390.767201,96622.8667133,316381.883953,-89812.0827306,-252485.479948,-246758.712152,-181128.381805,-93787.9335426,-106150.32316,-33418.5103156
1371,-82986.4897049,-206842.85915,326468.007429,319374.497066,249528.303772,-112456.469214,-288265.404631,-111482.873501,-189557.508295,115981.678856,-73697.6057998,-125060.735045
1372,62214.4103595,-46527.1443822,349768.467356,270535.311935,252632.583251,-47467.2773218,-258856.915063,-26999.513611,24158.447525,112805.287383,-402604.258955,38200.8277625
1373,98316.1590939,-5238.48903205,-7052.78725,83933.3121495,204252.116042,16557.1109394,-5634.27796423,-21208.6445071,-211745.825418,151185.832115,-338882.795788,-197928.33603
1374,61419.1222055,-40839.6801929,121129.221411,18003.3221908,213496.382667,73345.4111526,53801.1539098,5654.58138803,-20850.5915768,-25281.4981918,-275647.672205,-325970.136723
1375,197259.936356,125413.661267,-5347.372222,-49322.3374003,178618.248805,-82801.1932859,180240.364337,81843.5347672,-109080.849711,305752.114263,-377242.448777,-240355.176778
1376,269631.757887,58642.0376224,-66722.4375448,-183557.315102,66085.4196164,-110793.237841,85607.1625462,-33328.2666122,-7446.32322736,296462.073439,-264717.616316,-176367.628566
1377,71257.9789609,-17998.4998101,-163177.640475,-44872.1151311,10884.5367961,-134179.348948,42647.745169,-238628.444112,-19528.7306859,266449.319637,-65449.787479,-254699.367692
1378,231941.586648,-101921.856541,-7843.0098126,-14085.2404892,-7285.57047368,-162863.947723,104655.050777,153759.068336,108670.794204,239010.6322,-115345.100465,-259384.958581
1379,187379.10147,-78912.90309,-15543.4476698,-127222.774265,54620.6258308,-204766.536574,145189.913277,129134.093785,146736.690959,207224.364957,-85198.6705654,-301441.743646
1380,-11343.2832422,-38514.822102,66944.9299549,-46225.3011375,24729.251537,-133955.122278,236059.186747,54461.6488565,74642.0292816,117688.175988,-163181.805257,-171287.467372
1381,-82441.4712286,127398.994605,50671.8195299,-187478.780823,-49176.5419282,62678.5422391,224962.096995,101922.231551,-41096.0217871,58467.757016,92409.8082255,-90157.2752387
1382,-104361.942935,315537.780376,-96769.4753289,-17465.9359693,94953.3420487,-107792.880641,90851.7104529,93059.5994101,65359.0599463,109371.67596,5154.63960672,45954.1794618
1383,130395.045478,184935.417498,-5395.9537506,-146978.619619,63056.9664329,-148040.630563,-78067.1612665,174219.050085,106862.717035,143162.793173,158321.445315,26566.9966064
1384,-4171.47448801,34805.2810326,94387.4246256,25133.9684718,86373.8809762,-206779.92149,-83265.3582365,224513.561189,258691.372358,159679.119794,90365.9922321,117097.336951
1385,-94339.850721,-57073.4028934,21291.035124,-83167.1399438,28035.2937261,-81482.6636614,-89860.355942,104898.752255,293886.119903,97139.3601091,182226.421415,72080.4729221
1386,-158689.304841,17067.8895044,-158843.071973,-69647.2695256,-8187.1697098,-18951.3919814,-60834.9585275,176814.257449,317552.616792,39555.9113657,92522.8353406,190152.925557
1387,-49603.8701153,-32222.1215695,-113663.532019,-330003.421453,-142455.108427,152816.895259,106443.544345,295996.57344,223269.383603,-36937.4789848,-57083.0870725,249833.003181
1388,41340.545067,83243.2006247,-129186.084292,-432430.294952,-163935.592319,159460.407337,174992.097481,9416.48794626,205804.967266,-106387.276921,-179775.330495,127656.422162
1389,49691.2080904,170085.629039,-20878.6115702,-297026.340777,13757.1282086,196656.902969,124332.509372,-6605.01081097,200918.843414,-25148.6823997,-431.739345458,55608.275783
1390,16169.6679097,67566.5868478,-205058.893112,-153841.596122,61505.5201107,341703.381713,82688.4818939,42023.0150806,276424.718992,59923.3702984,-187913.761356,26036.8753652
1391,240016.158742,210777.757252,-112954.829378,-169056.607505,121346.232297,374751.338206,-117089.277609,28310.908562,272402.942907,143121.515641,-127433.656329,57832.9762849
1392,6325.67526798,217132.826673,-239195.272709,-21766.3792572,213993.416833,412131.178988,152377.933232,-26202.7328203,254177.879674,218570.234136,93237.5541867,-35628.7760499
1393,302413.780197,108343.108965,-270766.087756,-29490.8237656,280433.164817,308472.210903,49570.8979898,12190.0722341,347797.323327,247754.718254,-73103.7727506,-170975.705954
1394,233837.465339,-46908.9040097,-67392.867915,-26641.3790749,132267.889911,440029.372593,-14566.2637063,-168521.095148,16020.2394901,329997.561383,18338.7780188,-66828.3208446
1395,146811.782254,186981.475585,116800.292542,-88170.7879768,156145.610618,303518.87241,97030.9255314,-211324.431874,-92200.4993931,117925.577112,75940.2933765,183524.770736
1396,188720.921887,-89978.0665811,204604.843703,-57484.5272524,91480.6588924,90960.0837553,204414.781092,-375882.260592,-21523.4925581,264834.91115,-172693.751989,109822.052028
1397,141620.165841,-180113.080269,-12281.2854101,-153315.813766,53031.7262353,8289.51538527,-36037.6459324,-412764.364047,-110116.339351,164695.479306,-113263.035539,308545.701364
1398,87076.0156042,-385258.827941,-87127.7841194,-23899.5297692,155268.417629,-43877.321216,76179.7276874,-261697.074448,-17351.5249566,135354.076691,-121918.926115,173286.955967
1399,234705.861537,-418450.005238,-100547.380518,-161963.943628,58939.0645895,-105210.764665,92928.5276308,-276593.475646,163722.354853,-132514.314936,-34140.2088486,238441.244748
1400,303747.818046,-345965.19673,-4924.14809148,-160670.229105,60546.0669527,-156159.413038,136842.467821,-202567.355527,7125.46988982,-61526.7724703,-30285.5283579,163491.129561
1401,237235.300032,-138002.207474,-79044.4500888,-146540.423702,-61999.0673183,72383.6539888,171569.910623,-350760.570877,-22052.2485307,28265.8577466,212851.056354,101633.875653
1402,137539.572258,-156966.410736,-102689.198335,-154671.434873,-91075.8777328,-93538.1001174,153103.288184,-43270.0186882,-88953.0197888,-216896.532827,78287.6500982,184819.586265
1403,-39410.4926066,-77261.0271734,-290868.176331,-180433.440135,-123356.878046,-117254.9305,213602.475448,-126458.518033,-36584.07878,-295394.185058,231372.000655,175792.599692
1404,-21127.134749,-135826.355769,-272271.003916,-7798.6584949,3803.29350022,-198961.028283,230994.537229,-50912.223815,-55960.6730013,-450297.370173,165665.671215,110872.37683
1405,-40015.9992145,-259321.64441,-367795.600605,418028.262255,-81479.7578384,-185143.200631,61852.3296458,99325.074088,22470.4271414,-176006.895694,223421.737542,66741.9696892
1406,-201928.059369,-45890.2488095,-467263.524791,431345.257877,-62567.6140429,44042.3400683,-38449.8563619,177781.762492,-70368.62749,-176804.375366,210323.114504,150956.526068
1407,-187366.065336,-25580.0617912,-329840.073249,433788.354587,-82468.3939437,-95101.9101326,52508.1935496,-7673.12065439,-80402.1477932,-111208.955337,124727.675538,100734.632283
1408,-3937.40427065,112838.651335,-227182.425139,211667.331311,-58650.54972,-136496.813039,-48899.4716595,151442.894794,-117134.408156,-121775.239379,260722.39455,231589.022055
1409,250829.611354,-101531.117614,-46792.6198176,221114.851345,-34758.3962198,-113187.86244,157777.804946,228546.599135,-90833.8233351,-67957.9740331,286009.450594,-26242.4833769
1410,221166.28621,-233220.415477,41833.8342643,-55407.1791253,-42852.2704289,-58354.84639,-151439.920579,151998.448405,-5149.31329956,18272.9857127,166377.936039,188564.173626
1411,-13504.8817901,-90563.353541,131281.898269,-55438.2129289,-181892.437242,51496.175093,123599.385977,203078.894623,-169945.00582,39512.8100753,-60413.9155409,155687.4511
1412,91753.2355922,-75727.949074,199892.993553,-134318.446195,-162183.512876,74274.5291389,176195.875708,248535.204828,-55770.0214587,-24257.4175572,113146.03972,265185.112529
1413,-97430.6654443,-46773.5161373,150146.371942,122724.525502,-169029.860975,130761.112282,198103.289708,117064.978946,-89437.4305855,31013.6184231,136670.706862,116514.699365
1414,-15606.6083117,18223.4467116,315158.831038,246360.846657,-213426.213922,1974.92382847,161373.590758,208296.791933,-79881.1295423,22844.262045,258949.089092,117692.409537
1415,-235838.471617,113367.794785,265112.806006,42036.4052334,-166545.758905,105996.425709,-73897.4401702,-17679.8831432,-258929.195725,77269.9242162,221440.263001,152516.57315
1416,-373548.196834,247982.821281,237375.415101,-66580.7068145,-294531.61048,32717.3677631,-128713.455021,50989.0965913,48561.6953697,2613.54031196,228103.81678,51559.7634538
1417,-417570.190527,323428.151599,129387.673023,-144901.328519,-390891.134528,30115.1602885,-154041.502385,-121032.784176,-38822.0591824,-183154.210096,154945.733617,45342.4416267
1418,-295582.340759,-15169.6498584,84921.7630751,29349.5959345,-393831.025169,9416.23504868,-140727.666609,-8958.24137023,-19559.5663388,-279780.682207,-42936.1356153,-70757.1964836
1419,-312519.070872,-31447.4466863,-92758.1222681,122304.541343,-252765.761075,75918.3362813,-122455.57419,50506.5153557,-56702.940681,-253890.604887,-143575.312024,-157314.530241
1420,-249469.60137,134369.175317,-101931.175698,299461.014144,-193665.49279,60785.4550655,-212864.099697,-54526.9765029,-18193.827406,-349519.637594,112606.212847,-216348.215591
1421,-99273.0089947,163919.317896,-46261.9962172,95235.4321126,-162400.058532,-110160.437083,-229513.538877,8267.70564466,85635.7185343,-259641.618961,28945.3284304,-9861.29903793
1422,-236219.938694,216653.557318,133314.739367,-99879.7182348,-120367.783208,-77976.3888102,-220632.07587,-21688.7095084,-30456.4960458,-357419.279041,-20685.5662422,-205891.346738
1423,-37200.946515,89365.171043,166923.887967,207234.560937,-275221.695275,-115851.765516,-76833.9259285,-68403.0909176,64693.264206,-244784.097867,76893.9285558,-329954.911908
1424,-174141.099304,34858.468474,101374.64014,147886.681764,-216137.370749,-67706.2032867,-70144.4093864,-188075.374085,153128.853504,-227224.247935,-20938.724349,-247181.866991
1425,7355.03961609,109864.074373,13050.855452,124505.154538,9830.1743945,-101797.141891,-125827.99299,-138165.839971,97889.3016776,-129626.203113,-116197.486588,-188279.642785
1426,-89949.3646302,100495.126783,-23050.0165205,16774.8761063,137534.575254,-157068.977602,135607.072988,-128587.427112,-58416.5335461,35856.9255033,-108977.159606,15301.2693988
1427,4799.05073153,-13034.7578774,274079.510435,-29867.3361924,48558.9185499,-33412.0027327,-15676.1873923,30077.9035177,-126950.124849,66935.9001331,13949.8725039,-99997.877492
1428,35084.4928651,-85950.7345786,-72174.0458215,37337.5704451,28602.8239006,42355.578201,-124585.301374,-18578.691202,-276961.358462,6548.78133005,154905.438557,-224286.1544
1429,-163304.468112,56152.8878416,42386.4659586,-156402.971404,197890.061875,-196444.46609,103864.87394,72947.9281501,64503.1000313,61941.4555992,89944.8488834,-215505.521166
1430,-40814.6895069,14273.7177199,90186.9031209,75181.8695291,185148.241339,47883.1682187,-206153.964172,-64358.1388331,-154275.985731,167647.060031,-75501.1522648,-28453.761266
1431,-1662.57260575,54890.8687998,-53995.6398999,89326.1865775,152325.764676,-90369.2147302,-126505.065656,-69505.322113,-160457.004458,-18784.7289609,-97084.4177781,-4396.26920463
1432,-248598.326008,-166666.864361,134239.985356,103272.137283,236753.320277,-14722.5276862,-267672.677764,49402.0226115,-99564.7744753,26114.1492301,-160100.206042,52620.3936913
1433,-230389.699208,-50270.30666,94697.3426686,97014.535187,281534.211158,-37314.3072399,-93697.8614937,-84598.9162711,-165215.935097,-59121.9845179,-155416.98814,-4748.06255728
1434,1818.85738902,-46905.7576057,359799.914981,80243.4549662,315728.422842,-128108.468502,-268018.570165,-237145.903798,-173794.531577,-7477.35788987,-60727.452871,-93579.3017197
1435,7397.87417093,-203571.410062,260563.117749,341652.75699,295722.61875,-52840.7580276,-319608.779638,-146332.49908,-91693.9979249,164055.241948,-79489.2424283,-27210.5718593
1436,64152.9951043,-75968.1399196,319588.497637,277024.466178,324420.270177,-34324.8784786,-164489.703244,72994.2996024,-5491.89043163,187179.591665,-362746.011575,-3381.92126807
1437,76538.9602484,-53343.4030465,50233.8610597,60701.2880136,169980.231447,-25344.7944251,37958.7974807,-79880.2571532,-175245.066798,153106.93689,-312799.753293,-150757.947183
1438,19929.604166,56538.4898658,139456.312256,71249.9291612,215913.017146,63364.8205662,163665.63827,-39842.4667344,-85476.3838155,29017.6650861,-239537.318502,-257245.004687
1439,196715.432912,101324.757504,-82091.8874207,4663.96151683,169039.122675,-22414.613225,172061.484502,144216.59289,-90877.7379455,278415.196253,-295524.325059,-121334.820105
1440,272526.405131,43649.2502338,-84060.8862754,-113902.556445,96502.4027554,-93011.1592611,67096.3822187,35975.4158677,-48981.861757,267265.347495,-321710.194634,-149716.32017
1441,113364.525371,79030.4276246,-260788.749024,-54262.3525072,-4477.10157774,-123573.917369,-23118.5203787,-323979.253987,42173.7155211,185451.234596,-59381.700383,-329045.116966
1442,199521.767344,-94629.5743932,-3986.46601229,5204.35417304,-16706.5819359,-146575.109837,39455.6342342,186609.148962,148605.86239,258058.142345,-143215.016583,-214102.375793
1443,138318.824234,-123019.643724,2650.43544224,-151295.011275,118600.720125,-196530.957691,232495.512313,242119.209028,90844.4902337,208811.422046,-90243.50885,-326562.679764
1444,21199.3229604,18037.7364498,32006.4773837,-95315.7732842,-33948.7329851,-90362.8578412,155551.564452,94093.8043078,3584.78908846,16006.4645262,-130407.680946,-170895.433047
1445,-21855.1611248,38243.6570574,66723.4594364,-144142.392511,-12925.6753959,28150.3184313,181696.069339,130471.799499,15660.9310377,89443.8481071,155675.781452,-113210.858579
1446,13956.4398394,219726.829858,-76739.6747421,-38905.6610519,77507.69797,-109878.951906,68179.9565492,99493.552447,52001.2898228,206340.529946,-39323.6041536,37545.6746122
1447,130583.341122,252962.741606,17801.5354102,-194866.26892,-44302.6184498,-143933.260849,-86370.3076423,181324.839318,150558.267815,180689.833222,215960.195135,51826.2644852
1448,51673.6525146,117180.615904,147807.57074,14149.0475092,-7153.54508413,-219132.15311,-76386.976492,234161.748056,284845.344631,105923.074584,94633.2835058,47508.969122
1449,-60264.0692588,-69030.3425475,-88267.2753967,-65458.2397174,-27278.8009929,-167769.448332,-58717.4565744,137475.029042,321571.179841,144061.988407,270045.164722,115693.993869
1450,-81342.2083103,-31031.0435725,-184081.067404,-202485.538078,-46968.8604435,-2605.41428805,49429.2554205,165407.291287,291312.815647,29046.4013354,121554.284052,250248.199852
1451,10104.5096485,-30110.148154,-131766.840228,-354641.271209,-137007.866103,176017.875067,-7149.07256662,271166.206396,209767.293848,41849.4052631,18419.6836989,155462.894568
1452,12064.9098159,121163.023378,-107614.003925,-376349.984002,-209938.955589,259330.533728,143149.39457,-49908.8594181,188025.067992,-79324.2420885,-185100.322946,128313.237423
1453,20341.9482188,170430.079326,-45832.848346,-244347.355812,-3235.46299649,58925.7775193,131842.31259,-7699.1409464,202159.422974,20556.8015298,-59283.2997059,37368.6359149
1454,84413.1143904,70878.6759997,-149864.443866,-245464.121219,159807.946148,240867.209188,-56904.0528135,28827.2782454,235070.834779,167552.272104,-228013.777703,12166.6097521
1455,194377.918867,241161.81248,-37205.1879965,-169647.489044,123676.229671,381568.767667,-108862.613995,18547.8532818,199814.435229,151962.522179,-94716.2398974,45865.4835915
1456,19837.9373089,217220.175046,-125277.507217,-81003.6101054,231010.429014,382229.197109,135143.174342,-64462.7981168,245615.432273,230410.616081,37435.4248607,-74309.2952686
1457,271342.089813,72563.5830228,-204116.286044,-2703.27566965,254810.283699,355412.510821,75817.005845,-60298.7617819,251115.408988,143278.450909,-106148.785771,-175511.480883
1458,115441.378425,-29368.0374206,-19151.3594092,-98460.4305863,66305.8925186,382359.00325,-24498.3710459,-191634.476057,-67543.8733016,323483.520081,74355.8846943,24517.6418012
1459,152432.982525,89783.8465733,106719.48431,-41201.5969527,163050.923339,162991.431359,55262.8011822,-289155.740989,-156511.891389,185382.386016,73538.8742965,218080.21023
1460,122943.755407,-50343.500863,166345.393186,-3522.12385086,6908.4797776,90248.8780167,217726.267931,-371541.513755,-20887.9224128,147178.976404,-102850.228954,230798.087319
1461,121530.414004,-201780.330325,-27773.6859942,-163632.656604,-12415.4213205,90931.9384729,117550.873767,-455063.72093,-47597.3820373,130702.504652,-103608.463392,302353.782094
1462,220182.520677,-395339.045101,-125167.78035,-200616.144305,97621.1473652,-105664.234539,100417.016159,-325670.791184,-18392.3775434,80313.5525051,-80707.4746109,237532.854111
1463,173081.098762,-486861.561516,-50798.626232,-189208.28503,50546.9228181,-154231.836513,19791.1054883,-215757.388491,256467.007348,-87642.0323267,-89639.1329586,106972.120759
1464,354722.701242,-284127.637069,3212.68864086,-42224.9369875,97244.1265126,-174434.659291,53676.4604612,-237955.033457,10864.929876,-392.122809886,50656.8714649,139696.114968
1465,291836.105302,-143216.760745,-35814.7374382,-188395.215765,-5752.2221535,99562.5851238,139245.788382,-303887.57265,-49704.4668154,113857.559743,137241.242406,18196.3873552
1466,130620.534589,-107544.559682,-185554.216211,-137298.97979,-150882.562336,-109986.860437,100021.171479,-16315.4999989,-59348.9586518,-171394.397293,39820.4390706,147921.753166
1467,-19389.5710483,-145003.352756,-232391.474244,-162724.238366,-93864.8499345,-170386.155863,197743.280348,-115759.100584,39046.4951456,-342777.373727,280210.906372,182504.155525
1468,-14794.179621,-213977.553484,-297898.417858,65988.9772718,7098.25597925,-140337.381414,299274.870533,-44669.5500856,-42822.3072512,-436431.986281,133838.471253,154168.974937
1469,23202.2502635,-211480.102735,-385698.600633,350526.358495,-84018.7088331,-106935.921304,-19645.4791768,123975.790666,16946.9878875,-209705.918069,167101.734721,95887.7798782
1470,-249233.803763,19107.0320647,-449292.452593,390445.990071,-78318.1740962,64002.1395083,-56768.4111185,188704.819514,-133248.145471,-167353.965999,220531.73609,128239.178485
1471,-140175.575182,26114.1217663,-348050.249969,332545.271098,-58037.2089546,-127485.331076,54391.8025359,-25541.7860662,-103439.899149,-247841.531261,154723.630454,89576.4019287
1472,14414.170285,150634.867103,-143256.634629,229775.324454,-53161.4329078,-133865.758785,-55304.0585295,201271.187117,-66903.3934179,-182863.167796,261043.137857,139632.251162
1473,224843.696094,-26240.7380301,1957.28438448,131733.810741,-2241.23153043,-66621.8672751,60827.0746538,177318.790501,-100826.07236,-84099.2458376,219559.740402,31982.3467794
1474,197279.245208,-200047.251953,-59499.1700751,36650.9472215,-71661.9478134,-163719.210681,-62677.4413076,131996.302347,-55762.0484076,55706.5345174,38052.6741061,124453.807123
1475,21376.1120215,-210405.963443,150734.38885,-39050.6826003,-184046.196448,56731.5530303,69334.6845353,263723.17637,-198930.264184,11136.9362409,5067.73453864,98062.4368528
1476,161821.057729,-104820.979627,177497.244076,-45177.5848514,-150755.762474,43913.1673114,224443.228395,270899.116931,-100945.612492,40842.689217,79664.8244143,205059.837895
1477,-109786.32304,-28202.8649796,148938.95258,199487.464498,-80855.0489705,136592.112423,223674.991234,118442.082971,-92012.3376499,-3387.90262456,66434.551343,110838.073808
1478,-125940.290953,51253.6016281,281345.545608,155972.233793,-186277.086773,-19223.8790241,250599.86456,141899.843607,-53913.6949448,35374.5196726,198276.922762,188993.613784
1479,-280767.988488,162912.509661,289159.733779,44176.3405242,-220376.236759,130638.600154,-272411.312835,20792.022143,-258469.334548,74748.9631049,188560.502278,197563.417239
1480,-279228.430406,197844.00082,213872.452463,73052.6058472,-320642.568796,48667.2125832,-278877.763176,112686.632149,30764.0502513,92220.5014565,206215.051668,-8884.66622394
1481,-377575.93901,230603.123852,120882.783742,-137357.010891,-374057.216627,-19298.0528637,-297909.349673,-115821.32356,-44558.3131043,-213196.223631,105010.632508,99449.4739571
1482,-320418.430467,-60689.243091,21081.0271445,87571.5579927,-426163.290328,-10720.3347029,-285148.263769,50478.801038,-40988.1573052,-307315.519289,1034.75024495,-22419.0494135
1483,-231431.015331,99442.0366312,-89169.1956196,154351.1275,-254742.827732,38571.7285255,-217911.0869,51877.4523995,-44883.9076317,-245399.224316,-207716.558758,-219401.372275
1484,-167665.783568,241760.438043,-94970.2467485,335754.818484,-157775.223454,-17388.1701953,-288140.982694,-6106.20860864,-52917.9997985,-335526.598711,83397.5024407,-169301.233512
1485,-184020.687184,145346.318609,1071.81772384,91002.7170234,-161724.556272,-12982.8363297,-232641.159761,72833.9665427,-37190.7500113,-412799.319824,-18028.1958122,-29021.9554393
1486,-236179.093743,207324.634962,159560.706983,-24244.3898252,-171118.520844,-106134.841068,-156022.223558,27735.3982349,6406.03269324,-297880.270447,-42056.6239677,-279811.466978
1487,-46664.8469336,138735.473896,243044.716145,99555.9042472,-201768.185044,-111809.823422,-49959.7180938,-21549.4179238,24122.1638458,-258832.735591,-17296.8096502,-309131.984671
1488,-121628.381926,51788.7502446,-17930.7662517,114149.321317,-180258.866374,-68027.8688783,-203168.883692,-139075.021461,194915.908378,-191204.544655,-109278.394364,-345817.589677
1489,41775.2650983,87014.5314055,44797.5190932,234956.306295,55335.9638788,-110406.055199,-164584.184311,-176024.247819,68069.9535394,-33540.3725548,-110681.893173,-46647.2141004
1490,-25197.5910656,15594.2204862,-11132.0159333,82530.6464599,108569.019019,-139087.17104,122556.965723,-97482.3124455,-141828.876873,19729.2601021,-28535.1421749,-8346.14987414
1491,-5105.87497185,20396.9417513,212751.39123,-104249.976299,44444.1682506,-78058.5936726,-20887.2598919,-4152.25422822,-96293.9849144,88738.6193241,77951.2542669,-195443.61976
1492,-39783.0816097,-127065.963367,-54487.4383677,-45389.8343576,39574.4862305,114527.780834,-186271.592343,78472.1986537,-298926.003979,58692.8943254,78764.5399618,-240997.423972
1493,-155602.250169,-5041.8976483,28709.947648,-147874.711994,204193.921286,-169981.879856,84388.575817,32350.4208258,-30601.084307,56280.1631452,-31091.8509652,-177969.560605
1494,44835.1680058,-77479.7380049,149694.2323,70350.8768581,153734.62332,7772.63658066,-67806.7347188,-34493.1772491,-114360.06077,188435.01748,-108196.251429,-207441.924665
1495,6015.39407381,44741.9806342,-90598.494207,47192.3540795,157474.646305,-71042.8493736,-192548.702141,-133448.309009,-169068.382725,33253.8233777,-200023.220767,19110.2577652
1496,-219214.539654,-92176.7250474,146463.151554,55745.1053238,263383.695584,5392.07066266,-152695.377318,31676.6796519,-27685.4213982,24237.860771,-145536.907143,-19220.215512
1497,-151632.090172,-47706.4941307,120107.503528,112017.081982,260938.945275,10378.1879069,-78404.4762627,-131394.049662,-239287.879831,-84788.2040111,-211334.644681,-43999.7568025
1498,-56169.5131499,-22352.2396963,316189.076218,128269.801909,320443.833913,-116201.428429,-245046.053646,-255546.989644,-220544.773733,-56639.633863,-49832.399783,-8603.02433334
1499,28124.2631099,-203372.163928,271443.190283,231977.508297,291305.592006,1586.106512,-416523.103611,-97849.5921638,-93737.6099314,131838.633746,-71520.3265424,-32778.1219283
1500,8052.5788508,-75555.7498593,299053.79768,219501.682729,270572.010964,-87974.5905494,-187890.943896,41825.420863,-49712.2059766,100405.753489,-407875.626528,-91530.6343076
1501,52015.4255001,-42312.9533897,39505.1203481,66470.8154144,175487.174524,-30341.074046,-59199.5581782,-160121.631367,-138356.411881,66323.1646154,-383939.170825,-133453.060589
1502,117440.021159,86529.2610779,85025.4268659,158178.175802,158259.553189,-11956.730683,137089.647652,788.627469313,-101272.968342,51362.5260599,-278859.586555,-212338.488852
1503,208356.148027,15807.1600834,-92311.9923922,72365.1068897,191431.518709,-39590.8857789,170387.287766,155913.579671,-78224.4678904,311530.23588,-319959.291835,-106582.793792
1504,207082.938418,-35242.1886033,-79923.200547,-164779.611032,-3173.05995988,16869.2922304,-19466.0472511,-44170.9948422,-54469.4563771,221197.745948,-343331.685626,-156679.566095
1505,325.683219274,17429.9906388,-150101.294073,-46110.0937515,-9157.92635301,-111217.119582,24763.8948098,-152146.088568,69976.5878704,139713.406102,-132018.329388,-262888.773316
1506,74873.6403404,-97459.6149448,-41122.345027,-30231.8481202,-91380.8774912,-187803.214734,108446.466649,230839.385715,189327.392993,231229.185638,-48470.4986089,-261668.36401
1507,217864.372019,-116914.658537,-60313.8350056,-32116.6522691,90775.3147839,-239422.374594,29415.177535,266113.110845,74756.7993342,158931.208197,-95239.4790471,-281514.092934
1508,-20267.5855378,29759.3259253,20264.1843313,-125451.892262,38793.1509983,-82834.8375684,281133.662138,256641.436682,25946.5314568,-5269.01242246,-114838.780604,-114271.034799
1509,-7928.73653845,105585.265755,65590.6558882,-137408.520788,78179.6646218,32850.3453099,206650.485012,82317.0127297,-3221.89534068,94278.96028,111288.776942,-119081.776962
1510,-49319.777051,255486.128463,-117263.249003,18167.1265228,122795.729399,-101741.772022,91253.0327296,120640.345351,78925.7510195,194200.245322,-16144.9870862,174601.349049
1511,-7313.83012876,147983.698775,82942.028532,-159768.966345,-56191.6748118,-164163.996525,-102069.637983,145538.889009,303213.189848,235498.719568,260594.173044,-56249.4734081
1512,88519.4369217,34565.8878481,84614.4408213,52435.9112314,-50514.9111273,-198514.006027,-67947.2140615,173127.617339,341914.065795,109124.297539,92745.2505734,139838.603372
1513,-71259.0510481,-182565.407399,-135668.219157,-109873.719199,-14066.564876,-52288.5256239,-99578.9484272,171125.897784,331173.38199,120866.687837,171251.048637,186606.670015
1514,-37858.4491036,15883.0840131,-122494.539277,-233760.598891,-87001.7710497,72256.7066146,-35279.9758481,238150.007225,295715.954457,19331.2483668,107151.093432,242815.121226
1515,-17150.4836827,-135978.469438,-158523.444697,-328640.704414,-112086.208331,129658.620142,60114.0461747,183832.783554,120350.180693,-28552.8520953,-26002.4098208,185680.500089
1516,6944.9346248,80569.2884836,-176833.19038,-343544.644728,-127422.28067,362665.12199,95692.7102854,38846.3781711,125034.421386,5999.84443113,-139311.318843,246545.731689
1517,-6267.99577012,138079.61856,31268.5988067,-253590.746321,36053.3053846,-1989.31933552,175758.607282,88039.8149381,145796.976851,23322.5601953,-107766.539508,96606.7622574
1518,96168.2281415,59878.8907653,-229136.532071,-259848.426671,67750.9908334,269058.317717,86760.9200672,150582.879333,258467.831488,74450.386936,-124306.813304,7742.51548063
1519,163529.450854,276688.392928,-93821.3836823,-263304.106947,113400.110564,378306.43499,-93501.9571639,62826.6990791,164826.926905,153094.06332,-67390.5443005,-31066.042614
1520,86214.2549352,196105.743217,-148882.549196,-130499.313334,226054.042584,424632.693477,149986.978393,-99845.6038437,263588.167722,272859.756296,-42325.488697,-125802.349898
1521,186069.177801,164378.150953,-165282.625977,-55895.6120335,236681.128587,254325.447067,160670.281591,-126909.880214,275016.386161,87150.5762776,31796.0709834,-125153.352421
1522,50695.767155,34848.24271,92527.6093467,-71501.0982259,54657.8851511,359266.332116,141396.675694,-112406.44421,-104921.022771,280483.939289,104292.387929,62593.1825532
1523,137625.946008,10988.3177014,61257.4915574,-39176.6187065,89071.467428,186383.161918,90626.0968595,-286126.689294,-84726.2739508,168426.595114,110892.01972,215741.92789
1524,140151.204417,-122075.729956,142222.521777,-15637.1304106,-31175.9093274,108726.336116,212188.392506,-403750.60977,-8710.48157624,190303.218143,-106922.116333,201638.308827
1525,79766.4513467,-177310.699884,29711.2205603,-130074.542382,-40551.9395567,45843.0749666,61745.6887903,-434166.149461,-92526.4243698,104551.582253,-164475.173572,95817.7214186
1526,317968.902571,-396599.084298,-103488.252297,-179352.576223,50293.8911554,-138292.562941,73373.1625434,-324718.258018,-33314.3048057,116738.170986,-127495.203464,275775.506375
1527,285414.677453,-477660.850441,-26233.6467899,-124870.810179,-56593.7193617,-174068.050037,-105270.413518,-164684.889692,161188.217726,-107166.262197,54119.5836956,161229.430579
1528,316216.64552,-312912.95862,15232.3659267,-110518.324683,37874.1981545,-44046.1385555,143104.805326,-172024.584522,-100212.150584,19530.0536704,147819.726684,128921.882434
1529,284419.371977,-176948.713301,-121105.282854,-249100.204658,-70890.0502111,54784.0074461,185999.114735,-232801.622762,-115026.324274,77380.7339352,145461.721421,13549.0569064
1530,181519.769319,-190582.644842,-188512.358775,-103670.490865,-110552.299979,-108287.912414,221450.263172,-3935.86807238,-40988.1273324,-228693.618924,126887.244056,86573.1559757
1531,43630.3789046,-203798.871417,-182593.828825,-82432.3044062,-50742.6310951,-142392.896313,144841.770171,-82848.2021987,90708.3995424,-331113.076709,159612.230723,227583.220543
1532,-107448.8663,-199633.935128,-340098.07861,91186.5608732,214.049610358,-136797.576655,327865.382025,-60436.0912816,-101684.140038,-361854.914328,157618.053162,144278.366186
1533,-8558.73036865,-160981.424245,-332765.922141,285302.838481,-71059.5706725,-51362.1768526,-35810.4069926,127626.826713,10229.9066519,-195538.108818,115939.991709,25624.1580892
1534,-175398.170356,-18596.8312331,-392850.665592,340130.658874,-127099.05063,60526.3383648,-105309.875476,120137.304896,-106763.919598,-144213.137693,205198.230988,228947.450953
1535,-232711.604272,134708.859577,-264192.257837,326882.041033,-77978.0007156,-114534.516326,24827.6374533,64018.8873974,-146448.96054,-270250.105301,117485.857641,126475.867079
1536,144756.900161,42741.7342217,-140536.522181,119024.822044,-87868.6533094,-168136.687725,37671.5886855,114476.655422,10047.2690163,-254196.464186,307294.575485,185863.18278
1537,187817.245046,-4840.48987702,-112941.311642,190912.740109,-74864.3007265,-151524.815082,-11714.5135715,170405.695903,-75932.4580868,-98791.9648763,205662.517323,172639.68428
1538,138462.995579,-203813.53103,-64116.5655829,-17112.6935516,-52094.9886565,-204282.590035,-10018.770774,159212.107158,-45531.391913,65381.3040697,65647.3921671,76768.7317365
1539,15738.3595677,-268969.085744,159353.833085,-85861.2170935,-167263.233968,71410.7587894,149779.519645,223808.169884,-124077.219549,9638.40278731,-29270.6632919,244786.658186
1540,63030.24595,-116690.071004,134305.95547,-105504.375688,-177707.854418,-5077.76748807,247107.825943,344314.663723,-166109.131765,66721.0421869,198871.10504,238774.840658
1541,-116651.140417,-46141.4958052,182232.057246,176494.798202,-64329.943762,136799.024258,251624.424046,93917.4157267,-195198.641252,-19730.9413877,197030.001771,192795.325447
1542,-203759.26016,142621.328858,224537.381675,126191.793637,-155533.661979,42005.4696454,289474.251113,112518.352683,-68419.6297803,17062.0839942,172119.956922,204089.289814
1543,-374290.680961,204921.101412,179897.486657,-55708.8671462,-173338.437545,67337.5726887,-205089.553247,62706.0031218,-260781.777406,16477.0755189,181752.582169,210494.549944
1544,-324029.188393,180355.457285,221370.629724,-70266.235842,-335528.349686,48524.0912398,-138685.474866,-9503.19385265,-15305.0000365,-9168.84999911,239040.2118,19189.1309601
1545,-316521.30942,260770.902099,80985.8629447,-80249.9836956,-370902.503659,60391.0178275,-142397.010621,-108893.663838,-68723.7055318,-267529.64415,35606.3459486,52652.513322
1546,-359113.482279,-89608.6073013,-1288.089191,60788.8828941,-399384.828645,33182.2735012,-267407.125106,164292.73622,74149.0611573,-226766.324742,17849.2744535,-85875.1291375
1547,-178755.855883,48043.2732747,-206529.006478,183623.866555,-216782.722332,40429.9021305,-138401.132892,106875.863191,-39382.4643793,-182327.87719,-141176.90953,-257571.841582
1548,-196047.196505,209571.304909,24519.2972758,166603.519937,-175241.642795,97084.2479044,-180774.52923,-11789.3620488,-17930.6807687,-272393.287035,45913.5589667,-162341.127154
1549,-226878.262216,109211.314627,55602.3084777,31892.4400696,-145803.457651,-12496.0905558,-262166.811987,89756.1724112,-2173.31315601,-366226.277277,12074.3713603,-125919.670151
1550,-211628.645642,227260.296657,227388.121846,-38656.1020291,-181822.922892,-67741.8088774,-73468.1529259,13775.3675067,102333.031472,-255866.276525,-119567.565038,-194844.857227
1551,-157512.554034,165840.743828,192908.124301,163485.493083,-180468.337997,-54888.145364,-21496.3802419,-108035.748727,3288.32517446,-125726.896157,-14126.697158,-292278.80411
1552,-147845.210317,86567.4995591,48733.8660898,256213.978202,-155356.171446,-53845.4644809,-267289.789518,-197418.211291,79452.8028445,-151733.373582,-85101.2508551,-401604.191347
1553,52627.8828314,52600.7031879,61807.524064,229597.874609,41627.9943317,-123701.206904,-159073.839337,-211982.020545,-127571.475745,-20722.157113,-146738.15448,-104305.65768
1554,-70286.5058795,58251.926615,69690.9174537,39387.6224043,35896.7289317,-136353.231767,14769.6730713,-60358.7431303,-48819.4667315,126399.979729,15003.0423556,65701.7013018
1555,-8356.90799492,141272.868866,196510.512524,-61967.4529702,27334.645378,11784.284685,-23390.4372235,-66422.8273037,6456.63916529,-22801.6785205,104169.516017,-212193.046464
1556,-61968.9518644,-69563.504662,-105514.448678,13490.5103448,108692.235344,37080.0305965,-138794.097895,70010.2263091,-260070.612582,128120.342616,145257.171398,-214490.647337
1557,-148188.447816,-22859.1406483,19951.4568593,-83232.0971578,188095.609152,-163738.663383,55414.1407501,111170.738216,-46886.5978294,64896.7285152,22257.2104197,-169935.111744
1558,21779.400257,58211.459588,143187.948296,47826.9479064,188572.761929,11827.7813193,-10501.259157,-135049.129919,-101007.978841,82036.9509485,-146193.962206,-187204.654735
1559,11202.1511547,71547.1044022,-42255.1822515,179031.760846,168482.98931,-178305.005573,-174131.926385,-19185.9772393,-109540.659869,16771.13361,-164862.975361,44338.7872221
1560,-277869.163964,-229778.579332,103306.080806,46340.1875185,201724.33133,35836.9852005,-139854.320412,47758.2930052,-66708.9009601,26855.9451168,-190336.883044,64745.1280358
1561,-90246.4563286,-73190.6671181,155888.582619,39798.9576646,296340.542611,-4541.55849852,-38306.3212204,-203709.794249,-254799.329208,-80314.6500055,-259130.501855,-118424.818416
1562,-92261.3912236,-125346.815367,264990.254777,315112.062441,329858.286873,-90704.3598893,-191384.206804,-184049.183427,-239367.742019,-98013.2136184,5203.79909997,53731.2338618
1563,54702.3290008,-126695.799651,266692.096206,182966.834261,266305.901757,-25786.3615854,-465273.870709,-32621.2809337,-120896.463057,133257.185674,-77676.6102977,36974.9615875
1564,-35834.0914047,-15860.256642,239752.554894,142050.864597,273708.333591,-84894.1272966,-23241.9538443,103178.481347,-29430.57797,43912.1600476,-384763.834901,-172303.817485
1565,92818.1938894,-17536.0813986,1510.68967738,93873.3984086,243511.961414,-119361.516749,25290.1516902,-139406.277958,-139341.406655,126744.35553,-327479.362322,-225587.543228
1566,137701.429191,836.860229411,112354.695735,128613.90959,175289.007131,-20496.3386504,93329.3050471,-18426.4825335,-47476.7663629,150255.636545,-250203.490045,-190554.891783
1567,170686.028929,45005.5292092,-101653.325289,117062.820934,224965.810189,46071.3175589,-654.248432841,159681.638221,-107944.980259,201063.400074,-355382.396846,-26760.064022
1568,168287.195556,-13143.3186574,-132991.274026,-153760.419599,16869.9042151,-44940.265466,-1680.81739061,39370.6760948,-86573.4272966,189257.751043,-268747.842101,-102741.795909
1569,94121.8443515,-11880.1837378,-129598.445619,-65169.9647197,-20498.1560189,-186132.695868,130793.921605,-84649.4687783,116525.045486,148136.096639,-96874.322784,-253152.534641
1570,140892.212134,-207686.177446,66425.371204,-82463.7919056,-7269.27925764,-148584.140386,74532.5151441,202198.59927,127260.809819,218210.757762,-106840.275019,-258949.866221
1571,264891.816587,-91892.8234403,-45401.8444749,-3808.07503152,98613.090555,-195739.679872,82527.132866,192655.301891,63830.7361379,108178.164968,-93807.8551849,-231469.311609
1572,4073.45566292,83457.7771244,65210.9309581,-71962.1804132,41186.9113461,18446.4529032,296135.534016,158614.786655,-35323.5354281,57397.5981288,-18212.9765535,-39468.4890089
1573,74223.3049662,186412.645275,33153.7121278,-212415.612529,61052.9384599,-2864.93869633,130624.962418,8339.612916,-90070.0166499,160195.674366,82947.6539658,-78707.0053882
1574,33020.6082555,264521.989507,-7872.27240967,150778.470351,143409.3334,-89215.4631654,28584.6384974,127675.989324,112335.240002,254749.918,-28575.0628218,111376.820307
1575,26346.3427568,103357.902315,95212.4596526,-108417.555152,-35390.9817855,-85651.4679084,-91680.0420476,225744.433456,259281.911828,210839.64648,265687.648478,-72046.7894714
1576,-23816.1310155,134469.110722,100193.691082,8594.31231433,-37996.4869547,-155743.240993,-151070.226924,265614.766457,246074.484637,104098.206187,165430.857705,81660.0441931
1577,-46008.5168808,-225256.680258,-167723.903504,-110090.22201,20589.464599,-51119.2618661,-1687.66403158,214618.439681,313127.123699,136596.674195,182124.023995,111627.171628
1578,-20754.5385708,15818.2638439,-101663.777769,-220271.087534,-146780.784773,109144.902906,-62236.9135827,248091.238485,308405.539456,-67771.8164953,-12669.7039013,174031.663201
1579,-58341.3187546,-35361.4040597,-192957.312564,-441242.211187,-98884.3474799,77437.8828464,-36913.7573047,174359.8017,186816.71525,-45643.3178101,-59054.6151523,180254.761018
1580,20383.1344581,177689.358274,-172829.277511,-363599.293,-146399.391742,358715.63586,82305.8764365,41540.0396697,172668.657801,-66965.1459308,-76466.2282647,128802.292646
1581,-32093.1788484,174174.037409,7038.12362883,-313756.692114,23045.0471701,85419.4590265,127745.267582,63.4540936387,228724.413014,51983.2197301,-57097.457323,113959.430341
1582,158658.834962,78379.0009657,-185388.090969,-226586.057059,67009.5637454,257905.559364,-10410.3529723,132730.030816,212126.059211,112177.450434,-215491.747028,-9269.26166252
1583,140066.433075,199930.460413,-39417.1814366,-188882.651267,117370.196786,430221.586887,-34645.3233309,30910.0209988,298652.275911,155365.314014,-104903.864022,-18502.1650087
1584,156181.879446,250645.377606,-263471.462275,-152720.136777,227225.355284,410871.684157,87449.0709071,-55655.1972632,233021.540293,170572.159835,32007.7240693,-178604.567417
1585,147260.752365,75526.1357584,-158567.775684,144114.848362,187962.76884,343585.948585,73985.6548801,-125903.25318,210328.47169,95065.5793051,100635.051745,-58149.227126
1586,59308.3907178,89705.9324116,124876.290287,-37616.1581063,49571.9764179,362122.883703,12676.1700707,-264619.536365,-79933.8308852,291177.409391,58073.6846603,129332.268514
1587,212713.188654,47137.3272106,-8556.48158612,1527.0938737,104145.473893,167616.258931,227616.321051,-303788.544416,-68980.8561074,177634.266316,43233.820003,222928.378464
1588,100678.248158,-121069.952406,32702.0120534,103039.665234,-54966.5029538,46502.726209,125422.731145,-346331.03611,15440.7214803,222237.110884,-171987.147905,235629.847557
1589,89388.7428644,-145080.376239,10902.576405,-156463.097568,17137.1779684,91589.4251366,-28582.3052647,-332508.889039,-111581.567745,170714.254788,-120411.399971,140552.071108
1590,250838.170157,-408107.53491,299.639366031,-58039.0394127,34166.7990484,-154587.507552,141362.073228,-292785.365138,21422.270628,35204.2142028,-115796.993099,189183.399398
1591,263192.063053,-347133.701881,-65453.9541688,-65735.6327626,2989.6825572,-104663.187015,-40608.5087225,-193439.558014,124669.899846,-53065.7813337,-12030.5673059,126822.773993
1592,217327.372471,-282059.947558,-5946.33001631,-118412.719736,-43163.581213,33702.7216097,142226.934975,-210815.441644,-23156.9035945,-2988.78307266,277545.878125,161984.42647
1593,242013.207635,-188519.628313,-154497.765664,-247525.798323,-75929.1432842,-15764.0928174,234004.351918,-253387.020129,-106056.010802,-17442.7592115,74319.8728901,93038.0137779
1594,128618.479784,-203093.732957,-234102.586408,-90775.8065063,-47272.2291298,-108139.482454,214921.019305,34587.8980929,-23715.9451739,-251058.639651,189483.236265,66165.7767938
1595,98072.6963758,-185843.258958,-201383.189843,-77800.8786494,6160.55088644,-194360.400873,129396.971477,-87590.49538,-61688.2217233,-314560.241075,205849.822631,176277.481653
1596,-63809.3894396,-224034.337936,-250296.249286,148643.601097,39881.4961346,-127653.827514,171660.069128,4804.05599069,-106339.647593,-397157.85701,112044.464957,96440.8887347
1597,-58056.8478117,-76658.6050136,-344711.54685,312563.722097,-81024.0440713,-32743.5150105,-11807.6670317,180781.698652,118187.33165,-251890.010419,107735.190025,231543.816738
1598,-138490.872549,-27079.7139588,-378608.517941,322472.934129,-119778.509201,148564.983013,-31629.8900452,34173.2231961,-202726.609599,-121814.041736,208033.149131,131856.481238
1599,-169343.100694,137774.312704,-316276.577143,302605.303547,-44672.1853538,-138302.127671,49619.0483177,742.796045544,-165526.831409,-248675.068261,109499.368591,132102.231774
1600,206487.870788,16202.5050689,-156543.68382,214203.948088,-108464.369102,-142189.7693,-363.582522181,202610.157641,-81630.3338905,-225103.662129,368908.355943,143543.495716
1601,152725.334489,-123555.825579,-138051.049993,131742.27637,-98274.5449107,-195766.190805,-81781.5866393,57535.3650436,-54792.2684823,-95473.352208,141514.278397,134643.579905
1602,111229.182911,-180244.393815,5494.20310123,-8712.00123206,-183610.505529,-120918.528978,54364.0912825,182132.548805,-28980.5934397,26393.5324403,17245.5785209,48965.2951578
1603,33188.098891,-265569.041659,133134.06729,-98110.9635208,-143552.46852,199219.539621,120938.482286,252257.266317,-147117.389753,-21716.8604236,111099.986342,205553.009807
1604,83176.2383838,-25910.3849345,71221.4487018,-162408.846648,-287980.112979,39038.2901175,277454.871319,319383.024999,-228119.376496,79764.2244832,131207.263311,229592.019682
1605,-158500.282903,-75721.8677037,194057.734373,109831.221712,-99049.8952333,107378.24147,223688.021415,228102.972308,-161000.316747,-48532.6017142,146831.436155,168492.340407
1606,-153040.870252,135103.224051,244715.887634,181987.633552,-178334.800008,39053.4494292,142020.451134,143415.971948,-96962.0530166,92672.1952974,128305.704427,24594.5080654
1607,-324818.541484,231753.823515,264805.245562,-100537.212609,-165538.366646,61320.9404748,-135052.557274,58677.8637408,-201388.817623,18780.5163354,208389.381651,204448.231292
1608,-288368.380327,251929.842224,264665.75817,-50166.0755171,-360552.155672,57588.0196383,-172574.110892,-15390.9532252,-5920.05347686,-64037.549664,152864.569998,42231.298938
1609,-255197.600348,201425.067897,139311.628479,-106294.130241,-330369.812294,123013.599897,-156978.90859,-139514.8821,64317.2771399,-271068.775496,4521.00919598,68594.3349102
1610,-353909.181298,-106656.189964,-15281.0261406,86621.5294309,-412447.83182,553.780490837,-135509.585955,110561.643682,24937.401866,-264392.365729,28482.6619217,-50196.5751237
1611,-271320.567395,72401.2713851,-136692.623521,170700.219602,-226611.137403,41409.165965,-155610.58942,74305.2084617,125584.534483,-278447.363597,-137080.494525,-180550.182372
1612,-150068.295589,244728.288071,-11315.2009031,108971.411835,-149095.119485,27732.606852,-5927.8289121,57979.1171437,2831.57847457,-235911.260715,72855.0959022,-122712.910072
1613,-222723.079292,131504.239164,101651.02425,8299.52753501,-143318.13386,-27666.2572037,-247738.20197,-43128.8137956,30440.754099,-366549.698046,-27100.088281,-245300.632001
1614,-185815.362947,306336.737401,153270.094949,56833.1657493,-168609.273342,-121539.187814,-150052.939706,-46682.8382818,57461.6929969,-324880.497842,-79594.2940271,-247578.765452
1615,-141429.722237,98602.9331999,158428.24663,64770.2429188,-202312.301665,-53345.1439323,13981.8664779,-181133.337469,4504.8236675,-133517.873682,-10348.0800532,-328481.69501
1616,-148195.37939,66922.9825215,53697.608414,154121.989602,-111231.004908,-26638.159313,-179673.563327,-177014.34242,106999.58916,-130329.185113,-135442.205019,-345020.676611
1617,4390.59090497,105800.192282,40920.32447,200019.271067,68257.7726719,-233267.751289,-183331.740875,-123454.169586,-183756.564145,-39309.7671318,-54774.5881622,-77988.5045519
1618,-102734.43169,130516.773008,67185.0727477,78831.4014001,-5294.05977791,-177761.282191,125820.492485,-62590.2858459,-58911.4754397,178505.935553,65612.065859,49174.3573778
1619,13826.4821317,110606.927897,79970.940476,-171713.913429,75924.4793461,12796.2260026,-80661.2851738,-140843.303155,-3103.23824798,-63856.0884643,111006.610301,-237952.295287
1620,-90522.8464914,-32679.8094779,-102673.874432,-140747.574316,105158.016567,-102292.867681,-191229.981324,18821.7774779,-164676.922331,101514.095168,142935.743989,-128854.081987
1621,-274554.221687,37800.0552286,747.222031997,-86741.4495676,199701.037799,-54919.7170529,-67355.8492209,127007.789567,-74559.0453493,69826.2372374,-22388.8396859,-165961.834859
1622,71926.9427528,19113.788835,71392.7366884,-12062.4716755,217318.196538,16644.1939782,-145946.88315,-79738.1384501,-82662.9518311,109385.33235,-95428.3739039,-206831.767137
1623,-66456.6800599,93905.0394335,85171.2901965,188973.166255,177861.664468,-90514.2216908,-184594.061153,562.049674131,-106684.773828,-15214.3062226,-160463.024032,30135.9402403
1624,-250783.929614,-286099.456913,230436.20329,136002.456546,239935.044003,36874.4860168,-180997.128177,34146.3098147,-96375.6684074,31922.5408336,-172976.748257,9757.41340317
1625,-166668.731846,-220782.021799,272914.758612,95994.9650878,288199.899361,-17376.9985847,-126647.14608,-158496.568048,-241842.150888,-119648.5491,-230716.935064,-123041.986403
1626,-56805.3994279,-167289.887328,341114.833989,350634.195253,317398.954469,-56179.5525945,-281846.562438,-227035.455299,-231882.068752,-129805.025104,-25731.6576058,87485.6247909
1627,100074.050344,-37439.2278938,291104.892748,132114.742498,251501.56716,-22830.951908,-461343.961951,-65424.9903538,-220232.142052,43195.4080156,-109266.333363,91988.8084463
1628,-24321.8100389,28186.7300042,153758.212921,80526.7858967,213175.362806,3804.73736773,-141778.483083,16544.2259011,-68091.9400576,104032.836024,-446239.294308,-78832.8065044
1629,-21027.5527368,-12734.7481727,65319.7390733,49557.1063008,248376.060693,-36721.609773,-22777.3916717,-140499.799333,-59908.4418755,-22147.7309861,-356880.890287,-326636.997255
1630,194539.257377,49837.2014853,146622.420332,102169.205642,214427.079909,-6633.74019214,63832.9842055,128962.025514,-110040.772678,164951.671928,-210529.418093,-192546.34864
1631,299766.854915,105958.152698,-51675.6072717,660.792793398,165794.058249,-81405.8472039,-110021.709934,119365.633648,-121719.324214,116321.34698,-249922.656258,-106978.273013
1632,170095.493346,-64523.0597948,-184946.372893,-51957.5348615,27541.3833001,-100960.831026,42916.6333731,-63220.1657825,-52244.5691747,177408.721595,-188641.609982,-174813.015394
1633,83593.9834701,-31663.5758893,-183754.71576,-97471.9193129,-32398.5277198,-167510.83635,14716.5068601,-7703.28301044,132340.362001,125209.956444,-54547.4264859,-255221.098596
1634,108778.397441,-131030.784838,5217.00458019,-25915.5661282,-23407.3588803,-128327.872028,168083.545105,204289.77918,185979.352939,243455.713836,-120693.216959,-302962.939925
1635,302478.9483,-92578.6665698,-56541.2768023,7757.02208526,88731.4787969,-203199.970985,67361.2741696,176207.403177,116327.615166,124374.578334,-71526.8847177,-333547.731901
1636,34828.1967045,143040.266463,36073.875425,-147996.021821,21708.5541178,-24584.0717948,295843.222006,211486.329046,-68204.7513003,34752.3308861,20708.8883623,10333.918136
1637,54968.4850954,239348.273648,-22596.1555805,-99176.5012454,75923.4775617,26684.7668438,26602.8360531,17529.1508733,-46449.7796091,85869.7450581,14192.4951398,-81315.5198596
1638,73408.9011567,194072.854908,-17375.7077602,128893.984283,148969.99202,-85263.4789363,-25458.3554298,135694.852941,68668.5977651,270803.348704,31937.5298204,142724.085514
1639,69864.2305451,133071.961223,53340.0627541,-24223.2293919,41570.7284884,-74254.6855527,-101883.868165,269242.490236,191838.503607,142964.508592,214806.515727,-36993.3971493
1640,14436.2423548,147224.350694,28910.7250213,-53627.6846727,-20356.8973031,-155969.823502,-208226.72318,225353.140042,295364.26,96933.9554464,73485.8687653,34610.3173475
1641,-115041.857497,-109895.992597,-42187.4559508,-120800.049157,35739.9020541,-53947.4740535,-54884.0977294,254562.879166,268509.816467,111170.040918,211056.42585,41586.0928548
1642,13452.4192541,72234.2238374,-132239.488292,-227093.124847,-134320.336797,138345.336795,-87430.2284961,230777.845013,266527.815541,-57586.2436556,53538.2437897,174604.580192
1643,-78316.852881,33431.9307695,-141860.746057,-479314.675067,-124176.678668,169250.591886,-3125.86803668,116147.211825,38919.3967699,-102730.508752,-83579.2953019,206854.53027
1644,141670.216739,246245.809745,-148584.866845,-281806.875866,-102422.846482,327670.07222,114180.028546,58978.6016374,253798.564597,-82184.1280547,-33124.6432358,121169.510595
1645,20479.47345,256445.336842,-68301.2033654,-251166.195572,58538.5975353,147625.472244,72834.9764656,-30204.3846923,249641.735565,-3280.55619644,-84809.5370087,169655.003093
1646,189196.595587,29990.9861586,-162558.306635,-255121.991428,118175.702813,267232.34332,-62534.9885658,103193.888612,329908.300022,41571.7424098,-205720.49774,-19316.4086363
1647,147188.712855,210540.19222,-84778.4327476,-217863.253096,163545.449723,520287.308983,90870.2878063,-48720.9607709,336847.572901,197783.031451,-69030.3291098,3208.63257588
1648,151787.83153,188825.004855,-205128.753105,-206638.065066,266655.304281,367656.578859,221106.24399,-27237.5214448,316030.684846,180254.936684,-21384.9595841,-126878.612587
1649,115259.027354,34127.5951345,-118705.307532,135665.113961,147010.224374,372046.797247,25557.2006908,-55514.9211851,120610.625211,180754.519432,43782.1380766,-38896.3772845
1650,66588.5073533,103004.271795,185507.415114,-11185.4733417,49475.8204914,334220.003179,62437.4929962,-307962.715916,-104833.905394,305665.303412,50777.9996925,188410.343485
1651,214534.634183,4585.19371612,102941.901411,-50584.9300122,157249.844234,94767.5527225,333085.570851,-319895.176195,-166945.26329,131211.263935,42440.303778,130396.520827
1652,10826.6112334,32434.955741,51369.3340086,-42598.358062,-49306.726585,53656.9965161,129805.299875,-362757.791531,62672.4500895,175082.111773,-175199.888529,142738.958553
1653,121956.619849,-182461.040274,8967.15355667,-165235.491381,-49005.2926745,69567.2207043,-97338.7336335,-304814.337555,-76926.129324,188440.496794,-157356.54435,61195.4990879
1654,153678.365987,-413342.015235,-62405.5720582,-110586.300742,78116.6670256,-169159.873725,102954.131539,-289805.096019,92235.3602669,-22245.7264455,-87676.5966525,185923.14111
1655,249770.355717,-310768.950738,-78417.7333948,-15964.3659645,-3461.23925761,-81813.026125,-58071.4050217,-193081.805033,85364.7981658,-11032.6225671,25847.8854222,79855.8772377
1656,202679.845889,-369468.346267,41799.9608515,-117587.712913,-73171.1490495,93468.8092493,22338.4317388,-172274.675958,-57304.2820301,60855.2468293,252288.805105,155746.645604
1657,244539.016748,-247494.511476,-105056.498361,-220942.346226,-103749.657552,-16434.3224398,247346.482722,-142145.421091,-33588.7497658,-47514.1697693,97317.0703594,169996.813682
1658,58132.6624143,-191878.06985,-201004.607318,-114530.108113,-48406.9097278,-117928.219526,216798.285862,67979.8607017,-44310.2731089,-268230.897418,209253.841228,41052.6968605
1659,81217.2073651,-96477.6577614,-180343.543429,-144301.017175,-17633.2589224,-179420.243987,143082.645767,-86456.2592201,-119435.840648,-357753.328477,189358.904978,202413.651937
1660,-114351.1684,-326197.798784,-252190.637892,165656.631516,34281.9133627,-61168.4856982,173483.173775,-23141.8536817,-50186.2900654,-296588.538351,190959.454297,50427.5966333
1661,-145256.354221,-113974.685328,-363347.697495,322802.792359,-61763.5267226,-13454.0862224,-33021.6844964,75109.3484365,11213.190565,-242664.822107,156151.778512,106819.131113
1662,-137892.812401,-111990.32755,-354258.596043,305587.77847,-141388.860571,96834.8465333,-153222.302051,50403.947014,-218214.66387,-105111.104312,238876.8009,151926.433187
1663,-51938.1407913,132591.733417,-271518.212541,291768.22631,-79829.0205236,-178642.563151,50386.479016,49709.6709941,-239104.41553,-158023.538396,54574.290848,181176.426469
1664,217676.174291,-3191.96613653,-166663.668817,125057.992359,-56726.3268072,-83699.8351722,36791.8685307,234929.67038,-81556.5401797,-270943.495976,300487.259712,91113.4304073
1665,165996.395025,-206414.223829,-59084.2972604,28435.8550683,-22703.1193352,-147722.028506,-1871.40192957,87175.4601142,-35334.2243175,-70206.9931616,165292.060138,156245.737299
1666,132368.536393,-163721.703762,96095.2831189,37567.4599856,-199976.720463,-64714.7424696,75135.3881986,131508.98993,-24510.6718904,107220.944016,-31774.0669852,86868.5575163
1667,133039.006806,-215330.247709,158050.872517,-81345.4387026,-171110.18635,109931.906475,105560.983797,171658.171627,-103118.734623,-42230.7069602,30609.1420106,176019.57054
1668,48812.0573241,7830.12967802,106060.92935,-101499.11102,-214810.912611,32984.4165046,450592.94305,358174.108914,-249081.289445,154396.240285,119223.585355,198927.053413
1669,-118506.227648,-5882.44172519,170511.67333,196663.92279,-193376.610636,23689.1509232,302098.889616,207592.975043,-133609.171958,-31392.5802427,239405.560074,137741.295579
1670,-88231.9985221,127064.432422,226645.702195,106261.121514,-218610.898866,4689.25830294,17443.224338,114926.380987,-136243.247456,119265.198065,160857.702095,82869.0901406
1671,-319622.382658,213816.868817,233310.029595,-191759.399596,-258906.949249,99448.5555163,-99639.454835,34257.5396907,-165972.964398,23729.8947325,262585.837994,180900.142817
1672,-261306.202395,255245.509967,249564.673536,-108462.531251,-343136.58761,22000.8839114,-190444.05744,-76439.7367479,-48627.5101413,49874.2720661,125101.785174,-29845.6040661
1673,-225478.838994,161096.377627,155490.740615,-102456.700537,-314996.342192,66597.5801833,-158082.520235,-107170.365538,59955.938065,-248154.986311,90611.4044944,97977.7665031
1674,-247011.714822,-59688.274982,-4560.66539136,104075.064047,-305848.718892,13104.4753875,-142449.082747,122853.35006,-42185.6057236,-329384.462901,-7179.62331711,9787.90799454
1675,-302036.028877,78731.681784,-158323.684666,52884.9600793,-202055.596481,-55122.5200371,-237916.033195,60463.650054,68957.4766173,-303013.941101,-100409.740324,-239259.905927
1676,-87970.7168457,236914.616419,-53526.0381697,97466.4924904,-148179.060653,87098.2176803,-81412.8801916,129524.944735,4026.54282213,-200629.263916,85229.0980111,-63293.2068323
1677,-202439.915808,264454.856667,59958.5751339,2151.29309072,-128194.114288,23100.861859,-329869.452769,-59688.5310956,47459.3513791,-358074.65627,40000.9027784,-198326.140933
1678,-200816.310022,241694.118878,265510.605085,64874.8884036,-206473.568999,-168075.975376,-89842.114133,-35390.1480807,74110.3337877,-303842.909174,47868.9187764,-317163.394648
1679,-214684.14434,42215.7365959,178855.002775,166994.141674,-195998.319362,-75529.1080321,-114162.691149,-249105.703648,46642.4123241,-173681.759753,-28836.8788348,-265054.552061
1680,-106418.653438,59861.6006198,36632.7934797,187078.117247,-15961.3451453,-13419.4998401,-148826.743154,-116277.97063,79060.8859391,-145748.812059,-66285.2209418,-288233.956497
1681,30344.6146514,89813.6542496,-40515.0900881,243741.407755,103688.423028,-240854.620238,-1463.09798432,-177657.645762,-162299.811188,-19358.9736708,6461.42421288,11679.6456429
1682,-21186.4053332,111210.84173,102881.12651,-36763.1607379,1997.83146894,-169549.55627,11588.2416234,-131974.409115,-57499.6410566,180932.372417,-16988.7152536,-54056.508248
1683,190.871463587,23131.1021108,78960.7610183,-212365.489232,94050.8342769,5653.51301955,-190286.650042,-119710.020608,-100216.811919,-68793.9633996,109208.782478,-195317.78867
1684,-76739.5193627,67210.0821495,-65207.0742309,-48281.7066672,107880.076383,-119099.392367,-97667.3851001,64553.8700396,-91514.1842576,41853.7951555,143324.568314,-130799.309649
1685,-225920.478438,-7095.53450959,8099.58347157,-107164.243715,246618.915775,-85571.1220081,23277.9486735,60151.3405087,-54429.2956728,148393.244964,-68725.8922832,-121187.334858
1686,23937.99459,37014.5458316,92882.3217206,-97439.57794,197988.61283,-51929.9848517,-91308.2940286,-158341.175642,-164011.877974,82177.5422992,-24597.926003,-207366.180293
1687,-138157.193327,-1493.64298235,-22752.4860551,189973.811034,170978.765462,-63767.802954,-237495.687971,1554.56492582,-84053.2244475,-19682.3154924,-215832.111375,118383.931848
1688,-262631.342203,-227113.186006,208032.665274,171108.448067,179100.697703,47460.6062617,-189140.629635,86223.9867713,-60233.3532212,66899.077559,-94173.8371938,-10121.4970253
1689,-134717.138433,-212851.813616,314388.060815,152166.804267,306063.341052,56523.8203536,-84311.1458809,-137263.97945,-251949.088695,-53370.3147202,-219872.023323,-97944.0473442
1690,-17484.7968198,-240351.973669,326904.986007,344755.702843,222817.392907,-87595.0785864,-306285.89322,-203926.667963,-167148.818624,-68111.3345876,-48529.1833311,97858.1755507
1691,21131.0632404,-2265.49479128,323594.137582,210948.438402,212390.294374,13249.714612,-419409.600377,-71609.0292028,-199376.421878,51165.5623221,-171754.912054,20941.9479229
1692,87452.5659444,74613.757056,80509.9744978,61053.9542316,208317.513914,-73863.9478633,-36606.5832603,-44182.9147806,-190028.218265,68977.3000905,-369958.095506,-83739.9676617
1693,44987.5107661,-104925.884231,49310.0440701,76489.9684304,275434.439293,-55351.3542772,-137297.233101,-28829.9930234,-91021.6896952,23302.0783428,-383439.109355,-291382.701822
1694,205970.266133,19180.7478714,28463.6633336,98573.2564185,194985.890605,13268.9436008,177497.671188,156406.177403,-56470.0801849,184882.904173,-214700.415709,-151605.36782
1695,264529.009108,77942.2368106,3482.78097964,-19295.0656479,130885.584566,-63176.4901352,-110180.085513,44904.7726682,-73645.0925738,134469.978919,-291267.213118,-127824.613479
1696,82611.2482789,-55531.0681998,-205093.375652,-262530.783853,1412.68747225,-106809.060488,-1686.49739814,-87453.3813125,-67940.1190856,167396.504365,-135384.210085,-82069.0984608
1697,198342.002435,-63547.3974489,-105848.967547,-154440.979161,-10396.4782142,-151312.805187,-30635.3020016,22413.9464457,116837.363892,230919.785736,-71357.4585903,-289964.545999
1698,156836.116221,-115615.148447,-24165.9286617,-17687.1670296,5158.12729973,-212605.833548,165093.359941,136353.089637,156976.03521,183900.623189,-106608.285116,-228107.327571
1699,150361.293585,-107005.703011,-18509.9866058,54612.9043474,70326.0416421,-203169.927201,149069.348765,130436.946577,79913.6220651,143098.666655,-196410.744761,-256809.048678
1700,100249.714809,253047.549378,48995.2345653,-195434.420749,57338.5140433,-15456.5514957,464556.817868,296019.914102,-15813.3141047,-34808.5866528,-20482.1782574,7684.11786824
1701,33114.8341407,280178.242486,-21095.0893783,-63853.4142744,63004.64964,19458.0187272,-32799.928862,128221.585738,23016.8811717,149710.444146,85267.4405438,-25782.8307179
1702,83440.1082249,183138.89622,-15947.7332408,27333.8549523,126591.323004,-38896.5845403,-168647.254252,18550.1087542,126332.238375,231996.482904,-15547.7251114,-15140.3943466
1703,66478.6879372,175241.787287,35594.2923443,-82291.9427872,79987.19743,-84125.8036944,-87853.9470291,200201.435716,283801.610494,49100.7623926,178263.476283,-13944.696376
1704,-34682.1715229,59388.7917447,5461.10183873,-13541.6800196,5832.19348289,-124105.339957,-185507.064988,137096.538668,212198.051374,122897.461272,111241.532738,-1937.65399224
1705,-135527.541202,-103258.841268,-74876.3476652,-110178.603381,6470.98808004,-20899.5859872,-40819.6506108,214592.537758,250141.293997,137913.889164,231665.140849,64038.2372577
1706,46783.3961396,64770.1819478,-157766.824607,-327130.926706,-176052.005945,91708.1744078,-27217.2939908,237992.568048,238104.60013,-20230.578885,30853.2177802,279217.379546
1707,-59926.7987426,43950.404188,-136618.540531,-443622.913533,-91933.8691276,158248.267334,47584.2632308,90504.730537,54037.2911364,-17204.0500939,-134735.437089,155139.976727
1708,97530.3238774,211470.573545,-142847.282122,-218788.044795,-75547.8426523,258923.552031,201491.674475,57715.1152448,234910.530965,-138320.124236,-37252.8067946,155019.031961
1709,-53851.0108685,226112.879396,-171484.344111,-317296.626924,33487.282392,239280.059315,7958.12280616,-7905.64734023,196523.15369,-25686.3046763,-79147.1882563,27351.6601205
1710,220104.046193,60806.9950454,-289281.821535,-321027.972262,169414.886712,358566.7299,-130938.021564,100242.533314,303841.889087,71492.8170271,-148352.218028,-42506.6182844
1711,63659.254364,162220.755156,-120708.056175,-197120.430411,148084.570454,522025.073901,181763.958069,-83345.2869933,310681.400514,241468.74692,-188.793567612,-16226.0326829
1712,159400.447563,184881.919582,-132524.88994,-160445.281256,289769.465552,391387.554043,280489.858357,-150422.553048,407619.427469,235452.265053,-26807.218605,-195039.281205
1713,122341.29667,56820.0160407,-158045.987905,82383.2697831,197708.837138,416014.475919,96693.6406455,-101667.824204,95215.2902664,326019.087769,35858.0789391,-133825.519725
1714,94888.2246222,13957.3499935,119389.869527,-115144.226162,24718.9474139,325971.682825,69530.7439521,-314913.860504,-37462.3206762,219764.399874,57709.3595217,170535.38724
1715,259533.27992,-68407.7389375,238885.786047,-15133.1407977,121275.495317,39287.9867775,256734.627434,-294727.407365,-189258.515484,181720.510744,-40969.7028984,204268.015014
1716,-96027.0027055,-19291.705544,122152.049729,-144703.073178,-50802.7003956,43330.161064,182348.658521,-439603.284184,-13715.6162218,147474.173417,-228325.467869,142955.121976
1717,171304.173407,-180455.191495,-31341.6894469,-121492.590205,24882.5971482,86888.2288247,17765.4333706,-314235.2709,-66767.3880385,199830.270771,-144762.602852,153285.968404
1718,207425.686683,-430379.946897,-88229.4364196,-43232.205607,91094.7477884,-41135.8266835,52992.4180537,-170041.210049,86678.7099399,-19237.6206143,-127892.33922,200612.031767
1719,242492.453089,-347310.277814,-153954.121315,-5912.24846682,-20361.7575005,-90350.2142959,-45255.4861074,-176906.047716,48470.6583397,-35169.5762752,-8922.38934875,35140.7592701
1720,157878.362578,-309970.317741,52762.6619493,-95889.5773268,-26653.9929423,105051.073359,25317.1820994,-267508.282308,-87422.5788271,90684.2573065,215396.391411,63963.7282111
1721,234438.599802,-149346.248052,-142868.159517,-296760.011304,-98238.1250538,28270.3175132,324848.77916,-128418.279735,-95044.6379602,-59861.6556146,105605.520792,177651.050458
1722,-21894.2298114,-127331.250156,-238909.480095,-60861.5228159,-16750.0038244,-137745.233069,91971.7048401,62562.3183765,-50266.8465554,-276473.408131,155850.770947,108595.560644
1723,-41349.5317051,-112636.284514,-227385.572477,-87695.200949,-32820.0720679,-217463.270402,142188.087402,-68341.7493424,-75740.4068246,-361580.5849,259395.790959,190215.901021
1724,-58188.5606178,-342790.235352,-290034.117248,217552.144757,6153.20042783,-45206.9251462,143909.397736,-13936.5595406,-2919.0502685,-287530.813204,277996.222746,8935.92161218
1725,-115995.695471,-11919.0346858,-381584.682431,309695.849863,-51584.5796759,-1249.95442506,-36033.493492,109124.063085,-38882.4453045,-237149.454633,218421.119954,233285.329296
1726,-135480.402594,-55941.3913507,-342598.836426,324811.047941,-92979.2717689,86765.4884992,-126116.851827,14379.1062759,-197429.33758,-49690.4920135,221611.0352,112635.278491
1727,43090.6267419,139375.423939,-294124.715512,315024.734835,-54582.8820074,-148123.513212,-14040.6773834,148331.379839,-138309.754301,-161781.712209,95247.5184936,245617.258689
1728,158732.068904,-26082.830742,-200638.839648,55852.2885419,-33188.9271566,-57699.1474712,47862.5915578,222264.869309,-106639.438303,-225270.532652,311378.890459,19039.5472017
1729,183542.957306,-166774.121108,-68975.4640355,70360.791928,-57932.6947153,-196276.409223,-59315.3202382,52276.3645988,-1794.0037024,-67561.3341987,95447.6317188,188054.953386
1730,123350.789686,-137477.030512,166281.109244,46859.8041995,-209867.793603,-6646.01180455,116706.646997,186633.478995,-19587.7832425,143938.978033,-64144.775535,109625.650148
1731,97500.6017673,-188343.690093,143962.665129,-118589.010385,-184335.398363,63068.8316022,142052.712345,192710.268499,-110712.732683,-109027.37876,38742.3123221,200233.51098
1732,48632.0624207,768.365378441,194215.780067,-23006.1706766,-216485.218915,37074.6075538,441010.659718,302309.873421,-243576.813075,208580.829967,109849.194712,221589.542066
1733,-98883.4036184,39103.5896086,220496.628406,291686.483062,-221583.584603,5435.12379424,326589.356326,314301.339727,-163476.713705,5566.49761489,267648.329005,75213.3232063
1734,-145520.656324,209590.992625,263876.331988,59804.3863728,-219559.794444,40603.9902712,-26006.3893136,102439.913021,-55104.2003015,21956.7325527,96286.3272453,79456.3555804
1735,-313549.273655,255890.012583,171667.442775,-188171.542851,-277966.618065,115400.429904,-45783.8921988,37592.2878683,-54861.6270202,32458.65541,280806.985221,255469.495877
1736,-362204.64265,288406.279848,167358.373014,-36896.5679266,-360769.702626,10150.4159132,-284921.847953,-55266.8507108,-35234.0871902,-19343.4992548,65467.5829513,-15332.5473875
1737,-218328.344919,10745.5855976,186921.525626,-83197.4543853,-292416.935873,63692.4331387,-211798.286528,-99722.8831481,35436.9159764,-167183.259574,54733.5381368,96797.7457428
1738,-248952.182242,4845.39476779,36877.8115143,-20730.0286011,-331243.290248,31402.6810913,-186754.712297,138851.920639,-49633.9349435,-352020.146309,-68918.6310521,-3750.79299572
1739,-288706.248513,39693.5550963,-112134.651929,160800.706904,-158550.462187,-47343.8310093,-223344.410968,50673.2617315,66068.0535913,-366722.169947,-53957.8957105,-271706.220672
1740,-140369.4998,221500.257913,-83356.8472126,182156.769793,-203153.055829,-94144.6927358,25922.443757,116896.274231,62551.2656767,-210609.646601,20202.560295,-54839.4854727
1741,-140747.621787,225462.191548,92391.5925563,33861.0965994,-104948.327257,20926.8170916,-228451.711821,-34727.1758424,21305.7150245,-355177.373,88461.9992515,-266084.445855
1742,-177685.390754,248240.868396,226545.660666,113305.078638,-185863.54562,-110235.971506,-45367.203486,-9722.96960582,91761.8943449,-222264.790278,43564.3079166,-300426.114798
1743,-175504.906318,39578.4704833,140393.493216,122159.858523,-253131.694994,-112144.414309,-270397.982168,-185575.94396,158222.695091,-288614.559896,-48779.7912134,-203417.859507
1744,-70302.1045819,81888.3489703,50928.9624617,153221.291431,-5794.84790377,22385.8237366,-124677.927342,-191050.842628,41817.565127,-178567.9157,-100645.232006,-280937.055391
1745,-21162.7532079,24475.3394036,-44696.3349192,217964.648947,99398.2082143,-282789.443675,-15878.5054264,-140443.646647,-163241.285304,65677.4026407,-32819.0275731,-1670.3157968
1746,35029.0212048,63221.3521613,165775.163962,-61918.3238955,41564.2481926,-105720.691191,-15287.9644504,-116615.454616,-102614.108171,155774.742515,-18627.1347377,-135724.77677
1747,36622.8455976,78017.928145,63428.2113439,-93094.5290527,81213.2890126,64232.0080259,-147782.731013,-82596.7429799,-62024.7928577,-87964.1004532,110025.484293,-222346.900305
1748,-219406.975458,41545.3369937,-13394.7334178,-64953.5356582,122449.56617,-73178.291857,-73733.5758226,129206.523994,-7225.86545779,6645.97367838,120602.184063,-105756.393057
1749,-135954.860856,-72695.2751574,45256.1609075,-13597.0959416,204445.761491,8266.11858483,3632.19411552,-8126.69154473,-122278.578024,142157.736136,-60118.2736901,-104374.217048
1750,-23027.6751461,29538.5088031,106883.015766,-8528.36279492,202244.057919,-85750.4285218,-200033.165607,-123342.123344,-195172.959942,6600.92685694,-74107.5288627,-155014.9643
1751,-212155.988997,25745.679529,95736.1794351,211923.959117,199616.557725,-98654.0642325,-231753.296481,-11860.9343618,-90729.2583191,83644.6442066,-204308.585823,99660.2828891
1752,-207571.374439,-171733.93979,206857.574583,246786.404358,179497.872098,33446.6016241,-239097.583256,117405.061433,-89719.6314104,40150.8437158,-137526.699678,71132.5493964
1753,-152756.454432,-268653.877886,317542.212324,193820.79013,337013.079714,-11469.3197986,-99778.0312905,-155083.172374,-207340.47669,-91014.8164629,-189526.443293,-106588.892889
1754,10969.4189552,-211902.801949,253123.702685,420031.235798,275552.136391,-141217.606333,-355698.682984,-183094.234721,-76321.2236356,-1864.12665755,-108211.125335,2673.87051629
1755,41696.995059,-39655.4003596,365041.078574,208043.766902,264015.336392,-40299.0962814,-366585.697753,43249.2741851,-180426.149471,49860.3618562,-198296.824877,39160.9368743
1756,36825.3487107,-6234.46251825,141770.039713,79576.7798087,257765.083895,-69844.3700846,-131966.030039,9836.0931229,-135732.13833,130724.761136,-325487.964434,-199802.478486
1757,73924.7206024,-21509.5906211,51073.9460205,114372.837086,203321.100322,73422.1017873,27915.1798271,20610.0488585,-84233.5939922,-63634.2786833,-303810.593541,-374335.923556
1758,218929.444928,-48791.4679661,105207.463567,47244.1783472,181239.649684,-7405.77769501,224695.049202,121007.776277,-18967.3200601,277704.438665,-227424.896584,-222040.70798
1759,203158.699247,113960.969217,-7359.65358992,9898.1293395,93846.0639188,-82733.1167822,-26971.1234649,33566.9108426,-58614.8733178,136349.627286,-298214.935062,-43642.080329
1760,61204.1694981,-21870.5400042,-189037.591033,-206064.520775,-19457.6737749,-127870.88598,-17871.3621823,-155704.022696,-74543.9564241,117224.702165,-43273.3630136,-242727.803497
1761,207420.325276,-149104.880976,-89972.8785931,-77314.55209,-36663.9767097,-149604.361012,-77854.5027152,23764.5896078,190808.522094,295465.582483,17254.5687566,-180246.197501
1762,115589.13709,-81157.4355605,39993.073021,15832.8939579,39163.2024164,-349061.531365,217920.706344,60663.1857638,104243.838999,161677.300843,-77514.6951534,-281201.980738
1763,99967.257813,-143522.827245,8527.14382195,31967.0252289,-3186.68558575,-159772.175327,151552.660607,186224.620034,5845.85284692,159712.325726,-111349.06141,-292017.868005
1764,78748.6158698,160204.34494,61031.2854177,-262187.475964,-28121.6386778,52229.1484941,354419.826535,211718.050232,-73224.9910731,-78510.9765327,-5813.64710079,-74148.1058891
1765,822.498011604,220137.812532,-3278.03141086,94209.9264461,54652.7013444,-43566.5836455,112496.530323,125407.028769,12235.67795,146628.449311,120408.578299,-29171.8783416
1766,69839.8174007,245260.313221,18712.2630347,-59488.4637335,89581.9572074,2715.08273289,-99026.7022035,11726.8855375,140310.581558,171330.2391,161668.97823,107368.195927
1767,19062.7618567,121197.044223,44621.5281987,48267.2573808,124491.615786,-106165.960869,-50252.1780005,166980.70485,281237.488467,63472.8710036,121077.771153,73406.7851118
1768,-50052.5632179,-54055.1261287,32.8757756318,-101373.57169,72967.9597967,-114587.115182,-186952.039743,71291.5009476,222035.494414,105301.732779,137719.82288,89698.1379084
1769,-160481.694693,-46614.7226772,-64940.7568121,-158587.132033,42161.9984859,-85842.7663795,-52000.3650498,202316.501048,253080.203563,58961.7759608,183384.999228,131288.639311
1770,-18777.9930733,19249.2292794,-149805.02504,-289241.319161,-188870.378602,126757.362241,-11125.9260915,286388.525963,271765.816266,20178.0246754,29807.0927598,332481.659994
1771,-16601.8144239,73540.889981,-102929.593355,-516353.994119,-91384.78817,143335.698582,69004.7139034,70597.6214448,125683.750293,-55865.2369988,-200007.505092,139183.080185
1772,146588.480537,235818.08838,-123288.534084,-326801.217115,-33746.4381324,290814.40532,110390.461702,-5205.11476855,196469.495421,-38072.1210176,-81717.6521729,69065.1126403
1773,5567.8823411,137109.37943,-170913.827769,-229530.790761,46902.0400437,264973.092761,62937.3889421,1569.57059378,252605.942504,2652.20417884,-86818.7685112,67795.0293155
1774,184732.455843,71087.1380005,-192381.64987,-285626.737657,227947.667548,383972.436425,-173376.786475,65310.2256363,302715.39528,138260.459512,-148242.684549,49976.7212725
1775,25502.7183695,205916.332487,-159068.979732,-44013.7017966,200091.206302,435326.683525,189841.707267,-63239.1502777,314469.963622,235342.13115,-8624.65029702,-94538.9617097
1776,254922.951779,194115.169734,-187123.781139,-45507.339604,299562.867691,422292.089404,229433.958,-81048.7968899,410898.301629,279654.349978,-42965.4152566,-190225.234369
1777,207054.024553,-5956.75133148,-98086.7977873,-5732.19555181,219658.497048,432878.313248,73107.626965,-52350.4730616,113902.101453,357565.946396,32828.3687768,-188611.774577
1778,29588.6740362,74697.7841398,185154.210837,-60908.6951122,83811.6974555,433046.729041,7235.05883183,-282436.978095,-89915.8354144,226296.030796,26805.1473762,261714.31064
1779,348275.062405,-46604.032986,140216.694915,42129.323768,180821.907266,154144.442137,361701.803136,-258925.941402,-110359.802039,193832.097293,-50040.9139346,169003.901943
1780,-25154.960161,-66537.226741,79811.8208577,-143572.048933,10141.4635366,-4306.27175175,39561.7484314,-428048.759278,-44807.7125423,201627.937323,-244146.124041,189651.320294
1781,117567.626278,-282091.789894,-85762.9141985,-45189.3030761,33983.0674718,-2086.34828044,-10967.5621731,-335191.850805,-151248.419843,155657.222843,-150313.886301,144902.143651
1782,268249.769784,-439555.009657,-109861.836458,-62645.1291346,80327.4991625,9600.36719546,173608.72553,-166263.624369,169296.904018,-57923.4122455,-116892.675538,180286.161597
1783,253665.983407,-384691.706186,-69479.5808701,-170805.831384,12713.3119552,-74062.9010672,-7825.11695625,-208950.300715,47235.871376,-67694.3896395,-24597.9544997,70332.346265
1784,191247.047414,-275031.991054,10778.5004281,-171445.930304,-15561.6902658,57760.732383,113588.445793,-263884.266168,-78256.6437387,82156.2386485,190601.328099,97281.7938035
1785,147051.580736,-157026.747447,-96205.6435619,-267849.973686,-144610.409453,1072.75727862,342829.221127,-107249.584616,-50502.4304074,-156086.820609,103113.413788,174545.945334
1786,-10646.8207981,-24606.3947053,-253934.726659,-105262.387562,-6582.3541143,-76304.3345502,207391.138609,-32770.448581,-62229.7715811,-326172.610131,139957.747209,139937.723849
1787,-76522.0882285,-197394.200904,-304257.054847,-109792.01609,-41775.9853945,-154754.047283,229408.207093,-86801.7598691,-97197.2604066,-364373.092681,193011.134009,228713.391976
1788,-87775.2156882,-243343.694409,-375487.960303,322124.102325,-15272.9438418,-71755.6429821,180787.821957,42167.7187848,-136487.344892,-315048.086678,315303.45329,68293.3058669
1789,-170636.688599,23186.1457468,-410805.038395,288439.745362,-18739.4221765,12981.0545193,-13750.4540191,124944.890238,-81234.1796052,-218555.366027,148823.511329,183480.260302
1790,-182953.839964,-25212.3969711,-368429.958185,316964.756797,-105730.875472,45463.1037229,-86691.9655014,-8396.3755347,-207215.572661,-66702.2789338,113436.015483,154628.340533
1791,-14720.6304876,117976.720215,-343456.788788,336343.81698,-31415.8033128,-225974.960283,-33195.9269968,166093.771821,-87628.0386751,-202984.560094,148909.044827,240283.782151
1792,220599.881613,-17459.752124,-133409.654193,175717.273013,-54850.1404234,-88203.3693257,32045.5260108,299476.21517,-137240.691302,-163160.824893,302325.521833,6887.72159206
1793,232091.738088,-134943.002168,-33478.280755,21623.4023623,-97826.2149809,-236306.682911,-111795.20455,25797.7590556,31838.1650336,-71326.5305521,137111.378693,217300.398645
1794,36667.8278622,-94217.7084761,247590.670899,-54623.3723018,-228400.026553,5697.10849239,94845.1005764,199710.552974,-70594.6490703,70377.4947076,1276.62561232,114958.063862
1795,92253.8579307,-104069.833786,161983.885444,-180564.240432,-225943.832007,72784.6297222,154902.668098,280186.327549,-104908.672228,-13002.6037613,38032.6327246,191258.037858
1796,-10560.2611718,5905.39550738,176987.781082,-42181.3099937,-189541.576953,42461.405847,410315.20802,324237.1466,-142757.904606,19301.7050847,153661.529789,188315.726114
1797,-44982.4098741,42965.392038,231551.859932,305155.493364,-277545.278888,-47496.931689,201750.302195,248405.222498,-51781.7460472,80950.4880974,305413.906731,185143.83886
1798,-205772.044073,243910.301007,236755.893702,91009.4674694,-188718.752454,3016.88075895,-96535.9958613,118036.087588,-149356.238941,52862.7456361,129409.747317,60063.5858205
1799,-341430.559543,229992.769124,204394.852151,-95978.7243496,-314179.06894,40090.0355981,-81754.2652738,20606.8890417,-99458.5842139,73675.3307374,183715.756638,224379.14571
1800,-383849.675267,219393.109608,66585.7671898,-42781.7708572,-362022.778223,13512.7853887,-191131.337419,-41480.0772389,-22748.2686262,-109675.100396,47529.5273536,18622.0560917
1801,-243563.70344,25549.9474581,169570.209021,-20086.0629325,-346578.744081,14012.382889,-154517.327825,-84188.4921542,61396.521297,-163873.046769,-20690.4221133,-90966.7562463
1802,-317686.200426,-9138.64089425,39223.320643,40997.2787307,-339550.535812,79910.6859298,-148247.862312,149131.06886,-62414.2526213,-270807.401693,-73084.1678124,-20960.8173381
1803,-234983.80194,96920.1462575,-39412.1990212,157011.359938,-150901.473794,65974.428818,-96815.2400825,20907.4526863,6919.29682213,-363377.638004,40458.8996891,-195514.188408
1804,-105273.108051,219911.698645,-70303.2605852,167057.218951,-165632.836686,-171447.638342,-85493.173636,152537.170286,8074.69744283,-183819.398529,2675.33971325,-98633.8409244
1805,-211309.808711,285283.341608,109768.917611,-36813.9840031,-115908.584244,72536.5822724,-220420.101917,51400.9851122,81021.4147199,-361129.642465,38958.0801761,-285701.686508
1806,-96300.7312045,168428.832307,207245.984347,66968.2703883,-204841.033684,-142620.142169,-43042.8331832,-37454.9862035,42064.7403593,-292250.142309,70526.7443156,-271215.790237
1807,-177555.933871,35382.4156029,153513.047809,157110.079852,-255940.067505,-125560.164897,-163080.802986,-187641.484348,144462.991713,-255515.549495,-47435.3291774,-230611.507855
1808,-34369.0910667,19553.3639743,27143.7709757,144632.417218,31647.5770888,-39783.0344758,-125071.942195,-217102.616936,14111.6266162,-182521.53646,-100474.577948,-319641.692245
1809,-72029.7985494,-7680.86113652,-34393.0015015,184026.586138,144302.871334,-213876.608463,4767.72369831,-179354.009665,-146123.965972,65813.3427869,-98532.7161011,-33929.9975459
1810,80509.6941954,40769.6669297,225151.32909,-8661.40409566,82202.1372266,-73654.5749909,-28602.8738756,-32488.7747425,-90163.3119181,118792.567456,79163.7985868,-181717.504602
1811,9370.82519296,53343.6691458,18176.1815801,-17166.5559796,104267.039849,50502.2718244,-53291.5851001,-3809.77038549,-114481.405932,-126609.116719,95161.5479518,-241812.513082
1812,-308455.110821,123700.208809,32156.6464188,-64076.1411288,99538.550809,-98027.0290032,50732.6986401,158497.995386,-21649.0757553,90735.8616341,10441.6121978,-150976.370232
1813,-146373.49444,1936.13250045,104348.461097,-53812.3210042,198029.56706,87855.2222936,-48699.9367651,-46075.333957,-165127.220337,92620.6655073,-65354.2906616,-103943.077497
1814,-56516.5723658,3567.37478879,-2069.97291618,189329.295753,204867.738881,-99219.7015294,-145330.788595,-95748.4801066,-194334.480341,-6008.27405605,-65560.6642463,-61540.5997235
1815,-252270.877527,-73100.1322382,95709.9355409,233087.293642,207771.639988,-36419.5898877,-198797.153294,-25331.9448521,-68041.7445587,64952.8286476,-202386.515535,32835.7340387
1816,-130454.130057,-155962.487894,139027.140236,152176.381022,242907.046686,48944.2721565,-158160.618005,56220.7698104,-160006.489758,-604.978576036,-183481.934526,94664.0579624
1817,-124511.677409,-66495.8559299,356287.439463,149596.550072,297156.219352,-78240.2312455,-198369.94385,-143373.259936,-117850.110193,-89531.9449241,-146093.251946,-83992.4104236
1818,-80511.9345546,-181441.639553,265468.994092,373563.28242,285316.357012,-179484.360658,-366930.030438,-127967.242896,-142611.448198,-3605.53404604,-131334.462837,-48158.7898995
1819,20020.5863658,-108702.669159,323894.85353,284656.523148,270398.49198,-81778.9112801,-348365.636445,-20805.7748944,-105005.921962,119967.552179,-325513.574765,-52976.1900969
1820,52820.7745601,24460.2878878,76017.3503933,128490.579155,248149.276787,-20324.0962606,-14973.7236195,-7972.56829316,-196788.667566,184815.615748,-409802.811755,-237516.295658
1821,26273.8278806,-82028.150905,30595.6281098,144419.085085,187850.232814,45292.6386691,58034.5862067,92460.5886769,-78626.243619,-43235.2747311,-288142.737769,-351255.76178
1822,175295.888833,61800.5059727,77875.5023823,23031.9169402,144314.4806,-109141.194218,236134.516471,41094.1398524,-53611.517718,245823.374107,-307943.377144,-282630.986165
1823,156297.554513,69460.3996887,-33764.5442228,-37320.9987074,111322.347824,-131399.840284,16451.9509726,-14583.8793072,4614.94776704,204016.387346,-258827.280821,-154520.271811
1824,138770.729579,-87392.905471,-175927.909681,-172938.282477,17080.5925227,-154255.294923,33968.964673,-195944.583985,-99702.0987625,176551.464573,-37494.4042177,-211043.191588
1825,186797.55694,-113808.702209,-12233.0878358,-45266.5819395,14570.9226272,-171726.236551,50809.8447748,55342.975176,109604.310704,333641.90171,-12557.8070885,-308340.235738
1826,137073.186549,-79010.7882609,-7269.97433931,-67485.9038376,31650.3345616,-229280.661164,120356.31861,71519.3445317,132481.04506,191746.969067,-65962.1481565,-298815.883352
1827,96192.4182069,-30032.1310391,45242.3105417,-43206.8063816,23735.346687,-84502.0010591,174518.856902,211509.507047,107974.736235,93759.0776713,-188088.149782,-239097.231568
1828,-59765.0527718,245563.435238,10844.8759981,-220758.73317,-60800.6997757,26731.1875817,384825.463823,192166.947653,-19348.8053545,14800.6878018,13880.4091127,1226.09182421
1829,-126624.122026,309004.454699,-9907.42169751,7573.93761052,61783.5914873,-94551.6862707,71900.4864861,27236.5927167,-11388.5110291,133601.214776,88572.7308688,36755.7648617
1830,94841.5694863,257614.004776,5429.90936142,-194726.13469,103521.686198,-156658.488426,-40192.9685845,151067.957959,116381.754383,88968.0369725,192599.426627,100616.146919
1831,47350.2833989,111844.841808,18426.6541324,-16697.8022557,63064.6502135,-221046.804113,-182735.417198,210187.048681,323363.211915,155306.052508,32518.1007443,55731.3312066
1832,-94094.4112772,-23719.6301299,52684.7114319,-94614.2555871,51277.5333622,-60162.202057,-154860.861772,14554.2898724,302816.586366,94557.216294,117037.663801,45781.8805185
1833,-122387.687948,-18293.6720873,-111714.393317,-49661.3383415,28890.8021296,-26597.4172729,-114378.868074,191634.081552,301601.412176,31987.1331392,86493.7997111,175720.74162
1834,-7362.1911461,-38150.9881864,-92493.0749397,-319745.189315,-119609.998615,181898.558656,48121.9984126,251166.803971,332938.408526,-36279.2350856,1381.77045411,291714.500744
1835,21120.3344433,101825.61043,-110555.104371,-506041.430636,-93831.6791444,189422.969083,56539.1937467,75387.1700826,197999.618967,-14735.6046721,-276504.287836,73453.4112233
1836,107602.053304,163187.382126,-99165.0587622,-252266.184264,26105.586423,204946.52497,156580.530747,12986.6511434,242529.824166,4259.74455833,1216.68091908,161446.903653
1837,3571.98342346,147163.321144,-93369.4252927,-106703.803612,95738.0534541,308368.496889,35819.2708551,54987.6386682,256704.275299,44723.3222846,-159938.439027,-22018.922034
1838,306792.275787,34691.7213997,-135283.730416,-255032.992859,170434.27145,416834.766077,27349.2572327,28284.028285,255354.790178,107274.869468,-132821.027411,36767.496293
1839,5398.23634733,188828.366958,-204228.448158,-95303.646632,232052.741491,351652.486001,153517.336735,1022.87145488,293883.630272,270102.175807,53527.7559216,-104776.557383
1840,251144.965365,119517.663098,-202567.1739,-43823.4380733,254125.444836,324427.53365,165256.600428,-112571.559877,312492.261534,216628.452377,-92779.1630255,-165088.573285
1841,122249.392254,15813.0748694,-1139.28381738,-49406.7145475,99609.0102642,487309.661433,21749.318431,-95279.8808472,18115.6354904,343378.2518,71424.4775792,-160930.326309
1842,118873.210403,121158.158964,147509.58998,-107363.911384,118572.825399,303499.513172,28655.2010998,-306164.541086,-118693.429901,154715.798939,28922.6015971,186967.77801
1843,229403.712941,-26404.7819205,208430.79187,100042.441718,122106.465515,108310.614753,171372.447942,-422292.672046,-29924.1568779,303844.75123,-59457.0533041,167975.057776
1844,106355.000271,-87008.7374489,90794.3450462,-74482.8382083,10544.4290072,-16844.653881,-2193.27066422,-397867.901457,-65000.6723686,195245.044061,-144385.34958,301540.241449
1845,15168.3829622,-352824.447209,-74482.220053,-17572.6051904,103865.210038,-26777.417434,5555.0093712,-258561.979348,-119090.224198,117250.146484,-57075.1455747,166402.542324
1846,261909.051263,-465246.19631,-51475.6988086,-162862.482602,39763.8508432,-32559.0845095,157460.591328,-171974.036955,177859.206853,-86664.2096617,-90342.9221857,244159.559654
1847,287922.559442,-423757.419306,-98166.1556296,-135035.039858,32961.4830836,-121536.696365,110722.816967,-188344.303888,-21383.8886885,-79474.3030709,16034.3069133,70527.1776775
1848,160819.765941,-203662.071026,-4270.80333558,-170573.047766,-32038.6233172,15155.4325085,78681.6462075,-276506.274017,-643.106362677,48586.6402562,169674.177335,51869.1124184
1849,142340.227734,-149835.829274,-94537.0581973,-227429.111218,-77127.0115327,-82348.7137817,362315.679979,-96669.1498219,-93790.0329467,-203905.270943,81218.362621,252595.313362
1850,56894.9708564,-81369.4534335,-237741.468947,-157172.393548,-113502.789571,-85572.9085194,188652.04133,-54390.9951685,-37327.8913853,-384091.536021,265220.14993,110943.890065
1851,-93900.9156923,-199249.019856,-244439.160845,10029.5056517,12104.762227,-90620.5733557,332678.017106,-146305.964297,-56747.8190436,-388344.025957,205525.495415,181478.328454
1852,-88281.7574992,-194330.0935,-400661.394995,357478.626632,-24472.3392265,-146323.179573,106098.344332,105614.357867,-16532.94886,-259269.144605,259053.448206,142836.05867
1853,-242809.017149,-68706.7839077,-504601.57671,427372.333188,-72641.9149823,-2011.33487523,-109778.773663,162222.395884,-140486.46761,-141701.809547,186979.970707,226510.812888
1854,-167460.310637,-12645.3074801,-230594.324314,418846.324987,-60882.7589174,20822.1746254,28742.6531147,-49291.7052249,-136642.227012,-90466.7836132,138753.335571,104905.545458
1855,16662.8939505,61866.3288275,-277090.894084,307165.613636,-35727.9463834,-152897.538829,-46776.1484622,107438.995699,-93704.2823973,-186559.82708,271219.265534,203557.561557
1856,243594.932627,-33354.6810351,-143757.915489,153571.662356,-67288.3246962,-129753.769812,62720.039333,245144.218659,-87845.0149779,-155230.083017,362545.383722,-44702.6079903
1857,236895.581771,-157117.29969,26897.9340382,-12910.9742988,-19561.740405,-158409.915325,-214743.623056,71558.6533255,50151.3814486,-18885.9662712,109724.919961,198006.981571
1858,1935.14871738,-121365.068414,186441.782434,-16643.1603311,-238368.276206,47799.7266822,103395.618535,226639.097963,-66981.9770214,70524.9577859,-29693.7651002,163451.21134
1859,154073.717068,-91298.5971249,216606.237851,-43606.0608029,-211990.185186,4614.87021717,168425.601745,255957.109166,-132812.287444,-81577.5144808,114145.692088,158663.16478
1860,-63460.6913405,-62190.2596807,137138.394283,11552.4133468,-178626.378522,116386.092809,361607.055277,155359.996434,-97088.7298346,47358.8731953,131496.952168,152684.14252
1861,-61874.2825698,96195.3545567,307970.137565,287046.189313,-255492.639982,-33148.6046006,264277.344143,208014.864291,-45444.4980078,20694.6080736,287508.211188,82349.9234636
1862,-294316.913934,167358.594698,296484.162385,91778.8658699,-194339.295078,6606.42302182,-117372.610165,4862.39128413,-207425.623201,71503.9580173,133353.447364,142613.113347
1863,-297882.349301,247989.276334,174101.402453,-89157.1738774,-297782.987929,34780.147212,-117613.777958,64098.3723116,-57511.4299788,47971.8439381,224974.071171,122100.996289
1864,-410456.542279,218965.810376,120763.227816,-91639.2021813,-335141.015442,-35193.6192613,-193578.633896,-77173.0666438,-47027.6434423,-91160.0434298,88223.3567058,83888.7470295
1865,-218721.266911,15943.2436475,183220.950118,50886.7592438,-397786.449683,-1197.70366315,-148050.656155,-26862.0931487,16928.7623871,-183872.933699,-9416.73711184,-50717.6073739
1866,-301042.587659,25124.0448824,-31940.2659608,118468.439403,-313815.580348,103529.566651,-230732.08372,97236.8463862,-115267.298465,-207847.301341,-95712.9506918,-119790.551127
1867,-192547.950123,177085.114685,-2714.25459493,227065.381614,-198657.785665,44895.1364444,-110311.712453,-39168.3510008,-123.372185892,-406458.777132,103345.557192,-207480.917136
1868,-61464.3449109,169755.683014,-23335.2602227,55954.1179883,-214265.69017,-166863.100856,-170845.835673,140292.431162,54882.3444844,-203916.491769,-36832.9787817,-92383.0479454
1869,-197981.856964,396509.85304,79772.1796645,-62290.0765201,-141254.086371,-50809.4886541,-227050.955167,-30249.1347863,53402.3039892,-377657.049533,65362.1774165,-305048.715372
1870,-86018.633883,182887.398246,188109.397942,173721.619967,-264559.901004,-88369.2792709,6202.24891947,-62896.6447374,49825.1829888,-367481.412163,29462.0267074,-338030.105159
1871,-183291.964373,-12451.3669509,180138.046629,143418.142742,-178456.866689,-45326.3264657,-153740.580487,-207135.572916,130551.791078,-245921.047324,-77528.504625,-289271.065399
1872,-21663.1464039,87255.6835107,60730.2655321,197129.854685,62655.8426776,-77147.1631852,-172845.034806,-213981.693237,50593.8377433,-76204.9323549,-124633.396862,-272630.548203
1873,-92087.3102472,50167.992299,-31754.1232315,31824.9125356,114076.001991,-151855.599587,58890.0489593,-161974.025192,-193915.511572,21034.7955776,-95051.3496317,91948.1047765
1874,99907.2168631,10635.6678843,260276.654208,-18461.8919402,72490.2156211,-56285.23256,-76270.6354707,-95014.9510882,-41147.1148219,89143.7945987,38579.2698389,-157287.804371
1875,1282.00612391,-32378.2907128,-52004.6372775,8811.99649337,119185.72754,26170.8871171,-110720.082514,-33505.8528545,-240822.083499,-152248.530244,149911.225979,-189873.683493
1876,-165461.897448,53408.4448116,6834.0347115,-81729.8874827,136160.217723,-147824.002258,79722.0120583,93708.2843061,17704.1812313,75474.3205596,64143.287062,-186528.29729
1877,-103927.684297,27192.2531059,80721.8299141,60293.525707,144423.659363,35301.4247816,-88023.0747784,5826.86334201,-109077.230743,150079.552283,-52428.1393026,1141.07999493
1878,12847.9566342,-7255.7478267,16478.2629966,154178.12087,131499.15833,-134142.782152,-79151.8900417,-87085.2488784,-185533.268192,-103286.987056,-128727.871338,59413.1162323
1879,-262996.671869,-38360.138969,59423.2839941,177708.469248,217878.093529,-93631.6128016,-218304.030747,-20075.7384198,-52363.6739749,-32271.5224036,-144465.651844,18946.007652
1880,-137586.711259,-91603.2418223,150981.477794,131438.570047,254637.14628,12429.8353063,-73256.8276187,-14860.9914394,-150573.424472,52486.855385,-98432.8605115,51163.9838187
1881,-55766.0748525,-152927.134553,267390.767201,96622.8667133,316381.883953,-89812.0827307,-252485.479948,-246758.712152,-181128.381805,-93787.9335426,-106150.32316,-33418.5103156
1882,-82986.489705,-206842.859149,326468.007429,319374.497066,249528.303772,-112456.469214,-288265.404631,-111482.873501,-189557.508295,115981.678856,-73697.6057998,-125060.735045
1883,62214.4103595,-46527.1443823,349768.467356,270535.311935,252632.583251,-47467.2773218,-258856.915063,-26999.5136111,24158.447525,112805.287383,-402604.258955,38200.8277626
1884,98316.1590939,-5238.48903208,-7052.78725005,83933.3121495,204252.116042,16557.1109393,-5634.27796421,-21208.6445071,-211745.825418,151185.832115,-338882.795788,-197928.33603
1885,61419.1222055,-40839.6801928,121129.221411,18003.3221908,213496.382667,73345.4111526,53801.15391,5654.58138789,-20850.5915767,-25281.498192,-275647.672205,-325970.136723
1886,197259.936357,125413.661267,-5347.37222191,-49322.3374002,178618.248805,-82801.193286,180240.364337,81843.5347671,-109080.849711,305752.114263,-377242.448777,-240355.176778
1887,269631.757887,58642.0376222,-66722.4375447,-183557.315102,66085.4196164,-110793.237841,85607.1625462,-33328.2666122,-7446.32322742,296462.073439,-264717.616316,-176367.628566
1888,71257.978961,-17998.4998103,-163177.640475,-44872.1151309,10884.5367961,-134179.348948,42647.745169,-238628.444112,-19528.7306861,266449.319637,-65449.787479,-254699.367692
1889,231941.586648,-101921.856541,-7843.00981268,-14085.2404892,-7285.57047366,-162863.947723,104655.050777,153759.068336,108670.794204,239010.6322,-115345.100465,-259384.958581
1890,187379.10147,-78912.90309,-15543.4476698,-127222.774265,54620.6258307,-204766.536574,145189.913277,129134.093785,146736.690959,207224.364957,-85198.6705655,-301441.743646
1891,-11343.2832421,-38514.8221021,66944.929955,-46225.3011376,24729.251537,-133955.122278,236059.186747,54461.6488563,74642.0292815,117688.175989,-163181.805258,-171287.467372
1892,-82441.4712287,127398.994604,50671.8195299,-187478.780824,-49176.5419281,62678.5422391,224962.096995,101922.231551,-41096.0217871,58467.7570161,92409.8082256,-90157.2752385
1893,-104361.942935,315537.780376,-96769.4753291,-17465.9359693,94953.3420486,-107792.880641,90851.7104529,93059.59941,65359.0599464,109371.675961,5154.6396068,45954.179462
1894,130395.045478,184935.417498,-5395.95375068,-146978.619619,63056.966433,-148040.630563,-78067.1612665,174219.050085,106862.717035,143162.793173,158321.445315,26566.9966066
1895,-4171.47448806,34805.2810327,94387.4246255,25133.9684717,86373.8809762,-206779.921489,-83265.3582365,224513.561189,258691.372358,159679.119794,90365.9922322,117097.336951
1896,-94339.8507211,-57073.4028936,21291.035124,-83167.1399437,28035.293726,-81482.6636613,-89860.3559419,104898.752254,293886.119903,97139.3601092,182226.421415,72080.4729221
1897,-158689.304841,17067.8895042,-158843.071973,-69647.2695256,-8187.16970973,-18951.3919815,-60834.9585274,176814.257449,317552.616793,39555.9113656,92522.8353407,190152.925557
1898,-49603.8701152,-32222.1215697,-113663.532019,-330003.421453,-142455.108426,152816.895259,106443.544345,295996.57344,223269.383603,-36937.4789849,-57083.0870723,249833.003181
1899,41340.545067,83243.2006246,-129186.084292,-432430.294952,-163935.592319,159460.407337,174992.097481,9416.48794626,205804.967266,-106387.276921,-179775.330495,127656.422162
1900,49691.2080904,170085.629039,-20878.6115703,-297026.340778,13757.1282087,196656.902969,124332.509372,-6605.01081092,200918.843414,-25148.6823996,-431.739345503,55608.2757828
1901,16169.6679097,67566.5868476,-205058.893112,-153841.596122,61505.5201109,341703.381713,82688.4818939,42023.0150805,276424.718992,59923.3702985,-187913.761356,26036.8753653
1902,240016.158742,210777.757252,-112954.829378,-169056.607505,121346.232297,374751.338206,-117089.277609,28310.9085619,272402.942907,143121.515641,-127433.656329,57832.9762849
1903,6325.6752682,217132.826673,-239195.272709,-21766.3792571,213993.416833,412131.178988,152377.933232,-26202.7328203,254177.879674,218570.234136,93237.5541867,-35628.7760498
1904,302413.780197,108343.108966,-270766.087756,-29490.8237657,280433.164817,308472.210903,49570.8979897,12190.0722339,347797.323327,247754.718254,-73103.7727505,-170975.705954
1905,233837.465339,-46908.9040096,-67392.867915,-26641.3790751,132267.889912,440029.372593,-14566.2637062,-168521.095148,16020.2394901,329997.561383,18338.7780188,-66828.3208447
1906,146811.782254,186981.475585,116800.292542,-88170.7879769,156145.610618,303518.87241,97030.9255314,-211324.431874,-92200.4993929,117925.577112,75940.2933765,183524.770736
1907,188720.921887,-89978.0665811,204604.843703,-57484.5272524,91480.6588924,90960.0837551,204414.781092,-375882.260592,-21523.4925582,264834.91115,-172693.751989,109822.052028
1908,141620.165841,-180113.080269,-12281.2854101,-153315.813766,53031.7262353,8289.51538523,-36037.6459324,-412764.364047,-110116.339351,164695.479306,-113263.035539,308545.701364
1909,87076.0156041,-385258.827941,-87127.7841195,-23899.5297692,155268.417629,-43877.3212159,76179.7276873,-261697.074448,-17351.5249567,135354.076691,-121918.926115,173286.955967
1910,234705.861537,-418450.005238,-100547.380518,-161963.943628,58939.0645895,-105210.764665,92928.5276308,-276593.475646,163722.354852,-132514.314936,-34140.2088484,238441.244748
1911,303747.818046,-345965.19673,-4924.14809148,-160670.229105,60546.0669526,-156159.413038,136842.467821,-202567.355527,7125.46988986,-61526.7724705,-30285.528358,163491.129561
1912,237235.300032,-138002.207474,-79044.4500886,-146540.423701,-61999.0673183,72383.6539887,171569.910623,-350760.570877,-22052.2485307,28265.8577467,212851.056354,101633.875653
1913,137539.572258,-156966.410736,-102689.198335,-154671.434873,-91075.8777327,-93538.1001173,153103.288184,-43270.0186882,-88953.0197889,-216896.532827,78287.6500982,184819.586265
1914,-39410.4926065,-77261.0271733,-290868.176331,-180433.440135,-123356.878046,-117254.9305,213602.475448,-126458.518033,-36584.07878,-295394.185058,231372.000655,175792.599693
1915,-21127.1347489,-135826.355769,-272271.003915,-7798.65849477,3803.29350027,-198961.028283,230994.537229,-50912.2238149,-55960.6730013,-450297.370172,165665.671215,110872.37683
1916,-40015.9992148,-259321.64441,-367795.600605,418028.262255,-81479.7578384,-185143.200631,61852.3296458,99325.0740879,22470.4271413,-176006.895694,223421.737542,66741.9696892
1917,-201928.059369,-45890.2488095,-467263.524791,431345.257877,-62567.6140431,44042.3400683,-38449.856362,177781.762492,-70368.6274899,-176804.375366,210323.114505,150956.526068
1918,-187366.065336,-25580.0617912,-329840.073249,433788.354587,-82468.3939437,-95101.9101326,52508.1935495,-7673.12065449,-80402.1477932,-111208.955337,124727.675538,100734.632283
1919,-3937.40427067,112838.651335,-227182.425138,211667.331311,-58650.5497199,-136496.813039,-48899.4716596,151442.894794,-117134.408156,-121775.239379,260722.39455,231589.022055
1920,250829.611354,-101531.117614,-46792.6198177,221114.851345,-34758.3962199,-113187.86244,157777.804946,228546.599135,-90833.8233349,-67957.9740332,286009.450594,-26242.483377
1921,221166.28621,-233220.415478,41833.8342642,-55407.1791253,-42852.270429,-58354.8463899,-151439.920579,151998.448405,-5149.3132996,18272.9857129,166377.936039,188564.173626
1922,-13504.88179,-90563.353541,131281.898269,-55438.2129288,-181892.437242,51496.1750928,123599.385977,203078.894623,-169945.00582,39512.8100751,-60413.9155409,155687.451101
1923,91753.2355921,-75727.949074,199892.993552,-134318.446195,-162183.512876,74274.529139,176195.875708,248535.204828,-55770.0214586,-24257.4175572,113146.03972,265185.112529
1924,-97430.6654442,-46773.5161374,150146.371942,122724.525502,-169029.860975,130761.112282,198103.289708,117064.978946,-89437.4305854,31013.6184232,136670.706862,116514.699365
1925,-15606.6083116,18223.4467116,315158.831038,246360.846657,-213426.213922,1974.92382854,161373.590758,208296.791933,-79881.1295423,22844.2620451,258949.089092,117692.409537
1926,-235838.471617,113367.794785,265112.806006,42036.4052335,-166545.758905,105996.425709,-73897.44017,-17679.8831432,-258929.195725,77269.9242162,221440.263001,152516.57315
1927,-373548.196834,247982.821281,237375.415101,-66580.7068146,-294531.610479,32717.3677631,-128713.455021,50989.0965912,48561.6953695,2613.54031212,228103.81678,51559.763454
1928,-417570.190526,323428.151598,129387.673023,-144901.328519,-390891.134527,30115.1602886,-154041.502385,-121032.784176,-38822.0591824,-183154.210096,154945.733617,45342.4416266
1929,-295582.340759,-15169.6498587,84921.7630751,29349.5959344,-393831.025169,9416.23504877,-140727.666609,-8958.24137012,-19559.5663387,-279780.682207,-42936.1356154,-70757.1964835
1930,-312519.070872,-31447.4466863,-92758.1222682,122304.541343,-252765.761075,75918.3362814,-122455.57419,50506.5153558,-56702.9406812,-253890.604886,-143575.312024,-157314.530241
1931,-249469.60137,134369.175317,-101931.175698,299461.014144,-193665.49279,60785.4550654,-212864.099697,-54526.9765029,-18193.8274061,-349519.637594,112606.212847,-216348.215592
1932,-99273.0089946,163919.317896,-46261.9962172,95235.4321126,-162400.058532,-110160.437083,-229513.538877,8267.70564474,85635.7185344,-259641.618961,28945.3284304,-9861.29903792
1933,-236219.938694,216653.557318,133314.739367,-99879.7182347,-120367.783208,-77976.3888101,-220632.07587,-21688.7095083,-30456.4960457,-357419.279041,-20685.5662421,-205891.346738
1934,-37200.946515,89365.1710429,166923.887967,207234.560937,-275221.695275,-115851.765516,-76833.9259287,-68403.0909175,64693.264206,-244784.097867,76893.9285558,-329954.911908
1935,-174141.099304,34858.4684739,101374.64014,147886.681764,-216137.370749,-67706.2032868,-70144.4093866,-188075.374085,153128.853504,-227224.247935,-20938.724349,-247181.866991
1936,7355.0396159,109864.074373,13050.8554521,124505.154538,9830.17439443,-101797.14189,-125827.99299,-138165.839971,97889.3016776,-129626.203113,-116197.486588,-188279.642785
1937,-89949.3646302,100495.126783,-23050.0165206,16774.8761062,137534.575254,-157068.977602,135607.072988,-128587.427112,-58416.5335462,35856.9255034,-108977.159606,15301.2693989
1938,4799.05073151,-13034.7578774,274079.510435,-29867.3361924,48558.9185499,-33412.0027326,-15676.1873922,30077.9035177,-126950.124849,66935.900133,13949.8725038,-99997.8774918
1939,35084.4928652,-85950.7345785,-72174.0458215,37337.5704449,28602.8239006,42355.5782009,-124585.301374,-18578.6912019,-276961.358462,6548.78132999,154905.438558,-224286.1544
1940,-163304.468112,56152.8878417,42386.4659584,-156402.971404,197890.061875,-196444.46609,103864.87394,72947.9281502,64503.1000312,61941.4555992,89944.8488835,-215505.521166
1941,-40814.6895069,14273.7177199,90186.9031208,75181.869529,185148.241339,47883.1682186,-206153.964172,-64358.1388332,-154275.985731,167647.060031,-75501.152265,-28453.7612659
1942,-1662.57260582,54890.8687996,-53995.6398998,89326.1865775,152325.764676,-90369.2147302,-126505.065656,-69505.322113,-160457.004458,-18784.728961,-97084.4177781,-4396.26920459
1943,-248598.326008,-166666.864361,134239.985356,103272.137283,236753.320277,-14722.5276862,-267672.677764,49402.0226115,-99564.7744752,26114.1492301,-160100.206042,52620.3936913
1944,-230389.699208,-50270.30666,94697.3426686,97014.535187,281534.211158,-37314.3072399,-93697.8614935,-84598.9162709,-165215.935097,-59121.9845179,-155416.98814,-4748.06255726
1945,1818.85738918,-46905.7576056,359799.914981,80243.4549664,315728.422842,-128108.468502,-268018.570165,-237145.903798,-173794.531577,-7477.35788988,-60727.4528708,-93579.3017198
1946,7397.87417089,-203571.410062,260563.117749,341652.75699,295722.61875,-52840.7580276,-319608.779638,-146332.49908,-91693.9979248,164055.241948,-79489.2424283,-27210.5718592
1947,64152.9951044,-75968.1399197,319588.497637,277024.466178,324420.270177,-34324.8784785,-164489.703244,72994.2996024,-5491.89043152,187179.591665,-362746.011575,-3381.92126805
1948,76538.9602484,-53343.4030465,50233.8610596,60701.2880137,169980.231447,-25344.7944252,37958.7974807,-79880.2571532,-175245.066798,153106.93689,-312799.753293,-150757.947183
1949,19929.6041659,56538.4898657,139456.312256,71249.929161,215913.017146,63364.8205662,163665.63827,-39842.4667342,-85476.3838154,29017.6650861,-239537.318502,-257245.004687
1950,196715.432911,101324.757504,-82091.8874207,4663.96151676,169039.122676,-22414.613225,172061.484502,144216.59289,-90877.7379454,278415.196253,-295524.325059,-121334.820105
1951,272526.405131,43649.2502339,-84060.8862754,-113902.556445,96502.4027553,-93011.1592611,67096.3822186,35975.4158677,-48981.8617569,267265.347495,-321710.194634,-149716.32017
1952,113364.525371,79030.4276247,-260788.749024,-54262.3525073,-4477.10157777,-123573.917369,-23118.5203787,-323979.253987,42173.715521,185451.234596,-59381.7003831,-329045.116966
1953,199521.767344,-94629.5743931,-3986.46601209,5204.35417326,-16706.5819359,-146575.109837,39455.634234,186609.148962,148605.86239,258058.142346,-143215.016583,-214102.375792
1954,138318.824233,-123019.643724,2650.43544232,-151295.011275,118600.720125,-196530.957691,232495.512313,242119.209028,90844.4902337,208811.422046,-90243.50885,-326562.679764
1955,21199.3229603,18037.7364497,32006.4773837,-95315.773284,-33948.7329851,-90362.8578411,155551.564452,94093.8043076,3584.7890886,16006.4645263,-130407.680946,-170895.433047
1956,-21855.1611249,38243.6570574,66723.4594365,-144142.392511,-12925.6753959,28150.3184313,181696.069339,130471.799499,15660.9310377,89443.8481072,155675.781452,-113210.858578
1957,13956.4398392,219726.829858,-76739.6747422,-38905.6610519,77507.69797,-109878.951906,68179.9565492,99493.552447,52001.2898228,206340.529945,-39323.6041535,37545.6746122
1958,130583.341122,252962.741606,17801.5354102,-194866.26892,-44302.6184497,-143933.260849,-86370.3076423,181324.839318,150558.267815,180689.833222,215960.195135,51826.2644852
1959,51673.6525146,117180.615904,147807.57074,14149.0475094,-7153.54508403,-219132.15311,-76386.9764921,234161.748056,284845.344631,105923.074584,94633.2835058,47508.9691223
1960,-60264.0692588,-69030.3425474,-88267.2753966,-65458.2397175,-27278.8009929,-167769.448332,-58717.4565744,137475.029042,321571.179841,144061.988407,270045.164722,115693.993869
1961,-81342.2083104,-31031.0435725,-184081.067404,-202485.538078,-46968.8604433,-2605.41428802,49429.2554205,165407.291287,291312.815647,29046.4013355,121554.284052,250248.199852
1962,10104.5096485,-30110.1481541,-131766.840228,-354641.271209,-137007.866103,176017.875067,-7149.07256661,271166.206396,209767.293848,41849.405263,18419.6836987,155462.894568
1963,12064.9098159,121163.023378,-107614.003925,-376349.984002,-209938.955589,259330.533728,143149.39457,-49908.8594181,188025.067993,-79324.2420886,-185100.322946,128313.237423
1964,20341.9482187,170430.079326,-45832.8483459,-244347.355812,-3235.46299656,58925.7775194,131842.31259,-7699.14094626,202159.422974,20556.80153,-59283.299706,37368.6359149
1965,84413.1143903,70878.6759998,-149864.443866,-245464.121219,159807.946148,240867.209188,-56904.0528136,28827.2782453,235070.83478,167552.272104,-228013.777703,12166.6097521
1966,194377.918867,241161.81248,-37205.1879964,-169647.489044,123676.229671,381568.767667,-108862.613995,18547.8532819,199814.435229,151962.522179,-94716.2398975,45865.4835915
1967,19837.9373089,217220.175046,-125277.507217,-81003.6101057,231010.429014,382229.197109,135143.174342,-64462.7981167,245615.432273,230410.616081,37435.4248605,-74309.2952685
1968,271342.089813,72563.5830227,-204116.286044,-2703.27566969,254810.283699,355412.510821,75817.005845,-60298.7617818,251115.408988,143278.450909,-106148.785771,-175511.480883
1969,115441.378425,-29368.0374208,-19151.3594092,-98460.4305863,66305.8925186,382359.00325,-24498.3710458,-191634.476057,-67543.8733018,323483.520081,74355.8846942,24517.6418012
1970,152432.982525,89783.8465735,106719.48431,-41201.5969527,163050.923339,162991.431359,55262.8011822,-289155.740989,-156511.891389,185382.386016,73538.8742963,218080.210229
1971,122943.755407,-50343.5008629,166345.393186,-3522.12385088,6908.47977757,90248.8780167,217726.267931,-371541.513755,-20887.9224128,147178.976404,-102850.228954,230798.087319
1972,121530.414004,-201780.330325,-27773.6859943,-163632.656604,-12415.4213205,90931.9384729,117550.873767,-455063.72093,-47597.3820373,130702.504652,-103608.463392,302353.782094
1973,220182.520677,-395339.045101,-125167.78035,-200616.144305,97621.1473651,-105664.234539,100417.016159,-325670.791184,-18392.3775435,80313.5525051,-80707.4746111,237532.854111
1974,173081.098762,-486861.561516,-50798.6262319,-189208.28503,50546.9228182,-154231.836513,19791.1054885,-215757.388491,256467.007347,-87642.0323268,-89639.1329587,106972.120759
1975,354722.701242,-284127.637069,3212.68864078,-42224.9369875,97244.1265125,-174434.659291,53676.4604611,-237955.033457,10864.9298761,-392.122809971,50656.8714649,139696.114968
1976,291836.105301,-143216.760746,-35814.7374381,-188395.215765,-5752.22215347,99562.5851237,139245.788382,-303887.57265,-49704.4668155,113857.559743,137241.242406,18196.3873552
1977,130620.534589,-107544.559682,-185554.216211,-137298.97979,-150882.562336,-109986.860437,100021.171478,-16315.4999989,-59348.9586517,-171394.397293,39820.4390706,147921.753166
1978,-19389.5710483,-145003.352756,-232391.474244,-162724.238366,-93864.8499345,-170386.155863,197743.280348,-115759.100584,39046.4951457,-342777.373726,280210.906372,182504.155525
1979,-14794.179621,-213977.553484,-297898.417858,65988.9772718,7098.25597928,-140337.381415,299274.870533,-44669.5500856,-42822.3072512,-436431.986281,133838.471253,154168.974937
1980,23202.2502637,-211480.102735,-385698.600633,350526.358495,-84018.7088331,-106935.921304,-19645.4791767,123975.790666,16946.9878875,-209705.918069,167101.734721,95887.7798782
1981,-249233.803763,19107.0320647,-449292.452593,390445.990071,-78318.1740963,64002.1395083,-56768.4111185,188704.819514,-133248.145471,-167353.965999,220531.73609,128239.178485
1982,-140175.575182,26114.1217662,-348050.249969,332545.271098,-58037.2089545,-127485.331076,54391.8025359,-25541.7860665,-103439.899149,-247841.531261,154723.630454,89576.4019286
1983,14414.1702849,150634.867103,-143256.634629,229775.324454,-53161.4329078,-133865.758785,-55304.0585296,201271.187117,-66903.393418,-182863.167796,261043.137857,139632.251162
1984,224843.696094,-26240.7380301,1957.28438458,131733.810741,-2241.23153048,-66621.867275,60827.0746541,177318.7905,-100826.07236,-84099.2458378,219559.740402,31982.3467792
1985,197279.245208,-200047.251953,-59499.1700752,36650.9472214,-71661.9478135,-163719.210681,-62677.4413076,131996.302346,-55762.0484076,55706.5345176,38052.6741063,124453.807123
1986,21376.1120214,-210405.963443,150734.38885,-39050.6826004,-184046.196448,56731.5530302,69334.6845352,263723.17637,-198930.264184,11136.9362407,5067.73453879,98062.4368528
1987,161821.057728,-104820.979627,177497.244076,-45177.5848513,-150755.762474,43913.1673113,224443.228394,270899.116931,-100945.612491,40842.6892169,79664.8244143,205059.837895
1988,-109786.32304,-28202.8649794,148938.95258,199487.464498,-80855.0489705,136592.112423,223674.991234,118442.082971,-92012.3376498,-3387.90262447,66434.551343,110838.073808
1989,-125940.290953,51253.6016279,281345.545608,155972.233793,-186277.086773,-19223.879024,250599.86456,141899.843607,-53913.6949447,35374.5196725,198276.922762,188993.613784
1990,-280767.988488,162912.509661,289159.733779,44176.3405241,-220376.236759,130638.600154,-272411.312835,20792.0221428,-258469.334548,74748.9631051,188560.502278,197563.417239
1991,-279228.430406,197844.00082,213872.452463,73052.6058473,-320642.568796,48667.2125832,-278877.763176,112686.63215,30764.0502513,92220.5014565,206215.051668,-8884.66622402
1992,-377575.93901,230603.123852,120882.783742,-137357.010891,-374057.216627,-19298.0528638,-297909.349674,-115821.32356,-44558.3131043,-213196.223631,105010.632508,99449.4739569
1993,-320418.430467,-60689.243091,21081.0271446,87571.5579927,-426163.290328,-10720.3347028,-285148.263769,50478.801038,-40988.1573054,-307315.519289,1034.75024495,-22419.0494135
1994,-231431.015331,99442.0366311,-89169.1956195,154351.1275,-254742.827732,38571.7285255,-217911.0869,51877.4523995,-44883.9076317,-245399.224316,-207716.558758,-219401.372275
1995,-167665.783568,241760.438043,-94970.2467486,335754.818484,-157775.223454,-17388.1701953,-288140.982694,-6106.20860868,-52917.9997985,-335526.598711,83397.502441,-169301.233512
1996,-184020.687184,145346.318609,1071.81772404,91002.7170234,-161724.556272,-12982.8363299,-232641.159761,72833.9665429,-37190.7500113,-412799.319825,-18028.1958122,-29021.9554394
1997,-236179.093743,207324.634962,159560.706984,-24244.3898252,-171118.520844,-106134.841068,-156022.223557,27735.3982349,6406.03269326,-297880.270447,-42056.6239678,-279811.466978
1998,-46664.8469334,138735.473895,243044.716145,99555.9042473,-201768.185044,-111809.823422,-49959.7180939,-21549.4179239,24122.163846,-258832.735591,-17296.8096501,-309131.984671
1999,-121628.381925,51788.7502445,-17930.7662517,114149.321317,-180258.866374,-68027.8688783,-203168.883692,-139075.021461,194915.908378,-191204.544655,-109278.394364,-345817.589677
2000,41775.2650984,87014.5314054,44797.5190932,234956.306294,55335.9638788,-110406.055199,-164584.184311,-176024.247819,68069.9535394,-33540.3725548,-110681.893173,-46647.2141002
2001,-25197.5910655,15594.220486,-11132.0159333,82530.6464599,108569.019019,-139087.17104,122556.965723,-97482.3124456,-141828.876873,19729.2601021,-28535.142175,-8346.14987414
2002,-5105.87497188,20396.9417514,212751.39123,-104249.976299,44444.1682506,-78058.5936725,-20887.259892,-4152.25422818,-96293.9849144,88738.6193241,77951.2542669,-195443.61976
2003,-39783.0816096,-127065.963367,-54487.4383676,-45389.8343576,39574.4862305,114527.780834,-186271.592343,78472.1986538,-298926.003979,58692.8943254,78764.5399619,-240997.423972
2004,-155602.250169,-5041.89764837,28709.947648,-147874.711994,204193.921286,-169981.879856,84388.575817,32350.4208258,-30601.084307,56280.1631452,-31091.8509652,-177969.560605
2005,44835.1680058,-77479.7380051,149694.2323,70350.8768581,153734.62332,7772.63658064,-67806.7347187,-34493.1772492,-114360.06077,188435.01748,-108196.251429,-207441.924665
2006,6015.39407378,44741.9806344,-90598.494207,47192.3540795,157474.646305,-71042.8493736,-192548.702141,-133448.309009,-169068.382725,33253.8233777,-200023.220767,19110.2577652
2007,-219214.539654,-92176.7250473,146463.151554,55745.1053237,263383.695584,5392.07066258,-152695.377318,31676.6796521,-27685.4213982,24237.860771,-145536.907143,-19220.2155121
2008,-151632.090172,-47706.4941308,120107.503528,112017.081982,260938.945275,10378.1879067,-78404.4762622,-131394.049662,-239287.879831,-84788.2040111,-211334.644681,-43999.7568025
2009,-56169.51315,-22352.2396963,316189.076218,128269.801909,320443.833913,-116201.428429,-245046.053646,-255546.989644,-220544.773733,-56639.633863,-49832.399783,-8603.02433326
2010,28124.2631098,-203372.163928,271443.190283,231977.508297,291305.592006,1586.10651212,-416523.103611,-97849.5921638,-93737.6099313,131838.633746,-71520.3265426,-32778.1219284
2011,8052.57885074,-75555.7498592,299053.79768,219501.68273,270572.010964,-87974.5905494,-187890.943896,41825.4208631,-49712.2059769,100405.753489,-407875.626528,-91530.6343076
2012,52015.4255001,-42312.9533896,39505.1203479,66470.8154144,175487.174524,-30341.0740459,-59199.5581782,-160121.631367,-138356.411881,66323.1646156,-383939.170825,-133453.060589
2013,117440.021159,86529.2610778,85025.4268657,158178.175802,158259.553189,-11956.7306828,137089.647652,788.627469217,-101272.968343,51362.5260599,-278859.586555,-212338.488852
2014,208356.148028,15807.1600834,-92311.9923923,72365.1068894,191431.518709,-39590.8857789,170387.287766,155913.579671,-78224.4678904,311530.23588,-319959.291835,-106582.793792
2015,207082.938418,-35242.1886032,-79923.2005471,-164779.611032,-3173.05995982,16869.2922304,-19466.0472511,-44170.9948421,-54469.4563771,221197.745948,-343331.685626,-156679.566095
2016,325.683219309,17429.9906387,-150101.294073,-46110.0937514,-9157.92635299,-111217.119582,24763.8948098,-152146.088568,69976.5878705,139713.406103,-132018.329388,-262888.773316
2017,74873.6403403,-97459.6149449,-41122.3450271,-30231.8481202,-91380.8774912,-187803.214734,108446.466648,230839.385715,189327.392993,231229.185638,-48470.4986088,-261668.36401
2018,217864.372019,-116914.658537,-60313.8350058,-32116.6522691,90775.3147839,-239422.374594,29415.1775351,266113.110845,74756.7993342,158931.208197,-95239.4790472,-281514.092934
2019,-20267.5855377,29759.3259254,20264.1843311,-125451.892262,38793.1509983,-82834.8375685,281133.662138,256641.436682,25946.5314567,-5269.01242265,-114838.780604,-114271.034799
2020,-7928.7365386,105585.265755,65590.6558884,-137408.520788,78179.6646217,32850.3453099,206650.485012,82317.0127298,-3221.89534059,94278.9602801,111288.776942,-119081.776962
2021,-49319.7770509,255486.128463,-117263.249002,18167.1265228,122795.729399,-101741.772022,91253.0327295,120640.345351,78925.7510196,194200.245322,-16144.9870862,174601.349049
2022,-7313.83012882,147983.698776,82942.028532,-159768.966345,-56191.6748119,-164163.996525,-102069.637983,145538.889009,303213.189848,235498.719568,260594.173044,-56249.4734081
2023,88519.4369218,34565.8878479,84614.4408214,52435.9112314,-50514.9111273,-198514.006027,-67947.2140616,173127.617339,341914.065795,109124.297539,92745.2505732,139838.603372
2024,-71259.0510483,-182565.407399,-135668.219157,-109873.719199,-14066.5648761,-52288.5256239,-99578.9484272,171125.897784,331173.38199,120866.687836,171251.048637,186606.670015
2025,-37858.4491035,15883.0840131,-122494.539277,-233760.598891,-87001.7710498,72256.7066144,-35279.9758481,238150.007225,295715.954457,19331.2483669,107151.093432,242815.121227
2026,-17150.4836828,-135978.469438,-158523.444697,-328640.704414,-112086.208332,129658.620142,60114.0461748,183832.783554,120350.180693,-28552.8520952,-26002.4098208,185680.500089
2027,6944.93462496,80569.2884835,-176833.19038,-343544.644728,-127422.28067,362665.12199,95692.7102856,38846.3781711,125034.421386,5999.84443111,-139311.318843,246545.731689
2028,-6267.99577015,138079.618561,31268.5988067,-253590.746321,36053.3053847,-1989.31933542,175758.607282,88039.8149381,145796.976851,23322.5601952,-107766.539508,96606.7622576
2029,96168.2281415,59878.8907653,-229136.532071,-259848.426671,67750.9908334,269058.317717,86760.9200673,150582.879333,258467.831488,74450.3869359,-124306.813304,7742.51548038
2030,163529.450854,276688.392928,-93821.3836824,-263304.106947,113400.110564,378306.43499,-93501.9571639,62826.6990791,164826.926905,153094.06332,-67390.5443006,-31066.0426138
2031,86214.2549353,196105.743217,-148882.549196,-130499.313334,226054.042584,424632.693477,149986.978393,-99845.6038437,263588.167722,272859.756296,-42325.4886969,-125802.349899
2032,186069.177801,164378.150953,-165282.625977,-55895.6120336,236681.128587,254325.447067,160670.281591,-126909.880214,275016.386161,87150.5762774,31796.0709835,-125153.352421
2033,50695.767155,34848.24271,92527.6093467,-71501.0982259,54657.8851511,359266.332116,141396.675694,-112406.44421,-104921.022771,280483.939289,104292.387929,62593.1825532
2034,137625.946008,10988.3177012,61257.4915574,-39176.6187066,89071.467428,186383.161918,90626.0968595,-286126.689294,-84726.2739508,168426.595114,110892.01972,215741.92789
2035,140151.204417,-122075.729956,142222.521777,-15637.1304107,-31175.9093275,108726.336116,212188.392506,-403750.60977,-8710.48157616,190303.218143,-106922.116333,201638.308827
2036,79766.4513468,-177310.699883,29711.2205603,-130074.542382,-40551.9395567,45843.0749667,61745.6887903,-434166.149461,-92526.4243697,104551.582253,-164475.173572,95817.7214187
2037,317968.902571,-396599.084298,-103488.252297,-179352.576223,50293.8911554,-138292.562942,73373.1625431,-324718.258018,-33314.3048055,116738.170986,-127495.203464,275775.506375
2038,285414.677453,-477660.850441,-26233.64679,-124870.810179,-56593.7193615,-174068.050037,-105270.413518,-164684.889692,161188.217726,-107166.262197,54119.5836956,161229.430579
2039,316216.64552,-312912.95862,15232.3659268,-110518.324683,37874.1981546,-44046.1385553,143104.805326,-172024.584522,-100212.150584,19530.0536705,147819.726685,128921.882434
2040,284419.371977,-176948.713301,-121105.282854,-249100.204658,-70890.0502111,54784.007446,185999.114735,-232801.622762,-115026.324273,77380.7339352,145461.721421,13549.0569065
2041,181519.769319,-190582.644842,-188512.358775,-103670.490865,-110552.299979,-108287.912414,221450.263172,-3935.86807239,-40988.1273322,-228693.618924,126887.244056,86573.1559755
2042,43630.3789046,-203798.871417,-182593.828825,-82432.3044062,-50742.6310952,-142392.896313,144841.770171,-82848.2021988,90708.3995425,-331113.076709,159612.230723,227583.220543
2043,-107448.8663,-199633.935128,-340098.07861,91186.5608733,214.049610372,-136797.576655,327865.382025,-60436.0912817,-101684.140038,-361854.914328,157618.053162,144278.366186
2044,-8558.73036868,-160981.424245,-332765.922141,285302.838481,-71059.5706724,-51362.1768527,-35810.4069924,127626.826713,10229.9066518,-195538.108818,115939.991709,25624.1580891
2045,-175398.170356,-18596.831233,-392850.665592,340130.658874,-127099.05063,60526.3383649,-105309.875476,120137.304896,-106763.919598,-144213.137693,205198.230987,228947.450953
2046,-232711.604272,134708.859577,-264192.257837,326882.041033,-77978.0007157,-114534.516326,24827.6374533,64018.8873975,-146448.96054,-270250.105301,117485.857641,126475.867079
2047,144756.900161,42741.7342218,-140536.522181,119024.822044,-87868.6533093,-168136.687725,37671.5886855,114476.655422,10047.2690164,-254196.464186,307294.575485,185863.18278
2048,187817.245046,-4840.48987708,-112941.311642,190912.740109,-74864.3007265,-151524.815082,-11714.5135714,170405.695903,-75932.4580867,-98791.9648763,205662.517323,172639.68428
2049,138462.995579,-203813.53103,-64116.5655828,-17112.6935516,-52094.9886564,-204282.590035,-10018.770774,159212.107158,-45531.391913,65381.3040697,65647.3921673,76768.7317366
2050,15738.3595677,-268969.085744,159353.833085,-85861.2170935,-167263.233968,71410.7587896,149779.519645,223808.169884,-124077.219549,9638.40278758,-29270.663292,244786.658186
2051,63030.24595,-116690.071004,134305.95547,-105504.375688,-177707.854417,-5077.76748796,247107.825943,344314.663723,-166109.131766,66721.0421867,198871.10504,238774.840658
2052,-116651.140417,-46141.4958054,182232.057246,176494.798202,-64329.943762,136799.024259,251624.424047,93917.4157267,-195198.641252,-19730.9413875,197030.001771,192795.325447
2053,-203759.26016,142621.328858,224537.381675,126191.793637,-155533.661979,42005.4696455,289474.251113,112518.352682,-68419.6297804,17062.0839942,172119.956922,204089.289814
2054,-374290.680961,204921.101412,179897.486657,-55708.8671461,-173338.437546,67337.5726888,-205089.553247,62706.0031218,-260781.777406,16477.0755189,181752.582169,210494.549944
2055,-324029.188393,180355.457285,221370.629724,-70266.2358422,-335528.349686,48524.0912397,-138685.474867,-9503.19385275,-15305.0000364,-9168.84999909,239040.2118,19189.1309601
2056,-316521.30942,260770.902099,80985.8629446,-80249.9836955,-370902.503659,60391.0178274,-142397.010621,-108893.663838,-68723.7055319,-267529.64415,35606.3459486,52652.513322
2057,-359113.482279,-89608.6073014,-1288.08919095,60788.8828941,-399384.828645,33182.2735012,-267407.125106,164292.73622,74149.0611573,-226766.324742,17849.2744535,-85875.1291376
2058,-178755.855883,48043.2732745,-206529.006478,183623.866555,-216782.722332,40429.9021304,-138401.132892,106875.863191,-39382.4643793,-182327.87719,-141176.90953,-257571.841582
2059,-196047.196505,209571.304909,24519.2972758,166603.519937,-175241.642795,97084.2479043,-180774.52923,-11789.362049,-17930.6807688,-272393.287035,45913.5589667,-162341.127153
2060,-226878.262215,109211.314627,55602.3084775,31892.4400697,-145803.457651,-12496.0905558,-262166.811987,89756.1724112,-2173.31315609,-366226.277277,12074.3713603,-125919.670151
2061,-211628.645642,227260.296657,227388.121846,-38656.1020291,-181822.922892,-67741.8088774,-73468.1529259,13775.3675069,102333.031472,-255866.276524,-119567.565038,-194844.857227
2062,-157512.554034,165840.743828,192908.124301,163485.493083,-180468.337997,-54888.145364,-21496.3802419,-108035.748727,3288.32517446,-125726.896157,-14126.6971581,-292278.804109
2063,-147845.210317,86567.4995592,48733.8660898,256213.978202,-155356.171446,-53845.4644807,-267289.789518,-197418.211291,79452.8028446,-151733.373581,-85101.2508551,-401604.191347
2064,52627.8828314,52600.703188,61807.524064,229597.874609,41627.9943316,-123701.206904,-159073.839337,-211982.020545,-127571.475745,-20722.157113,-146738.154479,-104305.65768
2065,-70286.5058795,58251.926615,69690.9174537,39387.6224044,35896.7289317,-136353.231767,14769.6730711,-60358.7431303,-48819.4667314,126399.979729,15003.0423554,65701.7013017
2066,-8356.90799495,141272.868867,196510.512524,-61967.4529703,27334.645378,11784.2846851,-23390.4372236,-66422.8273036,6456.6391651,-22801.6785207,104169.516017,-212193.046464
2067,-61968.9518643,-69563.5046622,-105514.448678,13490.5103447,108692.235344,37080.0305967,-138794.097896,70010.226309,-260070.612582,128120.342616,145257.171398,-214490.647337
2068,-148188.447816,-22859.1406483,19951.4568592,-83232.0971579,188095.609152,-163738.663383,55414.14075,111170.738216,-46886.5978294,64896.7285152,22257.2104195,-169935.111744
2069,21779.400257,58211.4595878,143187.948296,47826.9479063,188572.761929,11827.7813193,-10501.2591568,-135049.129919,-101007.978841,82036.9509484,-146193.962206,-187204.654735
2070,11202.1511546,71547.1044022,-42255.1822517,179031.760846,168482.98931,-178305.005573,-174131.926385,-19185.9772394,-109540.659869,16771.13361,-164862.975361,44338.7872223
2071,-277869.163964,-229778.579332,103306.080806,46340.1875185,201724.33133,35836.9852005,-139854.320412,47758.2930051,-66708.9009601,26855.9451168,-190336.883044,64745.1280359
2072,-90246.4563285,-73190.6671181,155888.582618,39798.9576646,296340.542611,-4541.55849868,-38306.3212205,-203709.794249,-254799.329208,-80314.6500056,-259130.501855,-118424.818416
2073,-92261.3912238,-125346.815367,264990.254776,315112.062441,329858.286874,-90704.3598893,-191384.206804,-184049.183427,-239367.742019,-98013.2136184,5203.79909986,53731.2338619
2074,54702.3290008,-126695.799651,266692.096206,182966.834261,266305.901757,-25786.3615854,-465273.870709,-32621.2809337,-120896.463057,133257.185674,-77676.6102978,36974.9615876
2075,-35834.0914048,-15860.256642,239752.554894,142050.864597,273708.333592,-84894.1272966,-23241.9538444,103178.481347,-29430.5779699,43912.1600476,-384763.834901,-172303.817485
2076,92818.1938894,-17536.0813984,1510.68967727,93873.3984088,243511.961414,-119361.516749,25290.1516903,-139406.277958,-139341.406655,126744.35553,-327479.362322,-225587.543228
2077,137701.429191,836.860229337,112354.695735,128613.909589,175289.007131,-20496.3386504,93329.3050472,-18426.4825333,-47476.766363,150255.636545,-250203.490044,-190554.891783
2078,170686.028929,45005.5292092,-101653.325289,117062.820935,224965.810189,46071.3175589,-654.248432501,159681.638222,-107944.980259,201063.400074,-355382.396846,-26760.0640221
2079,168287.195556,-13143.3186576,-132991.274026,-153760.419599,16869.9042151,-44940.2654661,-1680.81739053,39370.676095,-86573.4272965,189257.751043,-268747.842101,-102741.795909
2080,94121.8443515,-11880.1837378,-129598.445619,-65169.9647197,-20498.1560189,-186132.695868,130793.921605,-84649.4687784,116525.045486,148136.096639,-96874.3227839,-253152.534641
2081,140892.212134,-207686.177446,66425.371204,-82463.7919055,-7269.27925766,-148584.140386,74532.5151443,202198.59927,127260.809819,218210.757762,-106840.275019,-258949.866221
2082,264891.816587,-91892.8234402,-45401.844475,-3808.07503169,98613.090555,-195739.679872,82527.1328659,192655.301891,63830.7361379,108178.164968,-93807.855185,-231469.311609
2083,4073.45566308,83457.7771244,65210.9309581,-71962.1804132,41186.9113461,18446.452903,296135.534016,158614.786655,-35323.5354281,57397.5981288,-18212.9765535,-39468.489009
2084,74223.3049663,186412.645275,33153.7121278,-212415.612529,61052.9384598,-2864.93869636,130624.962418,8339.61291612,-90070.0166499,160195.674366,82947.6539657,-78707.0053884
2085,33020.6082555,264521.989507,-7872.27240995,150778.470351,143409.3334,-89215.4631653,28584.6384972,127675.989323,112335.240002,254749.917999,-28575.0628218,111376.820307
2086,26346.3427569,103357.902315,95212.4596526,-108417.555152,-35390.9817854,-85651.4679085,-91680.0420477,225744.433456,259281.911828,210839.64648,265687.648478,-72046.7894713
2087,-23816.1310156,134469.110722,100193.691082,8594.3123142,-37996.4869547,-155743.240993,-151070.226924,265614.766457,246074.484637,104098.206187,165430.857705,81660.0441931
2088,-46008.5168807,-225256.680258,-167723.903504,-110090.22201,20589.4645989,-51119.261866,-1687.66403146,214618.439681,313127.123699,136596.674195,182124.023995,111627.171628
2089,-20754.5385707,15818.2638439,-101663.777769,-220271.087534,-146780.784773,109144.902906,-62236.9135824,248091.238486,308405.539456,-67771.8164953,-12669.7039015,174031.663201
2090,-58341.3187545,-35361.4040597,-192957.312564,-441242.211187,-98884.3474797,77437.8828464,-36913.7573047,174359.8017,186816.71525,-45643.3178102,-59054.6151525,180254.761018
2091,20383.1344583,177689.358274,-172829.277511,-363599.293,-146399.391742,358715.63586,82305.8764365,41540.0396696,172668.657801,-66965.1459308,-76466.2282646,128802.292646
2092,-32093.1788485,174174.037409,7038.12362895,-313756.692114,23045.0471701,85419.4590263,127745.267582,63.4540938314,228724.413014,51983.21973,-57097.4573231,113959.430341
2093,158658.834962,78379.0009657,-185388.090969,-226586.057059,67009.5637455,257905.559364,-10410.3529723,132730.030816,212126.059211,112177.450434,-215491.747028,-9269.26166259
2094,140066.433075,199930.460413,-39417.1814365,-188882.651267,117370.196786,430221.586887,-34645.323331,30910.0209988,298652.275911,155365.314014,-104903.864022,-18502.1650088
2095,156181.879446,250645.377606,-263471.462275,-152720.136777,227225.355284,410871.684156,87449.0709072,-55655.1972632,233021.540293,170572.159835,32007.7240692,-178604.567417
2096,147260.752365,75526.1357585,-158567.775684,144114.848362,187962.76884,343585.948585,73985.65488,-125903.25318,210328.47169,95065.579305,100635.051745,-58149.2271259
2097,59308.3907179,89705.9324118,124876.290287,-37616.1581065,49571.9764179,362122.883703,12676.1700705,-264619.536364,-79933.8308852,291177.409391,58073.6846604,129332.268514
2098,212713.188654,47137.3272107,-8556.48158621,1527.09387384,104145.473893,167616.25893,227616.321051,-303788.544417,-68980.8561073,177634.266316,43233.820003,222928.378464
2099,100678.248158,-121069.952406,32702.0120535,103039.665234,-54966.5029537,46502.7262091,125422.731145,-346331.03611,15440.7214804,222237.110884,-171987.147904,235629.847557
2100,89388.7428643,-145080.376239,10902.576405,-156463.097568,17137.1779684,91589.4251366,-28582.3052647,-332508.889039,-111581.567745,170714.254788,-120411.399971,140552.071108
2101,250838.170158,-408107.53491,299.639366089,-58039.0394127,34166.7990485,-154587.507552,141362.073228,-292785.365138,21422.270628,35204.2142028,-115796.993099,189183.399398
2102,263192.063053,-347133.701881,-65453.9541687,-65735.6327624,2989.68255719,-104663.187015,-40608.5087226,-193439.558013,124669.899846,-53065.7813337,-12030.5673061,126822.773993
2103,217327.372471,-282059.947558,-5946.33001638,-118412.719736,-43163.581213,33702.7216096,142226.934975,-210815.441644,-23156.9035947,-2988.78307269,277545.878125,161984.42647
2104,242013.207635,-188519.628312,-154497.765664,-247525.798323,-75929.1432841,-15764.0928174,234004.351918,-253387.020129,-106056.010802,-17442.7592117,74319.8728903,93038.0137779
2105,128618.479784,-203093.732957,-234102.586408,-90775.8065064,-47272.2291299,-108139.482454,214921.019304,34587.8980927,-23715.945174,-251058.639651,189483.236265,66165.7767937
2106,98072.6963758,-185843.258958,-201383.189843,-77800.8786493,6160.55088636,-194360.400873,129396.971477,-87590.49538,-61688.2217232,-314560.241075,205849.822631,176277.481653
2107,-63809.3894397,-224034.337936,-250296.249286,148643.601097,39881.4961345,-127653.827514,171660.069128,4804.05599069,-106339.647593,-397157.85701,112044.464957,96440.8887347
2108,-58056.8478118,-76658.6050135,-344711.54685,312563.722097,-81024.0440713,-32743.5150105,-11807.6670317,180781.698652,118187.33165,-251890.010419,107735.190025,231543.816738
2109,-138490.872549,-27079.7139587,-378608.517941,322472.934129,-119778.509201,148564.983013,-31629.8900453,34173.2231961,-202726.609599,-121814.041736,208033.149131,131856.481237
2110,-169343.100694,137774.312704,-316276.577143,302605.303547,-44672.1853538,-138302.127671,49619.0483178,742.79604557,-165526.831409,-248675.068261,109499.368591,132102.231774
2111,206487.870788,16202.5050689,-156543.68382,214203.948088,-108464.369103,-142189.7693,-363.582522061,202610.157641,-81630.3338905,-225103.662128,368908.355943,143543.495716
2112,152725.334489,-123555.825579,-138051.049993,131742.27637,-98274.5449107,-195766.190805,-81781.5866392,57535.3650436,-54792.2684824,-95473.352208,141514.278397,134643.579905
2113,111229.182911,-180244.393815,5494.2031012,-8712.00123198,-183610.505529,-120918.528978,54364.0912824,182132.548805,-28980.5934396,26393.5324401,17245.5785208,48965.2951578
2114,33188.0988911,-265569.041659,133134.06729,-98110.9635208,-143552.46852,199219.539621,120938.482287,252257.266317,-147117.389753,-21716.8604236,111099.986342,205553.009807
2115,83176.2383837,-25910.3849347,71221.4487016,-162408.846648,-287980.112979,39038.2901175,277454.87132,319383.024998,-228119.376496,79764.2244833,131207.263311,229592.019682
2116,-158500.282903,-75721.8677037,194057.734374,109831.221713,-99049.8952333,107378.24147,223688.021415,228102.972308,-161000.316747,-48532.6017142,146831.436155,168492.340407
2117,-153040.870252,135103.224051,244715.887634,181987.633552,-178334.800008,39053.4494292,142020.451134,143415.971949,-96962.0530166,92672.1952974,128305.704427,24594.5080653
2118,-324818.541484,231753.823515,264805.245562,-100537.212608,-165538.366646,61320.940475,-135052.557274,58677.8637409,-201388.817623,18780.5163355,208389.381651,204448.231292
2119,-288368.380327,251929.842223,264665.75817,-50166.0755172,-360552.155672,57588.0196384,-172574.110892,-15390.9532252,-5920.05347696,-64037.5496642,152864.569998,42231.298938
2120,-255197.600348,201425.067897,139311.628479,-106294.130241,-330369.812294,123013.599897,-156978.90859,-139514.8821,64317.2771399,-271068.775496,4521.00919598,68594.3349104
2121,-353909.181298,-106656.189964,-15281.0261406,86621.5294308,-412447.83182,553.780490726,-135509.585955,110561.643681,24937.4018661,-264392.365729,28482.6619219,-50196.5751238
2122,-271320.567396,72401.2713851,-136692.623521,170700.219602,-226611.137403,41409.165965,-155610.58942,74305.2084615,125584.534483,-278447.363597,-137080.494525,-180550.182372
2123,-150068.295589,244728.288071,-11315.200903,108971.411835,-149095.119485,27732.606852,-5927.82891187,57979.1171438,2831.57847462,-235911.260715,72855.0959022,-122712.910072
2124,-222723.079292,131504.239164,101651.02425,8299.52753506,-143318.13386,-27666.2572037,-247738.20197,-43128.8137958,30440.754099,-366549.698045,-27100.0882808,-245300.632001
2125,-185815.362947,306336.737401,153270.094949,56833.1657493,-168609.273342,-121539.187814,-150052.939706,-46682.838282,57461.6929969,-324880.497842,-79594.2940271,-247578.765452
2126,-141429.722237,98602.9331999,158428.24663,64770.2429186,-202312.301665,-53345.143932,13981.8664779,-181133.337469,4504.82366768,-133517.873682,-10348.0800532,-328481.69501
2127,-148195.37939,66922.9825214,53697.608414,154121.989602,-111231.004908,-26638.1593129,-179673.563326,-177014.34242,106999.58916,-130329.185113,-135442.20502,-345020.676611
2128,4390.59090502,105800.192282,40920.3244702,200019.271067,68257.772672,-233267.751289,-183331.740875,-123454.169586,-183756.564145,-39309.7671318,-54774.5881623,-77988.5045519
2129,-102734.43169,130516.773008,67185.0727476,78831.4014001,-5294.05977777,-177761.282191,125820.492485,-62590.2858458,-58911.4754397,178505.935553,65612.0658589,49174.3573778
2130,13826.4821318,110606.927897,79970.9404761,-171713.913429,75924.479346,12796.2260027,-80661.2851739,-140843.303155,-3103.23824789,-63856.0884643,111006.610301,-237952.295287
2131,-90522.8464914,-32679.809478,-102673.874432,-140747.574315,105158.016567,-102292.86768,-191229.981324,18821.7774779,-164676.922331,101514.095168,142935.743989,-128854.081987
2132,-274554.221687,37800.0552286,747.222032047,-86741.4495678,199701.037799,-54919.7170529,-67355.8492207,127007.789567,-74559.0453495,69826.2372375,-22388.8396858,-165961.834859
2133,71926.9427529,19113.788835,71392.7366884,-12062.4716755,217318.196538,16644.1939782,-145946.88315,-79738.13845,-82662.9518312,109385.33235,-95428.3739039,-206831.767137
2134,-66456.6800599,93905.0394336,85171.2901963,188973.166255,177861.664468,-90514.2216909,-184594.061154,562.049674171,-106684.773828,-15214.3062226,-160463.024032,30135.9402403
2135,-250783.929614,-286099.456913,230436.20329,136002.456546,239935.044003,36874.4860169,-180997.128177,34146.3098149,-96375.6684074,31922.5408337,-172976.748257,9757.41340319
2136,-166668.731846,-220782.021799,272914.758612,95994.9650878,288199.899361,-17376.9985846,-126647.14608,-158496.568048,-241842.150888,-119648.549099,-230716.935064,-123041.986403
2137,-56805.3994279,-167289.887328,341114.833989,350634.195253,317398.954469,-56179.5525943,-281846.562438,-227035.455299,-231882.068752,-129805.025104,-25731.6576058,87485.6247908
2138,100074.050344,-37439.2278937,291104.892748,132114.742498,251501.56716,-22830.9519079,-461343.961951,-65424.9903537,-220232.142052,43195.4080155,-109266.333363,91988.808446
2139,-24321.8100391,28186.7300042,153758.212921,80526.7858967,213175.362807,3804.73736762,-141778.483083,16544.2259013,-68091.9400576,104032.836024,-446239.294308,-78832.8065045
2140,-21027.5527369,-12734.7481729,65319.7390736,49557.1063006,248376.060693,-36721.6097731,-22777.3916717,-140499.799332,-59908.4418757,-22147.7309862,-356880.890287,-326636.997255
2141,194539.257377,49837.2014853,146622.420332,102169.205641,214427.079909,-6633.74019223,63832.9842055,128962.025514,-110040.772678,164951.671928,-210529.418093,-192546.34864
2142,299766.854915,105958.152698,-51675.6072717,660.792793354,165794.058249,-81405.8472039,-110021.709934,119365.633648,-121719.324214,116321.34698,-249922.656258,-106978.273013
2143,170095.493347,-64523.0597951,-184946.372893,-51957.5348615,27541.3833002,-100960.831026,42916.6333733,-63220.1657826,-52244.5691748,177408.721595,-188641.609982,-174813.015394
2144,83593.9834702,-31663.5758895,-183754.71576,-97471.919313,-32398.5277198,-167510.836351,14716.50686,-7703.28301047,132340.362,125209.956444,-54547.4264859,-255221.098596
2145,108778.397441,-131030.784838,5217.0045802,-25915.5661282,-23407.3588802,-128327.872028,168083.545106,204289.779179,185979.352939,243455.713836,-120693.216959,-302962.939925
2146,302478.9483,-92578.6665698,-56541.2768024,7757.02208549,88731.478797,-203199.970985,67361.2741696,176207.403177,116327.615166,124374.578334,-71526.8847177,-333547.731901
2147,34828.1967043,143040.266463,36073.8754248,-147996.021821,21708.5541178,-24584.0717947,295843.222007,211486.329046,-68204.7513004,34752.3308861,20708.8883623,10333.9181361
2148,54968.4850953,239348.273648,-22596.1555805,-99176.5012452,75923.4775616,26684.7668438,26602.836053,17529.150873,-46449.7796092,85869.745058,14192.4951399,-81315.5198597
2149,73408.9011569,194072.854908,-17375.7077603,128893.984283,148969.99202,-85263.4789363,-25458.3554298,135694.852941,68668.5977652,270803.348704,31937.5298204,142724.085514
2150,69864.2305449,133071.961223,53340.0627542,-24223.2293921,41570.7284884,-74254.6855527,-101883.868165,269242.490236,191838.503607,142964.508592,214806.515727,-36993.3971493
2151,14436.2423549,147224.350694,28910.7250212,-53627.6846726,-20356.897303,-155969.823502,-208226.72318,225353.140042,295364.26,96933.9554462,73485.8687654,34610.3173476
2152,-115041.857497,-109895.992598,-42187.4559508,-120800.049157,35739.902054,-53947.4740536,-54884.0977293,254562.879166,268509.816467,111170.040917,211056.425849,41586.0928546
2153,13452.4192541,72234.2238373,-132239.488292,-227093.124846,-134320.336796,138345.336795,-87430.2284962,230777.845013,266527.81554,-57586.2436556,53538.2437898,174604.580192
2154,-78316.852881,33431.9307695,-141860.746057,-479314.675067,-124176.678668,169250.591886,-3125.86803669,116147.211825,38919.3967698,-102730.508752,-83579.2953019,206854.53027
2155,141670.216739,246245.809745,-148584.866845,-281806.875866,-102422.846482,327670.07222,114180.028546,58978.6016374,253798.564597,-82184.1280549,-33124.6432358,121169.510595
2156,20479.47345,256445.336842,-68301.2033655,-251166.195571,58538.5975353,147625.472244,72834.9764657,-30204.3846922,249641.735565,-3280.55619636,-84809.5370086,169655.003093
2157,189196.595587,29990.9861587,-162558.306635,-255121.991428,118175.702813,267232.34332,-62534.9885658,103193.888613,329908.300022,41571.7424097,-205720.49774,-19316.4086363
2158,147188.712855,210540.19222,-84778.4327475,-217863.253096,163545.449723,520287.308983,90870.2878064,-48720.960771,336847.572901,197783.031451,-69030.3291099,3208.63257561
2159,151787.83153,188825.004856,-205128.753105,-206638.065066,266655.304281,367656.578859,221106.24399,-27237.5214446,316030.684846,180254.936684,-21384.9595842,-126878.612587
2160,115259.027354,34127.5951345,-118705.307532,135665.113962,147010.224374,372046.797247,25557.2006908,-55514.9211852,120610.625212,180754.519432,43782.1380767,-38896.3772846
2161,66588.5073532,103004.271794,185507.415114,-11185.4733417,49475.8204913,334220.003179,62437.4929961,-307962.715917,-104833.905394,305665.303412,50777.9996925,188410.343485
2162,214534.634183,4585.19371613,102941.901411,-50584.9300123,157249.844234,94767.5527224,333085.570851,-319895.176195,-166945.26329,131211.263935,42440.3037782,130396.520827
2163,10826.6112333,32434.9557408,51369.3340087,-42598.358062,-49306.726585,53656.9965162,129805.299875,-362757.791531,62672.4500894,175082.111773,-175199.888529,142738.958553
2164,121956.619849,-182461.040274,8967.15355679,-165235.491381,-49005.2926746,69567.2207042,-97338.7336333,-304814.337555,-76926.1293243,188440.496794,-157356.54435,61195.4990879
2165,153678.365987,-413342.015235,-62405.5720581,-110586.300742,78116.6670255,-169159.873725,102954.131539,-289805.096019,92235.3602671,-22245.7264455,-87676.5966525,185923.14111
2166,249770.355717,-310768.950738,-78417.733395,-15964.3659643,-3461.23925757,-81813.026125,-58071.4050214,-193081.805032,85364.798166,-11032.6225671,25847.8854222,79855.8772377
2167,202679.845889,-369468.346267,41799.9608515,-117587.712913,-73171.1490495,93468.8092493,22338.4317387,-172274.675958,-57304.2820299,60855.2468293,252288.805105,155746.645604
2168,244539.016748,-247494.511475,-105056.498361,-220942.346226,-103749.657552,-16434.32244,247346.482722,-142145.421091,-33588.7497658,-47514.1697691,97317.0703594,169996.813682
2169,58132.6624143,-191878.06985,-201004.607318,-114530.108112,-48406.9097277,-117928.219526,216798.285862,67979.8607016,-44310.2731089,-268230.897418,209253.841228,41052.6968604
2170,81217.2073654,-96477.6577614,-180343.543429,-144301.017175,-17633.2589224,-179420.243987,143082.645767,-86456.2592201,-119435.840648,-357753.328477,189358.904978,202413.651937
2171,-114351.1684,-326197.798784,-252190.637892,165656.631516,34281.9133625,-61168.4856982,173483.173775,-23141.8536817,-50186.2900654,-296588.538352,190959.454297,50427.5966333
2172,-145256.354221,-113974.685328,-363347.697495,322802.792359,-61763.5267226,-13454.0862223,-33021.6844965,75109.3484365,11213.1905651,-242664.822108,156151.778512,106819.131113
2173,-137892.812401,-111990.32755,-354258.596043,305587.77847,-141388.860571,96834.8465333,-153222.302051,50403.9470141,-218214.66387,-105111.104313,238876.8009,151926.433187
2174,-51938.1407914,132591.733417,-271518.212541,291768.22631,-79829.0205236,-178642.563151,50386.4790162,49709.6709943,-239104.41553,-158023.538396,54574.290848,181176.426469
2175,217676.174291,-3191.9661367,-166663.668817,125057.992359,-56726.3268071,-83699.8351723,36791.8685305,234929.67038,-81556.5401797,-270943.495976,300487.259712,91113.4304073
2176,165996.395025,-206414.223828,-59084.2972603,28435.8550683,-22703.1193354,-147722.028506,-1871.40192956,87175.4601143,-35334.2243177,-70206.9931618,165292.060138,156245.737299
2177,132368.536393,-163721.703761,96095.2831189,37567.4599856,-199976.720463,-64714.7424696,75135.3881984,131508.98993,-24510.6718903,107220.944017,-31774.066985,86868.5575164
2178,133039.006806,-215330.247709,158050.872517,-81345.4387024,-171110.18635,109931.906475,105560.983797,171658.171627,-103118.734623,-42230.7069601,30609.1420106,176019.57054
2179,48812.057324,7830.12967792,106060.92935,-101499.11102,-214810.912611,32984.4165046,450592.943051,358174.108914,-249081.289445,154396.240285,119223.585355,198927.053413
2180,-118506.227648,-5882.44172538,170511.67333,196663.92279,-193376.610636,23689.1509229,302098.889616,207592.975043,-133609.171958,-31392.5802427,239405.560074,137741.295579
2181,-88231.998522,127064.432422,226645.702195,106261.121514,-218610.898866,4689.25830288,17443.2243381,114926.380987,-136243.247456,119265.198065,160857.702095,82869.0901404
2182,-319622.382658,213816.868817,233310.029595,-191759.399596,-258906.949249,99448.5555164,-99639.4548349,34257.5396907,-165972.964398,23729.8947324,262585.837994,180900.142817
2183,-261306.202395,255245.509967,249564.673536,-108462.531251,-343136.58761,22000.8839113,-190444.05744,-76439.736748,-48627.510141,49874.2720661,125101.785174,-29845.6040661
2184,-225478.838994,161096.377627,155490.740615,-102456.700537,-314996.342192,66597.5801835,-158082.520235,-107170.365538,59955.9380651,-248154.986311,90611.4044943,97977.7665032
2185,-247011.714822,-59688.2749818,-4560.66539121,104075.064047,-305848.718892,13104.4753873,-142449.082747,122853.35006,-42185.6057236,-329384.462901,-7179.62331718,9787.90799456
2186,-302036.028877,78731.6817841,-158323.684666,52884.9600793,-202055.59648,-55122.5200372,-237916.033195,60463.650054,68957.4766172,-303013.941101,-100409.740324,-239259.905927
2187,-87970.7168457,236914.616419,-53526.0381696,97466.4924904,-148179.060653,87098.2176803,-81412.8801915,129524.944735,4026.54282229,-200629.263916,85229.0980112,-63293.2068323
2188,-202439.915808,264454.856667,59958.5751339,2151.29309075,-128194.114288,23100.8618588,-329869.452768,-59688.5310958,47459.3513792,-358074.65627,40000.9027784,-198326.140933
2189,-200816.310022,241694.118878,265510.605085,64874.8884038,-206473.568999,-168075.975376,-89842.1141332,-35390.1480805,74110.3337875,-303842.909174,47868.9187764,-317163.394649
2190,-214684.14434,42215.7365959,178855.002775,166994.141674,-195998.319362,-75529.108032,-114162.691149,-249105.703648,46642.4123241,-173681.759753,-28836.8788346,-265054.55206
2191,-106418.653438,59861.6006199,36632.7934796,187078.117247,-15961.3451453,-13419.49984,-148826.743154,-116277.97063,79060.885939,-145748.812059,-66285.2209418,-288233.956497
2192,30344.6146514,89813.6542497,-40515.0900881,243741.407755,103688.423028,-240854.620238,-1463.09798443,-177657.645762,-162299.811188,-19358.9736707,6461.42421302,11679.6456429
2193,-21186.4053332,111210.84173,102881.12651,-36763.160738,1997.83146897,-169549.55627,11588.2416233,-131974.409115,-57499.6410567,180932.372417,-16988.7152537,-54056.508248
2194,190.871463623,23131.1021108,78960.7610184,-212365.489232,94050.8342769,5653.51301942,-190286.650042,-119710.020609,-100216.811919,-68793.9633996,109208.782478,-195317.78867
2195,-76739.5193626,67210.0821497,-65207.0742311,-48281.7066671,107880.076383,-119099.392367,-97667.3851003,64553.8700396,-91514.1842575,41853.7951555,143324.568314,-130799.309649
2196,-225920.478438,-7095.53450958,8099.58347159,-107164.243715,246618.915775,-85571.122008,23277.9486735,60151.3405087,-54429.2956727,148393.244964,-68725.8922832,-121187.334858
2197,23937.99459,37014.5458318,92882.3217205,-97439.5779399,197988.61283,-51929.9848517,-91308.2940286,-158341.175642,-164011.877975,82177.542299,-24597.926003,-207366.180292
2198,-138157.193327,-1493.64298244,-22752.4860549,189973.811034,170978.765462,-63767.802954,-237495.687971,1554.56492584,-84053.2244475,-19682.3154924,-215832.111375,118383.931848
2199,-262631.342203,-227113.186006,208032.665273,171108.448067,179100.697703,47460.6062617,-189140.629635,86223.9867713,-60233.3532213,66899.077559,-94173.8371938,-10121.4970252
2200,-134717.138433,-212851.813616,314388.060815,152166.804267,306063.341051,56523.8203535,-84311.1458807,-137263.979449,-251949.088695,-53370.3147203,-219872.023324,-97944.0473442
2201,-17484.7968197,-240351.973669,326904.986007,344755.702843,222817.392907,-87595.0785865,-306285.89322,-203926.667963,-167148.818624,-68111.3345876,-48529.183331,97858.1755508
2202,21131.0632404,-2265.49479154,323594.137582,210948.438402,212390.294374,13249.714612,-419409.600377,-71609.0292029,-199376.421877,51165.5623222,-171754.912054,20941.9479229
2203,87452.5659445,74613.7570558,80509.9744978,61053.9542316,208317.513914,-73863.9478633,-36606.5832605,-44182.9147804,-190028.218265,68977.3000905,-369958.095506,-83739.9676619
2204,44987.5107662,-104925.884231,49310.04407,76489.9684304,275434.439293,-55351.3542773,-137297.233101,-28829.9930234,-91021.6896951,23302.078343,-383439.109355,-291382.701822
2205,205970.266133,19180.7478712,28463.6633335,98573.2564186,194985.890605,13268.9436007,177497.671188,156406.177403,-56470.080185,184882.904173,-214700.415709,-151605.367821
2206,264529.009108,77942.2368105,3482.78097964,-19295.0656479,130885.584566,-63176.4901351,-110180.085513,44904.7726681,-73645.0925739,134469.978919,-291267.213118,-127824.613479
2207,82611.2482788,-55531.0681998,-205093.375652,-262530.783854,1412.68747221,-106809.060488,-1686.49739804,-87453.3813123,-67940.1190856,167396.504365,-135384.210085,-82069.0984608
2208,198342.002435,-63547.3974487,-105848.967547,-154440.979162,-10396.4782143,-151312.805187,-30635.3020016,22413.9464458,116837.363892,230919.785735,-71357.4585905,-289964.545999
2209,156836.116221,-115615.148447,-24165.9286618,-17687.1670296,5158.12729961,-212605.833548,165093.359942,136353.089637,156976.03521,183900.623189,-106608.285115,-228107.327571
2210,150361.293585,-107005.703011,-18509.9866057,54612.9043474,70326.0416422,-203169.927201,149069.348765,130436.946577,79913.6220651,143098.666655,-196410.744761,-256809.048678
2211,100249.714809,253047.549378,48995.2345653,-195434.420749,57338.5140433,-15456.5514957,464556.817868,296019.914102,-15813.3141046,-34808.5866528,-20482.1782573,7684.11786801
2212,33114.8341406,280178.242486,-21095.0893785,-63853.4142745,63004.64964,19458.0187272,-32799.9288621,128221.585738,23016.8811716,149710.444146,85267.4405437,-25782.830718
2213,83440.1082249,183138.89622,-15947.7332407,27333.8549522,126591.323004,-38896.5845405,-168647.254251,18550.108754,126332.238375,231996.482904,-15547.7251116,-15140.3943467
2214,66478.6879372,175241.787287,35594.2923442,-82291.9427871,79987.19743,-84125.8036944,-87853.9470292,200201.435716,283801.610495,49100.7623925,178263.476283,-13944.696376
2215,-34682.1715229,59388.7917444,5461.10183888,-13541.6800197,5832.19348284,-124105.339957,-185507.064988,137096.538668,212198.051374,122897.461272,111241.532738,-1937.65399249
2216,-135527.541202,-103258.841268,-74876.3476653,-110178.603381,6470.98807998,-20899.5859872,-40819.6506106,214592.537758,250141.293997,137913.889164,231665.140849,64038.2372577
2217,46783.3961395,64770.1819479,-157766.824607,-327130.926706,-176052.005945,91708.1744078,-27217.293991,237992.568048,238104.600131,-20230.578885,30853.2177802,279217.379546
2218,-59926.7987427,43950.404188,-136618.540531,-443622.913533,-91933.8691277,158248.267334,47584.2632306,90504.730537,54037.2911364,-17204.050094,-134735.437089,155139.976727
2219,97530.3238773,211470.573545,-142847.282122,-218788.044795,-75547.8426523,258923.552031,201491.674475,57715.1152449,234910.530965,-138320.124236,-37252.8067947,155019.031961
2220,-53851.0108685,226112.879396,-171484.344111,-317296.626925,33487.282392,239280.059315,7958.1228062,-7905.64734014,196523.153691,-25686.3046764,-79147.1882564,27351.6601204
2221,220104.046193,60806.9950454,-289281.821535,-321027.972262,169414.886712,358566.7299,-130938.021564,100242.533314,303841.889087,71492.8170269,-148352.218028,-42506.6182844
2222,63659.254364,162220.755156,-120708.056175,-197120.430411,148084.570454,522025.073901,181763.958069,-83345.2869932,310681.400514,241468.74692,-188.793567626,-16226.0326827
2223,159400.447563,184881.919582,-132524.88994,-160445.281256,289769.465552,391387.554043,280489.858356,-150422.553048,407619.427469,235452.265053,-26807.2186053,-195039.281205
2224,122341.296669,56820.0160406,-158045.987905,82383.2697832,197708.837138,416014.475919,96693.6406453,-101667.824204,95215.2902663,326019.087769,35858.0789393,-133825.519725
2225,94888.2246222,13957.3499935,119389.869528,-115144.226163,24718.9474139,325971.682825,69530.7439522,-314913.860504,-37462.3206763,219764.399874,57709.3595216,170535.38724
2226,259533.27992,-68407.7389374,238885.786047,-15133.1407977,121275.495317,39287.9867774,256734.627434,-294727.407365,-189258.515484,181720.510744,-40969.7028985,204268.015014
2227,-96027.0027054,-19291.7055437,122152.049729,-144703.073178,-50802.7003955,43330.161064,182348.658521,-439603.284185,-13715.616222,147474.173417,-228325.467869,142955.121976
2228,171304.173407,-180455.191495,-31341.689447,-121492.590205,24882.5971482,86888.2288248,17765.4333705,-314235.2709,-66767.3880385,199830.270771,-144762.602852,153285.968404
2229,207425.686683,-430379.946897,-88229.4364194,-43232.2056072,91094.7477883,-41135.8266837,52992.4180534,-170041.210049,86678.7099399,-19237.6206143,-127892.33922,200612.031766
2230,242492.45309,-347310.277814,-153954.121315,-5912.24846719,-20361.7575005,-90350.2142958,-45255.4861076,-176906.047716,48470.6583398,-35169.5762754,-8922.38934874,35140.75927
2231,157878.362578,-309970.317741,52762.6619491,-95889.5773267,-26653.9929423,105051.073359,25317.1820992,-267508.282308,-87422.5788269,90684.2573063,215396.391411,63963.7282114
2232,234438.599802,-149346.248052,-142868.159517,-296760.011304,-98238.1250537,28270.317513,324848.779159,-128418.279735,-95044.6379602,-59861.6556146,105605.520792,177651.050458
2233,-21894.2298114,-127331.250156,-238909.480096,-60861.522816,-16750.0038244,-137745.233069,91971.7048401,62562.3183765,-50266.8465553,-276473.408131,155850.770947,108595.560644
2234,-41349.5317051,-112636.284514,-227385.572477,-87695.200949,-32820.0720678,-217463.270402,142188.087402,-68341.7493425,-75740.4068246,-361580.5849,259395.790959,190215.901021
2235,-58188.5606177,-342790.235352,-290034.117248,217552.144757,6153.20042777,-45206.9251464,143909.397736,-13936.5595405,-2919.05026842,-287530.813204,277996.222746,8935.92161201
2236,-115995.695471,-11919.0346859,-381584.682432,309695.849863,-51584.5796759,-1249.95442502,-36033.4934922,109124.063085,-38882.4453046,-237149.454633,218421.119954,233285.329296
2237,-135480.402594,-55941.3913508,-342598.836426,324811.047941,-92979.271769,86765.4884991,-126116.851827,14379.1062759,-197429.33758,-49690.4920137,221611.0352,112635.278491
2238,43090.6267417,139375.423939,-294124.715512,315024.734835,-54582.8820075,-148123.513212,-14040.6773832,148331.379839,-138309.754301,-161781.712209,95247.5184935,245617.258689
2239,158732.068904,-26082.8307422,-200638.839648,55852.2885421,-33188.9271566,-57699.1474713,47862.5915578,222264.869309,-106639.438304,-225270.532652,311378.890459,19039.5472018
2240,183542.957306,-166774.121108,-68975.4640356,70360.791928,-57932.6947153,-196276.409223,-59315.3202381,52276.3645987,-1794.00370262,-67561.3341986,95447.6317189,188054.953386
2241,123350.789686,-137477.030512,166281.109244,46859.8041995,-209867.793603,-6646.0118046,116706.646997,186633.478995,-19587.7832424,143938.978033,-64144.775535,109625.650148
2242,97500.6017673,-188343.690093,143962.665129,-118589.010385,-184335.398363,63068.8316022,142052.712345,192710.268499,-110712.732682,-109027.37876,38742.3123223,200233.51098
2243,48632.0624206,768.365378343,194215.780067,-23006.1706765,-216485.218915,37074.6075538,441010.659718,302309.873421,-243576.813075,208580.829967,109849.194711,221589.542066
2244,-98883.4036183,39103.5896087,220496.628406,291686.483062,-221583.584602,5435.12379423,326589.356326,314301.339727,-163476.713705,5566.49761477,267648.329005,75213.3232063
2245,-145520.656324,209590.992625,263876.331988,59804.3863729,-219559.794444,40603.9902713,-26006.3893135,102439.913021,-55104.2003014,21956.7325524,96286.3272453,79456.3555804
2246,-313549.273656,255890.012583,171667.442775,-188171.542851,-277966.618065,115400.429904,-45783.8921989,37592.2878682,-54861.6270201,32458.65541,280806.985221,255469.495877
2247,-362204.64265,288406.279848,167358.373014,-36896.5679263,-360769.702626,10150.4159131,-284921.847953,-55266.8507105,-35234.0871901,-19343.4992548,65467.5829514,-15332.5473875
2248,-218328.344919,10745.5855977,186921.525626,-83197.4543853,-292416.935873,63692.4331387,-211798.286528,-99722.8831482,35436.9159764,-167183.259574,54733.538137,96797.7457429
2249,-248952.182242,4845.39476787,36877.8115144,-20730.0286011,-331243.290248,31402.6810914,-186754.712297,138851.920639,-49633.9349435,-352020.146309,-68918.6310521,-3750.79299567
2250,-288706.248513,39693.5550963,-112134.651929,160800.706904,-158550.462187,-47343.8310093,-223344.410968,50673.2617314,66068.0535913,-366722.169947,-53957.8957106,-271706.220672
2251,-140369.4998,221500.257913,-83356.8472125,182156.769793,-203153.055829,-94144.6927358,25922.4437573,116896.274231,62551.2656767,-210609.646601,20202.5602952,-54839.4854726
2252,-140747.621787,225462.191548,92391.5925563,33861.0965993,-104948.327257,20926.8170915,-228451.711821,-34727.1758424,21305.7150244,-355177.373,88461.9992515,-266084.445855
2253,-177685.390754,248240.868396,226545.660666,113305.078638,-185863.54562,-110235.971506,-45367.2034861,-9722.96960572,91761.8943449,-222264.790278,43564.3079166,-300426.114798
2254,-175504.906318,39578.4704835,140393.493216,122159.858523,-253131.694994,-112144.414309,-270397.982168,-185575.94396,158222.695091,-288614.559896,-48779.7912136,-203417.859507
2255,-70302.1045819,81888.3489702,50928.9624615,153221.291431,-5794.84790367,22385.8237366,-124677.927342,-191050.842628,41817.565127,-178567.9157,-100645.232006,-280937.055391
2256,-21162.7532079,24475.3394037,-44696.3349191,217964.648947,99398.2082143,-282789.443675,-15878.5054264,-140443.646647,-163241.285304,65677.4026407,-32819.0275732,-1670.31579686
2257,35029.0212048,63221.3521612,165775.163962,-61918.3238957,41564.2481926,-105720.691191,-15287.9644507,-116615.454616,-102614.108172,155774.742515,-18627.1347378,-135724.77677
2258,36622.8455975,78017.9281451,63428.2113439,-93094.5290529,81213.2890126,64232.0080259,-147782.731013,-82596.7429799,-62024.7928579,-87964.100453,110025.484293,-222346.900305
2259,-219406.975458,41545.3369936,-13394.7334178,-64953.535658,122449.56617,-73178.291857,-73733.5758225,129206.523994,-7225.86545795,6645.97367853,120602.184063,-105756.393057
2260,-135954.860856,-72695.2751573,45256.1609074,-13597.0959416,204445.761491,8266.11858489,3632.19411543,-8126.69154483,-122278.578024,142157.736136,-60118.2736901,-104374.217048
2261,-23027.6751462,29538.5088032,106883.015766,-8528.36279495,202244.057919,-85750.4285219,-200033.165607,-123342.123344,-195172.959942,6600.92685703,-74107.5288626,-155014.9643
2262,-212155.988997,25745.679529,95736.1794351,211923.959116,199616.557725,-98654.0642323,-231753.296481,-11860.9343619,-90729.2583191,83644.6442065,-204308.585823,99660.2828891
2263,-207571.374439,-171733.939791,206857.574583,246786.404358,179497.872098,33446.601624,-239097.583256,117405.061433,-89719.6314104,40150.8437159,-137526.699678,71132.5493962
2264,-152756.454432,-268653.877886,317542.212324,193820.79013,337013.079714,-11469.3197986,-99778.0312904,-155083.172374,-207340.47669,-91014.8164628,-189526.443293,-106588.892889
2265,10969.4189553,-211902.801949,253123.702685,420031.235798,275552.136391,-141217.606333,-355698.682983,-183094.234721,-76321.2236355,-1864.12665756,-108211.125335,2673.87051638
2266,41696.9950589,-39655.4003594,365041.078574,208043.766902,264015.336392,-40299.0962813,-366585.697753,43249.2741851,-180426.149471,49860.3618561,-198296.824877,39160.9368742
2267,36825.3487108,-6234.46251802,141770.039714,79576.7798087,257765.083895,-69844.3700847,-131966.030039,9836.09312294,-135732.13833,130724.761136,-325487.964434,-199802.478486
2268,73924.7206024,-21509.5906212,51073.9460205,114372.837086,203321.100322,73422.1017873,27915.1798269,20610.0488584,-84233.5939922,-63634.2786833,-303810.593541,-374335.923556
2269,218929.444928,-48791.4679659,105207.463567,47244.1783472,181239.649684,-7405.77769512,224695.049202,121007.776277,-18967.3200601,277704.438665,-227424.896585,-222040.70798
2270,203158.699247,113960.969217,-7359.6535898,9898.12933959,93846.0639188,-82733.1167822,-26971.1234651,33566.9108426,-58614.8733178,136349.627286,-298214.935063,-43642.080329
2271,61204.169498,-21870.5400041,-189037.591033,-206064.520775,-19457.673775,-127870.88598,-17871.3621824,-155704.022696,-74543.9564241,117224.702165,-43273.3630135,-242727.803497
2272,207420.325276,-149104.880976,-89972.8785931,-77314.55209,-36663.9767096,-149604.361012,-77854.5027153,23764.5896077,190808.522094,295465.582483,17254.5687567,-180246.1975
2273,115589.137091,-81157.4355605,39993.0730208,15832.8939579,39163.2024164,-349061.531365,217920.706344,60663.1857636,104243.838999,161677.300843,-77514.6951534,-281201.980738
2274,99967.257813,-143522.827245,8527.14382202,31967.025229,-3186.68558565,-159772.175327,151552.660607,186224.620034,5845.85284688,159712.325726,-111349.06141,-292017.868005
2275,78748.6158696,160204.34494,61031.2854177,-262187.475964,-28121.6386778,52229.1484941,354419.826535,211718.050232,-73224.9910731,-78510.9765328,-5813.64710069,-74148.105889
2276,822.498011507,220137.812532,-3278.03141078,94209.9264461,54652.7013444,-43566.5836456,112496.530323,125407.028769,12235.6779501,146628.449311,120408.578299,-29171.8783417
2277,69839.8174008,245260.313221,18712.2630346,-59488.4637335,89581.9572074,2715.08273292,-99026.7022035,11726.8855376,140310.581558,171330.2391,161668.97823,107368.195927
2278,19062.7618567,121197.044224,44621.5281986,48267.2573808,124491.615786,-106165.960869,-50252.1780004,166980.70485,281237.488467,63472.8710036,121077.771154,73406.7851119
2279,-50052.5632179,-54055.1261288,32.8757757406,-101373.571691,72967.9597967,-114587.115182,-186952.039743,71291.5009477,222035.494414,105301.732779,137719.82288,89698.1379085
2280,-160481.694693,-46614.722677,-64940.7568122,-158587.132033,42161.998486,-85842.7663796,-52000.36505,202316.501048,253080.203563,58961.7759608,183384.999229,131288.639311
2281,-18777.9930733,19249.2292792,-149805.02504,-289241.319161,-188870.378602,126757.362241,-11125.9260918,286388.525963,271765.816266,20178.0246754,29807.0927599,332481.659995
2282,-16601.814424,73540.889981,-102929.593355,-516353.994119,-91384.78817,143335.698582,69004.7139032,70597.6214448,125683.750293,-55865.2369987,-200007.505092,139183.080184
2283,146588.480537,235818.08838,-123288.534084,-326801.217115,-33746.4381325,290814.40532,110390.461702,-5205.11476849,196469.495422,-38072.1210176,-81717.6521728,69065.1126404
2284,5567.88234119,137109.37943,-170913.827769,-229530.790761,46902.0400436,264973.092761,62937.3889421,1569.57059379,252605.942504,2652.20417883,-86818.7685112,67795.0293155
2285,184732.455843,71087.1380009,-192381.64987,-285626.737657,227947.667548,383972.436425,-173376.786475,65310.2256362,302715.39528,138260.459512,-148242.684549,49976.7212725
2286,25502.7183696,205916.332487,-159068.979732,-44013.7017967,200091.206302,435326.683525,189841.707267,-63239.1502778,314469.963622,235342.13115,-8624.65029696,-94538.9617099
2287,254922.951779,194115.169734,-187123.78114,-45507.3396042,299562.867691,422292.089404,229433.958,-81048.7968902,410898.301629,279654.349978,-42965.4152565,-190225.234369
2288,207054.024553,-5956.75133157,-98086.7977872,-5732.19555181,219658.497048,432878.313248,73107.6269651,-52350.4730618,113902.101454,357565.946396,32828.3687766,-188611.774577
2289,29588.6740363,74697.7841398,185154.210837,-60908.695112,83811.6974555,433046.729041,7235.05883172,-282436.978095,-89915.8354144,226296.030796,26805.1473763,261714.31064
2290,348275.062405,-46604.0329861,140216.694915,42129.3237676,180821.907266,154144.442137,361701.803136,-258925.941402,-110359.802039,193832.097293,-50040.9139345,169003.901943
2291,-25154.960161,-66537.2267411,79811.8208578,-143572.048934,10141.4635367,-4306.27175172,39561.7484314,-428048.759279,-44807.7125425,201627.937323,-244146.124041,189651.320294
2292,117567.626278,-282091.789894,-85762.9141986,-45189.3030761,33983.0674719,-2086.3482806,-10967.5621732,-335191.850805,-151248.419843,155657.222843,-150313.886301,144902.143651
2293,268249.769784,-439555.009657,-109861.836458,-62645.1291345,80327.4991624,9600.36719566,173608.72553,-166263.624369,169296.904018,-57923.4122454,-116892.675538,180286.161597
2294,253665.983407,-384691.706186,-69479.58087,-170805.831384,12713.3119553,-74062.9010671,-7825.11695611,-208950.300716,47235.8713761,-67694.3896396,-24597.9544996,70332.346265
2295,191247.047414,-275031.991054,10778.500428,-171445.930304,-15561.6902658,57760.732383,113588.445794,-263884.266168,-78256.6437387,82156.2386486,190601.3281,97281.7938035
2296,147051.580736,-157026.747447,-96205.6435618,-267849.973686,-144610.409453,1072.75727868,342829.221127,-107249.584616,-50502.4304074,-156086.820609,103113.413788,174545.945334
2297,-10646.8207982,-24606.3947054,-253934.726659,-105262.387562,-6582.35411418,-76304.3345502,207391.13861,-32770.448581,-62229.7715812,-326172.610131,139957.747209,139937.723849
2298,-76522.0882285,-197394.200904,-304257.054846,-109792.01609,-41775.9853947,-154754.047283,229408.207093,-86801.759869,-97197.2604068,-364373.092681,193011.13401,228713.391976
2299,-87775.2156882,-243343.694409,-375487.960303,322124.102326,-15272.9438418,-71755.6429822,180787.821957,42167.7187848,-136487.344892,-315048.086678,315303.45329,68293.305867
2300,-170636.688599,23186.1457469,-410805.038395,288439.745362,-18739.4221765,12981.0545193,-13750.4540189,124944.890238,-81234.1796052,-218555.366027,148823.51133,183480.260302
2301,-182953.839964,-25212.396971,-368429.958185,316964.756797,-105730.875472,45463.1037228,-86691.9655016,-8396.37553491,-207215.572661,-66702.2789338,113436.015483,154628.340533
2302,-14720.6304877,117976.720215,-343456.788788,336343.81698,-31415.8033128,-225974.960283,-33195.9269971,166093.771821,-87628.038675,-202984.560094,148909.044827,240283.782151
2303,220599.881613,-17459.752124,-133409.654193,175717.273013,-54850.1404234,-88203.3693259,32045.5260109,299476.21517,-137240.691302,-163160.824893,302325.521832,6887.72159223
2304,232091.738088,-134943.002168,-33478.2807549,21623.4023625,-97826.214981,-236306.682911,-111795.20455,25797.7590555,31838.1650337,-71326.5305521,137111.378693,217300.398645
2305,36667.8278622,-94217.708476,247590.670899,-54623.3723019,-228400.026553,5697.1084924,94845.1005764,199710.552974,-70594.6490703,70377.4947075,1276.62561219,114958.063862
2306,92253.8579308,-104069.833786,161983.885444,-180564.240432,-225943.832007,72784.6297222,154902.668098,280186.327549,-104908.672228,-13002.6037613,38032.6327246,191258.037858
2307,-10560.2611719,5905.39550743,176987.781081,-42181.3099937,-189541.576953,42461.405847,410315.20802,324237.1466,-142757.904606,19301.7050847,153661.529789,188315.726114
2308,-44982.4098742,42965.392038,231551.859932,305155.493364,-277545.278888,-47496.9316889,201750.302195,248405.222498,-51781.7460473,80950.4880972,305413.906731,185143.83886
2309,-205772.044073,243910.301007,236755.893702,91009.4674692,-188718.752454,3016.88075884,-96535.9958612,118036.087588,-149356.238941,52862.745636,129409.747317,60063.5858205
2310,-341430.559543,229992.769124,204394.852151,-95978.7243497,-314179.06894,40090.0355978,-81754.2652736,20606.8890415,-99458.584214,73675.3307376,183715.756638,224379.14571
2311,-383849.675267,219393.109608,66585.7671899,-42781.7708573,-362022.778223,13512.7853885,-191131.337418,-41480.0772388,-22748.2686262,-109675.100396,47529.5273536,18622.0560918
2312,-243563.70344,25549.9474582,169570.209021,-20086.0629325,-346578.744081,14012.3828891,-154517.327825,-84188.4921542,61396.5212971,-163873.046769,-20690.4221132,-90966.7562463
2313,-317686.200426,-9138.64089413,39223.3206429,40997.2787306,-339550.535812,79910.6859298,-148247.862312,149131.06886,-62414.2526213,-270807.401693,-73084.1678124,-20960.817338
2314,-234983.80194,96920.1462574,-39412.1990214,157011.359937,-150901.473794,65974.4288179,-96815.2400825,20907.4526861,6919.29682218,-363377.638004,40458.8996892,-195514.188408
2315,-105273.108051,219911.698645,-70303.2605852,167057.218951,-165632.836686,-171447.638342,-85493.1736358,152537.170286,8074.69744285,-183819.398529,2675.33971329,-98633.8409244
2316,-211309.808711,285283.341608,109768.917611,-36813.9840031,-115908.584244,72536.5822725,-220420.101917,51400.985112,81021.4147199,-361129.642465,38958.0801759,-285701.686508
2317,-96300.7312044,168428.832307,207245.984347,66968.2703878,-204841.033684,-142620.142168,-43042.8331834,-37454.9862034,42064.7403593,-292250.142309,70526.7443153,-271215.790237
2318,-177555.933871,35382.4156028,153513.047809,157110.079851,-255940.067505,-125560.164897,-163080.802986,-187641.484348,144462.991713,-255515.549495,-47435.3291774,-230611.507855
2319,-34369.0910667,19553.3639743,27143.7709756,144632.417218,31647.5770887,-39783.0344757,-125071.942195,-217102.616936,14111.6266163,-182521.53646,-100474.577948,-319641.692244
2320,-72029.7985494,-7680.86113659,-34393.0015012,184026.586138,144302.871334,-213876.608463,4767.72369839,-179354.009665,-146123.965972,65813.3427869,-98532.7161012,-33929.9975457
2321,80509.6941954,40769.6669298,225151.32909,-8661.40409569,82202.1372266,-73654.5749911,-28602.8738757,-32488.7747425,-90163.3119182,118792.567456,79163.7985867,-181717.504602
2322,9370.82519283,53343.6691457,18176.1815801,-17166.5559795,104267.039849,50502.2718244,-53291.5850999,-3809.77038549,-114481.405932,-126609.116719,95161.5479519,-241812.513082
2323,-308455.110821,123700.208809,32156.6464188,-64076.1411285,99538.5508091,-98027.0290031,50732.6986402,158497.995386,-21649.0757554,90735.8616341,10441.6121978,-150976.370232
2324,-146373.49444,1936.13250046,104348.461098,-53812.3210042,198029.56706,87855.2222936,-48699.9367653,-46075.3339568,-165127.220337,92620.6655071,-65354.2906616,-103943.077497
2325,-56516.5723658,3567.3747887,-2069.9729162,189329.295753,204867.738881,-99219.7015294,-145330.788595,-95748.4801066,-194334.480341,-6008.27405623,-65560.6642462,-61540.5997233
2326,-252270.877527,-73100.1322383,95709.935541,233087.293642,207771.639988,-36419.5898877,-198797.153294,-25331.944852,-68041.7445588,64952.8286476,-202386.515535,32835.7340386
2327,-130454.130057,-155962.487894,139027.140237,152176.381022,242907.046686,48944.2721564,-158160.618005,56220.7698104,-160006.489758,-604.978575943,-183481.934526,94664.0579625
2328,-124511.67741,-66495.85593,356287.439463,149596.550072,297156.219352,-78240.2312455,-198369.943849,-143373.259936,-117850.110193,-89531.9449241,-146093.251946,-83992.4104236
2329,-80511.9345547,-181441.639553,265468.994092,373563.28242,285316.357012,-179484.360658,-366930.030438,-127967.242897,-142611.448198,-3605.53404593,-131334.462837,-48158.7898996
2330,20020.5863658,-108702.669159,323894.85353,284656.523148,270398.49198,-81778.9112799,-348365.636445,-20805.7748944,-105005.921962,119967.552179,-325513.574765,-52976.1900968
2331,52820.7745602,24460.2878877,76017.3503932,128490.579155,248149.276787,-20324.096261,-14973.7236194,-7972.56829323,-196788.667566,184815.615748,-409802.811756,-237516.295658
2332,26273.8278806,-82028.1509049,30595.6281099,144419.085085,187850.232814,45292.6386691,58034.5862066,92460.5886769,-78626.2436192,-43235.2747311,-288142.737769,-351255.761779
2333,175295.888833,61800.5059728,77875.5023824,23031.9169402,144314.480601,-109141.194218,236134.516471,41094.1398524,-53611.5177178,245823.374107,-307943.377144,-282630.986165
2334,156297.554513,69460.3996887,-33764.5442227,-37320.9987075,111322.347824,-131399.840284,16451.9509727,-14583.8793072,4614.947767,204016.387346,-258827.280821,-154520.271811
2335,138770.729579,-87392.905471,-175927.909681,-172938.282477,17080.5925226,-154255.294923,33968.9646733,-195944.583984,-99702.0987624,176551.464573,-37494.4042177,-211043.191588
2336,186797.55694,-113808.702209,-12233.0878359,-45266.5819396,14570.9226272,-171726.236551,50809.8447751,55342.975176,109604.310704,333641.90171,-12557.8070886,-308340.235737
2337,137073.186549,-79010.7882611,-7269.97433937,-67485.9038378,31650.3345615,-229280.661163,120356.31861,71519.344532,132481.04506,191746.969067,-65962.1481565,-298815.883352
2338,96192.4182068,-30032.1310392,45242.3105417,-43206.8063818,23735.3466869,-84502.0010592,174518.856902,211509.507047,107974.736235,93759.0776712,-188088.149782,-239097.231568
2339,-59765.0527718,245563.435238,10844.8759981,-220758.733169,-60800.6997756,26731.1875816,384825.463823,192166.947653,-19348.8053546,14800.6878018,13880.4091127,1226.09182418
2340,-126624.122027,309004.454698,-9907.42169756,7573.93761069,61783.5914872,-94551.6862706,71900.4864861,27236.5927167,-11388.5110291,133601.214777,88572.7308687,36755.7648618
2341,94841.5694861,257614.004776,5429.90936124,-194726.13469,103521.686198,-156658.488426,-40192.9685845,151067.957959,116381.754383,88968.0369725,192599.426627,100616.146919
2342,47350.283399,111844.841808,18426.6541324,-16697.8022557,63064.6502135,-221046.804113,-182735.417198,210187.048681,323363.211915,155306.052508,32518.1007443,55731.3312067
2343,-94094.4112772,-23719.6301297,52684.711432,-94614.2555869,51277.5333622,-60162.2020569,-154860.861772,14554.2898726,302816.586366,94557.216294,117037.663801,45781.8805184
2344,-122387.687948,-18293.6720872,-111714.393317,-49661.3383414,28890.8021296,-26597.417273,-114378.868074,191634.081552,301601.412176,31987.1331394,86493.7997112,175720.74162
2345,-7362.19114621,-38150.9881864,-92493.0749398,-319745.189315,-119609.998615,181898.558656,48121.9984129,251166.80397,332938.408526,-36279.2350855,1381.77045411,291714.500744
2346,21120.3344435,101825.61043,-110555.104371,-506041.430636,-93831.6791444,189422.969083,56539.1937466,75387.1700824,197999.618967,-14735.6046723,-276504.287836,73453.4112232
2347,107602.053304,163187.382126,-99165.0587621,-252266.184263,26105.586423,204946.52497,156580.530747,12986.6511435,242529.824166,4259.74455833,1216.680919,161446.903653
2348,3571.98342324,147163.321144,-93369.4252928,-106703.803612,95738.0534542,308368.496889,35819.2708552,54987.6386681,256704.275299,44723.3222846,-159938.439027,-22018.922034
2349,306792.275787,34691.7213997,-135283.730416,-255032.992859,170434.27145,416834.766077,27349.2572328,28284.0282849,255354.790178,107274.869468,-132821.027411,36767.496293
2350,5398.23634748,188828.366958,-204228.448157,-95303.646632,232052.741491,351652.486001,153517.336735,1022.87145493,293883.630272,270102.175807,53527.7559215,-104776.557383
2351,251144.965365,119517.663098,-202567.1739,-43823.4380734,254125.444836,324427.53365,165256.600428,-112571.559877,312492.261534,216628.452377,-92779.1630255,-165088.573285
2352,122249.392254,15813.0748693,-1139.28381741,-49406.7145476,99609.0102642,487309.661433,21749.3184307,-95279.8808475,18115.6354905,343378.2518,71424.4775792,-160930.326309
2353,118873.210403,121158.158964,147509.58998,-107363.911384,118572.825399,303499.513172,28655.2010996,-306164.541086,-118693.429901,154715.798939,28922.6015971,186967.77801
2354,229403.712941,-26404.7819207,208430.791871,100042.441718,122106.465515,108310.614753,171372.447942,-422292.672046,-29924.1568779,303844.75123,-59457.0533041,167975.057776
2355,106355.000271,-87008.7374489,90794.3450463,-74482.8382081,10544.4290071,-16844.653881,-2193.27066441,-397867.901457,-65000.6723684,195245.044061,-144385.34958,301540.241449
2356,15168.3829623,-352824.447209,-74482.220053,-17572.6051904,103865.210038,-26777.417434,5555.00937098,-258561.979348,-119090.224199,117250.146484,-57075.1455747,166402.542324
2357,261909.051263,-465246.19631,-51475.6988087,-162862.482602,39763.8508432,-32559.0845096,157460.591328,-171974.036955,177859.206853,-86664.2096618,-90342.9221858,244159.559654
2358,287922.559442,-423757.419306,-98166.1556297,-135035.039858,32961.4830835,-121536.696365,110722.816967,-188344.303888,-21383.8886886,-79474.3030708,16034.3069131,70527.1776777
2359,160819.765941,-203662.071026,-4270.80333558,-170573.047766,-32038.6233172,15155.4325087,78681.6462074,-276506.274017,-643.10636261,48586.6402563,169674.177335,51869.1124186
2360,142340.227734,-149835.829274,-94537.0581974,-227429.111218,-77127.0115328,-82348.7137815,362315.679979,-96669.1498218,-93790.0329466,-203905.270943,81218.362621,252595.313362
2361,56894.9708565,-81369.4534336,-237741.468947,-157172.393548,-113502.789571,-85572.9085195,188652.04133,-54390.9951685,-37327.8913852,-384091.536021,265220.14993,110943.890065
2362,-93900.9156923,-199249.019856,-244439.160845,10029.5056518,12104.762227,-90620.5733556,332678.017106,-146305.964297,-56747.8190436,-388344.025957,205525.495415,181478.328454
2363,-88281.7574993,-194330.0935,-400661.394996,357478.626632,-24472.3392265,-146323.179573,106098.344333,105614.357867,-16532.9488601,-259269.144605,259053.448206,142836.05867
2364,-242809.017149,-68706.7839077,-504601.57671,427372.333188,-72641.9149824,-2011.33487501,-109778.773663,162222.395884,-140486.46761,-141701.809547,186979.970707,226510.812888
2365,-167460.310637,-12645.3074802,-230594.324314,418846.324987,-60882.7589174,20822.1746255,28742.653115,-49291.7052249,-136642.227012,-90466.7836133,138753.335571,104905.545458
2366,16662.8939506,61866.3288273,-277090.894084,307165.613636,-35727.9463834,-152897.538829,-46776.1484623,107438.9957,-93704.2823975,-186559.82708,271219.265534,203557.561557
2367,243594.932627,-33354.681035,-143757.915489,153571.662356,-67288.3246962,-129753.769812,62720.0393332,245144.218659,-87845.0149778,-155230.083017,362545.383722,-44702.6079903
2368,236895.581771,-157117.29969,26897.9340382,-12910.9742989,-19561.7404049,-158409.915325,-214743.623056,71558.6533253,50151.3814486,-18885.9662713,109724.919961,198006.981571
2369,1935.14871749,-121365.068414,186441.782434,-16643.1603309,-238368.276206,47799.7266822,103395.618535,226639.097963,-66981.9770213,70524.9577861,-29693.7651,163451.21134
2370,154073.717068,-91298.597125,216606.237851,-43606.0608029,-211990.185186,4614.87021718,168425.601745,255957.109166,-132812.287444,-81577.5144809,114145.692088,158663.16478
2371,-63460.6913405,-62190.2596807,137138.394283,11552.4133468,-178626.378522,116386.09281,361607.055277,155359.996434,-97088.7298346,47358.8731953,131496.952168,152684.14252
2372,-61874.2825699,96195.3545567,307970.137565,287046.189313,-255492.639982,-33148.6046008,264277.344143,208014.864291,-45444.4980077,20694.6080735,287508.211188,82349.9234637
2373,-294316.913934,167358.594698,296484.162385,91778.8658698,-194339.295078,6606.42302174,-117372.610165,4862.39128396,-207425.623201,71503.9580174,133353.447363,142613.113347
2374,-297882.349301,247989.276334,174101.402453,-89157.1738774,-297782.987929,34780.147212,-117613.777958,64098.3723116,-57511.4299788,47971.8439381,224974.071171,122100.996289
2375,-410456.542279,218965.810376,120763.227816,-91639.2021812,-335141.015442,-35193.6192614,-193578.633895,-77173.0666437,-47027.6434423,-91160.0434298,88223.3567059,83888.7470294
2376,-218721.266911,15943.2436474,183220.950118,50886.7592437,-397786.449683,-1197.70366309,-148050.656155,-26862.0931488,16928.7623872,-183872.933699,-9416.73711196,-50717.6073738
2377,-301042.587659,25124.0448821,-31940.2659608,118468.439403,-313815.580348,103529.566651,-230732.08372,97236.8463861,-115267.298466,-207847.301341,-95712.9506918,-119790.551127
2378,-192547.950123,177085.114685,-2714.25459489,227065.381614,-198657.785665,44895.1364445,-110311.712453,-39168.3510008,-123.372185888,-406458.777131,103345.557192,-207480.917136
2379,-61464.344911,169755.683014,-23335.2602227,55954.1179884,-214265.69017,-166863.100856,-170845.835673,140292.431162,54882.3444843,-203916.491769,-36832.9787817,-92383.0479451
2380,-197981.856964,396509.85304,79772.1796643,-62290.0765202,-141254.086371,-50809.4886544,-227050.955167,-30249.1347863,53402.3039892,-377657.049533,65362.1774164,-305048.715372
2381,-86018.6338832,182887.398246,188109.397941,173721.619967,-264559.901004,-88369.2792709,6202.24891938,-62896.6447377,49825.1829887,-367481.412163,29462.0267075,-338030.105159
2382,-183291.964373,-12451.3669506,180138.04663,143418.142742,-178456.866689,-45326.3264657,-153740.580487,-207135.572916,130551.791078,-245921.047324,-77528.504625,-289271.065399
2383,-21663.1464036,87255.6835109,60730.2655322,197129.854685,62655.8426777,-77147.163185,-172845.034806,-213981.693238,50593.8377432,-76204.932355,-124633.396862,-272630.548203
2384,-92087.3102473,50167.9922991,-31754.1232314,31824.9125354,114076.001991,-151855.599587,58890.0489595,-161974.025192,-193915.511572,21034.7955775,-95051.3496316,91948.1047763
2385,99907.2168631,10635.6678844,260276.654208,-18461.89194,72490.2156212,-56285.2325599,-76270.6354708,-95014.9510882,-41147.1148218,89143.7945987,38579.2698389,-157287.804371
2386,1282.00612393,-32378.2907128,-52004.6372775,8811.99649337,119185.72754,26170.8871172,-110720.082514,-33505.8528545,-240822.083499,-152248.530244,149911.225979,-189873.683493
2387,-165461.897448,53408.4448117,6834.03471129,-81729.8874825,136160.217723,-147824.002258,79722.0120582,93708.2843062,17704.1812313,75474.3205595,64143.2870618,-186528.29729
2388,-103927.684297,27192.253106,80721.8299141,60293.525707,144423.659363,35301.4247816,-88023.0747784,5826.86334206,-109077.230743,150079.552283,-52428.1393025,1141.07999499
2389,12847.9566342,-7255.74782661,16478.2629968,154178.12087,131499.15833,-134142.782152,-79151.8900416,-87085.2488783,-185533.268192,-103286.987056,-128727.871338,59413.1162323
2390,-262996.671869,-38360.138969,59423.2839941,177708.469248,217878.093529,-93631.6128016,-218304.030747,-20075.7384198,-52363.6739748,-32271.5224036,-144465.651844,18946.0076519
2391,-137586.711259,-91603.2418224,150981.477794,131438.570047,254637.14628,12429.8353062,-73256.8276187,-14860.9914396,-150573.424471,52486.855385,-98432.8605114,51163.983819
2392,-55766.0748529,-152927.134553,267390.767201,96622.8667134,316381.883953,-89812.0827307,-252485.479948,-246758.712152,-181128.381805,-93787.9335426,-106150.32316,-33418.5103156
2393,-82986.489705,-206842.85915,326468.007429,319374.497066,249528.303772,-112456.469214,-288265.404631,-111482.873501,-189557.508295,115981.678856,-73697.6057999,-125060.735045
2394,62214.4103595,-46527.1443821,349768.467356,270535.311935,252632.583251,-47467.2773218,-258856.915064,-26999.5136112,24158.4475249,112805.287383,-402604.258955,38200.8277625
2395,98316.159094,-5238.48903203,-7052.78724984,83933.3121496,204252.116042,16557.1109392,-5634.27796445,-21208.644507,-211745.825418,151185.832115,-338882.795788,-197928.33603
2396,61419.1222054,-40839.6801927,121129.221411,18003.3221909,213496.382667,73345.4111525,53801.1539095,5654.58138799,-20850.5915769,-25281.4981919,-275647.672205,-325970.136723
2397,197259.936357,125413.661267,-5347.37222169,-49322.3374002,178618.248805,-82801.1932861,180240.364337,81843.5347672,-109080.849712,305752.114263,-377242.448777,-240355.176778
2398,269631.757887,58642.0376225,-66722.4375447,-183557.315102,66085.4196165,-110793.237841,85607.1625463,-33328.2666122,-7446.3232274,296462.073439,-264717.616316,-176367.628566
2399,71257.9789608,-17998.4998102,-163177.640475,-44872.1151308,10884.536796,-134179.348948,42647.7451691,-238628.444112,-19528.7306859,266449.319637,-65449.7874788,-254699.367692
2400,231941.586648,-101921.856541,-7843.00981254,-14085.2404892,-7285.57047379,-162863.947723,104655.050777,153759.068336,108670.794204,239010.6322,-115345.100465,-259384.958581
2401,187379.10147,-78912.9030899,-15543.4476697,-127222.774265,54620.6258307,-204766.536574,145189.913277,129134.093785,146736.690959,207224.364957,-85198.6705655,-301441.743646
2402,-11343.283242,-38514.8221021,66944.9299549,-46225.3011377,24729.2515369,-133955.122278,236059.186747,54461.6488564,74642.0292815,117688.175989,-163181.805257,-171287.467372
2403,-82441.4712286,127398.994605,50671.8195298,-187478.780824,-49176.5419283,62678.5422391,224962.096995,101922.231551,-41096.0217871,58467.7570161,92409.8082256,-90157.2752385
2404,-104361.942935,315537.780376,-96769.475329,-17465.9359694,94953.3420487,-107792.880642,90851.7104529,93059.5994099,65359.0599463,109371.675961,5154.63960681,45954.179462
2405,130395.045478,184935.417498,-5395.95375059,-146978.619619,63056.9664331,-148040.630563,-78067.1612665,174219.050085,106862.717034,143162.793173,158321.445314,26566.9966064
2406,-4171.47448817,34805.2810326,94387.4246253,25133.9684716,86373.8809761,-206779.921489,-83265.3582365,224513.561189,258691.372358,159679.119794,90365.9922321,117097.336951
2407,-94339.850721,-57073.4028935,21291.0351241,-83167.1399435,28035.293726,-81482.6636612,-89860.3559418,104898.752255,293886.119903,97139.3601091,182226.421415,72080.4729218
2408,-158689.304841,17067.8895042,-158843.071973,-69647.2695256,-8187.16970981,-18951.3919816,-60834.9585273,176814.257449,317552.616793,39555.9113656,92522.8353406,190152.925557
2409,-49603.8701152,-32222.1215695,-113663.532019,-330003.421453,-142455.108427,152816.895259,106443.544345,295996.57344,223269.383603,-36937.478985,-57083.0870726,249833.003181
2410,41340.5450669,83243.2006247,-129186.084292,-432430.294952,-163935.592319,159460.407337,174992.097481,9416.48794625,205804.967266,-106387.276921,-179775.330495,127656.422162
2411,49691.2080905,170085.629039,-20878.6115705,-297026.340778,13757.1282086,196656.902969,124332.509372,-6605.01081091,200918.843414,-25148.6823998,-431.739345347,55608.2757828
2412,16169.6679097,67566.5868476,-205058.893112,-153841.596122,61505.5201108,341703.381713,82688.4818938,42023.0150805,276424.718992,59923.3702984,-187913.761356,26036.875365
2413,240016.158742,210777.757252,-112954.829378,-169056.607505,121346.232297,374751.338206,-117089.277608,28310.908562,272402.942907,143121.515641,-127433.656329,57832.976285
2414,6325.67526804,217132.826673,-239195.272709,-21766.3792573,213993.416833,412131.178988,152377.933232,-26202.7328202,254177.879674,218570.234136,93237.5541869,-35628.77605
2415,302413.780196,108343.108965,-270766.087756,-29490.8237656,280433.164817,308472.210903,49570.8979899,12190.072234,347797.323327,247754.718254,-73103.7727506,-170975.705954
2416,233837.465339,-46908.9040096,-67392.867915,-26641.3790752,132267.889911,440029.372593,-14566.2637063,-168521.095148,16020.2394901,329997.561383,18338.7780187,-66828.3208445
2417,146811.782254,186981.475585,116800.292542,-88170.787977,156145.610618,303518.87241,97030.9255314,-211324.431874,-92200.4993931,117925.577112,75940.2933765,183524.770736
2418,188720.921887,-89978.066581,204604.843703,-57484.5272526,91480.6588925,90960.0837552,204414.781092,-375882.260592,-21523.4925581,264834.911149,-172693.751989,109822.052028
2419,141620.165841,-180113.080269,-12281.28541,-153315.813766,53031.7262354,8289.51538526,-36037.6459322,-412764.364047,-110116.339351,164695.479306,-113263.03554,308545.701364
2420,87076.015604,-385258.827941,-87127.7841193,-23899.529769,155268.417629,-43877.321216,76179.7276874,-261697.074448,-17351.5249567,135354.076691,-121918.926115,173286.955967
2421,234705.861537,-418450.005238,-100547.380518,-161963.943628,58939.0645894,-105210.764666,92928.5276309,-276593.475646,163722.354852,-132514.314936,-34140.2088486,238441.244748
2422,303747.818046,-345965.19673,-4924.1480915,-160670.229105,60546.0669527,-156159.413038,136842.467821,-202567.355527,7125.46988974,-61526.7724705,-30285.528358,163491.129562
2423,237235.300032,-138002.207474,-79044.4500887,-146540.423701,-61999.0673184,72383.6539888,171569.910623,-350760.570877,-22052.2485306,28265.8577466,212851.056354,101633.875653
2424,137539.572259,-156966.410736,-102689.198335,-154671.434872,-91075.8777327,-93538.1001174,153103.288184,-43270.0186883,-88953.0197888,-216896.532827,78287.6500983,184819.586265
2425,-39410.4926067,-77261.0271735,-290868.176331,-180433.440135,-123356.878046,-117254.9305,213602.475448,-126458.518033,-36584.07878,-295394.185058,231372.000655,175792.599693
2426,-21127.1347491,-135826.355769,-272271.003916,-7798.65849481,3803.29350032,-198961.028283,230994.537229,-50912.223815,-55960.6730013,-450297.370172,165665.671215,110872.37683
2427,-40015.9992147,-259321.64441,-367795.600605,418028.262255,-81479.7578383,-185143.200631,61852.3296458,99325.0740879,22470.4271412,-176006.895695,223421.737542,66741.9696893
2428,-201928.059369,-45890.2488093,-467263.524791,431345.257877,-62567.6140429,44042.3400682,-38449.8563622,177781.762492,-70368.6274897,-176804.375366,210323.114505,150956.526068
2429,-187366.065336,-25580.0617912,-329840.073249,433788.354587,-82468.3939437,-95101.9101324,52508.1935497,-7673.1206545,-80402.1477934,-111208.955337,124727.675538,100734.632283
2430,-3937.40427073,112838.651335,-227182.425138,211667.33131,-58650.5497198,-136496.813039,-48899.4716595,151442.894794,-117134.408156,-121775.239379,260722.39455,231589.022055
2431,250829.611354,-101531.117613,-46792.6198175,221114.851345,-34758.3962199,-113187.86244,157777.804946,228546.599135,-90833.823335,-67957.9740331,286009.450594,-26242.4833768
2432,221166.28621,-233220.415477,41833.8342644,-55407.1791253,-42852.270429,-58354.84639,-151439.920579,151998.448405,-5149.31329983,18272.9857128,166377.936039,188564.173626
2433,-13504.88179,-90563.3535411,131281.89827,-55438.2129288,-181892.437242,51496.1750928,123599.385977,203078.894624,-169945.00582,39512.8100752,-60413.9155408,155687.4511
2434,91753.235592,-75727.949074,199892.993553,-134318.446195,-162183.512876,74274.5291389,176195.875708,248535.204828,-55770.0214588,-24257.4175571,113146.03972,265185.112529
2435,-97430.6654443,-46773.5161373,150146.371942,122724.525502,-169029.860975,130761.112282,198103.289708,117064.978946,-89437.4305854,31013.6184232,136670.706863,116514.699365
2436,-15606.6083116,18223.4467115,315158.831038,246360.846657,-213426.213923,1974.92382855,161373.590758,208296.791933,-79881.1295422,22844.2620451,258949.089092,117692.409537
2437,-235838.471617,113367.794785,265112.806006,42036.4052334,-166545.758905,105996.425709,-73897.44017,-17679.883143,-258929.195725,77269.9242162,221440.263001,152516.57315
2438,-373548.196834,247982.821281,237375.415101,-66580.7068146,-294531.610479,32717.3677632,-128713.455021,50989.0965912,48561.6953695,2613.54031202,228103.81678,51559.7634541
2439,-417570.190527,323428.151599,129387.673023,-144901.328519,-390891.134527,30115.1602886,-154041.502385,-121032.784176,-38822.0591823,-183154.210096,154945.733617,45342.4416266
2440,-295582.340759,-15169.6498588,84921.763075,29349.5959344,-393831.025169,9416.23504869,-140727.666609,-8958.24137018,-19559.5663387,-279780.682207,-42936.1356153,-70757.1964836
2441,-312519.070871,-31447.4466863,-92758.1222683,122304.541343,-252765.761075,75918.3362813,-122455.57419,50506.5153559,-56702.940681,-253890.604886,-143575.312024,-157314.530241
2442,-249469.60137,134369.175317,-101931.175698,299461.014144,-193665.49279,60785.4550655,-212864.099697,-54526.976503,-18193.8274061,-349519.637594,112606.212847,-216348.215592
2443,-99273.0089947,163919.317896,-46261.9962172,95235.4321125,-162400.058532,-110160.437083,-229513.538877,8267.7056448,85635.7185344,-259641.618961,28945.3284303,-9861.299038
2444,-236219.938694,216653.557318,133314.739367,-99879.7182348,-120367.783208,-77976.3888102,-220632.07587,-21688.7095086,-30456.4960456,-357419.279041,-20685.5662421,-205891.346738
2445,-37200.9465151,89365.1710429,166923.887967,207234.560937,-275221.695275,-115851.765516,-76833.9259287,-68403.0909173,64693.264206,-244784.097867,76893.9285557,-329954.911908
2446,-174141.099304,34858.4684738,101374.64014,147886.681764,-216137.370749,-67706.2032869,-70144.4093866,-188075.374085,153128.853504,-227224.247935,-20938.724349,-247181.866991
2447,7355.03961593,109864.074373,13050.8554518,124505.154538,9830.17439438,-101797.14189,-125827.99299,-138165.839971,97889.3016776,-129626.203113,-116197.486588,-188279.642785
2448,-89949.3646303,100495.126783,-23050.0165205,16774.8761061,137534.575254,-157068.977602,135607.072988,-128587.427112,-58416.5335461,35856.9255034,-108977.159606,15301.2693989
2449,4799.05073163,-13034.7578775,274079.510435,-29867.3361923,48558.9185499,-33412.0027326,-15676.1873922,30077.9035178,-126950.124849,66935.9001332,13949.8725039,-99997.877492
2450,35084.4928651,-85950.7345786,-72174.0458215,37337.5704449,28602.8239006,42355.5782008,-124585.301374,-18578.691202,-276961.358462,6548.78132986,154905.438557,-224286.1544
2451,-163304.468112,56152.8878417,42386.4659585,-156402.971404,197890.061875,-196444.46609,103864.87394,72947.9281502,64503.1000312,61941.455599,89944.8488834,-215505.521166
2452,-40814.6895071,14273.71772,90186.9031212,75181.8695289,185148.241339,47883.1682186,-206153.964171,-64358.1388332,-154275.985731,167647.060031,-75501.1522649,-28453.7612659
2453,-1662.57260576,54890.8687995,-53995.6398999,89326.1865775,152325.764676,-90369.2147301,-126505.065656,-69505.322113,-160457.004458,-18784.7289611,-97084.4177781,-4396.26920474
2454,-248598.326008,-166666.864361,134239.985356,103272.137283,236753.320276,-14722.5276864,-267672.677764,49402.0226115,-99564.7744751,26114.1492302,-160100.206042,52620.3936913
2455,-230389.699208,-50270.30666,94697.3426687,97014.5351868,281534.211158,-37314.3072399,-93697.8614935,-84598.9162709,-165215.935097,-59121.9845181,-155416.988139,-4748.06255718
2456,1818.85738901,-46905.7576058,359799.914981,80243.4549661,315728.422842,-128108.468501,-268018.570165,-237145.903798,-173794.531577,-7477.35789,-60727.452871,-93579.3017198
2457,7397.87417085,-203571.410062,260563.117749,341652.75699,295722.61875,-52840.7580276,-319608.779638,-146332.49908,-91693.9979249,164055.241948,-79489.2424285,-27210.571859
2458,64152.9951044,-75968.1399197,319588.497637,277024.466178,324420.270177,-34324.8784785,-164489.703244,72994.2996024,-5491.8904316,187179.591665,-362746.011574,-3381.92126808
2459,76538.9602484,-53343.4030464,50233.8610595,60701.2880135,169980.231447,-25344.794425,37958.7974804,-79880.2571532,-175245.066798,153106.93689,-312799.753293,-150757.947183
2460,19929.6041658,56538.4898656,139456.312256,71249.9291609,215913.017146,63364.8205662,163665.63827,-39842.4667343,-85476.3838154,29017.6650862,-239537.318502,-257245.004687
2461,196715.432912,101324.757505,-82091.8874207,4663.96151666,169039.122675,-22414.6132252,172061.484502,144216.59289,-90877.7379452,278415.196253,-295524.325059,-121334.820105
2462,272526.405131,43649.2502339,-84060.8862757,-113902.556445,96502.4027552,-93011.1592609,67096.3822187,35975.4158676,-48981.8617568,267265.347495,-321710.194634,-149716.32017
2463,113364.525371,79030.4276247,-260788.749024,-54262.3525072,-4477.10157789,-123573.917368,-23118.5203788,-323979.253987,42173.715521,185451.234596,-59381.7003831,-329045.116966
2464,199521.767344,-94629.5743931,-3986.4660123,5204.3541732,-16706.5819358,-146575.109837,39455.6342344,186609.148963,148605.86239,258058.142346,-143215.016583,-214102.375792
2465,138318.824233,-123019.643724,2650.43544229,-151295.011275,118600.720125,-196530.957691,232495.512313,242119.209028,90844.4902337,208811.422046,-90243.5088499,-326562.679764
2466,21199.3229604,18037.7364497,32006.4773836,-95315.7732841,-33948.732985,-90362.8578413,155551.564452,94093.8043077,3584.78908848,16006.4645264,-130407.680946,-170895.433048
2467,-21855.1611249,38243.6570575,66723.4594366,-144142.392511,-12925.6753958,28150.3184312,181696.069339,130471.799499,15660.9310376,89443.8481072,155675.781452,-113210.858578
2468,13956.4398395,219726.829858,-76739.6747422,-38905.6610519,77507.6979699,-109878.951906,68179.9565493,99493.552447,52001.2898228,206340.529945,-39323.6041534,37545.6746121
2469,130583.341122,252962.741607,17801.5354101,-194866.26892,-44302.6184499,-143933.260849,-86370.3076424,181324.839318,150558.267815,180689.833222,215960.195135,51826.2644851
2470,51673.6525147,117180.615904,147807.57074,14149.0475093,-7153.54508409,-219132.15311,-76386.976492,234161.748056,284845.344631,105923.074584,94633.2835058,47508.9691222
2471,-60264.0692587,-69030.3425472,-88267.2753965,-65458.2397176,-27278.8009928,-167769.448332,-58717.4565744,137475.029042,321571.179842,144061.988407,270045.164722,115693.993869
2472,-81342.2083105,-31031.0435724,-184081.067404,-202485.538078,-46968.8604434,-2605.41428798,49429.2554204,165407.291287,291312.815647,29046.4013355,121554.284052,250248.199852
2473,10104.5096486,-30110.1481541,-131766.840228,-354641.27121,-137007.866103,176017.875067,-7149.07256669,271166.206396,209767.293848,41849.4052631,18419.6836988,155462.894568
2474,12064.9098158,121163.023378,-107614.003924,-376349.984002,-209938.955589,259330.533728,143149.39457,-49908.859418,188025.067992,-79324.2420885,-185100.322946,128313.237423
2475,20341.9482188,170430.079326,-45832.848346,-244347.355812,-3235.46299642,58925.7775193,131842.31259,-7699.14094612,202159.422974,20556.8015299,-59283.2997059,37368.6359147
2476,84413.1143904,70878.6759996,-149864.443866,-245464.121219,159807.946148,240867.209188,-56904.0528136,28827.2782453,235070.834779,167552.272104,-228013.777703,12166.6097521
2477,194377.918867,241161.81248,-37205.1879963,-169647.489044,123676.229671,381568.767667,-108862.613995,18547.8532819,199814.435229,151962.522179,-94716.2398976,45865.4835917
2478,19837.9373089,217220.175047,-125277.507217,-81003.6101056,231010.429014,382229.197108,135143.174342,-64462.798117,245615.432273,230410.616081,37435.4248609,-74309.2952686
2479,271342.089813,72563.5830229,-204116.286044,-2703.2756693,254810.283699,355412.510821,75817.0058451,-60298.7617817,251115.408988,143278.450909,-106148.785772,-175511.480883
2480,115441.378426,-29368.0374206,-19151.3594094,-98460.4305863,66305.8925187,382359.00325,-24498.3710459,-191634.476057,-67543.8733016,323483.520081,74355.8846943,24517.6418011
2481,152432.982525,89783.8465733,106719.48431,-41201.5969525,163050.923339,162991.431359,55262.801182,-289155.740989,-156511.891389,185382.386016,73538.8742964,218080.21023
2482,122943.755407,-50343.5008628,166345.393186,-3522.12385102,6908.47977755,90248.8780167,217726.267931,-371541.513755,-20887.9224129,147178.976404,-102850.228954,230798.087319
2483,121530.414004,-201780.330325,-27773.6859943,-163632.656604,-12415.4213204,90931.9384729,117550.873767,-455063.72093,-47597.3820373,130702.504652,-103608.463392,302353.782094
2484,220182.520677,-395339.045101,-125167.78035,-200616.144305,97621.1473653,-105664.234539,100417.016159,-325670.791184,-18392.3775435,80313.5525053,-80707.4746112,237532.854111
2485,173081.098762,-486861.561516,-50798.6262319,-189208.28503,50546.9228182,-154231.836513,19791.1054886,-215757.388491,256467.007348,-87642.0323269,-89639.1329585,106972.120759
2486,354722.701242,-284127.637069,3212.68864064,-42224.9369876,97244.1265125,-174434.659291,53676.4604611,-237955.033457,10864.9298761,-392.122810098,50656.8714649,139696.114968
2487,291836.105301,-143216.760746,-35814.7374381,-188395.215765,-5752.22215361,99562.5851238,139245.788382,-303887.57265,-49704.4668156,113857.559743,137241.242406,18196.3873551
2488,130620.534589,-107544.559682,-185554.216211,-137298.97979,-150882.562336,-109986.860437,100021.171479,-16315.4999989,-59348.9586516,-171394.397293,39820.4390708,147921.753165
2489,-19389.5710484,-145003.352756,-232391.474244,-162724.238366,-93864.8499345,-170386.155863,197743.280348,-115759.100584,39046.4951457,-342777.373726,280210.906372,182504.155525
2490,-14794.179621,-213977.553484,-297898.417858,65988.9772718,7098.25597921,-140337.381415,299274.870533,-44669.5500854,-42822.3072512,-436431.986281,133838.471253,154168.974937
2491,23202.2502637,-211480.102735,-385698.600633,350526.358495,-84018.7088332,-106935.921304,-19645.4791766,123975.790667,16946.9878874,-209705.918069,167101.734721,95887.779878
2492,-249233.803763,19107.0320647,-449292.452593,390445.990071,-78318.1740962,64002.1395081,-56768.4111185,188704.819515,-133248.145471,-167353.965999,220531.73609,128239.178485
2493,-140175.575182,26114.1217662,-348050.249969,332545.271098,-58037.2089546,-127485.331076,54391.8025354,-25541.7860665,-103439.899149,-247841.531261,154723.630454,89576.4019286
2494,14414.1702849,150634.867103,-143256.634629,229775.324454,-53161.4329079,-133865.758785,-55304.0585296,201271.187117,-66903.3934181,-182863.167796,261043.137857,139632.251162
2495,224843.696094,-26240.7380302,1957.28438454,131733.810741,-2241.23153037,-66621.867275,60827.0746542,177318.790501,-100826.07236,-84099.2458378,219559.740402,31982.3467791
2496,197279.245208,-200047.251953,-59499.1700751,36650.9472215,-71661.9478133,-163719.210681,-62677.4413076,131996.302346,-55762.0484076,55706.5345175,38052.6741062,124453.807122
2497,21376.1120213,-210405.963443,150734.38885,-39050.6826003,-184046.196448,56731.5530304,69334.684535,263723.17637,-198930.264184,11136.9362408,5067.73453863,98062.4368527
2498,161821.057729,-104820.979627,177497.244076,-45177.5848513,-150755.762474,43913.1673113,224443.228394,270899.116931,-100945.612491,40842.6892169,79664.8244142,205059.837895
2499,-109786.32304,-28202.8649792,148938.95258,199487.464498,-80855.0489706,136592.112423,223674.991234,118442.082972,-92012.3376497,-3387.9026245,66434.551343,110838.073808
2500,-125940.290953,51253.6016279,281345.545608,155972.233793,-186277.086773,-19223.8790241,250599.86456,141899.843607,-53913.6949448,35374.5196725,198276.922762,188993.613784
2501,-280767.988488,162912.509661,289159.733779,44176.3405246,-220376.236759,130638.600154,-272411.312835,20792.0221428,-258469.334548,74748.9631048,188560.502278,197563.417239
2502,-279228.430406,197844.00082,213872.452463,73052.6058473,-320642.568796,48667.2125834,-278877.763176,112686.63215,30764.0502511,92220.5014563,206215.051668,-8884.66622392
2503,-377575.93901,230603.123852,120882.783742,-137357.010891,-374057.216627,-19298.052864,-297909.349673,-115821.32356,-44558.3131043,-213196.223631,105010.632508,99449.4739572
2504,-320418.430467,-60689.243091,21081.0271446,87571.5579927,-426163.290328,-10720.3347027,-285148.263769,50478.8010379,-40988.1573056,-307315.519289,1034.75024494,-22419.0494135
2505,-231431.015331,99442.0366312,-89169.1956194,154351.1275,-254742.827732,38571.7285253,-217911.0869,51877.4523996,-44883.9076316,-245399.224316,-207716.558758,-219401.372275
2506,-167665.783568,241760.438043,-94970.2467487,335754.818484,-157775.223454,-17388.1701953,-288140.982694,-6106.20860878,-52917.9997984,-335526.598711,83397.5024407,-169301.233512
2507,-184020.687184,145346.318609,1071.81772392,91002.7170234,-161724.556272,-12982.83633,-232641.15976,72833.9665427,-37190.7500111,-412799.319824,-18028.1958123,-29021.9554394
2508,-236179.093743,207324.634962,159560.706983,-24244.3898253,-171118.520844,-106134.841068,-156022.223557,27735.3982348,6406.03269311,-297880.270448,-42056.6239677,-279811.466978
2509,-46664.8469337,138735.473895,243044.716145,99555.9042473,-201768.185044,-111809.823422,-49959.7180937,-21549.4179238,24122.163846,-258832.735592,-17296.8096501,-309131.984671
2510,-121628.381926,51788.7502444,-17930.7662517,114149.321317,-180258.866374,-68027.8688784,-203168.883692,-139075.021461,194915.908379,-191204.544655,-109278.394364,-345817.589677
2511,41775.2650982,87014.5314055,44797.5190933,234956.306295,55335.9638787,-110406.055199,-164584.18431,-176024.247819,68069.9535395,-33540.3725548,-110681.893173,-46647.2141003
2512,-25197.5910654,15594.2204861,-11132.0159334,82530.6464598,108569.019019,-139087.17104,122556.965723,-97482.3124455,-141828.876873,19729.2601021,-28535.142175,-8346.1498741
2513,-5105.87497164,20396.9417513,212751.39123,-104249.976299,44444.1682507,-78058.5936725,-20887.259892,-4152.25422815,-96293.9849144,88738.619324,77951.2542668,-195443.61976
2514,-39783.0816096,-127065.963367,-54487.4383676,-45389.8343575,39574.4862306,114527.780834,-186271.592343,78472.1986538,-298926.003979,58692.8943255,78764.5399618,-240997.423972
2515,-155602.250169,-5041.8976483,28709.9476478,-147874.711994,204193.921286,-169981.879856,84388.5758168,32350.4208259,-30601.0843071,56280.1631453,-31091.8509651,-177969.560605
2516,44835.1680058,-77479.738005,149694.2323,70350.8768579,153734.62332,7772.63658074,-67806.7347188,-34493.1772492,-114360.06077,188435.01748,-108196.251429,-207441.924665
2517,6015.39407372,44741.9806343,-90598.494207,47192.3540797,157474.646305,-71042.8493736,-192548.702141,-133448.309009,-169068.382725,33253.8233778,-200023.220767,19110.257765
2518,-219214.539654,-92176.7250474,146463.151554,55745.1053236,263383.695584,5392.07066268,-152695.377318,31676.679652,-27685.4213983,24237.8607711,-145536.907143,-19220.215512
2519,-151632.090172,-47706.4941306,120107.503528,112017.081982,260938.945275,10378.1879068,-78404.4762624,-131394.049662,-239287.879831,-84788.204011,-211334.644681,-43999.7568027
2520,-56169.5131499,-22352.2396964,316189.076218,128269.801909,320443.833913,-116201.428429,-245046.053646,-255546.989644,-220544.773733,-56639.6338629,-49832.3997828,-8603.0243334
2521,28124.2631099,-203372.163928,271443.190283,231977.508297,291305.592006,1586.10651214,-416523.103611,-97849.5921638,-93737.6099313,131838.633746,-71520.3265424,-32778.1219282
2522,8052.57885089,-75555.7498592,299053.79768,219501.68273,270572.010964,-87974.5905494,-187890.943896,41825.4208632,-49712.2059768,100405.753489,-407875.626528,-91530.6343075
2523,52015.4255001,-42312.9533896,39505.120348,66470.8154146,175487.174524,-30341.074046,-59199.5581784,-160121.631367,-138356.411881,66323.1646157,-383939.170825,-133453.060589
2524,117440.021159,86529.2610777,85025.4268659,158178.175802,158259.553189,-11956.7306829,137089.647652,788.627469347,-101272.968342,51362.5260601,-278859.586555,-212338.488852
2525,208356.148027,15807.1600834,-92311.9923922,72365.1068896,191431.518709,-39590.8857788,170387.287766,155913.579671,-78224.4678904,311530.23588,-319959.291835,-106582.793792
2526,207082.938418,-35242.1886033,-79923.2005471,-164779.611032,-3173.05995977,16869.2922305,-19466.0472514,-44170.994842,-54469.4563772,221197.745948,-343331.685626,-156679.566095
2527,325.68321934,17429.9906388,-150101.294073,-46110.0937513,-9157.92635295,-111217.119582,24763.8948095,-152146.088568,69976.5878705,139713.406102,-132018.329388,-262888.773316
2528,74873.6403402,-97459.6149448,-41122.3450272,-30231.8481201,-91380.8774911,-187803.214734,108446.466648,230839.385715,189327.392993,231229.185638,-48470.4986087,-261668.36401
2529,217864.372019,-116914.658537,-60313.8350057,-32116.652269,90775.3147839,-239422.374594,29415.1775352,266113.110845,74756.7993341,158931.208197,-95239.4790471,-281514.092934
2530,-20267.5855377,29759.3259252,20264.1843313,-125451.892262,38793.1509982,-82834.8375687,281133.662138,256641.436682,25946.5314567,-5269.01242254,-114838.780605,-114271.034799
2531,-7928.73653845,105585.265755,65590.6558886,-137408.520788,78179.6646216,32850.3453099,206650.485012,82317.0127298,-3221.89534062,94278.9602801,111288.776942,-119081.776962
2532,-49319.7770509,255486.128463,-117263.249002,18167.1265227,122795.729399,-101741.772022,91253.0327296,120640.345351,78925.7510196,194200.245322,-16144.987086,174601.34905
2533,-7313.83012859,147983.698776,82942.0285319,-159768.966345,-56191.6748118,-164163.996525,-102069.637983,145538.889009,303213.189848,235498.719568,260594.173044,-56249.4734083
2534,88519.436922,34565.8878478,84614.4408214,52435.9112315,-50514.9111273,-198514.006027,-67947.2140614,173127.617339,341914.065795,109124.297539,92745.2505732,139838.603372
2535,-71259.0510483,-182565.407399,-135668.219157,-109873.719199,-14066.5648759,-52288.5256238,-99578.9484273,171125.897784,331173.38199,120866.687836,171251.048637,186606.670015
2536,-37858.4491036,15883.0840131,-122494.539277,-233760.598891,-87001.7710498,72256.7066146,-35279.9758481,238150.007226,295715.954457,19331.2483669,107151.093432,242815.121227
2537,-17150.4836828,-135978.469438,-158523.444697,-328640.704414,-112086.208332,129658.620142,60114.046175,183832.783554,120350.180693,-28552.8520952,-26002.4098207,185680.500089
2538,6944.93462487,80569.2884837,-176833.19038,-343544.644728,-127422.28067,362665.12199,95692.7102857,38846.378171,125034.421386,5999.84443121,-139311.318843,246545.731689
2539,-6267.99577006,138079.61856,31268.5988068,-253590.746321,36053.3053845,-1989.31933537,175758.607282,88039.8149382,145796.976851,23322.5601953,-107766.539508,96606.7622575
2540,96168.2281416,59878.8907653,-229136.532071,-259848.426671,67750.9908334,269058.317717,86760.9200672,150582.879333,258467.831488,74450.3869358,-124306.813304,7742.51548039
2541,163529.450855,276688.392928,-93821.3836824,-263304.106947,113400.110564,378306.43499,-93501.9571638,62826.6990792,164826.926905,153094.06332,-67390.5443006,-31066.042614
2542,86214.2549353,196105.743217,-148882.549196,-130499.313334,226054.042584,424632.693477,149986.978393,-99845.6038437,263588.167722,272859.756296,-42325.4886969,-125802.349898
2543,186069.177801,164378.150953,-165282.625977,-55895.6120337,236681.128587,254325.447067,160670.281591,-126909.880214,275016.386161,87150.5762774,31796.0709834,-125153.352421
2544,50695.7671548,34848.24271,92527.6093468,-71501.0982258,54657.8851509,359266.332116,141396.675694,-112406.44421,-104921.022771,280483.939289,104292.387929,62593.1825531
2545,137625.946008,10988.3177011,61257.4915575,-39176.6187066,89071.4674279,186383.161918,90626.0968594,-286126.689294,-84726.2739507,168426.595114,110892.01972,215741.92789
2546,140151.204417,-122075.729956,142222.521777,-15637.1304106,-31175.9093275,108726.336116,212188.392506,-403750.60977,-8710.48157621,190303.218143,-106922.116332,201638.308827
2547,79766.4513468,-177310.699884,29711.2205602,-130074.542382,-40551.9395567,45843.0749666,61745.6887903,-434166.149461,-92526.4243696,104551.582253,-164475.173572,95817.7214187
2548,317968.902571,-396599.084298,-103488.252297,-179352.576223,50293.8911554,-138292.562941,73373.1625428,-324718.258018,-33314.3048056,116738.170986,-127495.203464,275775.506375
2549,285414.677453,-477660.850441,-26233.6467899,-124870.810179,-56593.7193617,-174068.050037,-105270.413518,-164684.889692,161188.217726,-107166.262197,54119.5836957,161229.430579
2550,316216.64552,-312912.95862,15232.3659269,-110518.324683,37874.1981546,-44046.1385554,143104.805326,-172024.584523,-100212.150584,19530.0536705,147819.726684,128921.882434
2551,284419.371977,-176948.713301,-121105.282854,-249100.204658,-70890.0502111,54784.007446,185999.114735,-232801.622762,-115026.324273,77380.7339351,145461.721421,13549.0569066
2552,181519.769319,-190582.644842,-188512.358775,-103670.490865,-110552.299979,-108287.912414,221450.263172,-3935.86807242,-40988.1273322,-228693.618924,126887.244056,86573.1559754
2553,43630.3789046,-203798.871417,-182593.828825,-82432.3044065,-50742.6310952,-142392.896313,144841.770171,-82848.2021985,90708.3995424,-331113.076709,159612.230723,227583.220543
2554,-107448.8663,-199633.935128,-340098.078609,91186.5608732,214.049610402,-136797.576655,327865.382025,-60436.0912815,-101684.140038,-361854.914328,157618.053162,144278.366186
2555,-8558.73036876,-160981.424245,-332765.922141,285302.838481,-71059.5706725,-51362.1768528,-35810.4069923,127626.826713,10229.9066517,-195538.108818,115939.991709,25624.1580891
2556,-175398.170356,-18596.8312333,-392850.665592,340130.658874,-127099.05063,60526.3383648,-105309.875476,120137.304896,-106763.919598,-144213.137693,205198.230987,228947.450953
2557,-232711.604272,134708.859577,-264192.257837,326882.041033,-77978.0007157,-114534.516325,24827.6374534,64018.8873976,-146448.96054,-270250.105301,117485.857641,126475.867079
2558,144756.900161,42741.7342218,-140536.52218,119024.822044,-87868.6533093,-168136.687725,37671.5886856,114476.655422,10047.2690165,-254196.464186,307294.575484,185863.18278
2559,187817.245046,-4840.48987716,-112941.311642,190912.740109,-74864.3007264,-151524.815082,-11714.5135714,170405.695903,-75932.4580866,-98791.9648763,205662.517323,172639.68428
2560,138462.995579,-203813.53103,-64116.5655827,-17112.6935515,-52094.9886563,-204282.590036,-10018.7707737,159212.107157,-45531.391913,65381.30407,65647.3921671,76768.7317366
2561,15738.3595675,-268969.085744,159353.833085,-85861.2170932,-167263.233968,71410.7587894,149779.519645,223808.169884,-124077.219549,9638.40278757,-29270.6632922,244786.658186
2562,63030.2459502,-116690.071004,134305.95547,-105504.375688,-177707.854418,-5077.76748796,247107.825943,344314.663722,-166109.131765,66721.0421868,198871.10504,238774.840658
2563,-116651.140417,-46141.4958053,182232.057246,176494.798202,-64329.9437621,136799.024259,251624.424047,93917.4157266,-195198.641252,-19730.9413876,197030.001771,192795.325447
2564,-203759.26016,142621.328859,224537.381675,126191.793637,-155533.661979,42005.4696455,289474.251113,112518.352682,-68419.6297804,17062.0839942,172119.956922,204089.289814
2565,-374290.680961,204921.101412,179897.486657,-55708.8671463,-173338.437546,67337.572689,-205089.553247,62706.0031218,-260781.777406,16477.0755188,181752.582169,210494.549944
2566,-324029.188393,180355.457285,221370.629724,-70266.2358419,-335528.349686,48524.0912397,-138685.474866,-9503.19385266,-15305.0000364,-9168.84999913,239040.2118,19189.1309603
2567,-316521.30942,260770.902099,80985.8629446,-80249.9836954,-370902.503659,60391.0178274,-142397.010622,-108893.663838,-68723.7055318,-267529.64415,35606.3459486,52652.5133219
2568,-359113.482279,-89608.6073014,-1288.0891909,60788.8828939,-399384.828645,33182.2735012,-267407.125106,164292.73622,74149.0611572,-226766.324742,17849.2744535,-85875.1291377
2569,-178755.855884,48043.2732747,-206529.006478,183623.866555,-216782.722332,40429.9021306,-138401.132892,106875.863191,-39382.4643794,-182327.87719,-141176.90953,-257571.841582
2570,-196047.196505,209571.304909,24519.2972759,166603.519937,-175241.642795,97084.2479044,-180774.52923,-11789.3620488,-17930.6807688,-272393.287035,45913.5589665,-162341.127153
2571,-226878.262216,109211.314627,55602.3084776,31892.4400697,-145803.457651,-12496.0905559,-262166.811987,89756.172411,-2173.31315603,-366226.277277,12074.3713602,-125919.670151
2572,-211628.645642,227260.296657,227388.121846,-38656.1020291,-181822.922892,-67741.8088775,-73468.152926,13775.3675068,102333.031472,-255866.276525,-119567.565038,-194844.857227
2573,-157512.554034,165840.743828,192908.124301,163485.493083,-180468.337997,-54888.1453641,-21496.3802418,-108035.748727,3288.32517455,-125726.896157,-14126.6971581,-292278.804109
2574,-147845.210317,86567.4995591,48733.8660898,256213.978202,-155356.171446,-53845.4644807,-267289.789518,-197418.211291,79452.8028447,-151733.373582,-85101.2508551,-401604.191347
2575,52627.8828315,52600.7031879,61807.524064,229597.874609,41627.9943317,-123701.206904,-159073.839337,-211982.020545,-127571.475745,-20722.1571131,-146738.154479,-104305.65768
2576,-70286.5058795,58251.9266152,69690.9174538,39387.6224045,35896.7289318,-136353.231767,14769.6730714,-60358.7431304,-48819.4667316,126399.979729,15003.0423555,65701.7013017
2577,-8356.90799494,141272.868867,196510.512524,-61967.4529701,27334.6453781,11784.2846851,-23390.4372236,-66422.8273037,6456.63916525,-22801.6785204,104169.516017,-212193.046464
2578,-61968.9518645,-69563.5046622,-105514.448678,13490.5103451,108692.235344,37080.0305966,-138794.097896,70010.2263094,-260070.612582,128120.342615,145257.171398,-214490.647337
2579,-148188.447816,-22859.1406482,19951.4568593,-83232.0971582,188095.609152,-163738.663383,55414.1407503,111170.738216,-46886.5978295,64896.7285153,22257.2104196,-169935.111744
2580,21779.400257,58211.4595879,143187.948296,47826.9479065,188572.761929,11827.7813193,-10501.2591569,-135049.129919,-101007.978841,82036.9509483,-146193.962206,-187204.654735
2581,11202.1511547,71547.1044024,-42255.1822516,179031.760846,168482.98931,-178305.005573,-174131.926385,-19185.9772395,-109540.659869,16771.13361,-164862.975361,44338.7872223
2582,-277869.163964,-229778.579332,103306.080806,46340.1875186,201724.33133,35836.9852004,-139854.320412,47758.293005,-66708.9009602,26855.9451169,-190336.883044,64745.1280359
2583,-90246.4563286,-73190.6671178,155888.582619,39798.9576646,296340.542611,-4541.55849873,-38306.3212205,-203709.794249,-254799.329208,-80314.6500057,-259130.501855,-118424.818416
2584,-92261.3912237,-125346.815367,264990.254776,315112.062441,329858.286873,-90704.3598892,-191384.206804,-184049.183427,-239367.742019,-98013.2136184,5203.7990997,53731.2338618
2585,54702.3290007,-126695.799651,266692.096206,182966.834261,266305.901757,-25786.3615851,-465273.870709,-32621.2809338,-120896.463057,133257.185674,-77676.6102977,36974.9615873
2586,-35834.0914048,-15860.256642,239752.554895,142050.864598,273708.333591,-84894.1272965,-23241.9538444,103178.481347,-29430.5779698,43912.1600476,-384763.834901,-172303.817485
2587,92818.1938897,-17536.0813986,1510.68967722,93873.3984085,243511.961414,-119361.516749,25290.1516903,-139406.277958,-139341.406655,126744.35553,-327479.362322,-225587.543228
2588,137701.429191,836.860229366,112354.695735,128613.90959,175289.00713,-20496.3386504,93329.3050472,-18426.4825335,-47476.7663628,150255.636545,-250203.490045,-190554.891783
2589,170686.028929,45005.5292093,-101653.325289,117062.820935,224965.810188,46071.317559,-654.2484326,159681.638221,-107944.980259,201063.400074,-355382.396846,-26760.0640221
2590,168287.195556,-13143.3186575,-132991.274026,-153760.419599,16869.9042152,-44940.2654662,-1680.81739048,39370.6760948,-86573.4272967,189257.751043,-268747.842101,-102741.795909
2591,94121.8443516,-11880.1837378,-129598.445619,-65169.9647195,-20498.1560189,-186132.695868,130793.921605,-84649.4687784,116525.045486,148136.096639,-96874.322784,-253152.534641
2592,140892.212134,-207686.177446,66425.371204,-82463.7919056,-7269.27925778,-148584.140386,74532.5151442,202198.59927,127260.809819,218210.757762,-106840.275019,-258949.866221
2593,264891.816587,-91892.8234403,-45401.844475,-3808.07503168,98613.090555,-195739.679872,82527.1328659,192655.301891,63830.736138,108178.164968,-93807.855185,-231469.311609
2594,4073.45566305,83457.7771246,65210.930958,-71962.1804134,41186.9113461,18446.4529031,296135.534016,158614.786655,-35323.5354281,57397.5981288,-18212.9765537,-39468.4890088
2595,74223.3049662,186412.645275,33153.7121279,-212415.612529,61052.9384599,-2864.93869637,130624.962418,8339.61291599,-90070.0166498,160195.674366,82947.6539658,-78707.0053881
2596,33020.6082555,264521.989507,-7872.27240985,150778.470351,143409.3334,-89215.4631654,28584.6384974,127675.989323,112335.240002,254749.918,-28575.0628218,111376.820307
2597,26346.3427568,103357.902315,95212.4596526,-108417.555152,-35390.9817854,-85651.4679087,-91680.042048,225744.433456,259281.911828,210839.64648,265687.648478,-72046.7894713
2598,-23816.1310157,134469.110721,100193.691082,8594.3123141,-37996.4869546,-155743.240993,-151070.226924,265614.766457,246074.484637,104098.206187,165430.857705,81660.0441931
2599,-46008.5168807,-225256.680258,-167723.903504,-110090.22201,20589.464599,-51119.2618661,-1687.66403153,214618.439681,313127.123699,136596.674195,182124.023995,111627.171628
2600,-20754.5385705,15818.263844,-101663.777769,-220271.087534,-146780.784773,109144.902906,-62236.9135824,248091.238486,308405.539456,-67771.8164951,-12669.7039015,174031.663201
2601,-58341.3187544,-35361.4040598,-192957.312564,-441242.211187,-98884.3474797,77437.8828462,-36913.7573045,174359.8017,186816.71525,-45643.3178098,-59054.6151526,180254.761018
2602,20383.1344582,177689.358273,-172829.277511,-363599.293,-146399.391742,358715.63586,82305.8764367,41540.0396697,172668.657801,-66965.1459307,-76466.2282645,128802.292646
2603,-32093.1788483,174174.037408,7038.12362909,-313756.692114,23045.0471701,85419.4590262,127745.267581,63.4540937668,228724.413014,51983.2197303,-57097.4573228,113959.43034
2604,158658.834962,78379.0009656,-185388.090969,-226586.057059,67009.5637455,257905.559364,-10410.3529724,132730.030816,212126.059211,112177.450435,-215491.747028,-9269.26166265
2605,140066.433075,199930.460413,-39417.1814366,-188882.651267,117370.196786,430221.586887,-34645.3233314,30910.0209989,298652.275911,155365.314015,-104903.864022,-18502.1650088
2606,156181.879446,250645.377606,-263471.462275,-152720.136777,227225.355284,410871.684156,87449.0709069,-55655.1972631,233021.540293,170572.159835,32007.7240691,-178604.567417
2607,147260.752365,75526.1357584,-158567.775684,144114.848362,187962.76884,343585.948585,73985.65488,-125903.25318,210328.47169,95065.579305,100635.051745,-58149.2271258
2608,59308.3907181,89705.9324119,124876.290288,-37616.1581066,49571.9764179,362122.883703,12676.1700705,-264619.536364,-79933.8308854,291177.409391,58073.6846604,129332.268514
2609,212713.188654,47137.3272105,-8556.48158634,1527.09387375,104145.473893,167616.258931,227616.32105,-303788.544417,-68980.8561072,177634.266316,43233.8200031,222928.378464
2610,100678.248158,-121069.952406,32702.0120536,103039.665234,-54966.5029537,46502.7262091,125422.731145,-346331.03611,15440.7214805,222237.110884,-171987.147904,235629.847557
2611,89388.7428644,-145080.376239,10902.576405,-156463.097568,17137.1779684,91589.4251364,-28582.3052646,-332508.889039,-111581.567745,170714.254788,-120411.39997,140552.071108
2612,250838.170158,-408107.53491,299.639366126,-58039.0394129,34166.7990484,-154587.507552,141362.073228,-292785.365138,21422.2706279,35204.214203,-115796.993099,189183.399399
2613,263192.063053,-347133.701881,-65453.9541687,-65735.6327624,2989.68255719,-104663.187015,-40608.5087229,-193439.558014,124669.899846,-53065.7813339,-12030.567306,126822.773993
2614,217327.372471,-282059.947558,-5946.33001648,-118412.719736,-43163.581213,33702.7216096,142226.934975,-210815.441643,-23156.9035945,-2988.78307251,277545.878125,161984.42647
2615,242013.207636,-188519.628312,-154497.765664,-247525.798323,-75929.1432842,-15764.0928174,234004.351918,-253387.020129,-106056.010802,-17442.7592116,74319.8728903,93038.0137777
2616,128618.479784,-203093.732957,-234102.586408,-90775.8065063,-47272.2291298,-108139.482455,214921.019305,34587.8980927,-23715.945174,-251058.639651,189483.236265,66165.7767937
2617,98072.6963759,-185843.258957,-201383.189843,-77800.8786493,6160.55088647,-194360.400873,129396.971477,-87590.4953801,-61688.2217229,-314560.241076,205849.822631,176277.481653
2618,-63809.3894397,-224034.337936,-250296.249286,148643.601097,39881.4961345,-127653.827514,171660.069128,4804.05599069,-106339.647593,-397157.85701,112044.464957,96440.8887347
2619,-58056.8478117,-76658.6050137,-344711.54685,312563.722097,-81024.0440713,-32743.5150104,-11807.6670316,180781.698652,118187.33165,-251890.010419,107735.190025,231543.816738
2620,-138490.872549,-27079.7139588,-378608.517941,322472.934129,-119778.509201,148564.983013,-31629.8900452,34173.2231961,-202726.609599,-121814.041736,208033.149131,131856.481237
2621,-169343.100694,137774.312705,-316276.577143,302605.303547,-44672.1853538,-138302.127671,49619.0483178,742.796045646,-165526.831409,-248675.068261,109499.368591,132102.231774
2622,206487.870788,16202.5050691,-156543.68382,214203.948088,-108464.369103,-142189.7693,-363.58252222,202610.157641,-81630.3338905,-225103.662129,368908.355943,143543.495716
2623,152725.334489,-123555.825579,-138051.049993,131742.27637,-98274.5449107,-195766.190805,-81781.5866393,57535.3650437,-54792.2684824,-95473.352208,141514.278397,134643.579905
2624,111229.182911,-180244.393815,5494.20310109,-8712.0012321,-183610.505529,-120918.528978,54364.0912825,182132.548805,-28980.5934395,26393.5324402,17245.5785209,48965.2951578
2625,33188.098891,-265569.041659,133134.067291,-98110.9635209,-143552.46852,199219.539621,120938.482287,252257.266317,-147117.389753,-21716.8604236,111099.986342,205553.009806
2626,83176.2383837,-25910.3849347,71221.4487016,-162408.846648,-287980.112979,39038.2901175,277454.871319,319383.024998,-228119.376496,79764.2244831,131207.263311,229592.019682
2627,-158500.282903,-75721.8677035,194057.734374,109831.221713,-99049.8952333,107378.24147,223688.021415,228102.972308,-161000.316747,-48532.6017143,146831.436155,168492.340407
2628,-153040.870252,135103.224051,244715.887633,181987.633552,-178334.800008,39053.4494292,142020.451134,143415.971949,-96962.0530165,92672.1952973,128305.704427,24594.5080653
2629,-324818.541484,231753.823515,264805.245562,-100537.212608,-165538.366646,61320.9404748,-135052.557274,58677.863741,-201388.817623,18780.5163352,208389.381651,204448.231292
2630,-288368.380327,251929.842223,264665.758169,-50166.0755172,-360552.155672,57588.0196383,-172574.110892,-15390.9532251,-5920.05347702,-64037.5496641,152864.569998,42231.298938
2631,-255197.600348,201425.067897,139311.628479,-106294.130241,-330369.812294,123013.599897,-156978.90859,-139514.8821,64317.2771397,-271068.775496,4521.00919599,68594.3349105
2632,-353909.181298,-106656.189964,-15281.0261408,86621.5294311,-412447.83182,553.780490875,-135509.585955,110561.643682,24937.401866,-264392.365729,28482.6619219,-50196.5751238
2633,-271320.567396,72401.2713851,-136692.623521,170700.219602,-226611.137403,41409.1659652,-155610.58942,74305.2084615,125584.534483,-278447.363597,-137080.494525,-180550.182372
2634,-150068.29559,244728.288071,-11315.200903,108971.411835,-149095.119485,27732.606852,-5927.82891183,57979.117144,2831.5784748,-235911.260715,72855.0959021,-122712.910072
2635,-222723.079292,131504.239163,101651.02425,8299.52753508,-143318.133859,-27666.2572038,-247738.20197,-43128.8137955,30440.7540989,-366549.698045,-27100.0882807,-245300.632001
2636,-185815.362947,306336.737401,153270.094949,56833.1657496,-168609.273342,-121539.187814,-150052.939705,-46682.8382819,57461.6929971,-324880.497842,-79594.2940271,-247578.765452
2637,-141429.722237,98602.9331998,158428.24663,64770.2429188,-202312.301665,-53345.1439322,13981.8664779,-181133.337469,4504.82366747,-133517.873682,-10348.0800532,-328481.69501
2638,-148195.37939,66922.9825214,53697.6084139,154121.989602,-111231.004908,-26638.1593131,-179673.563327,-177014.34242,106999.589159,-130329.185113,-135442.205019,-345020.676611
2639,4390.59090502,105800.192282,40920.3244702,200019.271067,68257.7726717,-233267.751289,-183331.740875,-123454.169586,-183756.564145,-39309.7671318,-54774.5881622,-77988.5045517
2640,-102734.43169,130516.773008,67185.0727476,78831.4014,-5294.05977794,-177761.282191,125820.492485,-62590.2858458,-58911.4754399,178505.935553,65612.065859,49174.3573777
2641,13826.4821316,110606.927897,79970.9404761,-171713.913429,75924.479346,12796.2260026,-80661.2851737,-140843.303155,-3103.23824794,-63856.0884641,111006.610301,-237952.295287
2642,-90522.8464914,-32679.8094781,-102673.874432,-140747.574315,105158.016567,-102292.86768,-191229.981324,18821.7774779,-164676.922331,101514.095168,142935.743988,-128854.081987
2643,-274554.221687,37800.0552287,747.222031948,-86741.4495675,199701.037799,-54919.7170529,-67355.849221,127007.789567,-74559.0453494,69826.2372374,-22388.8396857,-165961.834859
2644,71926.9427528,19113.7888349,71392.7366884,-12062.4716755,217318.196538,16644.1939783,-145946.88315,-79738.1384498,-82662.951831,109385.33235,-95428.3739042,-206831.767137
2645,-66456.6800598,93905.0394336,85171.2901964,188973.166255,177861.664468,-90514.2216908,-184594.061154,562.049674207,-106684.773828,-15214.3062227,-160463.024032,30135.9402403
2646,-250783.929613,-286099.456913,230436.20329,136002.456546,239935.044003,36874.4860169,-180997.128177,34146.3098147,-96375.6684073,31922.5408337,-172976.748257,9757.41340336
2647,-166668.731845,-220782.021799,272914.758612,95994.9650877,288199.899361,-17376.9985844,-126647.146079,-158496.568048,-241842.150888,-119648.549099,-230716.935064,-123041.986403
2648,-56805.3994281,-167289.887328,341114.833989,350634.195253,317398.954469,-56179.5525944,-281846.562438,-227035.455299,-231882.068752,-129805.025104,-25731.6576058,87485.6247908
2649,100074.050344,-37439.227894,291104.892748,132114.742498,251501.56716,-22830.9519081,-461343.961952,-65424.9903537,-220232.142052,43195.4080156,-109266.333363,91988.8084461
2650,-24321.8100391,28186.7300041,153758.212921,80526.7858968,213175.362807,3804.73736776,-141778.483083,16544.2259012,-68091.9400576,104032.836024,-446239.294308,-78832.8065044
2651,-21027.5527367,-12734.7481728,65319.7390735,49557.1063007,248376.060693,-36721.6097731,-22777.3916717,-140499.799333,-59908.4418756,-22147.7309861,-356880.890287,-326636.997255
2652,194539.257377,49837.2014855,146622.420332,102169.205641,214427.079909,-6633.74019196,63832.9842056,128962.025514,-110040.772678,164951.671928,-210529.418093,-192546.348641
2653,299766.854915,105958.152698,-51675.6072717,660.792793415,165794.058249,-81405.8472041,-110021.709933,119365.633648,-121719.324214,116321.34698,-249922.656258,-106978.273013
2654,170095.493347,-64523.0597947,-184946.372893,-51957.5348615,27541.3833001,-100960.831026,42916.6333733,-63220.1657827,-52244.5691747,177408.721595,-188641.609983,-174813.015394
2655,83593.9834702,-31663.5758895,-183754.71576,-97471.919313,-32398.5277198,-167510.836351,14716.5068601,-7703.28301032,132340.362,125209.956444,-54547.426486,-255221.098596
2656,108778.397441,-131030.784838,5217.00458014,-25915.5661282,-23407.3588802,-128327.872027,168083.545106,204289.779179,185979.352939,243455.713836,-120693.216959,-302962.939925
2657,302478.9483,-92578.6665697,-56541.2768023,7757.02208551,88731.4787969,-203199.970985,67361.2741696,176207.403177,116327.615166,124374.578334,-71526.8847176,-333547.731901
2658,34828.1967044,143040.266463,36073.8754249,-147996.021821,21708.5541177,-24584.0717948,295843.222007,211486.329045,-68204.7513002,34752.330886,20708.8883623,10333.918136
2659,54968.4850954,239348.273648,-22596.1555803,-99176.5012452,75923.4775617,26684.7668437,26602.8360532,17529.1508731,-46449.7796094,85869.745058,14192.49514,-81315.5198596
2660,73408.9011567,194072.854908,-17375.7077604,128893.984283,148969.99202,-85263.4789362,-25458.3554301,135694.852941,68668.5977651,270803.348704,31937.5298204,142724.085514
2661,69864.2305448,133071.961223,53340.0627541,-24223.229392,41570.7284883,-74254.6855527,-101883.868165,269242.490236,191838.503607,142964.508592,214806.515727,-36993.3971491
2662,14436.2423547,147224.350694,28910.7250212,-53627.6846727,-20356.8973031,-155969.823502,-208226.72318,225353.140042,295364.26,96933.9554463,73485.8687654,34610.3173475
2663,-115041.857497,-109895.992598,-42187.4559509,-120800.049157,35739.9020541,-53947.4740537,-54884.0977295,254562.879166,268509.816467,111170.040917,211056.42585,41586.0928548
2664,13452.4192542,72234.2238375,-132239.488292,-227093.124847,-134320.336796,138345.336795,-87430.2284962,230777.845013,266527.815541,-57586.2436556,53538.2437896,174604.580192
2665,-78316.8528809,33431.9307695,-141860.746057,-479314.675067,-124176.678668,169250.591886,-3125.86803654,116147.211825,38919.3967695,-102730.508751,-83579.2953017,206854.53027
2666,141670.216739,246245.809745,-148584.866845,-281806.875866,-102422.846482,327670.07222,114180.028546,58978.6016376,253798.564597,-82184.1280548,-33124.6432358,121169.510595
2667,20479.47345,256445.336842,-68301.2033654,-251166.195571,58538.5975353,147625.472244,72834.9764656,-30204.3846925,249641.735565,-3280.55619632,-84809.5370086,169655.003093
2668,189196.595587,29990.9861585,-162558.306635,-255121.991427,118175.702813,267232.34332,-62534.9885658,103193.888613,329908.300021,41571.7424098,-205720.497741,-19316.4086365
2669,147188.712855,210540.192221,-84778.4327476,-217863.253096,163545.449723,520287.308983,90870.2878061,-48720.9607711,336847.572901,197783.031451,-69030.3291097,3208.63257572
2670,151787.83153,188825.004856,-205128.753105,-206638.065066,266655.304281,367656.578859,221106.24399,-27237.5214445,316030.684846,180254.936684,-21384.959584,-126878.612587
2671,115259.027354,34127.5951345,-118705.307532,135665.113962,147010.224374,372046.797247,25557.2006905,-55514.9211854,120610.625212,180754.519432,43782.1380768,-38896.3772847
2672,66588.5073534,103004.271795,185507.415114,-11185.4733416,49475.8204911,334220.003179,62437.4929959,-307962.715916,-104833.905394,305665.303412,50777.9996925,188410.343485
2673,214534.634183,4585.19371593,102941.901411,-50584.9300123,157249.844233,94767.5527224,333085.570851,-319895.176195,-166945.263291,131211.263935,42440.3037784,130396.520827
2674,10826.6112336,32434.9557408,51369.3340085,-42598.358062,-49306.7265851,53656.9965161,129805.299875,-362757.791531,62672.4500894,175082.111773,-175199.888529,142738.958553
2675,121956.619849,-182461.040274,8967.15355669,-165235.491382,-49005.2926748,69567.2207044,-97338.7336334,-304814.337555,-76926.1293242,188440.496794,-157356.54435,61195.4990877
2676,153678.365987,-413342.015235,-62405.5720582,-110586.300742,78116.6670256,-169159.873725,102954.131539,-289805.096019,92235.3602671,-22245.7264455,-87676.5966524,185923.14111
2677,249770.355717,-310768.950738,-78417.7333949,-15964.3659644,-3461.23925757,-81813.0261252,-58071.4050215,-193081.805032,85364.7981659,-11032.6225671,25847.8854223,79855.8772377
2678,202679.845889,-369468.346267,41799.9608512,-117587.712914,-73171.1490493,93468.809249,22338.4317386,-172274.675958,-57304.2820299,60855.2468293,252288.805105,155746.645604
2679,244539.016748,-247494.511475,-105056.498361,-220942.346226,-103749.657552,-16434.3224399,247346.482722,-142145.421091,-33588.7497659,-47514.1697692,97317.0703595,169996.813682
2680,58132.6624143,-191878.06985,-201004.607318,-114530.108112,-48406.9097278,-117928.219526,216798.285862,67979.8607017,-44310.273109,-268230.897418,209253.841228,41052.6968605
2681,81217.2073652,-96477.6577612,-180343.543429,-144301.017175,-17633.2589224,-179420.243987,143082.645767,-86456.2592203,-119435.840648,-357753.328477,189358.904978,202413.651937
2682,-114351.1684,-326197.798784,-252190.637892,165656.631515,34281.9133626,-61168.4856979,173483.173775,-23141.8536817,-50186.2900655,-296588.538351,190959.454297,50427.5966332
2683,-145256.354221,-113974.685328,-363347.697495,322802.792359,-61763.5267226,-13454.0862223,-33021.6844967,75109.3484365,11213.1905651,-242664.822108,156151.778512,106819.131113
2684,-137892.812401,-111990.32755,-354258.596043,305587.77847,-141388.860571,96834.8465334,-153222.302051,50403.947014,-218214.66387,-105111.104312,238876.8009,151926.433187
2685,-51938.1407915,132591.733417,-271518.212541,291768.22631,-79829.0205236,-178642.563151,50386.479016,49709.6709943,-239104.415531,-158023.538396,54574.2908479,181176.426469
2686,217676.174291,-3191.96613637,-166663.668817,125057.992359,-56726.3268072,-83699.8351725,36791.8685305,234929.670379,-81556.5401799,-270943.495976,300487.259712,91113.4304073
2687,165996.395025,-206414.223828,-59084.2972602,28435.8550683,-22703.1193354,-147722.028506,-1871.40192961,87175.4601143,-35334.2243178,-70206.9931617,165292.060138,156245.737299
2688,132368.536393,-163721.703761,96095.2831189,37567.4599856,-199976.720463,-64714.7424697,75135.3881986,131508.98993,-24510.6718903,107220.944016,-31774.0669852,86868.5575162
2689,133039.006806,-215330.247709,158050.872517,-81345.4387025,-171110.18635,109931.906475,105560.983797,171658.171627,-103118.734623,-42230.7069602,30609.1420106,176019.57054
2690,48812.057324,7830.12967798,106060.92935,-101499.11102,-214810.912611,32984.4165046,450592.94305,358174.108914,-249081.289446,154396.240285,119223.585355,198927.053413
2691,-118506.227648,-5882.44172549,170511.67333,196663.92279,-193376.610635,23689.1509231,302098.889616,207592.975043,-133609.171958,-31392.5802428,239405.560074,137741.295579
2692,-88231.9985221,127064.432422,226645.702195,106261.121514,-218610.898866,4689.25830288,17443.2243383,114926.380987,-136243.247456,119265.198065,160857.702095,82869.0901406
2693,-319622.382658,213816.868817,233310.029595,-191759.399596,-258906.949249,99448.5555164,-99639.4548352,34257.5396907,-165972.964398,23729.8947324,262585.837994,180900.142817
2694,-261306.202395,255245.509967,249564.673536,-108462.531251,-343136.58761,22000.8839115,-190444.05744,-76439.7367478,-48627.5101411,49874.2720664,125101.785174,-29845.6040662
2695,-225478.838994,161096.377627,155490.740614,-102456.700537,-314996.342192,66597.5801835,-158082.520235,-107170.365538,59955.938065,-248154.986311,90611.4044942,97977.7665033
2696,-247011.714822,-59688.2749818,-4560.66539114,104075.064047,-305848.718892,13104.4753875,-142449.082747,122853.35006,-42185.6057235,-329384.462901,-7179.62331726,9787.90799472
2697,-302036.028877,78731.681784,-158323.684666,52884.9600793,-202055.59648,-55122.5200372,-237916.033195,60463.6500542,68957.4766172,-303013.941101,-100409.740324,-239259.905927
2698,-87970.7168458,236914.616419,-53526.0381695,97466.4924905,-148179.060653,87098.2176802,-81412.8801915,129524.944735,4026.54282204,-200629.263916,85229.098011,-63293.2068325
2699,-202439.915808,264454.856667,59958.5751339,2151.29309087,-128194.114289,23100.8618589,-329869.452769,-59688.5310957,47459.3513791,-358074.65627,40000.9027784,-198326.140933
2700,-200816.310022,241694.118878,265510.605085,64874.8884037,-206473.568999,-168075.975376,-89842.1141331,-35390.1480803,74110.3337876,-303842.909174,47868.9187764,-317163.394648
2701,-214684.14434,42215.736596,178855.002775,166994.141674,-195998.319362,-75529.108032,-114162.691149,-249105.703648,46642.4123242,-173681.759753,-28836.8788349,-265054.55206
2702,-106418.653438,59861.6006199,36632.7934797,187078.117247,-15961.3451454,-13419.49984,-148826.743154,-116277.97063,79060.8859391,-145748.81206,-66285.2209416,-288233.956497
2703,30344.6146513,89813.6542498,-40515.0900881,243741.407755,103688.423028,-240854.620238,-1463.0979845,-177657.645763,-162299.811188,-19358.9736709,6461.4242133,11679.6456428
2704,-21186.4053331,111210.84173,102881.12651,-36763.1607378,1997.83146893,-169549.55627,11588.2416233,-131974.409115,-57499.6410565,180932.372417,-16988.7152537,-54056.5082482
2705,190.871463718,23131.1021109,78960.7610184,-212365.489231,94050.8342769,5653.51301937,-190286.650042,-119710.020609,-100216.811919,-68793.9633995,109208.782478,-195317.788671
2706,-76739.5193628,67210.0821499,-65207.074231,-48281.7066672,107880.076383,-119099.392367,-97667.3851002,64553.8700394,-91514.1842576,41853.7951554,143324.568314,-130799.309649
2707,-225920.478438,-7095.53450962,8099.58347155,-107164.243715,246618.915775,-85571.1220081,23277.9486735,60151.3405087,-54429.2956727,148393.244964,-68725.8922831,-121187.334858
2708,23937.99459,37014.5458318,92882.3217203,-97439.57794,197988.61283,-51929.9848515,-91308.2940287,-158341.175642,-164011.877974,82177.5422991,-24597.9260031,-207366.180292
2709,-138157.193327,-1493.6429825,-22752.4860551,189973.811034,170978.765462,-63767.8029541,-237495.687971,1554.56492575,-84053.2244475,-19682.3154924,-215832.111375,118383.931848
2710,-262631.342203,-227113.186006,208032.665274,171108.448067,179100.697703,47460.6062616,-189140.629635,86223.9867712,-60233.3532214,66899.077559,-94173.837194,-10121.4970254
2711,-134717.138433,-212851.813616,314388.060815,152166.804267,306063.341052,56523.8203536,-84311.1458807,-137263.979449,-251949.088695,-53370.3147202,-219872.023324,-97944.0473443
2712,-17484.7968196,-240351.973669,326904.986007,344755.702843,222817.392907,-87595.0785866,-306285.89322,-203926.667963,-167148.818624,-68111.3345875,-48529.1833311,97858.1755509
2713,21131.0632402,-2265.49479133,323594.137582,210948.438402,212390.294374,13249.714612,-419409.600377,-71609.0292028,-199376.421877,51165.5623223,-171754.912054,20941.947923
2714,87452.5659445,74613.757056,80509.974498,61053.9542316,208317.513914,-73863.947863,-36606.5832603,-44182.9147806,-190028.218265,68977.3000905,-369958.095506,-83739.9676618
2715,44987.510766,-104925.884231,49310.04407,76489.9684303,275434.439293,-55351.3542772,-137297.233101,-28829.9930234,-91021.6896951,23302.078343,-383439.109355,-291382.701822
2716,205970.266133,19180.7478715,28463.6633336,98573.2564186,194985.890605,13268.9436007,177497.671188,156406.177403,-56470.0801851,184882.904173,-214700.415709,-151605.36782
2717,264529.009109,77942.2368104,3482.78097964,-19295.065648,130885.584566,-63176.4901353,-110180.085513,44904.7726682,-73645.0925739,134469.978919,-291267.213118,-127824.613479
2718,82611.2482787,-55531.0682,-205093.375652,-262530.783854,1412.68747228,-106809.060488,-1686.49739819,-87453.3813125,-67940.1190855,167396.504365,-135384.210085,-82069.0984607
2719,198342.002435,-63547.3974489,-105848.967547,-154440.979161,-10396.4782142,-151312.805187,-30635.3020018,22413.9464459,116837.363892,230919.785736,-71357.4585904,-289964.545999
2720,156836.116221,-115615.148447,-24165.9286619,-17687.1670294,5158.12729962,-212605.833548,165093.359941,136353.089637,156976.035209,183900.623189,-106608.285115,-228107.327571
2721,150361.293585,-107005.703011,-18509.9866056,54612.9043474,70326.0416422,-203169.927201,149069.348765,130436.946577,79913.6220653,143098.666655,-196410.744762,-256809.048678
2722,100249.714809,253047.549378,48995.2345654,-195434.420749,57338.5140433,-15456.5514959,464556.817868,296019.914103,-15813.3141047,-34808.5866528,-20482.1782573,7684.11786776
2723,33114.8341408,280178.242486,-21095.0893785,-63853.4142747,63004.64964,19458.0187271,-32799.9288622,128221.585738,23016.8811717,149710.444146,85267.4405435,-25782.8307182
2724,83440.108225,183138.89622,-15947.7332406,27333.8549522,126591.323004,-38896.5845403,-168647.254251,18550.1087542,126332.238374,231996.482904,-15547.7251117,-15140.3943467
2725,66478.6879372,175241.787287,35594.2923442,-82291.9427871,79987.19743,-84125.8036946,-87853.9470293,200201.435716,283801.610494,49100.7623924,178263.476283,-13944.6963761
2726,-34682.1715229,59388.7917444,5461.10183893,-13541.6800196,5832.19348281,-124105.339957,-185507.064988,137096.538668,212198.051374,122897.461272,111241.532738,-1937.65399235
2727,-135527.541201,-103258.841268,-74876.3476656,-110178.603381,6470.98808002,-20899.5859872,-40819.6506107,214592.537758,250141.293997,137913.889164,231665.140849,64038.2372578
2728,46783.3961392,64770.1819477,-157766.824607,-327130.926706,-176052.005945,91708.1744079,-27217.2939907,237992.568047,238104.60013,-20230.5788848,30853.21778,279217.379546
2729,-59926.7987424,43950.404188,-136618.540531,-443622.913533,-91933.8691278,158248.267334,47584.2632307,90504.7305372,54037.2911363,-17204.050094,-134735.437089,155139.976727
2730,97530.3238774,211470.573545,-142847.282122,-218788.044795,-75547.8426522,258923.552031,201491.674475,57715.1152448,234910.530965,-138320.124236,-37252.8067946,155019.031961
2731,-53851.0108687,226112.879396,-171484.344111,-317296.626924,33487.2823919,239280.059315,7958.12280623,-7905.64734015,196523.153691,-25686.3046764,-79147.1882563,27351.6601205
2732,220104.046193,60806.9950454,-289281.821535,-321027.972262,169414.886712,358566.7299,-130938.021564,100242.533314,303841.889087,71492.8170271,-148352.218028,-42506.6182844
2733,63659.2543642,162220.755156,-120708.056175,-197120.430411,148084.570454,522025.073901,181763.958069,-83345.2869932,310681.400514,241468.74692,-188.793567796,-16226.0326827
2734,159400.447563,184881.919582,-132524.88994,-160445.281256,289769.465552,391387.554043,280489.858357,-150422.553048,407619.427469,235452.265053,-26807.2186054,-195039.281205
2735,122341.29667,56820.0160405,-158045.987905,82383.2697833,197708.837138,416014.475919,96693.6406453,-101667.824204,95215.2902661,326019.087769,35858.0789393,-133825.519725
2736,94888.2246222,13957.3499933,119389.869528,-115144.226162,24718.9474138,325971.682825,69530.7439521,-314913.860504,-37462.3206762,219764.399874,57709.3595214,170535.38724
2737,259533.27992,-68407.7389375,238885.786047,-15133.1407976,121275.495317,39287.9867772,256734.627434,-294727.407365,-189258.515484,181720.510744,-40969.7028984,204268.015014
2738,-96027.0027056,-19291.7055435,122152.049729,-144703.073178,-50802.7003955,43330.1610642,182348.658521,-439603.284184,-13715.6162218,147474.173417,-228325.467869,142955.121976
2739,171304.173407,-180455.191495,-31341.6894469,-121492.590205,24882.5971483,86888.2288247,17765.4333707,-314235.2709,-66767.3880386,199830.270771,-144762.602852,153285.968404
2740,207425.686683,-430379.946896,-88229.4364196,-43232.2056071,91094.7477883,-41135.8266837,52992.4180535,-170041.210049,86678.70994,-19237.6206141,-127892.33922,200612.031767
2741,242492.453089,-347310.277814,-153954.121315,-5912.24846702,-20361.7575005,-90350.2142959,-45255.4861075,-176906.047716,48470.6583397,-35169.5762753,-8922.38934871,35140.7592701
2742,157878.362578,-309970.317741,52762.6619489,-95889.5773268,-26653.9929422,105051.073359,25317.1820991,-267508.282307,-87422.578827,90684.2573063,215396.391411,63963.7282113
2743,234438.599802,-149346.248052,-142868.159517,-296760.011304,-98238.1250537,28270.3175131,324848.77916,-128418.279735,-95044.6379599,-59861.6556148,105605.520792,177651.050458
2744,-21894.2298115,-127331.250156,-238909.480095,-60861.5228157,-16750.0038244,-137745.233069,91971.7048399,62562.3183766,-50266.8465553,-276473.408131,155850.770947,108595.560644
2745,-41349.531705,-112636.284514,-227385.572477,-87695.2009489,-32820.0720678,-217463.270402,142188.087402,-68341.7493425,-75740.4068244,-361580.5849,259395.790959,190215.901021
2746,-58188.5606179,-342790.235353,-290034.117248,217552.144757,6153.20042777,-45206.9251462,143909.397736,-13936.5595402,-2919.05026834,-287530.813204,277996.222746,8935.92161205
2747,-115995.695471,-11919.034686,-381584.682431,309695.849863,-51584.5796759,-1249.95442511,-36033.493492,109124.063085,-38882.4453046,-237149.454633,218421.119954,233285.329296
2748,-135480.402594,-55941.3913507,-342598.836426,324811.047941,-92979.2717689,86765.4884991,-126116.851827,14379.1062759,-197429.33758,-49690.4920139,221611.0352,112635.278491
2749,43090.6267417,139375.423939,-294124.715511,315024.734835,-54582.8820074,-148123.513212,-14040.6773831,148331.379839,-138309.754301,-161781.712209,95247.5184935,245617.258689
2750,158732.068904,-26082.8307421,-200638.839648,55852.288542,-33188.9271567,-57699.1474712,47862.5915576,222264.869309,-106639.438304,-225270.532652,311378.890459,19039.5472018
2751,183542.957306,-166774.121108,-68975.4640358,70360.7919277,-57932.6947153,-196276.409223,-59315.3202381,52276.3645985,-1794.0037025,-67561.3341985,95447.6317188,188054.953387
2752,123350.789686,-137477.030512,166281.109243,46859.8041994,-209867.793603,-6646.01180461,116706.646997,186633.478995,-19587.7832425,143938.978033,-64144.775535,109625.650148
2753,97500.6017672,-188343.690093,143962.665129,-118589.010385,-184335.398363,63068.831602,142052.712346,192710.268499,-110712.732683,-109027.37876,38742.3123223,200233.51098
2754,48632.0624205,768.365378435,194215.780067,-23006.1706765,-216485.218915,37074.6075538,441010.659718,302309.873421,-243576.813075,208580.829967,109849.194712,221589.542066
2755,-98883.4036184,39103.5896086,220496.628406,291686.483061,-221583.584602,5435.12379425,326589.356326,314301.339727,-163476.713705,5566.49761496,267648.329005,75213.3232064
2756,-145520.656324,209590.992625,263876.331988,59804.3863728,-219559.794444,40603.9902712,-26006.3893133,102439.913021,-55104.2003014,21956.7325526,96286.3272454,79456.3555803
2757,-313549.273655,255890.012583,171667.442775,-188171.542851,-277966.618065,115400.429904,-45783.8921988,37592.2878682,-54861.6270203,32458.6554102,280806.985221,255469.495877
2758,-362204.64265,288406.279848,167358.373014,-36896.5679263,-360769.702625,10150.415913,-284921.847953,-55266.8507104,-35234.08719,-19343.4992547,65467.5829513,-15332.5473875
2759,-218328.344919,10745.5855978,186921.525626,-83197.4543853,-292416.935873,63692.4331387,-211798.286528,-99722.8831479,35436.9159765,-167183.259574,54733.538137,96797.7457429
2760,-248952.182242,4845.39476774,36877.8115144,-20730.0286009,-331243.290248,31402.6810914,-186754.712297,138851.920639,-49633.9349436,-352020.146309,-68918.6310522,-3750.79299547
2761,-288706.248513,39693.5550962,-112134.651929,160800.706904,-158550.462187,-47343.8310095,-223344.410968,50673.2617313,66068.0535914,-366722.169947,-53957.8957107,-271706.220672
2762,-140369.4998,221500.257913,-83356.8472126,182156.769793,-203153.055829,-94144.6927356,25922.4437573,116896.274231,62551.2656769,-210609.646601,20202.5602953,-54839.4854725
2763,-140747.621787,225462.191548,92391.5925563,33861.0965995,-104948.327257,20926.8170915,-228451.711821,-34727.1758422,21305.7150244,-355177.373,88461.9992516,-266084.445855
2764,-177685.390754,248240.868396,226545.660666,113305.078638,-185863.54562,-110235.971506,-45367.2034863,-9722.96960582,91761.894345,-222264.790278,43564.3079167,-300426.114798
2765,-175504.906318,39578.4704837,140393.493215,122159.858523,-253131.694994,-112144.414309,-270397.982168,-185575.943961,158222.695091,-288614.559896,-48779.7912137,-203417.859507
2766,-70302.1045819,81888.3489702,50928.9624617,153221.291431,-5794.84790362,22385.8237363,-124677.927342,-191050.842628,41817.5651272,-178567.9157,-100645.232006,-280937.055391
2767,-21162.7532078,24475.3394036,-44696.3349194,217964.648947,99398.2082143,-282789.443675,-15878.5054262,-140443.646647,-163241.285304,65677.402641,-32819.0275732,-1670.31579696
2768,35029.0212047,63221.3521613,165775.163962,-61918.3238958,41564.2481924,-105720.691191,-15287.9644508,-116615.454616,-102614.108171,155774.742515,-18627.1347376,-135724.77677
2769,36622.8455976,78017.9281452,63428.2113441,-93094.529053,81213.2890125,64232.008026,-147782.731013,-82596.7429799,-62024.7928577,-87964.100453,110025.484293,-222346.900305
2770,-219406.975457,41545.3369935,-13394.7334178,-64953.5356581,122449.56617,-73178.291857,-73733.5758227,129206.523994,-7225.86545777,6645.97367838,120602.184063,-105756.393057
2771,-135954.860856,-72695.2751575,45256.1609075,-13597.0959416,204445.761491,8266.11858483,3632.19411575,-8126.69154475,-122278.578024,142157.736136,-60118.2736901,-104374.217048
2772,-23027.6751461,29538.5088032,106883.015766,-8528.36279495,202244.057919,-85750.4285217,-200033.165607,-123342.123344,-195172.959942,6600.92685717,-74107.5288626,-155014.9643
2773,-212155.988997,25745.6795291,95736.1794351,211923.959116,199616.557725,-98654.0642323,-231753.296481,-11860.9343619,-90729.2583192,83644.6442066,-204308.585823,99660.2828891
2774,-207571.374439,-171733.93979,206857.574583,246786.404358,179497.872098,33446.601624,-239097.583256,117405.061433,-89719.6314102,40150.843716,-137526.699678,71132.5493962
2775,-152756.454432,-268653.877886,317542.212324,193820.79013,337013.079714,-11469.3197987,-99778.0312902,-155083.172374,-207340.47669,-91014.8164627,-189526.443293,-106588.892889
2776,10969.4189552,-211902.801949,253123.702685,420031.235798,275552.136391,-141217.606333,-355698.682983,-183094.234721,-76321.2236356,-1864.12665763,-108211.125336,2673.87051622
2777,41696.995059,-39655.4003593,365041.078574,208043.766902,264015.336392,-40299.0962815,-366585.697752,43249.274185,-180426.149471,49860.3618559,-198296.824877,39160.9368742
2778,36825.3487107,-6234.46251797,141770.039713,79576.7798085,257765.083895,-69844.3700846,-131966.030039,9836.09312292,-135732.13833,130724.761136,-325487.964434,-199802.478486
2779,73924.7206024,-21509.5906211,51073.9460206,114372.837086,203321.100322,73422.1017872,27915.1798269,20610.0488585,-84233.5939922,-63634.2786833,-303810.593541,-374335.923556
2780,218929.444928,-48791.467966,105207.463567,47244.1783471,181239.649684,-7405.77769493,224695.049202,121007.776277,-18967.3200601,277704.438665,-227424.896584,-222040.70798
2781,203158.699247,113960.969217,-7359.65358983,9898.12933949,93846.0639188,-82733.1167822,-26971.1234649,33566.9108426,-58614.8733179,136349.627286,-298214.935062,-43642.0803289
2782,61204.1694979,-21870.5400042,-189037.591033,-206064.520776,-19457.673775,-127870.88598,-17871.3621825,-155704.022696,-74543.9564242,117224.702165,-43273.3630135,-242727.803497
2783,207420.325276,-149104.880976,-89972.878593,-77314.55209,-36663.9767097,-149604.361012,-77854.5027152,23764.5896077,190808.522094,295465.582483,17254.5687566,-180246.197501
2784,115589.137091,-81157.4355604,39993.0730209,15832.893958,39163.2024164,-349061.531364,217920.706343,60663.1857635,104243.838999,161677.300843,-77514.6951534,-281201.980738
2785,99967.257813,-143522.827245,8527.14382207,31967.025229,-3186.68558571,-159772.175327,151552.660606,186224.620034,5845.85284688,159712.325726,-111349.06141,-292017.868005
2786,78748.6158698,160204.34494,61031.2854177,-262187.475964,-28121.6386779,52229.1484941,354419.826535,211718.050232,-73224.9910731,-78510.9765328,-5813.64710077,-74148.105889
2787,822.498011504,220137.812532,-3278.03141079,94209.926446,54652.7013445,-43566.5836456,112496.530323,125407.028769,12235.6779501,146628.449311,120408.578299,-29171.8783416
2788,69839.8174007,245260.313221,18712.2630348,-59488.4637335,89581.9572073,2715.08273298,-99026.7022038,11726.8855376,140310.581558,171330.2391,161668.978229,107368.195927
2789,19062.7618566,121197.044224,44621.5281986,48267.2573809,124491.615786,-106165.960868,-50252.1780004,166980.70485,281237.488467,63472.8710036,121077.771154,73406.7851122
2790,-50052.5632178,-54055.126129,32.8757756166,-101373.57169,72967.9597966,-114587.115182,-186952.039743,71291.5009478,222035.494414,105301.732779,137719.82288,89698.1379083
2791,-160481.694693,-46614.7226773,-64940.7568121,-158587.132033,42161.9984859,-85842.7663796,-52000.3650505,202316.501048,253080.203563,58961.7759609,183384.999229,131288.639311
2792,-18777.9930733,19249.2292795,-149805.02504,-289241.319161,-188870.378602,126757.362241,-11125.9260918,286388.525963,271765.816266,20178.0246755,29807.09276,332481.659995
2793,-16601.8144242,73540.8899809,-102929.593355,-516353.994119,-91384.7881699,143335.698582,69004.7139034,70597.621445,125683.750293,-55865.2369988,-200007.505092,139183.080185
2794,146588.480537,235818.08838,-123288.534084,-326801.217115,-33746.4381324,290814.40532,110390.461702,-5205.11476864,196469.495421,-38072.1210175,-81717.652173,69065.1126403
2795,5567.88234128,137109.37943,-170913.827769,-229530.790761,46902.0400435,264973.092761,62937.3889422,1569.57059375,252605.942504,2652.2041788,-86818.7685112,67795.0293154
2796,184732.455843,71087.1380006,-192381.64987,-285626.737657,227947.667548,383972.436425,-173376.786475,65310.2256361,302715.39528,138260.459512,-148242.684549,49976.7212724
2797,25502.7183697,205916.332487,-159068.979732,-44013.7017968,200091.206302,435326.683525,189841.707267,-63239.1502777,314469.963622,235342.13115,-8624.65029683,-94538.9617099
2798,254922.951779,194115.169734,-187123.781139,-45507.3396042,299562.867691,422292.089404,229433.958,-81048.7968901,410898.301629,279654.349978,-42965.4152564,-190225.234369
2799,207054.024553,-5956.75133145,-98086.7977874,-5732.19555172,219658.497048,432878.313248,73107.6269649,-52350.4730618,113902.101453,357565.946396,32828.3687766,-188611.774577
2800,29588.6740364,74697.7841401,185154.210837,-60908.695112,83811.6974555,433046.729041,7235.05883147,-282436.978095,-89915.8354142,226296.030796,26805.1473762,261714.31064
2801,348275.062405,-46604.0329859,140216.694915,42129.3237678,180821.907266,154144.442137,361701.803136,-258925.941402,-110359.802039,193832.097293,-50040.9139345,169003.901943
2802,-25154.9601611,-66537.2267411,79811.820858,-143572.048934,10141.4635367,-4306.27175168,39561.7484316,-428048.759279,-44807.7125425,201627.937323,-244146.124041,189651.320294
2803,117567.626278,-282091.789894,-85762.9141986,-45189.303076,33983.067472,-2086.34828042,-10967.5621729,-335191.850805,-151248.419844,155657.222843,-150313.886301,144902.143651
2804,268249.769784,-439555.009657,-109861.836458,-62645.1291345,80327.4991625,9600.36719563,173608.72553,-166263.624369,169296.904018,-57923.4122454,-116892.675538,180286.161597
2805,253665.983407,-384691.706186,-69479.5808699,-170805.831384,12713.3119553,-74062.9010671,-7825.11695589,-208950.300715,47235.871376,-67694.3896394,-24597.9544996,70332.3462649
2806,191247.047414,-275031.991054,10778.500428,-171445.930304,-15561.6902659,57760.732383,113588.445794,-263884.266168,-78256.6437388,82156.2386487,190601.3281,97281.7938034
2807,147051.580736,-157026.747447,-96205.6435621,-267849.973686,-144610.409453,1072.75727869,342829.221127,-107249.584616,-50502.4304073,-156086.820609,103113.413788,174545.945334
2808,-10646.8207983,-24606.3947055,-253934.726659,-105262.387562,-6582.35411415,-76304.33455,207391.13861,-32770.4485809,-62229.7715811,-326172.610131,139957.747209,139937.723849
2809,-76522.0882284,-197394.200904,-304257.054847,-109792.01609,-41775.9853946,-154754.047284,229408.207093,-86801.7598689,-97197.2604067,-364373.092681,193011.13401,228713.391976
2810,-87775.2156883,-243343.694409,-375487.960303,322124.102325,-15272.9438419,-71755.6429822,180787.821957,42167.7187849,-136487.344892,-315048.086678,315303.45329,68293.3058669
2811,-170636.688599,23186.145747,-410805.038395,288439.745362,-18739.4221766,12981.0545194,-13750.4540189,124944.890239,-81234.1796052,-218555.366027,148823.511329,183480.260302
2812,-182953.839964,-25212.3969709,-368429.958185,316964.756797,-105730.875472,45463.1037229,-86691.9655017,-8396.37553496,-207215.572661,-66702.278934,113436.015483,154628.340533
2813,-14720.6304877,117976.720215,-343456.788788,336343.81698,-31415.803313,-225974.960283,-33195.9269968,166093.771821,-87628.0386751,-202984.560094,148909.044827,240283.782151
2814,220599.881613,-17459.752124,-133409.654193,175717.273013,-54850.1404234,-88203.3693258,32045.5260107,299476.21517,-137240.691302,-163160.824893,302325.521832,6887.72159217
2815,232091.738088,-134943.002168,-33478.2807551,21623.4023627,-97826.214981,-236306.682911,-111795.204549,25797.7590556,31838.1650337,-71326.5305521,137111.378693,217300.398645
2816,36667.8278621,-94217.708476,247590.670899,-54623.3723018,-228400.026553,5697.10849236,94845.1005763,199710.552974,-70594.6490703,70377.4947076,1276.62561233,114958.063862
2817,92253.8579309,-104069.833786,161983.885444,-180564.240432,-225943.832007,72784.6297222,154902.668098,280186.327549,-104908.672228,-13002.6037612,38032.6327245,191258.037858
2818,-10560.2611718,5905.39550743,176987.781081,-42181.3099937,-189541.576953,42461.4058472,410315.20802,324237.1466,-142757.904606,19301.7050847,153661.529789,188315.726114
2819,-44982.4098743,42965.3920379,231551.859931,305155.493364,-277545.278888,-47496.9316887,201750.302195,248405.222498,-51781.7460474,80950.4880974,305413.906731,185143.838861
2820,-205772.044073,243910.301007,236755.893702,91009.4674691,-188718.752454,3016.88075896,-96535.9958614,118036.087588,-149356.238941,52862.745636,129409.747317,60063.5858203
2821,-341430.559543,229992.769124,204394.852151,-95978.7243499,-314179.06894,40090.035598,-81754.2652739,20606.8890416,-99458.5842139,73675.3307375,183715.756638,224379.14571
2822,-383849.675267,219393.109608,66585.76719,-42781.7708569,-362022.778223,13512.7853886,-191131.337418,-41480.0772389,-22748.2686263,-109675.100396,47529.5273537,18622.0560916
2823,-243563.70344,25549.9474581,169570.209021,-20086.0629327,-346578.744081,14012.382889,-154517.327825,-84188.4921544,61396.5212971,-163873.046769,-20690.4221132,-90966.7562462
2824,-317686.200426,-9138.64089413,39223.3206431,40997.2787308,-339550.535812,79910.6859298,-148247.862312,149131.06886,-62414.2526214,-270807.401692,-73084.1678125,-20960.8173377
2825,-234983.80194,96920.1462576,-39412.1990215,157011.359938,-150901.473794,65974.4288178,-96815.2400827,20907.4526861,6919.29682218,-363377.638004,40458.899689,-195514.188408
2826,-105273.108051,219911.698645,-70303.2605851,167057.218951,-165632.836686,-171447.638341,-85493.1736359,152537.170286,8074.69744281,-183819.398529,2675.33971319,-98633.8409246
2827,-211309.808711,285283.341608,109768.917611,-36813.984003,-115908.584244,72536.5822724,-220420.101917,51400.9851121,81021.41472,-361129.642465,38958.080176,-285701.686508
2828,-96300.7312042,168428.832307,207245.984347,66968.2703879,-204841.033684,-142620.142168,-43042.8331834,-37454.9862034,42064.7403592,-292250.142309,70526.7443156,-271215.790237
2829,-177555.933871,35382.4156028,153513.047809,157110.079851,-255940.067505,-125560.164898,-163080.802986,-187641.484348,144462.991713,-255515.549495,-47435.3291775,-230611.507855
2830,-34369.0910669,19553.3639741,27143.7709757,144632.417218,31647.5770888,-39783.0344758,-125071.942195,-217102.616936,14111.6266164,-182521.53646,-100474.577948,-319641.692245
2831,-72029.7985494,-7680.86113659,-34393.0015016,184026.586139,144302.871334,-213876.608463,4767.72369809,-179354.009665,-146123.965972,65813.342787,-98532.7161011,-33929.9975457
2832,80509.6941954,40769.6669297,225151.32909,-8661.40409561,82202.1372266,-73654.574991,-28602.8738755,-32488.7747426,-90163.311918,118792.567456,79163.7985867,-181717.504602
2833,9370.82519274,53343.6691457,18176.1815803,-17166.5559797,104267.039849,50502.2718246,-53291.5850999,-3809.77038546,-114481.405932,-126609.116719,95161.5479519,-241812.513082
2834,-308455.110821,123700.208809,32156.6464188,-64076.1411287,99538.5508089,-98027.029003,50732.6986402,158497.995386,-21649.0757553,90735.8616343,10441.6121977,-150976.370232
2835,-146373.49444,1936.13250065,104348.461097,-53812.3210043,198029.56706,87855.2222934,-48699.9367653,-46075.3339569,-165127.220337,92620.6655072,-65354.2906616,-103943.077497
2836,-56516.5723661,3567.37478851,-2069.97291628,189329.295753,204867.738881,-99219.7015295,-145330.788595,-95748.4801068,-194334.480342,-6008.27405649,-65560.664246,-61540.5997233
2837,-252270.877527,-73100.1322384,95709.935541,233087.293642,207771.639988,-36419.5898877,-198797.153294,-25331.9448521,-68041.7445588,64952.8286476,-202386.515535,32835.7340385
2838,-130454.130057,-155962.487894,139027.140237,152176.381023,242907.046686,48944.2721567,-158160.618006,56220.7698106,-160006.489759,-604.978576022,-183481.934526,94664.0579624
2839,-124511.677409,-66495.8559299,356287.439462,149596.550072,297156.219352,-78240.2312456,-198369.94385,-143373.259936,-117850.110193,-89531.9449242,-146093.251946,-83992.4104234
2840,-80511.9345546,-181441.639553,265468.994092,373563.282419,285316.357012,-179484.360659,-366930.030438,-127967.242897,-142611.448198,-3605.53404588,-131334.462837,-48158.7898996
2841,20020.5863658,-108702.669159,323894.85353,284656.523148,270398.49198,-81778.9112799,-348365.636445,-20805.7748944,-105005.921962,119967.552179,-325513.574765,-52976.1900967
2842,52820.7745601,24460.287888,76017.3503931,128490.579155,248149.276787,-20324.096261,-14973.7236196,-7972.56829331,-196788.667566,184815.615748,-409802.811756,-237516.295658
2843,26273.8278805,-82028.150905,30595.6281099,144419.085085,187850.232814,45292.6386692,58034.5862066,92460.588677,-78626.2436191,-43235.2747311,-288142.737769,-351255.761779
2844,175295.888833,61800.5059728,77875.5023823,23031.9169404,144314.4806,-109141.194218,236134.516471,41094.1398523,-53611.5177177,245823.374107,-307943.377144,-282630.986165
2845,156297.554513,69460.399689,-33764.5442228,-37320.9987073,111322.347824,-131399.840284,16451.9509726,-14583.8793071,4614.94776719,204016.387346,-258827.280821,-154520.271811
2846,138770.729579,-87392.9054711,-175927.909681,-172938.282477,17080.5925226,-154255.294923,33968.9646731,-195944.583984,-99702.0987625,176551.464573,-37494.4042179,-211043.191588
2847,186797.55694,-113808.702209,-12233.0878358,-45266.5819397,14570.9226272,-171726.236551,50809.8447753,55342.9751759,109604.310704,333641.90171,-12557.8070885,-308340.235738
2848,137073.186549,-79010.7882612,-7269.97433947,-67485.903838,31650.3345616,-229280.661164,120356.31861,71519.344532,132481.04506,191746.969067,-65962.1481566,-298815.883352
2849,96192.4182068,-30032.131039,45242.3105416,-43206.806382,23735.346687,-84502.001059,174518.856902,211509.507047,107974.736235,93759.0776712,-188088.149782,-239097.231568
2850,-59765.0527717,245563.435238,10844.875998,-220758.73317,-60800.6997755,26731.1875817,384825.463823,192166.947653,-19348.8053545,14800.6878016,13880.4091125,1226.09182412
2851,-126624.122026,309004.454699,-9907.42169752,7573.93761052,61783.5914873,-94551.6862707,71900.4864863,27236.5927166,-11388.5110291,133601.214777,88572.7308687,36755.7648619
2852,94841.5694866,257614.004776,5429.90936125,-194726.13469,103521.686198,-156658.488426,-40192.9685848,151067.957959,116381.754383,88968.0369726,192599.426627,100616.146919
2853,47350.2833991,111844.841808,18426.6541326,-16697.8022557,63064.6502134,-221046.804112,-182735.417198,210187.048681,323363.211915,155306.052508,32518.100744,55731.3312064
2854,-94094.4112775,-23719.6301297,52684.7114318,-94614.2555871,51277.5333621,-60162.202057,-154860.861772,14554.2898724,302816.586366,94557.2162938,117037.663801,45781.8805184
2855,-122387.687948,-18293.6720871,-111714.393317,-49661.3383415,28890.8021299,-26597.4172729,-114378.868074,191634.081552,301601.412175,31987.1331395,86493.7997112,175720.74162
2856,-7362.19114598,-38150.9881865,-92493.0749397,-319745.189315,-119609.998615,181898.558656,48121.998413,251166.803971,332938.408526,-36279.2350855,1381.7704541,291714.500745
2857,21120.3344434,101825.61043,-110555.104371,-506041.430636,-93831.6791445,189422.969083,56539.1937464,75387.1700824,197999.618967,-14735.604672,-276504.287836,73453.411223
2858,107602.053304,163187.382126,-99165.0587622,-252266.184264,26105.586423,204946.52497,156580.530747,12986.6511436,242529.824166,4259.7445585,1216.68091889,161446.903653
2859,3571.98342335,147163.321144,-93369.4252925,-106703.803612,95738.0534541,308368.496889,35819.2708554,54987.6386683,256704.2753,44723.3222846,-159938.439027,-22018.9220339
2860,306792.275787,34691.7213995,-135283.730416,-255032.992859,170434.27145,416834.766077,27349.2572327,28284.0282851,255354.790178,107274.869468,-132821.02741,36767.4962927
2861,5398.23634731,188828.366958,-204228.448158,-95303.6466321,232052.741491,351652.486001,153517.336735,1022.87145482,293883.630272,270102.175807,53527.7559216,-104776.557383
2862,251144.965365,119517.663098,-202567.1739,-43823.4380732,254125.444836,324427.53365,165256.600428,-112571.559877,312492.261534,216628.452377,-92779.1630254,-165088.573285
2863,122249.392254,15813.0748696,-1139.28381763,-49406.7145476,99609.0102642,487309.661433,21749.3184308,-95279.8808473,18115.6354905,343378.2518,71424.4775794,-160930.326309
2864,118873.210403,121158.158964,147509.589981,-107363.911384,118572.825399,303499.513172,28655.2010994,-306164.541086,-118693.429901,154715.798939,28922.601597,186967.77801
2865,229403.712941,-26404.7819207,208430.79187,100042.441718,122106.465515,108310.614753,171372.447942,-422292.672046,-29924.1568778,303844.75123,-59457.0533042,167975.057777
2866,106355.000271,-87008.7374491,90794.3450464,-74482.8382081,10544.4290071,-16844.6538812,-2193.27066445,-397867.901457,-65000.6723683,195245.044061,-144385.34958,301540.241449
2867,15168.3829625,-352824.447209,-74482.2200528,-17572.6051903,103865.210038,-26777.4174341,5555.00937135,-258561.979348,-119090.224198,117250.146484,-57075.1455744,166402.542324
2868,261909.051263,-465246.196309,-51475.6988087,-162862.482602,39763.8508431,-32559.0845095,157460.591328,-171974.036955,177859.206853,-86664.2096618,-90342.9221858,244159.559654
2869,287922.559442,-423757.419306,-98166.1556296,-135035.039858,32961.4830835,-121536.696365,110722.816967,-188344.303888,-21383.8886884,-79474.3030709,16034.306913,70527.177678
2870,160819.765941,-203662.071026,-4270.80333561,-170573.047766,-32038.6233173,15155.4325086,78681.6462076,-276506.274017,-643.10636271,48586.6402563,169674.177335,51869.1124183
2871,142340.227734,-149835.829274,-94537.0581975,-227429.111218,-77127.0115329,-82348.7137816,362315.679979,-96669.149822,-93790.0329469,-203905.270942,81218.3626209,252595.313362
2872,56894.9708565,-81369.4534336,-237741.468947,-157172.393548,-113502.78957,-85572.9085192,188652.04133,-54390.9951687,-37327.8913854,-384091.536021,265220.14993,110943.890065
2873,-93900.9156923,-199249.019856,-244439.160845,10029.5056518,12104.762227,-90620.5733556,332678.017107,-146305.964297,-56747.8190437,-388344.025957,205525.495415,181478.328454
2874,-88281.7574992,-194330.0935,-400661.394996,357478.626632,-24472.3392265,-146323.179573,106098.344332,105614.357866,-16532.94886,-259269.144605,259053.448206,142836.05867
2875,-242809.017148,-68706.7839078,-504601.57671,427372.333188,-72641.9149821,-2011.33487518,-109778.773663,162222.395884,-140486.46761,-141701.809548,186979.970707,226510.812888
2876,-167460.310637,-12645.3074801,-230594.324314,418846.324987,-60882.7589175,20822.1746254,28742.6531149,-49291.705225,-136642.227012,-90466.7836133,138753.335571,104905.545458
2877,16662.8939504,61866.328827,-277090.894084,307165.613636,-35727.9463834,-152897.538829,-46776.1484624,107438.995699,-93704.2823975,-186559.82708,271219.265534,203557.561557
2878,243594.932627,-33354.6810351,-143757.915489,153571.662356,-67288.3246962,-129753.769813,62720.0393332,245144.218659,-87845.0149778,-155230.083017,362545.383722,-44702.6079904
2879,236895.581771,-157117.29969,26897.9340382,-12910.9742988,-19561.740405,-158409.915325,-214743.623056,71558.6533254,50151.381449,-18885.9662714,109724.919962,198006.981571
2880,1935.14871736,-121365.068414,186441.782434,-16643.1603307,-238368.276206,47799.7266821,103395.618534,226639.097963,-66981.9770213,70524.9577859,-29693.7651,163451.21134
2881,154073.717068,-91298.5971251,216606.237851,-43606.0608031,-211990.185186,4614.87021705,168425.601745,255957.109166,-132812.287444,-81577.5144809,114145.692088,158663.164779
2882,-63460.6913405,-62190.2596805,137138.394283,11552.4133466,-178626.378522,116386.092809,361607.055277,155359.996434,-97088.7298346,47358.8731954,131496.952168,152684.14252
2883,-61874.2825699,96195.3545566,307970.137566,287046.189313,-255492.639982,-33148.6046007,264277.344143,208014.864291,-45444.4980076,20694.6080736,287508.211188,82349.9234636
2884,-294316.913934,167358.594698,296484.162385,91778.8658698,-194339.295078,6606.42302172,-117372.610165,4862.39128395,-207425.623201,71503.9580173,133353.447364,142613.113347
2885,-297882.349301,247989.276334,174101.402453,-89157.1738772,-297782.987929,34780.1472119,-117613.777957,64098.3723117,-57511.4299787,47971.8439383,224974.071171,122100.996289
2886,-410456.542279,218965.810376,120763.227816,-91639.2021813,-335141.015442,-35193.6192614,-193578.633896,-77173.0666439,-47027.6434424,-91160.0434299,88223.3567059,83888.7470293
2887,-218721.266911,15943.2436473,183220.950118,50886.7592439,-397786.449683,-1197.70366319,-148050.656155,-26862.0931487,16928.7623871,-183872.933699,-9416.73711176,-50717.6073736
2888,-301042.587659,25124.0448824,-31940.2659608,118468.439403,-313815.580349,103529.566652,-230732.08372,97236.8463864,-115267.298466,-207847.301341,-95712.9506917,-119790.551127
2889,-192547.950123,177085.114685,-2714.25459485,227065.381615,-198657.785665,44895.1364444,-110311.712453,-39168.351001,-123.372186004,-406458.777131,103345.557192,-207480.917136
2890,-61464.3449109,169755.683014,-23335.2602227,55954.1179886,-214265.69017,-166863.100856,-170845.835672,140292.431162,54882.3444846,-203916.491769,-36832.9787817,-92383.0479452
2891,-197981.856964,396509.85304,79772.1796646,-62290.0765202,-141254.086371,-50809.4886541,-227050.955167,-30249.1347863,53402.3039892,-377657.049533,65362.1774165,-305048.715372
2892,-86018.6338832,182887.398246,188109.397941,173721.619967,-264559.901004,-88369.279271,6202.2489193,-62896.6447376,49825.1829888,-367481.412163,29462.0267076,-338030.105158
2893,-183291.964373,-12451.3669509,180138.04663,143418.142742,-178456.866689,-45326.3264659,-153740.580487,-207135.572916,130551.791078,-245921.047324,-77528.5046249,-289271.065399
2894,-21663.1464038,87255.6835108,60730.2655321,197129.854685,62655.8426777,-77147.1631851,-172845.034806,-213981.693237,50593.8377433,-76204.9323551,-124633.396862,-272630.548204
2895,-92087.3102473,50167.9922991,-31754.1232314,31824.9125355,114076.001991,-151855.599588,58890.0489595,-161974.025192,-193915.511572,21034.7955775,-95051.3496316,91948.1047765
2896,99907.2168629,10635.6678841,260276.654208,-18461.8919403,72490.215621,-56285.23256,-76270.6354708,-95014.9510883,-41147.1148216,89143.7945983,38579.2698391,-157287.804371
2897,1282.00612416,-32378.2907127,-52004.6372776,8811.99649355,119185.72754,26170.8871173,-110720.082514,-33505.8528543,-240822.083499,-152248.530244,149911.225978,-189873.683493
2898,-165461.897447,53408.4448115,6834.03471146,-81729.8874828,136160.217723,-147824.002258,79722.0120585,93708.2843062,17704.1812315,75474.3205594,64143.2870616,-186528.29729
2899,-103927.684297,27192.2531059,80721.8299139,60293.5257069,144423.659363,35301.4247817,-88023.0747784,5826.86334173,-109077.230743,150079.552283,-52428.1393024,1141.07999499
2900,12847.9566343,-7255.74782674,16478.2629967,154178.12087,131499.15833,-134142.782152,-79151.8900415,-87085.2488786,-185533.268192,-103286.987056,-128727.871338,59413.1162326
2901,-262996.671869,-38360.1389692,59423.2839942,177708.469248,217878.093529,-93631.6128016,-218304.030747,-20075.7384198,-52363.6739748,-32271.5224035,-144465.651844,18946.0076519
2902,-137586.711259,-91603.2418225,150981.477794,131438.570047,254637.14628,12429.8353063,-73256.8276186,-14860.9914395,-150573.424471,52486.8553848,-98432.8605113,51163.9838189
2903,-55766.0748528,-152927.134553,267390.767201,96622.8667135,316381.883953,-89812.0827308,-252485.479948,-246758.712152,-181128.381805,-93787.9335427,-106150.32316,-33418.5103157
2904,-82986.4897053,-206842.85915,326468.007429,319374.497066,249528.303772,-112456.469214,-288265.404631,-111482.873501,-189557.508295,115981.678856,-73697.6057996,-125060.735045
2905,62214.4103596,-46527.1443824,349768.467356,270535.311935,252632.583251,-47467.2773217,-258856.915064,-26999.5136111,24158.4475248,112805.287383,-402604.258955,38200.8277624
2906,98316.1590939,-5238.48903204,-7052.78724991,83933.3121496,204252.116042,16557.1109392,-5634.27796425,-21208.6445069,-211745.825418,151185.832115,-338882.795788,-197928.33603
2907,61419.1222052,-40839.6801926,121129.221411,18003.3221909,213496.382667,73345.4111525,53801.1539096,5654.58138795,-20850.5915768,-25281.498192,-275647.672205,-325970.136723
2908,197259.936357,125413.661267,-5347.37222161,-49322.3374002,178618.248805,-82801.193286,180240.364337,81843.5347671,-109080.849712,305752.114263,-377242.448777,-240355.176778
2909,269631.757887,58642.0376224,-66722.4375447,-183557.315102,66085.4196163,-110793.237841,85607.1625465,-33328.2666122,-7446.32322736,296462.07344,-264717.616316,-176367.628566
2910,71257.9789609,-17998.4998105,-163177.640475,-44872.1151311,10884.5367961,-134179.348948,42647.7451691,-238628.444112,-19528.7306862,266449.319637,-65449.7874788,-254699.367692
2911,231941.586648,-101921.856541,-7843.00981252,-14085.2404891,-7285.57047368,-162863.947723,104655.050777,153759.068336,108670.794204,239010.6322,-115345.100465,-259384.958581
2912,187379.10147,-78912.9030898,-15543.4476697,-127222.774265,54620.6258307,-204766.536574,145189.913277,129134.093784,146736.690959,207224.364957,-85198.6705655,-301441.743646
2913,-11343.283242,-38514.8221021,66944.9299549,-46225.3011375,24729.251537,-133955.122278,236059.186747,54461.6488565,74642.0292817,117688.175989,-163181.805257,-171287.467372
2914,-82441.4712287,127398.994605,50671.8195298,-187478.780823,-49176.5419284,62678.5422391,224962.096995,101922.231551,-41096.0217873,58467.757016,92409.8082256,-90157.2752384
2915,-104361.942935,315537.780376,-96769.4753289,-17465.9359691,94953.3420486,-107792.880641,90851.710453,93059.5994098,65359.0599465,109371.675961,5154.63960688,45954.1794621
2916,130395.045478,184935.417498,-5395.9537506,-146978.619619,63056.9664333,-148040.630563,-78067.1612666,174219.050085,106862.717034,143162.793173,158321.445315,26566.9966064
2917,-4171.47448808,34805.2810326,94387.4246252,25133.9684718,86373.8809761,-206779.921489,-83265.3582365,224513.561189,258691.372358,159679.119794,90365.9922323,117097.336951
2918,-94339.850721,-57073.4028937,21291.0351241,-83167.1399437,28035.2937259,-81482.6636611,-89860.355942,104898.752255,293886.119903,97139.3601092,182226.421415,72080.4729219
2919,-158689.304841,17067.8895041,-158843.071973,-69647.2695257,-8187.16970989,-18951.3919814,-60834.9585275,176814.257449,317552.616792,39555.9113656,92522.8353408,190152.925557
2920,-49603.8701152,-32222.1215695,-113663.532019,-330003.421453,-142455.108427,152816.895259,106443.544345,295996.57344,223269.383603,-36937.4789851,-57083.0870726,249833.003181
2921,41340.5450672,83243.2006246,-129186.084292,-432430.294952,-163935.592319,159460.407336,174992.097481,9416.48794612,205804.967266,-106387.276921,-179775.330495,127656.422162
2922,49691.2080904,170085.629039,-20878.6115705,-297026.340777,13757.1282088,196656.902969,124332.509372,-6605.010811,200918.843414,-25148.6823995,-431.739345466,55608.2757829
2923,16169.6679096,67566.5868476,-205058.893112,-153841.596122,61505.5201107,341703.381713,82688.4818939,42023.0150803,276424.718992,59923.3702983,-187913.761356,26036.8753651
2924,240016.158742,210777.757252,-112954.829378,-169056.607505,121346.232297,374751.338206,-117089.277609,28310.9085619,272402.942907,143121.515641,-127433.656329,57832.9762849
2925,6325.67526815,217132.826673,-239195.272709,-21766.3792573,213993.416834,412131.178988,152377.933232,-26202.7328202,254177.879674,218570.234136,93237.5541871,-35628.7760499
2926,302413.780196,108343.108965,-270766.087756,-29490.8237655,280433.164817,308472.210903,49570.89799,12190.072234,347797.323327,247754.718254,-73103.7727506,-170975.705954
2927,233837.465339,-46908.9040096,-67392.8679151,-26641.3790752,132267.889911,440029.372593,-14566.2637061,-168521.095148,16020.2394901,329997.561383,18338.7780188,-66828.3208444
2928,146811.782254,186981.475584,116800.292542,-88170.7879772,156145.610618,303518.87241,97030.9255308,-211324.431874,-92200.499393,117925.577112,75940.2933765,183524.770736
2929,188720.921887,-89978.0665811,204604.843703,-57484.5272525,91480.6588926,90960.083755,204414.781092,-375882.260593,-21523.492558,264834.911149,-172693.751989,109822.052028
2930,141620.165841,-180113.080269,-12281.2854098,-153315.813766,53031.7262354,8289.51538527,-36037.6459321,-412764.364047,-110116.339352,164695.479305,-113263.03554,308545.701364
2931,87076.0156038,-385258.827941,-87127.7841194,-23899.5297691,155268.41763,-43877.3212158,76179.7276874,-261697.074447,-17351.5249567,135354.076691,-121918.926115,173286.955967
2932,234705.861537,-418450.005238,-100547.380518,-161963.943628,58939.0645896,-105210.764665,92928.5276311,-276593.475646,163722.354852,-132514.314936,-34140.2088487,238441.244748
2933,303747.818046,-345965.19673,-4924.14809148,-160670.229105,60546.0669527,-156159.413038,136842.467821,-202567.355527,7125.46988985,-61526.7724704,-30285.5283581,163491.129562
2934,237235.300032,-138002.207474,-79044.4500886,-146540.423702,-61999.0673184,72383.6539886,171569.910623,-350760.570877,-22052.2485307,28265.8577465,212851.056354,101633.875653
2935,137539.572258,-156966.410736,-102689.198335,-154671.434872,-91075.8777326,-93538.1001174,153103.288184,-43270.0186884,-88953.019789,-216896.532827,78287.6500982,184819.586265
2936,-39410.4926068,-77261.0271735,-290868.176331,-180433.440135,-123356.878046,-117254.9305,213602.475448,-126458.518033,-36584.0787798,-295394.185058,231372.000655,175792.599693
2937,-21127.1347488,-135826.355769,-272271.003916,-7798.65849514,3803.29350028,-198961.028283,230994.537229,-50912.2238151,-55960.6730012,-450297.370172,165665.671215,110872.37683
2938,-40015.9992149,-259321.64441,-367795.600605,418028.262255,-81479.7578385,-185143.200632,61852.329646,99325.0740879,22470.4271411,-176006.895695,223421.737542,66741.969689
2939,-201928.059369,-45890.2488093,-467263.524791,431345.257877,-62567.6140429,44042.3400683,-38449.8563622,177781.762492,-70368.6274896,-176804.375365,210323.114504,150956.526068
2940,-187366.065336,-25580.0617913,-329840.073249,433788.354588,-82468.3939435,-95101.9101323,52508.1935497,-7673.12065431,-80402.1477936,-111208.955337,124727.675538,100734.632283
2941,-3937.40427083,112838.651335,-227182.425139,211667.33131,-58650.5497198,-136496.813039,-48899.4716597,151442.894794,-117134.408156,-121775.239379,260722.39455,231589.022055
2942,250829.611354,-101531.117614,-46792.6198174,221114.851345,-34758.3962199,-113187.86244,157777.804946,228546.599134,-90833.8233351,-67957.9740332,286009.450594,-26242.4833766
2943,221166.28621,-233220.415477,41833.8342643,-55407.1791254,-42852.2704289,-58354.8463902,-151439.920579,151998.448405,-5149.31329968,18272.9857126,166377.936039,188564.173626
2944,-13504.8817899,-90563.3535412,131281.89827,-55438.2129288,-181892.437242,51496.1750928,123599.385977,203078.894624,-169945.00582,39512.8100751,-60413.9155408,155687.4511
2945,91753.235592,-75727.9490743,199892.993553,-134318.446195,-162183.512876,74274.529139,176195.875708,248535.204828,-55770.0214587,-24257.4175571,113146.03972,265185.112529
2946,-97430.6654441,-46773.5161375,150146.371942,122724.525502,-169029.860975,130761.112282,198103.289708,117064.978946,-89437.4305855,31013.6184232,136670.706863,116514.699365
2947,-15606.6083114,18223.4467117,315158.831038,246360.846656,-213426.213923,1974.92382854,161373.590758,208296.791933,-79881.1295422,22844.262045,258949.089092,117692.409537
2948,-235838.471617,113367.794785,265112.806006,42036.4052336,-166545.758905,105996.425709,-73897.44017,-17679.8831434,-258929.195725,77269.9242162,221440.263001,152516.57315
2949,-373548.196834,247982.821281,237375.415101,-66580.7068145,-294531.610479,32717.3677632,-128713.45502,50989.0965913,48561.6953695,2613.54031197,228103.81678,51559.763454
2950,-417570.190527,323428.151599,129387.673023,-144901.328519,-390891.134527,30115.1602887,-154041.502385,-121032.784177,-38822.0591822,-183154.210096,154945.733617,45342.4416265
2951,-295582.340759,-15169.6498588,84921.7630751,29349.5959345,-393831.025169,9416.23504872,-140727.666609,-8958.24137013,-19559.5663386,-279780.682206,-42936.1356155,-70757.1964837
2952,-312519.070871,-31447.4466862,-92758.1222682,122304.541343,-252765.761075,75918.3362812,-122455.574191,50506.5153557,-56702.9406812,-253890.604886,-143575.312024,-157314.530241
2953,-249469.60137,134369.175317,-101931.175698,299461.014144,-193665.49279,60785.4550654,-212864.099697,-54526.9765031,-18193.827406,-349519.637594,112606.212847,-216348.215592
2954,-99273.0089947,163919.317896,-46261.9962172,95235.4321128,-162400.058532,-110160.437083,-229513.538877,8267.70564476,85635.7185344,-259641.618961,28945.3284305,-9861.2990381
2955,-236219.938694,216653.557318,133314.739367,-99879.7182348,-120367.783209,-77976.3888102,-220632.07587,-21688.7095084,-30456.4960456,-357419.279041,-20685.5662421,-205891.346738
2956,-37200.946515,89365.1710429,166923.887967,207234.560937,-275221.695275,-115851.765516,-76833.9259287,-68403.0909175,64693.264206,-244784.097867,76893.9285557,-329954.911908
2957,-174141.099304,34858.4684738,101374.64014,147886.681764,-216137.370749,-67706.2032867,-70144.4093866,-188075.374085,153128.853505,-227224.247935,-20938.7243488,-247181.866991
2958,7355.03961572,109864.074373,13050.855452,124505.154538,9830.1743943,-101797.14189,-125827.99299,-138165.839971,97889.3016777,-129626.203113,-116197.486588,-188279.642785
2959,-89949.3646302,100495.126783,-23050.0165204,16774.8761059,137534.575254,-157068.977602,135607.072988,-128587.427112,-58416.533546,35856.9255033,-108977.159606,15301.269399
2960,4799.05073147,-13034.7578773,274079.510435,-29867.336192,48558.91855,-33412.0027328,-15676.1873922,30077.9035177,-126950.124849,66935.9001331,13949.8725039,-99997.8774921
2961,35084.4928651,-85950.7345788,-72174.0458216,37337.5704449,28602.8239005,42355.5782009,-124585.301374,-18578.6912018,-276961.358462,6548.78132968,154905.438558,-224286.1544
2962,-163304.468112,56152.8878418,42386.4659586,-156402.971404,197890.061876,-196444.46609,103864.87394,72947.9281501,64503.100031,61941.455599,89944.8488835,-215505.521166
2963,-40814.6895074,14273.7177201,90186.9031207,75181.8695289,185148.241339,47883.1682187,-206153.964171,-64358.1388331,-154275.985731,167647.060031,-75501.1522648,-28453.7612657
2964,-1662.5726058,54890.8687993,-53995.6399,89326.1865777,152325.764676,-90369.2147304,-126505.065656,-69505.3221127,-160457.004458,-18784.7289612,-97084.417778,-4396.26920462
2965,-248598.326008,-166666.864361,134239.985357,103272.137283,236753.320276,-14722.5276864,-267672.677764,49402.0226115,-99564.7744752,26114.1492301,-160100.206042,52620.3936912
2966,-230389.699208,-50270.30666,94697.3426687,97014.5351869,281534.211158,-37314.3072401,-93697.8614935,-84598.9162709,-165215.935097,-59121.984518,-155416.988139,-4748.06255718
2967,1818.85738899,-46905.7576055,359799.914981,80243.4549663,315728.422842,-128108.468501,-268018.570165,-237145.903798,-173794.531577,-7477.35789009,-60727.4528711,-93579.3017198
2968,7397.87417087,-203571.410062,260563.117749,341652.75699,295722.61875,-52840.7580276,-319608.779638,-146332.49908,-91693.9979249,164055.241948,-79489.2424284,-27210.571859
2969,64152.9951046,-75968.1399197,319588.497637,277024.466178,324420.270177,-34324.8784784,-164489.703244,72994.2996023,-5491.89043142,187179.591665,-362746.011575,-3381.92126819
2970,76538.9602485,-53343.4030463,50233.8610596,60701.2880138,169980.231447,-25344.794425,37958.7974806,-79880.2571532,-175245.066798,153106.93689,-312799.753293,-150757.947183
2971,19929.6041657,56538.4898656,139456.312256,71249.9291608,215913.017145,63364.8205663,163665.63827,-39842.466734,-85476.3838151,29017.665086,-239537.318502,-257245.004687
2972,196715.432911,101324.757505,-82091.8874208,4663.96151692,169039.122675,-22414.6132252,172061.484502,144216.59289,-90877.7379455,278415.196253,-295524.325059,-121334.820105
2973,272526.405131,43649.2502341,-84060.8862754,-113902.556445,96502.4027552,-93011.1592612,67096.3822185,35975.4158675,-48981.8617569,267265.347495,-321710.194634,-149716.32017
2974,113364.525371,79030.4276246,-260788.749024,-54262.3525071,-4477.1015778,-123573.917368,-23118.5203784,-323979.253987,42173.7155211,185451.234596,-59381.7003828,-329045.116966
2975,199521.767344,-94629.574393,-3986.46601222,5204.35417334,-16706.5819356,-146575.109837,39455.634234,186609.148962,148605.86239,258058.142346,-143215.016583,-214102.375793
2976,138318.824233,-123019.643724,2650.43544212,-151295.011275,118600.720125,-196530.957691,232495.512313,242119.209028,90844.4902336,208811.422046,-90243.5088499,-326562.679764
2977,21199.3229604,18037.7364496,32006.4773837,-95315.7732839,-33948.732985,-90362.8578412,155551.564452,94093.8043074,3584.78908863,16006.4645262,-130407.680946,-170895.433048
2978,-21855.1611247,38243.6570576,66723.4594364,-144142.392511,-12925.6753959,28150.3184312,181696.069339,130471.799499,15660.9310376,89443.8481074,155675.781452,-113210.858578
2979,13956.4398393,219726.829858,-76739.6747422,-38905.6610517,77507.69797,-109878.951905,68179.9565492,99493.5524473,52001.2898231,206340.529945,-39323.6041533,37545.6746118
2980,130583.341122,252962.741607,17801.5354102,-194866.26892,-44302.6184496,-143933.260849,-86370.3076421,181324.839318,150558.267815,180689.833222,215960.195135,51826.2644852
2981,51673.6525146,117180.615904,147807.57074,14149.0475094,-7153.54508404,-219132.15311,-76386.9764918,234161.748056,284845.344631,105923.074584,94633.2835057,47508.9691224
2982,-60264.069259,-69030.3425473,-88267.2753965,-65458.2397176,-27278.8009927,-167769.448331,-58717.4565743,137475.029042,321571.179841,144061.988407,270045.164722,115693.993869
2983,-81342.2083105,-31031.0435724,-184081.067404,-202485.538078,-46968.8604435,-2605.41428803,49429.2554206,165407.291287,291312.815647,29046.4013353,121554.284052,250248.199852
2984,10104.5096484,-30110.1481543,-131766.840228,-354641.27121,-137007.866103,176017.875067,-7149.07256643,271166.206396,209767.293848,41849.4052631,18419.6836986,155462.894568
2985,12064.9098158,121163.023378,-107614.003924,-376349.984002,-209938.955589,259330.533728,143149.39457,-49908.8594181,188025.067992,-79324.2420887,-185100.322946,128313.237423
2986,20341.9482187,170430.079326,-45832.848346,-244347.355812,-3235.46299658,58925.7775194,131842.31259,-7699.14094616,202159.422974,20556.8015298,-59283.2997062,37368.6359148
2987,84413.1143904,70878.6759997,-149864.443866,-245464.121219,159807.946148,240867.209188,-56904.0528138,28827.2782452,235070.834779,167552.272104,-228013.777702,12166.6097522
2988,194377.918867,241161.81248,-37205.1879964,-169647.489044,123676.229671,381568.767667,-108862.613994,18547.8532818,199814.435229,151962.522179,-94716.2398976,45865.4835918
2989,19837.9373088,217220.175047,-125277.507217,-81003.6101057,231010.429014,382229.197109,135143.174342,-64462.7981171,245615.432273,230410.616081,37435.4248607,-74309.2952686
2990,271342.089813,72563.5830228,-204116.286044,-2703.27566918,254810.283699,355412.510821,75817.0058451,-60298.7617816,251115.408988,143278.450909,-106148.785771,-175511.480883
2991,115441.378426,-29368.0374208,-19151.3594092,-98460.4305864,66305.8925187,382359.00325,-24498.3710459,-191634.476057,-67543.8733017,323483.520081,74355.8846941,24517.6418011
2992,152432.982526,89783.8465732,106719.48431,-41201.5969525,163050.923339,162991.43136,55262.8011823,-289155.740989,-156511.891389,185382.386016,73538.8742962,218080.21023
2993,122943.755407,-50343.5008625,166345.393186,-3522.12385084,6908.47977751,90248.8780165,217726.267931,-371541.513754,-20887.9224128,147178.976405,-102850.228954,230798.087319
2994,121530.414004,-201780.330325,-27773.6859942,-163632.656604,-12415.4213206,90931.9384728,117550.873767,-455063.720931,-47597.3820371,130702.504652,-103608.463392,302353.782094
2995,220182.520677,-395339.045101,-125167.78035,-200616.144305,97621.1473653,-105664.234539,100417.016159,-325670.791184,-18392.3775436,80313.5525051,-80707.4746113,237532.854111
2996,173081.098762,-486861.561517,-50798.6262321,-189208.28503,50546.9228182,-154231.836514,19791.1054888,-215757.388491,256467.007347,-87642.0323268,-89639.1329585,106972.120759
2997,354722.701242,-284127.637069,3212.68864054,-42224.9369875,97244.1265126,-174434.659292,53676.4604609,-237955.033457,10864.9298761,-392.122810141,50656.8714648,139696.114968
2998,291836.105301,-143216.760746,-35814.737438,-188395.215766,-5752.22215387,99562.5851237,139245.788382,-303887.57265,-49704.4668155,113857.559743,137241.242406,18196.387355
2999,130620.534589,-107544.559682,-185554.216211,-137298.97979,-150882.562336,-109986.860437,100021.171479,-16315.4999991,-59348.9586515,-171394.397293,39820.4390708,147921.753165
3000,-19389.5710484,-145003.352756,-232391.474244,-162724.238367,-93864.8499346,-170386.155863,197743.280348,-115759.100584,39046.4951455,-342777.373727,280210.906372,182504.155525
3001,-14794.1796211,-213977.553484,-297898.417858,65988.977272,7098.25597912,-140337.381415,299274.870533,-44669.5500852,-42822.3072513,-436431.986281,133838.471253,154168.974937
3002,23202.2502637,-211480.102735,-385698.600633,350526.358495,-84018.7088332,-106935.921304,-19645.4791767,123975.790666,16946.9878873,-209705.918069,167101.734721,95887.7798783
3003,-249233.803763,19107.0320648,-449292.452593,390445.990071,-78318.1740961,64002.1395083,-56768.4111185,188704.819514,-133248.145471,-167353.965999,220531.73609,128239.178485
3004,-140175.575182,26114.1217661,-348050.249969,332545.271098,-58037.2089545,-127485.331076,54391.8025356,-25541.7860666,-103439.899149,-247841.531261,154723.630454,89576.4019286
3005,14414.1702849,150634.867103,-143256.634629,229775.324454,-53161.4329078,-133865.758785,-55304.0585297,201271.187117,-66903.3934181,-182863.167796,261043.137857,139632.251162
3006,224843.696094,-26240.7380301,1957.28438455,131733.810741,-2241.23153051,-66621.8672751,60827.0746545,177318.7905,-100826.07236,-84099.2458378,219559.740402,31982.3467787
3007,197279.245208,-200047.251953,-59499.1700752,36650.9472214,-71661.9478135,-163719.210681,-62677.4413076,131996.302346,-55762.0484075,55706.5345176,38052.6741065,124453.807123
3008,21376.1120213,-210405.963442,150734.38885,-39050.6826006,-184046.196448,56731.5530302,69334.6845351,263723.17637,-198930.264184,11136.936241,5067.73453876,98062.4368527
3009,161821.057728,-104820.979627,177497.244076,-45177.5848513,-150755.762474,43913.1673114,224443.228394,270899.11693,-100945.612491,40842.6892168,79664.8244143,205059.837895
3010,-109786.32304,-28202.8649793,148938.95258,199487.464498,-80855.0489706,136592.112423,223674.991234,118442.082971,-92012.3376498,-3387.90262466,66434.5513429,110838.073808
3011,-125940.290953,51253.6016278,281345.545608,155972.233793,-186277.086773,-19223.8790239,250599.864561,141899.843607,-53913.6949445,35374.5196725,198276.922763,188993.613784
3012,-280767.988488,162912.509661,289159.733779,44176.3405245,-220376.236759,130638.600154,-272411.312835,20792.0221428,-258469.334548,74748.963105,188560.502278,197563.417239
3013,-279228.430406,197844.00082,213872.452463,73052.6058472,-320642.568796,48667.2125833,-278877.763175,112686.63215,30764.0502512,92220.5014564,206215.051668,-8884.66622404
3014,-377575.93901,230603.123852,120882.783742,-137357.010891,-374057.216628,-19298.0528639,-297909.349674,-115821.32356,-44558.3131041,-213196.223631,105010.632508,99449.473957
3015,-320418.430467,-60689.243091,21081.0271447,87571.5579927,-426163.290328,-10720.3347027,-285148.26377,50478.8010379,-40988.1573056,-307315.519289,1034.75024487,-22419.0494138
3016,-231431.015331,99442.0366312,-89169.195619,154351.1275,-254742.827732,38571.7285256,-217911.0869,51877.4523993,-44883.9076316,-245399.224315,-207716.558758,-219401.372274
3017,-167665.783568,241760.438043,-94970.2467487,335754.818484,-157775.223454,-17388.1701953,-288140.982693,-6106.20860874,-52917.9997984,-335526.598711,83397.5024406,-169301.233511
3018,-184020.687184,145346.318609,1071.81772405,91002.7170234,-161724.556272,-12982.8363299,-232641.15976,72833.9665428,-37190.7500112,-412799.319824,-18028.1958123,-29021.9554395
3019,-236179.093743,207324.634962,159560.706983,-24244.3898254,-171118.520844,-106134.841068,-156022.223557,27735.3982347,6406.03269334,-297880.270448,-42056.6239678,-279811.466978
3020,-46664.8469333,138735.473895,243044.716145,99555.9042474,-201768.185044,-111809.823422,-49959.7180939,-21549.417924,24122.163846,-258832.735591,-17296.80965,-309131.984671
3021,-121628.381925,51788.7502446,-17930.7662517,114149.321317,-180258.866374,-68027.8688784,-203168.883692,-139075.021462,194915.908379,-191204.544655,-109278.394364,-345817.589677
3022,41775.2650985,87014.5314054,44797.5190933,234956.306295,55335.9638787,-110406.055199,-164584.18431,-176024.24782,68069.9535395,-33540.3725547,-110681.893173,-46647.2141004
3023,-25197.5910654,15594.2204863,-11132.0159335,82530.6464598,108569.019019,-139087.17104,122556.965723,-97482.3124455,-141828.876873,19729.2601018,-28535.1421749,-8346.14987392
3024,-5105.87497194,20396.9417515,212751.391231,-104249.976299,44444.1682508,-78058.5936727,-20887.259892,-4152.25422809,-96293.9849145,88738.6193239,77951.2542667,-195443.61976
3025,-39783.0816096,-127065.963367,-54487.4383676,-45389.8343575,39574.4862306,114527.780834,-186271.592344,78472.1986539,-298926.003979,58692.8943253,78764.5399621,-240997.423972
3026,-155602.250169,-5041.89764825,28709.947648,-147874.711993,204193.921286,-169981.879856,84388.5758168,32350.4208257,-30601.084307,56280.1631454,-31091.8509652,-177969.560605
3027,44835.1680056,-77479.7380052,149694.2323,70350.876858,153734.62332,7772.63658073,-67806.7347186,-34493.1772493,-114360.06077,188435.01748,-108196.251429,-207441.924665
3028,6015.39407374,44741.9806345,-90598.4942069,47192.3540796,157474.646305,-71042.8493735,-192548.702141,-133448.309009,-169068.382725,33253.8233778,-200023.220767,19110.257765
3029,-219214.539654,-92176.7250474,146463.151554,55745.1053235,263383.695584,5392.07066269,-152695.377318,31676.6796523,-27685.4213983,24237.8607711,-145536.907143,-19220.215512
3030,-151632.090172,-47706.4941307,120107.503528,112017.081982,260938.945276,10378.1879069,-78404.4762625,-131394.049662,-239287.879831,-84788.2040112,-211334.644681,-43999.7568024
3031,-56169.5131497,-22352.2396964,316189.076218,128269.801909,320443.833913,-116201.42843,-245046.053646,-255546.989644,-220544.773733,-56639.6338629,-49832.3997828,-8603.02433317
3032,28124.26311,-203372.163928,271443.190283,231977.508297,291305.592006,1586.10651211,-416523.103611,-97849.5921635,-93737.6099312,131838.633746,-71520.3265425,-32778.1219284
3033,8052.57885077,-75555.749859,299053.79768,219501.68273,270572.010964,-87974.5905493,-187890.943896,41825.4208631,-49712.2059769,100405.753489,-407875.626528,-91530.6343074
3034,52015.4255003,-42312.9533895,39505.120348,66470.8154144,175487.174524,-30341.0740458,-59199.5581783,-160121.631367,-138356.411881,66323.1646157,-383939.170825,-133453.060589
3035,117440.021158,86529.2610777,85025.4268655,158178.175802,158259.55319,-11956.7306828,137089.647652,788.627469274,-101272.968342,51362.52606,-278859.586555,-212338.488852
3036,208356.148027,15807.1600836,-92311.992392,72365.1068897,191431.518709,-39590.8857789,170387.287766,155913.579671,-78224.4678903,311530.23588,-319959.291835,-106582.793792
3037,207082.938419,-35242.1886033,-79923.200547,-164779.611033,-3173.05995965,16869.2922306,-19466.0472514,-44170.994842,-54469.4563774,221197.745948,-343331.685626,-156679.566095
3038,325.683219298,17429.9906388,-150101.294073,-46110.0937511,-9157.926353,-111217.119582,24763.8948097,-152146.088568,69976.5878706,139713.406103,-132018.329388,-262888.773316
3039,74873.6403402,-97459.6149449,-41122.3450272,-30231.8481201,-91380.8774911,-187803.214734,108446.466649,230839.385715,189327.392993,231229.185638,-48470.4986088,-261668.36401
3040,217864.372019,-116914.658537,-60313.8350057,-32116.652269,90775.3147839,-239422.374594,29415.177535,266113.110845,74756.799334,158931.208197,-95239.4790472,-281514.092934
3041,-20267.5855377,29759.3259254,20264.1843313,-125451.892262,38793.1509982,-82834.8375688,281133.662138,256641.436682,25946.5314569,-5269.01242278,-114838.780604,-114271.034799
3042,-7928.73653848,105585.265755,65590.6558885,-137408.520788,78179.6646216,32850.3453098,206650.485012,82317.0127297,-3221.89534044,94278.9602801,111288.776942,-119081.776963
3043,-49319.7770509,255486.128463,-117263.249002,18167.1265224,122795.729399,-101741.772022,91253.0327296,120640.345352,78925.7510194,194200.245321,-16144.9870861,174601.34905
3044,-7313.83012865,147983.698776,82942.028532,-159768.966345,-56191.6748119,-164163.996525,-102069.637983,145538.889009,303213.189848,235498.719568,260594.173044,-56249.473408
3045,88519.4369221,34565.8878479,84614.4408213,52435.9112313,-50514.9111272,-198514.006027,-67947.2140614,173127.617339,341914.065795,109124.297539,92745.2505732,139838.603372
3046,-71259.0510481,-182565.407399,-135668.219157,-109873.719199,-14066.5648759,-52288.525624,-99578.9484276,171125.897784,331173.38199,120866.687836,171251.048637,186606.670015
3047,-37858.4491035,15883.0840131,-122494.539277,-233760.598891,-87001.7710498,72256.7066144,-35279.9758483,238150.007225,295715.954457,19331.2483669,107151.093432,242815.121227
3048,-17150.4836827,-135978.469438,-158523.444697,-328640.704413,-112086.208332,129658.620142,60114.0461749,183832.783554,120350.180693,-28552.8520953,-26002.4098207,185680.500089
3049,6944.93462483,80569.2884836,-176833.19038,-343544.644728,-127422.28067,362665.12199,95692.710286,38846.3781707,125034.421386,5999.8444313,-139311.318843,246545.731689
3050,-6267.99577006,138079.618561,31268.5988067,-253590.746321,36053.3053846,-1989.31933542,175758.607282,88039.8149378,145796.976851,23322.5601952,-107766.539508,96606.7622574
3051,96168.2281417,59878.8907655,-229136.532071,-259848.426671,67750.9908334,269058.317717,86760.9200672,150582.879333,258467.831488,74450.3869358,-124306.813304,7742.51548031
3052,163529.450854,276688.392928,-93821.3836823,-263304.106947,113400.110564,378306.43499,-93501.9571636,62826.699079,164826.926905,153094.06332,-67390.5443007,-31066.042614
3053,86214.2549351,196105.743217,-148882.549196,-130499.313334,226054.042584,424632.693477,149986.978393,-99845.6038437,263588.167722,272859.756296,-42325.4886969,-125802.349898
3054,186069.177801,164378.150952,-165282.625977,-55895.6120338,236681.128587,254325.447067,160670.281591,-126909.880214,275016.38616,87150.5762774,31796.0709834,-125153.352421
3055,50695.7671549,34848.2427098,92527.6093467,-71501.0982256,54657.8851508,359266.332116,141396.675694,-112406.44421,-104921.022771,280483.939289,104292.387928,62593.1825533
3056,137625.946008,10988.3177011,61257.4915574,-39176.6187067,89071.4674281,186383.161918,90626.0968593,-286126.689294,-84726.2739508,168426.595114,110892.019721,215741.927889
3057,140151.204417,-122075.729956,142222.521777,-15637.1304105,-31175.9093276,108726.336116,212188.392506,-403750.60977,-8710.4815762,190303.218143,-106922.116333,201638.308828
3058,79766.4513469,-177310.699884,29711.2205602,-130074.542382,-40551.9395567,45843.0749667,61745.6887904,-434166.149461,-92526.4243696,104551.582253,-164475.173572,95817.721419
3059,317968.902571,-396599.084298,-103488.252297,-179352.576223,50293.8911555,-138292.562942,73373.1625428,-324718.258018,-33314.3048057,116738.170986,-127495.203464,275775.506375
3060,285414.677453,-477660.850441,-26233.6467897,-124870.81018,-56593.7193618,-174068.050037,-105270.413518,-164684.889692,161188.217726,-107166.262197,54119.5836955,161229.430579
3061,316216.64552,-312912.95862,15232.3659269,-110518.324683,37874.1981547,-44046.1385554,143104.805326,-172024.584523,-100212.150583,19530.0536705,147819.726684,128921.882434
3062,284419.371976,-176948.713301,-121105.282854,-249100.204658,-70890.0502109,54784.0074459,185999.114735,-232801.622762,-115026.324273,77380.7339351,145461.721421,13549.0569065
3063,181519.769319,-190582.644841,-188512.358774,-103670.490865,-110552.299979,-108287.912414,221450.263172,-3935.86807241,-40988.1273321,-228693.618924,126887.244056,86573.1559754
3064,43630.3789048,-203798.871417,-182593.828825,-82432.3044064,-50742.6310953,-142392.896313,144841.770171,-82848.2021985,90708.3995424,-331113.076709,159612.230723,227583.220543
3065,-107448.8663,-199633.935128,-340098.07861,91186.5608734,214.049610368,-136797.576655,327865.382025,-60436.0912816,-101684.140038,-361854.914329,157618.053162,144278.366186
3066,-8558.73036882,-160981.424245,-332765.922141,285302.838481,-71059.5706725,-51362.1768528,-35810.4069924,127626.826713,10229.9066518,-195538.108818,115939.991709,25624.158089
3067,-175398.170356,-18596.8312332,-392850.665592,340130.658874,-127099.05063,60526.3383647,-105309.875476,120137.304896,-106763.919598,-144213.137693,205198.230987,228947.450953
3068,-232711.604272,134708.859577,-264192.257837,326882.041033,-77978.0007157,-114534.516326,24827.6374536,64018.8873976,-146448.96054,-270250.105301,117485.857641,126475.867079
3069,144756.90016,42741.7342219,-140536.52218,119024.822044,-87868.6533091,-168136.687725,37671.5886855,114476.655422,10047.2690164,-254196.464186,307294.575484,185863.18278
3070,187817.245046,-4840.48987698,-112941.311642,190912.740109,-74864.3007266,-151524.815082,-11714.5135713,170405.695903,-75932.4580864,-98791.9648763,205662.517323,172639.68428
3071,138462.995579,-203813.53103,-64116.5655827,-17112.6935516,-52094.9886563,-204282.590036,-10018.7707739,159212.107157,-45531.3919132,65381.3040699,65647.3921673,76768.7317365
3072,15738.3595677,-268969.085744,159353.833085,-85861.2170935,-167263.233968,71410.7587895,149779.519645,223808.169884,-124077.219549,9638.40278758,-29270.6632922,244786.658186
3073,63030.2459502,-116690.071004,134305.95547,-105504.375688,-177707.854417,-5077.76748802,247107.825943,344314.663723,-166109.131765,66721.0421868,198871.10504,238774.840658
3074,-116651.140417,-46141.4958055,182232.057246,176494.798202,-64329.9437621,136799.024258,251624.424046,93917.4157265,-195198.641252,-19730.9413878,197030.001771,192795.325447
3075,-203759.26016,142621.328859,224537.381675,126191.793637,-155533.661979,42005.4696455,289474.251113,112518.352683,-68419.6297804,17062.0839941,172119.956922,204089.289814
3076,-374290.680961,204921.101411,179897.486656,-55708.8671462,-173338.437545,67337.5726888,-205089.553247,62706.0031216,-260781.777406,16477.0755188,181752.582169,210494.549944
3077,-324029.188393,180355.457285,221370.629724,-70266.2358421,-335528.349686,48524.0912396,-138685.474867,-9503.19385233,-15305.0000362,-9168.84999895,239040.2118,19189.1309601
3078,-316521.30942,260770.902099,80985.8629446,-80249.9836956,-370902.503659,60391.0178274,-142397.010621,-108893.663838,-68723.7055319,-267529.64415,35606.3459486,52652.5133219
3079,-359113.482279,-89608.6073017,-1288.08919088,60788.8828939,-399384.828645,33182.2735011,-267407.125106,164292.73622,74149.0611573,-226766.324742,17849.2744535,-85875.1291376
3080,-178755.855883,48043.2732748,-206529.006478,183623.866555,-216782.722332,40429.9021306,-138401.132892,106875.863192,-39382.4643793,-182327.87719,-141176.90953,-257571.841583
3081,-196047.196505,209571.304909,24519.2972755,166603.519937,-175241.642795,97084.2479044,-180774.52923,-11789.3620491,-17930.6807689,-272393.287035,45913.5589668,-162341.127153
3082,-226878.262216,109211.314627,55602.3084775,31892.4400699,-145803.457651,-12496.0905556,-262166.811988,89756.1724111,-2173.31315596,-366226.277277,12074.3713601,-125919.670152
3083,-211628.645642,227260.296657,227388.121846,-38656.1020293,-181822.922892,-67741.8088774,-73468.1529256,13775.3675069,102333.031472,-255866.276524,-119567.565038,-194844.857227
3084,-157512.554034,165840.743828,192908.124301,163485.493083,-180468.337997,-54888.1453641,-21496.3802416,-108035.748727,3288.32517465,-125726.896157,-14126.6971582,-292278.804109
3085,-147845.210317,86567.4995595,48733.8660898,256213.978202,-155356.171446,-53845.4644806,-267289.789518,-197418.211291,79452.8028446,-151733.373581,-85101.2508551,-401604.191347
3086,52627.8828313,52600.7031881,61807.5240639,229597.874609,41627.9943316,-123701.206904,-159073.839337,-211982.020545,-127571.475745,-20722.157113,-146738.154479,-104305.65768
3087,-70286.5058794,58251.9266149,69690.9174535,39387.6224044,35896.7289317,-136353.231767,14769.6730714,-60358.7431302,-48819.4667313,126399.979729,15003.0423554,65701.7013019
3088,-8356.90799485,141272.868867,196510.512524,-61967.4529703,27334.645378,11784.2846851,-23390.4372234,-66422.8273036,6456.63916524,-22801.6785206,104169.516017,-212193.046465
3089,-61968.9518645,-69563.5046625,-105514.448678,13490.5103449,108692.235344,37080.0305966,-138794.097896,70010.2263093,-260070.612582,128120.342615,145257.171398,-214490.647337
3090,-148188.447816,-22859.1406484,19951.4568593,-83232.0971581,188095.609152,-163738.663383,55414.1407504,111170.738215,-46886.5978293,64896.7285153,22257.2104196,-169935.111744
3091,21779.4002571,58211.4595878,143187.948296,47826.9479059,188572.761929,11827.7813193,-10501.2591569,-135049.129919,-101007.978841,82036.9509483,-146193.962206,-187204.654734
3092,11202.1511546,71547.1044023,-42255.1822515,179031.760846,168482.98931,-178305.005573,-174131.926385,-19185.9772398,-109540.659869,16771.13361,-164862.975361,44338.7872223
3093,-277869.163964,-229778.579332,103306.080806,46340.1875185,201724.33133,35836.9852003,-139854.320412,47758.293005,-66708.9009603,26855.9451167,-190336.883044,64745.128036
3094,-90246.4563286,-73190.6671178,155888.582618,39798.9576646,296340.542611,-4541.5584987,-38306.3212208,-203709.794249,-254799.329208,-80314.6500055,-259130.501855,-118424.818417
3095,-92261.3912237,-125346.815367,264990.254777,315112.062442,329858.286874,-90704.3598894,-191384.206804,-184049.183427,-239367.742019,-98013.2136184,5203.79909996,53731.2338616
3096,54702.3290006,-126695.799651,266692.096206,182966.834261,266305.901757,-25786.3615851,-465273.870709,-32621.2809338,-120896.463057,133257.185674,-77676.6102977,36974.9615873
3097,-35834.0914047,-15860.2566419,239752.554894,142050.864598,273708.333592,-84894.1272967,-23241.9538445,103178.481347,-29430.5779698,43912.1600475,-384763.834901,-172303.817485
3098,92818.1938894,-17536.0813984,1510.68967701,93873.3984085,243511.961414,-119361.516749,25290.1516902,-139406.277958,-139341.406655,126744.35553,-327479.362322,-225587.543228
3099,137701.429191,836.860229356,112354.695735,128613.909589,175289.007131,-20496.3386504,93329.3050471,-18426.4825337,-47476.766363,150255.636545,-250203.490045,-190554.891783
3100,170686.028929,45005.5292091,-101653.325289,117062.820935,224965.810189,46071.3175591,-654.248432512,159681.638222,-107944.980259,201063.400074,-355382.396846,-26760.0640218
3101,168287.195556,-13143.3186576,-132991.274026,-153760.419599,16869.9042151,-44940.2654663,-1680.81739028,39370.6760948,-86573.4272967,189257.751043,-268747.842101,-102741.795909
3102,94121.8443514,-11880.1837377,-129598.445619,-65169.9647194,-20498.1560189,-186132.695868,130793.921605,-84649.4687784,116525.045486,148136.096639,-96874.3227841,-253152.534641
3103,140892.212134,-207686.177446,66425.3712038,-82463.7919055,-7269.27925787,-148584.140386,74532.5151442,202198.59927,127260.809819,218210.757762,-106840.275019,-258949.866221
3104,264891.816587,-91892.8234402,-45401.844475,-3808.0750318,98613.090555,-195739.679872,82527.1328659,192655.301891,63830.7361378,108178.164968,-93807.8551847,-231469.311609
3105,4073.45566306,83457.7771246,65210.930958,-71962.1804134,41186.9113461,18446.4529033,296135.534016,158614.786655,-35323.5354283,57397.5981287,-18212.9765537,-39468.4890089
3106,74223.3049665,186412.645275,33153.7121279,-212415.612529,61052.9384598,-2864.93869643,130624.962418,8339.61291599,-90070.0166499,160195.674366,82947.6539659,-78707.0053882
3107,33020.6082554,264521.989507,-7872.27240985,150778.470351,143409.333399,-89215.4631654,28584.638497,127675.989323,112335.240002,254749.917999,-28575.0628214,111376.820307
3108,26346.342757,103357.902315,95212.4596526,-108417.555153,-35390.9817854,-85651.4679087,-91680.0420478,225744.433456,259281.911828,210839.64648,265687.648478,-72046.7894711
3109,-23816.1310155,134469.110721,100193.691082,8594.31231426,-37996.4869546,-155743.240993,-151070.226924,265614.766457,246074.484637,104098.206187,165430.857705,81660.0441933
3110,-46008.5168809,-225256.680258,-167723.903505,-110090.22201,20589.4645988,-51119.2618659,-1687.66403144,214618.439681,313127.123699,136596.674195,182124.023995,111627.171628
3111,-20754.5385707,15818.2638438,-101663.777769,-220271.087534,-146780.784773,109144.902906,-62236.9135825,248091.238485,308405.539456,-67771.8164952,-12669.7039016,174031.663202
3112,-58341.3187544,-35361.4040596,-192957.312564,-441242.211187,-98884.3474798,77437.8828463,-36913.7573047,174359.8017,186816.71525,-45643.3178098,-59054.6151527,180254.761018
3113,20383.1344584,177689.358273,-172829.277511,-363599.293001,-146399.391742,358715.63586,82305.8764363,41540.0396696,172668.657801,-66965.1459306,-76466.2282645,128802.292646
3114,-32093.1788483,174174.037409,7038.12362903,-313756.692114,23045.0471704,85419.4590267,127745.267582,63.4540937929,228724.413014,51983.2197298,-57097.457323,113959.430341
3115,158658.834962,78379.0009656,-185388.090969,-226586.057059,67009.5637453,257905.559364,-10410.3529723,132730.030816,212126.059211,112177.450435,-215491.747028,-9269.26166257
3116,140066.433075,199930.460413,-39417.1814365,-188882.651267,117370.196786,430221.586887,-34645.3233312,30910.0209988,298652.275911,155365.314015,-104903.864022,-18502.1650089
3117,156181.879446,250645.377606,-263471.462275,-152720.136777,227225.355284,410871.684156,87449.0709071,-55655.1972631,233021.540293,170572.159835,32007.724069,-178604.567417
3118,147260.752365,75526.1357585,-158567.775684,144114.848361,187962.76884,343585.948585,73985.6548799,-125903.253179,210328.47169,95065.5793051,100635.051745,-58149.2271259
3119,59308.3907181,89705.9324118,124876.290288,-37616.1581067,49571.9764178,362122.883703,12676.1700707,-264619.536364,-79933.8308854,291177.409391,58073.6846606,129332.268514
3120,212713.188654,47137.3272105,-8556.48158641,1527.09387381,104145.473893,167616.258931,227616.321051,-303788.544417,-68980.8561073,177634.266316,43233.820003,222928.378464
3121,100678.248158,-121069.952406,32702.0120535,103039.665234,-54966.5029537,46502.7262092,125422.731145,-346331.03611,15440.7214803,222237.110884,-171987.147904,235629.847557
3122,89388.7428643,-145080.376239,10902.5764048,-156463.097568,17137.1779684,91589.4251364,-28582.3052646,-332508.889039,-111581.567745,170714.254787,-120411.399971,140552.071108
3123,250838.170157,-408107.534911,299.639366172,-58039.0394127,34166.7990483,-154587.507552,141362.073228,-292785.365138,21422.2706279,35204.214203,-115796.993099,189183.399399
3124,263192.063053,-347133.701881,-65453.9541687,-65735.6327624,2989.68255733,-104663.187015,-40608.5087227,-193439.558013,124669.899846,-53065.7813338,-12030.5673061,126822.773993
3125,217327.372471,-282059.947558,-5946.33001638,-118412.719736,-43163.581213,33702.7216096,142226.934975,-210815.441644,-23156.9035946,-2988.78307267,277545.878125,161984.42647
3126,242013.207636,-188519.628312,-154497.765664,-247525.798323,-75929.1432843,-15764.0928177,234004.351918,-253387.020129,-106056.010802,-17442.7592116,74319.8728901,93038.0137781
3127,128618.479784,-203093.732957,-234102.586408,-90775.8065063,-47272.2291297,-108139.482455,214921.019304,34587.8980929,-23715.9451739,-251058.639651,189483.236265,66165.7767938
3128,98072.6963758,-185843.258957,-201383.189843,-77800.8786495,6160.55088644,-194360.400873,129396.971477,-87590.4953802,-61688.2217231,-314560.241075,205849.822631,176277.481653
3129,-63809.3894397,-224034.337936,-250296.249286,148643.601097,39881.4961344,-127653.827514,171660.069128,4804.05599078,-106339.647593,-397157.85701,112044.464957,96440.8887347
3130,-58056.8478118,-76658.6050136,-344711.54685,312563.722097,-81024.0440713,-32743.5150104,-11807.6670316,180781.698652,118187.33165,-251890.010418,107735.190025,231543.816738
3131,-138490.872548,-27079.7139589,-378608.517941,322472.934129,-119778.509201,148564.983013,-31629.8900453,34173.2231961,-202726.609599,-121814.041736,208033.14913,131856.481238
3132,-169343.100694,137774.312705,-316276.577143,302605.303547,-44672.1853538,-138302.127671,49619.0483179,742.796045527,-165526.831409,-248675.068261,109499.368591,132102.231774
3133,206487.870788,16202.5050694,-156543.68382,214203.948088,-108464.369102,-142189.7693,-363.582522309,202610.157641,-81630.3338906,-225103.662129,368908.355943,143543.495716
3134,152725.334489,-123555.825579,-138051.049993,131742.27637,-98274.5449107,-195766.190805,-81781.5866391,57535.3650435,-54792.2684824,-95473.3522081,141514.278397,134643.579905
3135,111229.182911,-180244.393815,5494.20310105,-8712.00123208,-183610.505529,-120918.528978,54364.0912823,182132.548805,-28980.5934394,26393.5324402,17245.578521,48965.2951576
3136,33188.0988909,-265569.041659,133134.067291,-98110.9635208,-143552.46852,199219.539621,120938.482286,252257.266317,-147117.389752,-21716.8604236,111099.986342,205553.009807
3137,83176.2383835,-25910.3849346,71221.4487018,-162408.846647,-287980.112979,39038.2901174,277454.87132,319383.024998,-228119.376497,79764.2244831,131207.263311,229592.019682
3138,-158500.282903,-75721.8677038,194057.734374,109831.221712,-99049.8952333,107378.24147,223688.021415,228102.972308,-161000.316747,-48532.6017144,146831.436155,168492.340407
3139,-153040.870252,135103.224051,244715.887634,181987.633552,-178334.800008,39053.4494289,142020.451134,143415.971949,-96962.0530166,92672.1952971,128305.704427,24594.5080653
3140,-324818.541484,231753.823516,264805.245562,-100537.212608,-165538.366646,61320.9404748,-135052.557274,58677.863741,-201388.817623,18780.5163356,208389.381651,204448.231292
3141,-288368.380327,251929.842223,264665.75817,-50166.0755174,-360552.155672,57588.0196382,-172574.110892,-15390.9532252,-5920.05347719,-64037.5496643,152864.569998,42231.2989381
3142,-255197.600348,201425.067897,139311.628479,-106294.130241,-330369.812294,123013.599897,-156978.90859,-139514.8821,64317.2771398,-271068.775496,4521.00919612,68594.3349107
3143,-353909.181298,-106656.189964,-15281.0261408,86621.529431,-412447.83182,553.7804907,-135509.585955,110561.643682,24937.401866,-264392.365729,28482.661922,-50196.5751239
3144,-271320.567396,72401.271385,-136692.623521,170700.219603,-226611.137403,41409.1659651,-155610.58942,74305.2084616,125584.534483,-278447.363596,-137080.494526,-180550.182372
3145,-150068.295589,244728.288071,-11315.200903,108971.411835,-149095.119485,27732.606852,-5927.8289119,57979.1171438,2831.57847457,-235911.260715,72855.0959022,-122712.910072
3146,-222723.079292,131504.239164,101651.02425,8299.52753491,-143318.133859,-27666.2572037,-247738.20197,-43128.8137957,30440.754099,-366549.698045,-27100.0882806,-245300.632001
3147,-185815.362947,306336.737401,153270.094949,56833.1657496,-168609.273342,-121539.187814,-150052.939705,-46682.838282,57461.692997,-324880.497842,-79594.294027,-247578.765452
3148,-141429.722237,98602.9331998,158428.24663,64770.2429188,-202312.301665,-53345.1439323,13981.8664778,-181133.337469,4504.82366752,-133517.873682,-10348.0800532,-328481.69501
3149,-148195.37939,66922.9825212,53697.608414,154121.989602,-111231.004908,-26638.1593129,-179673.563327,-177014.34242,106999.58916,-130329.185112,-135442.205019,-345020.676611
3150,4390.59090521,105800.192282,40920.3244701,200019.271067,68257.7726718,-233267.751289,-183331.740875,-123454.169586,-183756.564145,-39309.7671316,-54774.5881624,-77988.5045516
3151,-102734.43169,130516.773009,67185.0727476,78831.4014001,-5294.059778,-177761.282191,125820.492485,-62590.2858456,-58911.4754398,178505.935553,65612.0658593,49174.3573781
3152,13826.4821317,110606.927897,79970.9404761,-171713.913429,75924.479346,12796.2260027,-80661.2851738,-140843.303155,-3103.23824792,-63856.0884642,111006.610301,-237952.295287
3153,-90522.8464911,-32679.8094781,-102673.874431,-140747.574316,105158.016567,-102292.86768,-191229.981324,18821.7774777,-164676.922331,101514.095168,142935.743988,-128854.081987
3154,-274554.221687,37800.0552286,747.222032006,-86741.4495677,199701.037799,-54919.717053,-67355.849221,127007.789567,-74559.0453493,69826.2372376,-22388.8396854,-165961.834859
3155,71926.9427529,19113.7888349,71392.7366885,-12062.4716753,217318.196538,16644.1939785,-145946.88315,-79738.1384501,-82662.9518309,109385.33235,-95428.3739041,-206831.767137
3156,-66456.68006,93905.0394336,85171.290196,188973.166255,177861.664468,-90514.2216909,-184594.061154,562.049674273,-106684.773828,-15214.3062225,-160463.024032,30135.9402402
3157,-250783.929613,-286099.456913,230436.20329,136002.456545,239935.044003,36874.4860169,-180997.128177,34146.3098147,-96375.6684072,31922.5408335,-172976.748257,9757.41340337
3158,-166668.731846,-220782.0218,272914.758612,95994.9650879,288199.899361,-17376.9985845,-126647.146079,-158496.568048,-241842.150888,-119648.549099,-230716.935064,-123041.986403
3159,-56805.399428,-167289.887327,341114.833989,350634.195253,317398.954469,-56179.5525943,-281846.562438,-227035.455299,-231882.068752,-129805.025104,-25731.657606,87485.6247911
3160,100074.050344,-37439.227894,291104.892747,132114.742498,251501.56716,-22830.9519081,-461343.961951,-65424.9903535,-220232.142052,43195.4080155,-109266.333363,91988.8084461
3161,-24321.8100391,28186.730004,153758.212921,80526.7858967,213175.362806,3804.73736764,-141778.483083,16544.2259013,-68091.9400575,104032.836024,-446239.294308,-78832.8065042
3162,-21027.5527367,-12734.7481727,65319.7390735,49557.1063006,248376.060693,-36721.6097731,-22777.3916717,-140499.799332,-59908.4418755,-22147.7309862,-356880.890287,-326636.997255
3163,194539.257377,49837.2014854,146622.420332,102169.205641,214427.079909,-6633.74019185,63832.9842055,128962.025514,-110040.772678,164951.671928,-210529.418093,-192546.34864
3164,299766.854915,105958.152698,-51675.6072719,660.79279339,165794.058249,-81405.847204,-110021.709934,119365.633648,-121719.324214,116321.34698,-249922.656258,-106978.273014
3165,170095.493347,-64523.0597947,-184946.372893,-51957.5348612,27541.3833001,-100960.831026,42916.6333734,-63220.1657826,-52244.5691747,177408.721595,-188641.609983,-174813.015394
3166,83593.98347,-31663.5758894,-183754.715759,-97471.9193129,-32398.5277196,-167510.836351,14716.5068599,-7703.28301045,132340.362,125209.956444,-54547.4264857,-255221.098596
3167,108778.397441,-131030.784838,5217.00458023,-25915.5661284,-23407.3588802,-128327.872028,168083.545106,204289.779179,185979.352939,243455.713836,-120693.216959,-302962.939925
3168,302478.9483,-92578.6665698,-56541.2768025,7757.02208545,88731.4787971,-203199.970985,67361.2741695,176207.403177,116327.615166,124374.578334,-71526.8847176,-333547.731901
3169,34828.1967041,143040.266462,36073.8754251,-147996.02182,21708.5541178,-24584.0717948,295843.222007,211486.329045,-68204.7513005,34752.3308862,20708.8883622,10333.9181361
3170,54968.4850952,239348.273648,-22596.1555806,-99176.5012453,75923.4775618,26684.7668439,26602.8360532,17529.150873,-46449.7796093,85869.7450581,14192.4951399,-81315.5198594
3171,73408.9011568,194072.854908,-17375.7077604,128893.984283,148969.99202,-85263.4789361,-25458.3554298,135694.852941,68668.597765,270803.348704,31937.5298204,142724.085514
3172,69864.2305448,133071.961223,53340.0627545,-24223.2293919,41570.7284884,-74254.6855527,-101883.868165,269242.490236,191838.503607,142964.508592,214806.515727,-36993.3971495
3173,14436.2423546,147224.350694,28910.7250214,-53627.6846729,-20356.897303,-155969.823502,-208226.72318,225353.140042,295364.26,96933.9554462,73485.8687653,34610.3173473
3174,-115041.857497,-109895.992598,-42187.4559509,-120800.049157,35739.9020541,-53947.4740539,-54884.0977294,254562.879166,268509.816467,111170.040917,211056.42585,41586.0928549
3175,13452.419254,72234.2238374,-132239.488292,-227093.124847,-134320.336796,138345.336794,-87430.2284964,230777.845014,266527.81554,-57586.2436558,53538.2437897,174604.580193
3176,-78316.8528813,33431.9307697,-141860.746057,-479314.675067,-124176.678668,169250.591886,-3125.86803646,116147.211825,38919.3967697,-102730.508751,-83579.2953019,206854.53027
3177,141670.216739,246245.809745,-148584.866845,-281806.875866,-102422.846482,327670.07222,114180.028546,58978.6016373,253798.564597,-82184.1280551,-33124.6432359,121169.510595
3178,20479.47345,256445.336842,-68301.2033653,-251166.195571,58538.5975353,147625.472244,72834.9764656,-30204.3846926,249641.735565,-3280.55619626,-84809.5370084,169655.003093
3179,189196.595587,29990.9861584,-162558.306635,-255121.991427,118175.702813,267232.34332,-62534.988566,103193.888612,329908.300021,41571.7424099,-205720.497741,-19316.4086366
3180,147188.712855,210540.192221,-84778.4327475,-217863.253096,163545.449723,520287.308983,90870.2878062,-48720.9607711,336847.572901,197783.031451,-69030.3291099,3208.63257572
3181,151787.83153,188825.004856,-205128.753105,-206638.065066,266655.304281,367656.578859,221106.24399,-27237.5214444,316030.684846,180254.936683,-21384.9595841,-126878.612587
3182,115259.027354,34127.5951345,-118705.307532,135665.113962,147010.224374,372046.797247,25557.2006905,-55514.9211855,120610.625212,180754.519432,43782.1380771,-38896.3772845
3183,66588.5073534,103004.271794,185507.415114,-11185.4733417,49475.8204913,334220.003179,62437.492996,-307962.715916,-104833.905394,305665.303412,50777.9996926,188410.343485
3184,214534.634183,4585.19371591,102941.901411,-50584.9300124,157249.844234,94767.5527223,333085.570851,-319895.176195,-166945.26329,131211.263936,42440.3037783,130396.520827
3185,10826.6112335,32434.9557407,51369.3340085,-42598.358062,-49306.7265851,53656.996516,129805.299875,-362757.791531,62672.4500894,175082.111773,-175199.888529,142738.958553
3186,121956.619849,-182461.040273,8967.15355685,-165235.491382,-49005.2926747,69567.2207042,-97338.7336337,-304814.337555,-76926.1293243,188440.496794,-157356.54435,61195.4990878
3187,153678.365987,-413342.015235,-62405.5720583,-110586.300742,78116.6670256,-169159.873725,102954.131539,-289805.096019,92235.3602672,-22245.7264455,-87676.5966525,185923.14111
3188,249770.355717,-310768.950738,-78417.733395,-15964.3659644,-3461.23925766,-81813.0261251,-58071.405021,-193081.805033,85364.798166,-11032.622567,25847.8854224,79855.8772378
3189,202679.845889,-369468.346266,41799.9608512,-117587.712914,-73171.1490495,93468.8092491,22338.4317389,-172274.675958,-57304.2820299,60855.2468291,252288.805105,155746.645604
3190,244539.016748,-247494.511476,-105056.498361,-220942.346226,-103749.657552,-16434.3224398,247346.482722,-142145.421091,-33588.7497657,-47514.1697692,97317.0703594,169996.813681
3191,58132.6624143,-191878.06985,-201004.607318,-114530.108112,-48406.9097279,-117928.219526,216798.285863,67979.860702,-44310.2731089,-268230.897418,209253.841228,41052.6968604
3192,81217.2073652,-96477.6577611,-180343.543429,-144301.017175,-17633.2589226,-179420.243986,143082.645767,-86456.2592202,-119435.840647,-357753.328477,189358.904978,202413.651937
3193,-114351.1684,-326197.798784,-252190.637892,165656.631515,34281.9133626,-61168.485698,173483.173775,-23141.8536817,-50186.2900656,-296588.538352,190959.454298,50427.5966332
3194,-145256.354221,-113974.685328,-363347.697495,322802.792359,-61763.5267226,-13454.0862224,-33021.6844966,75109.3484363,11213.190565,-242664.822108,156151.778512,106819.131112
3195,-137892.812401,-111990.32755,-354258.596043,305587.77847,-141388.860571,96834.8465336,-153222.302051,50403.9470139,-218214.66387,-105111.104313,238876.8009,151926.433187
3196,-51938.1407917,132591.733417,-271518.21254,291768.22631,-79829.0205237,-178642.563151,50386.4790161,49709.6709942,-239104.415531,-158023.538396,54574.2908479,181176.426469
3197,217676.174291,-3191.96613666,-166663.668817,125057.992359,-56726.3268071,-83699.8351726,36791.8685305,234929.670379,-81556.5401796,-270943.495976,300487.259712,91113.4304071
3198,165996.395025,-206414.223828,-59084.2972602,28435.8550686,-22703.1193354,-147722.028506,-1871.40192965,87175.4601148,-35334.224318,-70206.9931617,165292.060138,156245.737299
3199,132368.536393,-163721.703761,96095.283119,37567.4599855,-199976.720463,-64714.7424697,75135.3881988,131508.98993,-24510.6718904,107220.944016,-31774.066985,86868.5575164
3200,133039.006806,-215330.247709,158050.872517,-81345.4387019,-171110.18635,109931.906475,105560.983797,171658.171627,-103118.734623,-42230.70696,30609.1420105,176019.57054
3201,48812.057324,7830.12967782,106060.92935,-101499.11102,-214810.912611,32984.4165044,450592.94305,358174.108914,-249081.289445,154396.240285,119223.585355,198927.053413
3202,-118506.227648,-5882.44172537,170511.67333,196663.92279,-193376.610635,23689.150923,302098.889616,207592.975043,-133609.171958,-31392.5802428,239405.560074,137741.295579
3203,-88231.9985221,127064.432422,226645.702195,106261.121514,-218610.898866,4689.25830278,17443.2243383,114926.380987,-136243.247456,119265.198065,160857.702095,82869.0901404
3204,-319622.382658,213816.868817,233310.029595,-191759.399596,-258906.949249,99448.5555166,-99639.4548353,34257.5396909,-165972.964398,23729.8947323,262585.837994,180900.142817
3205,-261306.202395,255245.509967,249564.673536,-108462.531251,-343136.58761,22000.8839114,-190444.05744,-76439.7367478,-48627.5101411,49874.2720662,125101.785174,-29845.6040662
3206,-225478.838994,161096.377627,155490.740614,-102456.700537,-314996.342192,66597.5801835,-158082.520235,-107170.365538,59955.9380651,-248154.986311,90611.4044943,97977.7665033
3207,-247011.714822,-59688.2749817,-4560.66539097,104075.064047,-305848.718892,13104.4753873,-142449.082747,122853.35006,-42185.6057236,-329384.462901,-7179.62331725,9787.90799465
3208,-302036.028877,78731.6817839,-158323.684666,52884.9600792,-202055.59648,-55122.520037,-237916.033196,60463.6500539,68957.4766173,-303013.941101,-100409.740323,-239259.905927
3209,-87970.7168459,236914.616419,-53526.0381696,97466.4924902,-148179.060653,87098.2176803,-81412.8801915,129524.944735,4026.54282208,-200629.263916,85229.098011,-63293.2068326
3210,-202439.915808,264454.856667,59958.5751338,2151.29309092,-128194.114288,23100.8618589,-329869.452769,-59688.5310955,47459.3513789,-358074.65627,40000.9027784,-198326.140933
3211,-200816.310022,241694.118878,265510.605085,64874.8884037,-206473.568999,-168075.975376,-89842.1141333,-35390.1480805,74110.3337874,-303842.909174,47868.9187762,-317163.394648
3212,-214684.14434,42215.7365959,178855.002775,166994.141674,-195998.319362,-75529.108032,-114162.691149,-249105.703648,46642.4123243,-173681.759753,-28836.8788349,-265054.55206
3213,-106418.653438,59861.60062,36632.7934798,187078.117247,-15961.3451454,-13419.4998399,-148826.743154,-116277.97063,79060.885939,-145748.81206,-66285.2209416,-288233.956497
3214,30344.6146513,89813.6542498,-40515.0900881,243741.407755,103688.423028,-240854.620238,-1463.09798445,-177657.645762,-162299.811188,-19358.9736707,6461.42421321,11679.6456432
3215,-21186.4053332,111210.84173,102881.12651,-36763.1607378,1997.83146895,-169549.55627,11588.2416233,-131974.409115,-57499.6410566,180932.372417,-16988.7152537,-54056.5082479
3216,190.871463665,23131.1021109,78960.7610184,-212365.489232,94050.8342769,5653.51301932,-190286.650041,-119710.020609,-100216.811919,-68793.9633997,109208.782478,-195317.78867
3217,-76739.5193627,67210.0821499,-65207.0742311,-48281.7066673,107880.076383,-119099.392366,-97667.3851001,64553.8700393,-91514.1842577,41853.7951556,143324.568314,-130799.309649
3218,-225920.478438,-7095.53450965,8099.58347161,-107164.243715,246618.915775,-85571.1220081,23277.9486735,60151.3405086,-54429.2956727,148393.244964,-68725.892283,-121187.334858
3219,23937.9945901,37014.5458318,92882.3217204,-97439.5779401,197988.61283,-51929.9848514,-91308.2940288,-158341.175642,-164011.877974,82177.5422987,-24597.926003,-207366.180293
3220,-138157.193327,-1493.64298263,-22752.4860551,189973.811034,170978.765462,-63767.8029543,-237495.68797,1554.56492596,-84053.2244476,-19682.3154924,-215832.111375,118383.931848
3221,-262631.342203,-227113.186006,208032.665274,171108.448067,179100.697703,47460.6062615,-189140.629635,86223.9867713,-60233.3532211,66899.077559,-94173.8371939,-10121.4970251
3222,-134717.138433,-212851.813616,314388.060815,152166.804267,306063.341052,56523.8203534,-84311.1458807,-137263.979449,-251949.088695,-53370.3147205,-219872.023324,-97944.0473443
3223,-17484.7968197,-240351.973669,326904.986007,344755.702843,222817.392907,-87595.0785865,-306285.89322,-203926.667963,-167148.818624,-68111.3345876,-48529.1833309,97858.1755509
3224,21131.0632403,-2265.49479157,323594.137582,210948.438402,212390.294374,13249.7146121,-419409.600377,-71609.0292028,-199376.421877,51165.5623223,-171754.912054,20941.9479229
3225,87452.5659444,74613.7570559,80509.9744979,61053.9542314,208317.513914,-73863.947863,-36606.5832605,-44182.9147805,-190028.218265,68977.3000906,-369958.095506,-83739.9676617
3226,44987.5107662,-104925.884231,49310.04407,76489.9684307,275434.439293,-55351.3542772,-137297.233101,-28829.9930238,-91021.689695,23302.0783429,-383439.109354,-291382.701822
3227,205970.266133,19180.7478715,28463.6633337,98573.2564186,194985.890605,13268.9436007,177497.671188,156406.177403,-56470.080185,184882.904173,-214700.415709,-151605.36782
3228,264529.009109,77942.2368105,3482.78097974,-19295.065648,130885.584566,-63176.4901353,-110180.085513,44904.7726683,-73645.092574,134469.978919,-291267.213118,-127824.613479
3229,82611.2482789,-55531.0682,-205093.375652,-262530.783853,1412.68747225,-106809.060487,-1686.49739796,-87453.3813126,-67940.1190855,167396.504365,-135384.210085,-82069.0984607
3230,198342.002435,-63547.3974487,-105848.967548,-154440.979161,-10396.4782143,-151312.805187,-30635.3020015,22413.9464456,116837.363892,230919.785736,-71357.4585907,-289964.545999
3231,156836.116221,-115615.148447,-24165.9286615,-17687.1670295,5158.12729978,-212605.833548,165093.359941,136353.089637,156976.035209,183900.623189,-106608.285115,-228107.32757
3232,150361.293585,-107005.703011,-18509.9866054,54612.9043476,70326.0416421,-203169.927201,149069.348765,130436.946577,79913.622065,143098.666655,-196410.744762,-256809.048678
3233,100249.714809,253047.549378,48995.2345651,-195434.420748,57338.5140432,-15456.551496,464556.817869,296019.914103,-15813.3141048,-34808.5866528,-20482.1782572,7684.11786804
3234,33114.8341409,280178.242486,-21095.0893786,-63853.4142745,63004.6496399,19458.0187272,-32799.9288623,128221.585738,23016.8811718,149710.444146,85267.4405436,-25782.830718
3235,83440.1082248,183138.89622,-15947.733241,27333.8549525,126591.323004,-38896.5845404,-168647.254251,18550.108754,126332.238375,231996.482904,-15547.7251115,-15140.3943469
3236,66478.6879372,175241.787287,35594.2923441,-82291.9427868,79987.19743,-84125.8036944,-87853.9470294,200201.435716,283801.610494,49100.7623923,178263.476283,-13944.6963765
3237,-34682.1715229,59388.7917445,5461.101839,-13541.6800198,5832.19348293,-124105.339957,-185507.064988,137096.538668,212198.051374,122897.461272,111241.532738,-1937.65399263
3238,-135527.541202,-103258.841268,-74876.3476653,-110178.603381,6470.98807987,-20899.5859871,-40819.6506109,214592.537758,250141.293997,137913.889164,231665.140849,64038.2372574
3239,46783.3961393,64770.181948,-157766.824607,-327130.926706,-176052.005945,91708.1744079,-27217.293991,237992.568047,238104.60013,-20230.578885,30853.2177803,279217.379546
3240,-59926.7987426,43950.4041876,-136618.540531,-443622.913533,-91933.8691278,158248.267334,47584.2632306,90504.7305373,54037.2911365,-17204.0500939,-134735.437089,155139.976727
3241,97530.3238774,211470.573545,-142847.282122,-218788.044795,-75547.8426524,258923.552031,201491.674475,57715.1152448,234910.530965,-138320.124236,-37252.8067948,155019.031961
3242,-53851.0108686,226112.879396,-171484.344111,-317296.626925,33487.282392,239280.059315,7958.12280603,-7905.64734036,196523.153691,-25686.3046763,-79147.1882564,27351.6601205
3243,220104.046193,60806.9950457,-289281.821535,-321027.972262,169414.886712,358566.7299,-130938.021565,100242.533314,303841.889087,71492.8170268,-148352.218028,-42506.6182847
3244,63659.2543639,162220.755156,-120708.056175,-197120.430411,148084.570454,522025.073901,181763.958068,-83345.2869933,310681.400514,241468.746919,-188.793567775,-16226.0326828
3245,159400.447563,184881.919582,-132524.88994,-160445.281256,289769.465553,391387.554043,280489.858357,-150422.553048,407619.427469,235452.265053,-26807.2186054,-195039.281205
3246,122341.29667,56820.0160405,-158045.987905,82383.2697831,197708.837138,416014.475919,96693.6406456,-101667.824204,95215.2902664,326019.087769,35858.0789393,-133825.519725
3247,94888.2246222,13957.3499936,119389.869527,-115144.226163,24718.9474137,325971.682825,69530.7439526,-314913.860504,-37462.320676,219764.399874,57709.3595215,170535.38724
3248,259533.27992,-68407.7389373,238885.786047,-15133.1407976,121275.495317,39287.9867774,256734.627434,-294727.407365,-189258.515484,181720.510744,-40969.7028982,204268.015014
3249,-96027.0027059,-19291.7055434,122152.049729,-144703.073178,-50802.7003955,43330.161064,182348.658521,-439603.284185,-13715.616222,147474.173417,-228325.467869,142955.121976
3250,171304.173407,-180455.191495,-31341.6894469,-121492.590205,24882.5971482,86888.2288252,17765.4333706,-314235.2709,-66767.3880386,199830.270771,-144762.602852,153285.968404
3251,207425.686683,-430379.946897,-88229.4364197,-43232.2056074,91094.7477885,-41135.8266839,52992.4180532,-170041.210049,86678.7099398,-19237.6206143,-127892.339221,200612.031767
3252,242492.453089,-347310.277813,-153954.121315,-5912.24846745,-20361.7575006,-90350.2142959,-45255.4861075,-176906.047716,48470.6583397,-35169.5762753,-8922.38934874,35140.7592703
3253,157878.362578,-309970.317741,52762.6619491,-95889.5773267,-26653.9929422,105051.073359,25317.1820992,-267508.282308,-87422.5788268,90684.2573062,215396.391411,63963.7282115
3254,234438.599802,-149346.248052,-142868.159517,-296760.011304,-98238.1250536,28270.3175132,324848.779159,-128418.279736,-95044.6379602,-59861.6556147,105605.520792,177651.050458
3255,-21894.2298115,-127331.250157,-238909.480095,-60861.522816,-16750.0038247,-137745.233069,91971.7048402,62562.3183767,-50266.8465554,-276473.408131,155850.770947,108595.560643
3256,-41349.5317051,-112636.284514,-227385.572477,-87695.200949,-32820.0720678,-217463.270402,142188.087402,-68341.7493429,-75740.4068246,-361580.5849,259395.790959,190215.901021
3257,-58188.5606177,-342790.235352,-290034.117248,217552.144757,6153.20042793,-45206.925146,143909.397736,-13936.5595404,-2919.0502682,-287530.813204,277996.222746,8935.92161231
3258,-115995.695471,-11919.0346861,-381584.682431,309695.849863,-51584.5796759,-1249.95442499,-36033.4934922,109124.063085,-38882.4453046,-237149.454633,218421.119954,233285.329296
3259,-135480.402594,-55941.3913509,-342598.836427,324811.047941,-92979.2717688,86765.4884991,-126116.851827,14379.1062756,-197429.33758,-49690.4920139,221611.0352,112635.278491
3260,43090.6267418,139375.423939,-294124.715511,315024.734835,-54582.8820073,-148123.513212,-14040.677383,148331.379839,-138309.754301,-161781.712209,95247.5184936,245617.258689
3261,158732.068904,-26082.8307424,-200638.839648,55852.2885419,-33188.9271567,-57699.1474713,47862.5915576,222264.869309,-106639.438304,-225270.532652,311378.890459,19039.5472018
3262,183542.957306,-166774.121108,-68975.4640356,70360.791928,-57932.6947152,-196276.409223,-59315.3202378,52276.3645985,-1794.00370249,-67561.3341986,95447.6317189,188054.953387
3263,123350.789686,-137477.030512,166281.109243,46859.8041996,-209867.793603,-6646.0118047,116706.646998,186633.478995,-19587.7832424,143938.978033,-64144.7755349,109625.650148
3264,97500.6017674,-188343.690093,143962.665129,-118589.010385,-184335.398363,63068.8316017,142052.712346,192710.268499,-110712.732683,-109027.37876,38742.3123223,200233.51098
3265,48632.0624207,768.365378217,194215.780067,-23006.1706766,-216485.218915,37074.6075539,441010.659718,302309.873421,-243576.813075,208580.829967,109849.194711,221589.542066
3266,-98883.4036185,39103.5896086,220496.628406,291686.483062,-221583.584602,5435.12379419,326589.356325,314301.339727,-163476.713705,5566.49761501,267648.329004,75213.3232061
3267,-145520.656324,209590.992625,263876.331988,59804.3863729,-219559.794444,40603.9902711,-26006.3893138,102439.913021,-55104.2003017,21956.7325528,96286.3272453,79456.3555801
3268,-313549.273655,255890.012583,171667.442775,-188171.542851,-277966.618065,115400.429904,-45783.892199,37592.2878682,-54861.6270201,32458.6554102,280806.985221,255469.495877
3269,-362204.64265,288406.279848,167358.373014,-36896.5679263,-360769.702626,10150.4159131,-284921.847953,-55266.8507104,-35234.0871901,-19343.4992548,65467.5829514,-15332.5473876
3270,-218328.344919,10745.5855981,186921.525626,-83197.4543854,-292416.935873,63692.433139,-211798.286528,-99722.8831479,35436.9159763,-167183.259574,54733.538137,96797.7457429
3271,-248952.182242,4845.39476788,36877.8115144,-20730.0286007,-331243.290248,31402.6810912,-186754.712297,138851.920639,-49633.9349434,-352020.146309,-68918.6310521,-3750.79299553
3272,-288706.248513,39693.5550964,-112134.651929,160800.706904,-158550.462187,-47343.8310093,-223344.410968,50673.2617312,66068.0535911,-366722.169947,-53957.8957106,-271706.220672
3273,-140369.4998,221500.257912,-83356.8472126,182156.769793,-203153.055829,-94144.6927356,25922.4437573,116896.274231,62551.2656767,-210609.646601,20202.5602952,-54839.4854726
3274,-140747.621787,225462.191548,92391.5925564,33861.0965992,-104948.327257,20926.8170916,-228451.711821,-34727.1758423,21305.7150243,-355177.373001,88461.9992516,-266084.445855
3275,-177685.390754,248240.868396,226545.660666,113305.078638,-185863.54562,-110235.971506,-45367.2034862,-9722.96960567,91761.8943449,-222264.790278,43564.3079167,-300426.114798
3276,-175504.906319,39578.4704835,140393.493215,122159.858523,-253131.694994,-112144.414309,-270397.982168,-185575.94396,158222.695091,-288614.559896,-48779.7912136,-203417.859507
3277,-70302.1045818,81888.3489703,50928.9624615,153221.291431,-5794.84790357,22385.8237363,-124677.927342,-191050.842628,41817.5651271,-178567.915701,-100645.232006,-280937.055391
3278,-21162.7532078,24475.3394036,-44696.3349192,217964.648947,99398.2082144,-282789.443675,-15878.5054266,-140443.646647,-163241.285304,65677.4026408,-32819.027573,-1670.31579696
3279,35029.0212047,63221.3521615,165775.163962,-61918.3238957,41564.2481924,-105720.691191,-15287.964451,-116615.454616,-102614.108171,155774.742515,-18627.1347379,-135724.77677
3280,36622.8455976,78017.9281451,63428.2113439,-93094.5290531,81213.2890127,64232.0080259,-147782.731014,-82596.7429798,-62024.7928578,-87964.1004529,110025.484293,-222346.900305
3281,-219406.975457,41545.3369936,-13394.7334176,-64953.5356578,122449.56617,-73178.2918571,-73733.5758225,129206.523994,-7225.86545778,6645.97367842,120602.184064,-105756.393057
3282,-135954.860856,-72695.2751576,45256.1609076,-13597.0959415,204445.761491,8266.11858468,3632.19411562,-8126.69154482,-122278.578024,142157.736136,-60118.27369,-104374.217048
3283,-23027.6751462,29538.5088032,106883.015766,-8528.36279492,202244.057919,-85750.4285219,-200033.165607,-123342.123344,-195172.959942,6600.92685718,-74107.5288627,-155014.9643
3284,-212155.988997,25745.6795291,95736.1794353,211923.959116,199616.557724,-98654.0642325,-231753.296481,-11860.934362,-90729.258319,83644.6442066,-204308.585823,99660.2828887
3285,-207571.374439,-171733.93979,206857.574584,246786.404358,179497.872098,33446.6016241,-239097.583256,117405.061433,-89719.6314106,40150.8437161,-137526.699678,71132.5493961
3286,-152756.454432,-268653.877886,317542.212323,193820.79013,337013.079714,-11469.3197986,-99778.0312903,-155083.172374,-207340.47669,-91014.8164626,-189526.443293,-106588.89289
3287,10969.4189551,-211902.801948,253123.702685,420031.235798,275552.136391,-141217.606333,-355698.682983,-183094.234722,-76321.2236354,-1864.12665762,-108211.125335,2673.87051633
3288,41696.9950592,-39655.4003594,365041.078574,208043.766902,264015.336392,-40299.0962815,-366585.697752,43249.2741851,-180426.149471,49860.3618561,-198296.824877,39160.9368742
3289,36825.3487106,-6234.46251799,141770.039713,79576.7798083,257765.083895,-69844.3700847,-131966.030039,9836.09312304,-135732.138329,130724.761136,-325487.964434,-199802.478486
3290,73924.7206025,-21509.5906211,51073.9460205,114372.837086,203321.100322,73422.1017872,27915.1798267,20610.0488583,-84233.5939922,-63634.278683,-303810.593541,-374335.923556
3291,218929.444928,-48791.4679662,105207.463567,47244.178347,181239.649684,-7405.77769484,224695.049202,121007.776277,-18967.3200602,277704.438665,-227424.896585,-222040.70798
3292,203158.699247,113960.969218,-7359.65359004,9898.12933974,93846.0639188,-82733.1167823,-26971.1234645,33566.9108427,-58614.8733179,136349.627286,-298214.935063,-43642.0803286
3293,61204.169498,-21870.5400041,-189037.591034,-206064.520776,-19457.6737749,-127870.88598,-17871.3621823,-155704.022696,-74543.9564243,117224.702165,-43273.3630135,-242727.803496
3294,207420.325276,-149104.880976,-89972.8785932,-77314.5520902,-36663.9767097,-149604.361012,-77854.5027155,23764.5896076,190808.522094,295465.582483,17254.5687565,-180246.1975
3295,115589.137091,-81157.4355605,39993.0730207,15832.8939579,39163.2024164,-349061.531364,217920.706344,60663.1857634,104243.838999,161677.300843,-77514.6951534,-281201.980738
3296,99967.2578128,-143522.827245,8527.1438221,31967.0252292,-3186.68558574,-159772.175327,151552.660606,186224.620034,5845.85284688,159712.325726,-111349.06141,-292017.868005
3297,78748.6158698,160204.34494,61031.2854176,-262187.475964,-28121.6386781,52229.1484938,354419.826535,211718.050233,-73224.991073,-78510.9765328,-5813.64710066,-74148.1058889
3298,822.498011587,220137.812532,-3278.03141049,94209.9264459,54652.7013444,-43566.5836457,112496.530323,125407.028769,12235.6779504,146628.449311,120408.578299,-29171.8783418
3299,69839.8174009,245260.313221,18712.2630347,-59488.4637338,89581.9572074,2715.08273298,-99026.7022037,11726.8855376,140310.581558,171330.2391,161668.97823,107368.195927
3300,19062.7618567,121197.044224,44621.5281987,48267.2573807,124491.615786,-106165.960869,-50252.1780003,166980.70485,281237.488467,63472.8710037,121077.771153,73406.7851123
3301,-50052.5632181,-54055.1261289,32.8757756247,-101373.57169,72967.9597966,-114587.115182,-186952.039743,71291.5009477,222035.494414,105301.732779,137719.82288,89698.1379087
3302,-160481.694693,-46614.7226773,-64940.7568121,-158587.132033,42161.9984861,-85842.7663796,-52000.3650502,202316.501048,253080.203563,58961.7759609,183384.999229,131288.639311
3303,-18777.9930733,19249.2292796,-149805.02504,-289241.319161,-188870.378603,126757.362241,-11125.9260915,286388.525963,271765.816266,20178.0246755,29807.0927599,332481.659995
3304,-16601.8144243,73540.8899809,-102929.593355,-516353.994119,-91384.7881701,143335.698582,69004.7139033,70597.6214452,125683.750293,-55865.236999,-200007.505092,139183.080185
3305,146588.480537,235818.088379,-123288.534084,-326801.217115,-33746.4381325,290814.40532,110390.461702,-5205.11476853,196469.495421,-38072.1210177,-81717.6521727,69065.1126404
3306,5567.8823412,137109.37943,-170913.827769,-229530.790761,46902.0400436,264973.092761,62937.3889422,1569.57059377,252605.942504,2652.20417856,-86818.768511,67795.0293155
3307,184732.455843,71087.1380007,-192381.64987,-285626.737657,227947.667549,383972.436425,-173376.786475,65310.2256362,302715.39528,138260.459512,-148242.684549,49976.7212724
3308,25502.7183696,205916.332487,-159068.979732,-44013.7017965,200091.206302,435326.683525,189841.707267,-63239.1502776,314469.963622,235342.13115,-8624.65029689,-94538.9617098
3309,254922.951779,194115.169734,-187123.78114,-45507.3396041,299562.867691,422292.089404,229433.958,-81048.7968901,410898.301629,279654.349978,-42965.4152564,-190225.234369
3310,207054.024554,-5956.75133133,-98086.7977872,-5732.19555167,219658.497047,432878.313248,73107.6269651,-52350.4730618,113902.101454,357565.946396,32828.3687767,-188611.774577
3311,29588.6740364,74697.7841399,185154.210837,-60908.695112,83811.6974556,433046.729041,7235.05883187,-282436.978095,-89915.835414,226296.030797,26805.1473762,261714.31064
3312,348275.062405,-46604.0329863,140216.694916,42129.3237677,180821.907266,154144.442137,361701.803136,-258925.941402,-110359.802039,193832.097293,-50040.9139346,169003.901943
3313,-25154.9601612,-66537.2267414,79811.8208579,-143572.048934,10141.4635366,-4306.2717517,39561.7484316,-428048.759278,-44807.7125424,201627.937323,-244146.124041,189651.320294
3314,117567.626278,-282091.789894,-85762.9141987,-45189.3030763,33983.0674719,-2086.34828036,-10967.5621728,-335191.850805,-151248.419844,155657.222843,-150313.886302,144902.143651
3315,268249.769783,-439555.009657,-109861.836459,-62645.1291345,80327.4991625,9600.36719558,173608.72553,-166263.624369,169296.904018,-57923.4122455,-116892.675538,180286.161597
3316,253665.983407,-384691.706186,-69479.5808701,-170805.831384,12713.3119551,-74062.9010671,-7825.1169558,-208950.300715,47235.8713761,-67694.3896396,-24597.9544995,70332.3462649
3317,191247.047414,-275031.991054,10778.5004279,-171445.930304,-15561.6902657,57760.732383,113588.445794,-263884.266168,-78256.6437389,82156.2386487,190601.3281,97281.7938034
3318,147051.580737,-157026.747447,-96205.6435619,-267849.973686,-144610.409453,1072.75727879,342829.221127,-107249.584616,-50502.4304074,-156086.820609,103113.413789,174545.945333
3319,-10646.8207982,-24606.3947053,-253934.726659,-105262.387562,-6582.35411414,-76304.3345502,207391.138609,-32770.448581,-62229.7715812,-326172.610131,139957.747209,139937.723849
3320,-76522.0882284,-197394.200904,-304257.054847,-109792.01609,-41775.9853946,-154754.047283,229408.207093,-86801.7598691,-97197.2604068,-364373.092681,193011.134009,228713.391976
3321,-87775.2156882,-243343.694409,-375487.960304,322124.102325,-15272.9438419,-71755.6429822,180787.821957,42167.7187846,-136487.344891,-315048.086679,315303.45329,68293.305867
3322,-170636.688599,23186.145747,-410805.038395,288439.745362,-18739.4221765,12981.0545192,-13750.4540187,124944.890239,-81234.1796049,-218555.366027,148823.511329,183480.260303
3323,-182953.839964,-25212.396971,-368429.958185,316964.756797,-105730.875472,45463.103723,-86691.9655018,-8396.3755348,-207215.572661,-66702.2789339,113436.015483,154628.340533
3324,-14720.6304878,117976.720215,-343456.788788,336343.81698,-31415.803313,-225974.960283,-33195.9269968,166093.771821,-87628.0386749,-202984.560093,148909.044827,240283.782151
3325,220599.881613,-17459.7521242,-133409.654193,175717.273013,-54850.1404234,-88203.3693257,32045.5260107,299476.21517,-137240.691302,-163160.824893,302325.521833,6887.72159202
3326,232091.738088,-134943.002168,-33478.280755,21623.4023628,-97826.2149811,-236306.682911,-111795.20455,25797.7590556,31838.1650336,-71326.5305521,137111.378693,217300.398645
3327,36667.8278622,-94217.7084762,247590.670899,-54623.3723019,-228400.026553,5697.10849234,94845.1005767,199710.552974,-70594.6490701,70377.4947076,1276.62561218,114958.063862
3328,92253.857931,-104069.833786,161983.885444,-180564.240432,-225943.832007,72784.629722,154902.668097,280186.327549,-104908.672229,-13002.6037615,38032.6327246,191258.037858
3329,-10560.2611719,5905.39550765,176987.781081,-42181.3099939,-189541.576953,42461.4058469,410315.20802,324237.146599,-142757.904606,19301.7050847,153661.529789,188315.726114
3330,-44982.4098745,42965.392038,231551.859931,305155.493364,-277545.278888,-47496.9316887,201750.302195,248405.222498,-51781.7460474,80950.4880975,305413.906731,185143.83886
3331,-205772.044073,243910.301007,236755.893702,91009.4674688,-188718.752454,3016.88075901,-96535.9958616,118036.087588,-149356.23894,52862.745636,129409.747317,60063.5858203
3332,-341430.559543,229992.769124,204394.852151,-95978.72435,-314179.06894,40090.0355979,-81754.2652739,20606.8890414,-99458.5842138,73675.3307377,183715.756638,224379.14571
3333,-383849.675267,219393.109608,66585.76719,-42781.7708569,-362022.778223,13512.7853887,-191131.337418,-41480.0772387,-22748.2686262,-109675.100396,47529.5273538,18622.0560919
3334,-243563.70344,25549.947458,169570.209021,-20086.0629327,-346578.744081,14012.3828888,-154517.327825,-84188.4921546,61396.5212972,-163873.04677,-20690.4221132,-90966.7562461
3335,-317686.200426,-9138.64089437,39223.3206433,40997.2787307,-339550.535812,79910.68593,-148247.862312,149131.06886,-62414.2526214,-270807.401693,-73084.1678123,-20960.8173377
3336,-234983.80194,96920.1462577,-39412.1990214,157011.359938,-150901.473794,65974.4288179,-96815.2400826,20907.452686,6919.29682211,-363377.638004,40458.8996893,-195514.188408
3337,-105273.108051,219911.698645,-70303.2605849,167057.218951,-165632.836686,-171447.638342,-85493.1736359,152537.170286,8074.69744298,-183819.398529,2675.33971324,-98633.8409247
3338,-211309.808711,285283.341608,109768.917611,-36813.9840029,-115908.584244,72536.5822726,-220420.101917,51400.9851119,81021.4147199,-361129.642465,38958.080176,-285701.686509
3339,-96300.7312044,168428.832307,207245.984347,66968.2703879,-204841.033684,-142620.142169,-43042.8331834,-37454.9862032,42064.7403591,-292250.142309,70526.7443157,-271215.790237
3340,-177555.933871,35382.4156029,153513.047809,157110.079851,-255940.067505,-125560.164897,-163080.802986,-187641.484348,144462.991713,-255515.549494,-47435.3291773,-230611.507855
3341,-34369.0910669,19553.363974,27143.7709755,144632.417218,31647.5770888,-39783.0344756,-125071.942195,-217102.616936,14111.6266163,-182521.53646,-100474.577948,-319641.692245
3342,-72029.7985494,-7680.86113663,-34393.0015015,184026.586139,144302.871334,-213876.608462,4767.72369822,-179354.009665,-146123.965972,65813.342787,-98532.7161012,-33929.9975456
3343,80509.6941956,40769.6669298,225151.32909,-8661.40409562,82202.1372267,-73654.574991,-28602.8738753,-32488.7747427,-90163.3119182,118792.567456,79163.7985867,-181717.504603
3344,9370.82519251,53343.6691458,18176.1815802,-17166.55598,104267.039849,50502.2718249,-53291.5850999,-3809.77038524,-114481.405932,-126609.116719,95161.5479519,-241812.513083
3345,-308455.110821,123700.208809,32156.646419,-64076.1411287,99538.550809,-98027.0290032,50732.6986402,158497.995386,-21649.0757554,90735.8616343,10441.6121975,-150976.370232
3346,-146373.49444,1936.13250044,104348.461097,-53812.3210041,198029.56706,87855.2222935,-48699.936765,-46075.3339568,-165127.220337,92620.665507,-65354.2906614,-103943.077497
3347,-56516.572366,3567.37478885,-2069.97291616,189329.295753,204867.738881,-99219.7015295,-145330.788595,-95748.4801068,-194334.480341,-6008.27405649,-65560.664246,-61540.5997235
3348,-252270.877527,-73100.1322379,95709.935541,233087.293642,207771.639988,-36419.5898878,-198797.153294,-25331.9448524,-68041.744559,64952.8286476,-202386.515535,32835.7340386
3349,-130454.130057,-155962.487894,139027.140237,152176.381023,242907.046686,48944.2721566,-158160.618005,56220.7698106,-160006.489759,-604.97857599,-183481.934526,94664.0579626
3350,-124511.677409,-66495.8559302,356287.439463,149596.550072,297156.219352,-78240.2312452,-198369.943849,-143373.259936,-117850.110193,-89531.944924,-146093.251946,-83992.4104234
3351,-80511.9345547,-181441.639553,265468.994092,373563.28242,285316.357012,-179484.360658,-366930.030438,-127967.242897,-142611.448197,-3605.53404606,-131334.462837,-48158.7898999
3352,20020.5863659,-108702.669159,323894.85353,284656.523148,270398.49198,-81778.9112799,-348365.636445,-20805.7748944,-105005.921962,119967.552179,-325513.574765,-52976.1900967
3353,52820.7745601,24460.287888,76017.3503932,128490.579155,248149.276787,-20324.096261,-14973.7236195,-7972.56829322,-196788.667566,184815.615748,-409802.811756,-237516.295658
3354,26273.8278806,-82028.1509051,30595.62811,144419.085085,187850.232815,45292.6386694,58034.5862067,92460.5886769,-78626.2436192,-43235.274731,-288142.737769,-351255.76178
3355,175295.888833,61800.505973,77875.5023824,23031.9169403,144314.4806,-109141.194218,236134.516471,41094.1398522,-53611.5177176,245823.374107,-307943.377144,-282630.986165
3356,156297.554513,69460.3996891,-33764.5442232,-37320.9987074,111322.347824,-131399.840284,16451.9509724,-14583.8793073,4614.94776691,204016.387347,-258827.280821,-154520.271811
3357,138770.729579,-87392.9054709,-175927.909681,-172938.282477,17080.5925226,-154255.294923,33968.964673,-195944.583984,-99702.0987626,176551.464573,-37494.404218,-211043.191588
3358,186797.55694,-113808.702209,-12233.0878357,-45266.5819399,14570.9226272,-171726.236551,50809.8447755,55342.975176,109604.310704,333641.90171,-12557.8070885,-308340.235738
3359,137073.186549,-79010.7882613,-7269.97433953,-67485.903838,31650.3345617,-229280.661164,120356.31861,71519.3445321,132481.04506,191746.969068,-65962.1481566,-298815.883352
3360,96192.4182067,-30032.1310388,45242.3105416,-43206.8063818,23735.3466872,-84502.0010594,174518.856902,211509.507047,107974.736235,93759.0776712,-188088.149782,-239097.231568
3361,-59765.0527718,245563.435238,10844.8759979,-220758.73317,-60800.6997755,26731.1875815,384825.463823,192166.947653,-19348.8053546,14800.6878017,13880.4091126,1226.09182427
3362,-126624.122026,309004.454698,-9907.42169755,7573.93761068,61783.5914872,-94551.6862706,71900.4864862,27236.5927165,-11388.5110292,133601.214777,88572.7308687,36755.7648621
3363,94841.5694864,257614.004776,5429.9093613,-194726.13469,103521.686198,-156658.488426,-40192.9685845,151067.957959,116381.754383,88968.0369728,192599.426628,100616.14692
3364,47350.283399,111844.841808,18426.6541327,-16697.8022558,63064.6502134,-221046.804113,-182735.417198,210187.048681,323363.211915,155306.052508,32518.1007441,55731.3312065
3365,-94094.4112774,-23719.6301298,52684.7114321,-94614.2555871,51277.5333621,-60162.202057,-154860.861772,14554.2898725,302816.586367,94557.2162939,117037.663801,45781.8805184
3366,-122387.687947,-18293.6720872,-111714.393316,-49661.3383414,28890.8021297,-26597.4172728,-114378.868074,191634.081553,301601.412175,31987.1331392,86493.7997113,175720.74162
3367,-7362.19114601,-38150.9881864,-92493.0749396,-319745.189315,-119609.998615,181898.558656,48121.998413,251166.80397,332938.408526,-36279.2350856,1381.77045413,291714.500745
3368,21120.3344435,101825.61043,-110555.104371,-506041.430636,-93831.6791445,189422.969083,56539.1937465,75387.1700824,197999.618967,-14735.6046723,-276504.287836,73453.4112231
3369,107602.053304,163187.382126,-99165.058762,-252266.184264,26105.586423,204946.52497,156580.530747,12986.6511433,242529.824166,4259.74455837,1216.68091869,161446.903653
3370,3571.98342327,147163.321144,-93369.4252926,-106703.803612,95738.053454,308368.496889,35819.2708552,54987.638668,256704.275299,44723.3222847,-159938.439028,-22018.9220344
3371,306792.275786,34691.7213997,-135283.730416,-255032.992859,170434.27145,416834.766076,27349.2572326,28284.028285,255354.790178,107274.869468,-132821.027411,36767.496293
3372,5398.23634728,188828.366958,-204228.448158,-95303.646632,232052.741491,351652.486001,153517.336735,1022.87145499,293883.630273,270102.175807,53527.7559214,-104776.557383
3373,251144.965365,119517.663098,-202567.1739,-43823.4380732,254125.444836,324427.533651,165256.600428,-112571.559876,312492.261534,216628.452377,-92779.1630254,-165088.573284
3374,122249.392254,15813.0748694,-1139.28381746,-49406.7145471,99609.0102644,487309.661432,21749.3184307,-95279.8808475,18115.6354904,343378.2518,71424.4775793,-160930.326309
3375,118873.210403,121158.158964,147509.589981,-107363.911383,118572.825399,303499.513172,28655.2010995,-306164.541086,-118693.429901,154715.798939,28922.6015972,186967.77801
3376,229403.712941,-26404.7819207,208430.79187,100042.441718,122106.465515,108310.614754,171372.447943,-422292.672046,-29924.156878,303844.75123,-59457.0533043,167975.057776
3377,106355.00027,-87008.737449,90794.3450465,-74482.8382082,10544.4290072,-16844.6538811,-2193.27066459,-397867.901457,-65000.6723682,195245.044061,-144385.34958,301540.241449
3378,15168.3829624,-352824.447209,-74482.2200529,-17572.6051906,103865.210038,-26777.417434,5555.00937073,-258561.979348,-119090.224199,117250.146484,-57075.1455746,166402.542324
3379,261909.051263,-465246.19631,-51475.6988089,-162862.482602,39763.8508431,-32559.0845093,157460.591327,-171974.036955,177859.206853,-86664.2096619,-90342.9221858,244159.559654
3380,287922.559442,-423757.419306,-98166.1556297,-135035.039858,32961.4830834,-121536.696365,110722.816967,-188344.303889,-21383.8886884,-79474.3030707,16034.3069129,70527.1776779
3381,160819.765941,-203662.071026,-4270.80333542,-170573.047766,-32038.6233173,15155.4325087,78681.6462072,-276506.274017,-643.106362852,48586.6402564,169674.177335,51869.1124184
3382,142340.227734,-149835.829274,-94537.0581976,-227429.111218,-77127.0115329,-82348.7137815,362315.679979,-96669.149822,-93790.0329466,-203905.270942,81218.3626209,252595.313362
3383,56894.9708565,-81369.4534336,-237741.468947,-157172.393548,-113502.789571,-85572.9085195,188652.04133,-54390.9951688,-37327.8913852,-384091.536021,265220.14993,110943.890066
3384,-93900.9156925,-199249.019856,-244439.160845,10029.5056517,12104.762227,-90620.5733556,332678.017107,-146305.964297,-56747.8190436,-388344.025957,205525.495415,181478.328454
3385,-88281.7574991,-194330.0935,-400661.394996,357478.626632,-24472.3392264,-146323.179574,106098.344332,105614.357867,-16532.94886,-259269.144605,259053.448206,142836.05867
3386,-242809.017148,-68706.7839077,-504601.57671,427372.333189,-72641.9149822,-2011.33487505,-109778.773663,162222.395884,-140486.467611,-141701.809547,186979.970707,226510.812888
3387,-167460.310637,-12645.3074802,-230594.324314,418846.324986,-60882.7589176,20822.1746254,28742.6531146,-49291.705225,-136642.227012,-90466.7836134,138753.335571,104905.545458
3388,16662.8939505,61866.3288274,-277090.894084,307165.613636,-35727.9463833,-152897.538829,-46776.1484622,107438.9957,-93704.2823974,-186559.82708,271219.265534,203557.561557
3389,243594.932627,-33354.6810352,-143757.915489,153571.662357,-67288.3246963,-129753.769813,62720.039333,245144.218659,-87845.0149782,-155230.083017,362545.383722,-44702.6079903
3390,236895.581771,-157117.29969,26897.9340384,-12910.974299,-19561.7404048,-158409.915324,-214743.623056,71558.6533253,50151.3814488,-18885.9662713,109724.919962,198006.981571
3391,1935.14871732,-121365.068413,186441.782434,-16643.1603307,-238368.276206,47799.7266821,103395.618535,226639.097963,-66981.9770214,70524.957786,-29693.7651001,163451.21134
3392,154073.717068,-91298.5971251,216606.237851,-43606.0608032,-211990.185186,4614.87021698,168425.601745,255957.109166,-132812.287444,-81577.514481,114145.692088,158663.16478
3393,-63460.6913403,-62190.2596805,137138.394283,11552.4133465,-178626.378522,116386.092809,361607.055277,155359.996434,-97088.7298347,47358.8731954,131496.952168,152684.14252
3394,-61874.28257,96195.3545564,307970.137565,287046.189313,-255492.639982,-33148.6046007,264277.344143,208014.864291,-45444.4980076,20694.6080736,287508.211188,82349.9234637
3395,-294316.913934,167358.594698,296484.162385,91778.8658698,-194339.295078,6606.42302165,-117372.610165,4862.39128397,-207425.623201,71503.9580176,133353.447363,142613.113347
3396,-297882.349301,247989.276334,174101.402453,-89157.1738771,-297782.987929,34780.1472117,-117613.777958,64098.3723117,-57511.429979,47971.843938,224974.071171,122100.996289
3397,-410456.542279,218965.810376,120763.227816,-91639.2021814,-335141.015442,-35193.6192615,-193578.633895,-77173.0666436,-47027.6434423,-91160.0434298,88223.3567059,83888.7470294
3398,-218721.266911,15943.2436474,183220.950118,50886.7592436,-397786.449683,-1197.70366278,-148050.656155,-26862.0931487,16928.7623871,-183872.933699,-9416.73711182,-50717.6073738
3399,-301042.587659,25124.044882,-31940.265961,118468.439403,-313815.580348,103529.566651,-230732.08372,97236.8463862,-115267.298465,-207847.301341,-95712.950692,-119790.551127
3400,-192547.950124,177085.114685,-2714.25459476,227065.381614,-198657.785665,44895.1364449,-110311.712453,-39168.3510006,-123.372185882,-406458.777131,103345.557192,-207480.917136
3401,-61464.344911,169755.683014,-23335.2602228,55954.1179887,-214265.69017,-166863.100856,-170845.835672,140292.431162,54882.3444843,-203916.491769,-36832.9787817,-92383.0479452
3402,-197981.856964,396509.85304,79772.1796646,-62290.0765201,-141254.086371,-50809.4886542,-227050.955167,-30249.1347864,53402.3039892,-377657.049533,65362.1774165,-305048.715372
3403,-86018.6338831,182887.398246,188109.397941,173721.619967,-264559.901004,-88369.2792708,6202.24891893,-62896.6447377,49825.182989,-367481.412163,29462.0267076,-338030.105158
3404,-183291.964373,-12451.3669506,180138.04663,143418.142742,-178456.866689,-45326.3264661,-153740.580487,-207135.572916,130551.791078,-245921.047324,-77528.504625,-289271.065399
3405,-21663.1464037,87255.6835107,60730.2655323,197129.854685,62655.8426777,-77147.1631849,-172845.034806,-213981.693237,50593.8377431,-76204.9323552,-124633.396862,-272630.548203
3406,-92087.3102474,50167.9922993,-31754.1232316,31824.9125356,114076.001991,-151855.599588,58890.0489595,-161974.025192,-193915.511572,21034.7955776,-95051.3496314,91948.1047763
3407,99907.2168632,10635.6678842,260276.654208,-18461.8919397,72490.2156212,-56285.23256,-76270.6354709,-95014.9510883,-41147.1148216,89143.7945986,38579.2698393,-157287.804371
3408,1282.00612415,-32378.2907126,-52004.6372775,8811.99649344,119185.72754,26170.8871173,-110720.082514,-33505.8528546,-240822.0835,-152248.530244,149911.225978,-189873.683493
3409,-165461.897448,53408.4448117,6834.03471145,-81729.8874824,136160.217723,-147824.002258,79722.0120585,93708.2843062,17704.1812314,75474.3205596,64143.2870616,-186528.29729
3410,-103927.684297,27192.2531061,80721.8299142,60293.5257071,144423.659363,35301.4247815,-88023.0747785,5826.86334199,-109077.230743,150079.552283,-52428.1393023,1141.07999497
3411,12847.9566344,-7255.74782668,16478.2629969,154178.12087,131499.15833,-134142.782152,-79151.8900417,-87085.2488785,-185533.268192,-103286.987057,-128727.871338,59413.1162326
3412,-262996.671869,-38360.138969,59423.2839942,177708.469248,217878.093529,-93631.6128015,-218304.030747,-20075.7384198,-52363.6739747,-32271.5224036,-144465.651844,18946.0076519
3413,-137586.711259,-91603.2418224,150981.477794,131438.570047,254637.14628,12429.8353062,-73256.8276189,-14860.9914399,-150573.424471,52486.8553849,-98432.8605114,51163.9838189
3414,-55766.0748529,-152927.134553,267390.767201,96622.8667135,316381.883953,-89812.0827308,-252485.479947,-246758.712152,-181128.381805,-93787.9335427,-106150.32316,-33418.5103155
3415,-82986.4897054,-206842.859149,326468.007429,319374.497066,249528.303773,-112456.469214,-288265.404632,-111482.873502,-189557.508295,115981.678856,-73697.6057997,-125060.735045
3416,62214.4103594,-46527.1443823,349768.467356,270535.311935,252632.583251,-47467.2773216,-258856.915063,-26999.5136111,24158.4475249,112805.287383,-402604.258955,38200.8277625
3417,98316.1590939,-5238.48903182,-7052.78724985,83933.3121497,204252.116042,16557.1109393,-5634.27796394,-21208.6445067,-211745.825418,151185.832115,-338882.795788,-197928.33603
3418,61419.1222053,-40839.6801927,121129.221411,18003.322191,213496.382667,73345.4111523,53801.1539094,5654.58138774,-20850.591577,-25281.498192,-275647.672204,-325970.136723
3419,197259.936357,125413.661267,-5347.37222171,-49322.3374002,178618.248805,-82801.193286,180240.364337,81843.5347672,-109080.849712,305752.114263,-377242.448777,-240355.176779
3420,269631.757887,58642.0376227,-66722.4375448,-183557.315102,66085.4196163,-110793.237842,85607.1625462,-33328.2666121,-7446.32322737,296462.07344,-264717.616317,-176367.628566
3421,71257.9789611,-17998.4998104,-163177.640475,-44872.1151308,10884.536796,-134179.348948,42647.7451692,-238628.444112,-19528.730686,266449.319637,-65449.7874789,-254699.367692
3422,231941.586648,-101921.856541,-7843.00981244,-14085.2404894,-7285.57047363,-162863.947722,104655.050777,153759.068336,108670.794204,239010.6322,-115345.100465,-259384.958581
3423,187379.10147,-78912.9030899,-15543.4476696,-127222.774265,54620.6258304,-204766.536574,145189.913278,129134.093784,146736.690959,207224.364957,-85198.6705658,-301441.743647
3424,-11343.283242,-38514.8221019,66944.9299551,-46225.3011377,24729.2515371,-133955.122278,236059.186748,54461.6488563,74642.0292813,117688.175989,-163181.805257,-171287.467372
3425,-82441.4712288,127398.994605,50671.8195297,-187478.780823,-49176.5419285,62678.5422393,224962.096995,101922.231551,-41096.0217871,58467.7570159,92409.8082258,-90157.2752383
3426,-104361.942935,315537.780376,-96769.4753293,-17465.9359689,94953.3420486,-107792.880641,90851.7104531,93059.5994099,65359.0599468,109371.675961,5154.6396067,45954.1794621
3427,130395.045478,184935.417498,-5395.95375076,-146978.619619,63056.9664334,-148040.630563,-78067.1612663,174219.050085,106862.717034,143162.793173,158321.445314,26566.9966065
3428,-4171.47448811,34805.2810327,94387.4246253,25133.9684717,86373.880976,-206779.921489,-83265.3582362,224513.561189,258691.372358,159679.119794,90365.9922322,117097.336951
3429,-94339.8507212,-57073.4028937,21291.0351242,-83167.1399437,28035.2937259,-81482.6636612,-89860.3559418,104898.752255,293886.119903,97139.3601092,182226.421415,72080.472922
3430,-158689.304841,17067.8895039,-158843.071973,-69647.2695258,-8187.16970973,-18951.3919815,-60834.9585274,176814.257449,317552.616793,39555.9113657,92522.8353407,190152.925556
3431,-49603.8701151,-32222.1215695,-113663.532019,-330003.421454,-142455.108427,152816.895259,106443.544345,295996.573441,223269.383603,-36937.4789848,-57083.0870726,249833.003181
3432,41340.545067,83243.2006248,-129186.084292,-432430.294952,-163935.592319,159460.407336,174992.09748,9416.48794644,205804.967266,-106387.276921,-179775.330495,127656.422162
3433,49691.2080903,170085.629039,-20878.6115707,-297026.340778,13757.1282087,196656.90297,124332.509372,-6605.01081134,200918.843414,-25148.6823995,-431.739345429,55608.2757829
3434,16169.6679097,67566.5868476,-205058.893112,-153841.596121,61505.5201109,341703.381713,82688.4818938,42023.0150803,276424.718992,59923.3702983,-187913.761356,26036.8753649
3435,240016.158742,210777.757252,-112954.829378,-169056.607505,121346.232297,374751.338206,-117089.277609,28310.9085619,272402.942907,143121.515641,-127433.656329,57832.9762851
3436,6325.6752685,217132.826673,-239195.272709,-21766.3792569,213993.416833,412131.178988,152377.933232,-26202.7328206,254177.879674,218570.234136,93237.554187,-35628.7760501
3437,302413.780196,108343.108966,-270766.087756,-29490.8237655,280433.164817,308472.210903,49570.8979901,12190.072234,347797.323327,247754.718254,-73103.7727505,-170975.705954
3438,233837.465339,-46908.9040094,-67392.867915,-26641.379075,132267.889911,440029.372593,-14566.2637061,-168521.095148,16020.2394903,329997.561383,18338.7780186,-66828.3208445
3439,146811.782255,186981.475585,116800.292542,-88170.787977,156145.610618,303518.87241,97030.9255307,-211324.431874,-92200.4993928,117925.577112,75940.2933765,183524.770736
3440,188720.921887,-89978.0665811,204604.843703,-57484.5272527,91480.6588926,90960.0837549,204414.781092,-375882.260593,-21523.4925584,264834.911149,-172693.751989,109822.052028
3441,141620.165841,-180113.080269,-12281.2854097,-153315.813766,53031.7262353,8289.51538516,-36037.6459322,-412764.364047,-110116.339351,164695.479306,-113263.035539,308545.701364
3442,87076.0156039,-385258.827941,-87127.7841194,-23899.529769,155268.417629,-43877.321216,76179.7276873,-261697.074447,-17351.5249569,135354.076691,-121918.926115,173286.955967
3443,234705.861537,-418450.005238,-100547.380518,-161963.943628,58939.0645896,-105210.764665,92928.5276312,-276593.475645,163722.354853,-132514.314936,-34140.2088486,238441.244748
3444,303747.818046,-345965.196731,-4924.14809171,-160670.229105,60546.0669527,-156159.413038,136842.46782,-202567.355527,7125.46988986,-61526.7724705,-30285.5283582,163491.129561
3445,237235.300032,-138002.207474,-79044.4500889,-146540.423701,-61999.0673183,72383.6539885,171569.910623,-350760.570877,-22052.248531,28265.8577468,212851.056354,101633.875653
3446,137539.572258,-156966.410736,-102689.198335,-154671.434873,-91075.8777325,-93538.1001176,153103.288184,-43270.0186886,-88953.019789,-216896.532827,78287.650098,184819.586265
3447,-39410.4926067,-77261.0271733,-290868.176331,-180433.440134,-123356.878046,-117254.9305,213602.475448,-126458.518033,-36584.0787797,-295394.185058,231372.000655,175792.599693
3448,-21127.1347491,-135826.355769,-272271.003916,-7798.65849511,3803.29350019,-198961.028283,230994.537229,-50912.2238149,-55960.6730012,-450297.370172,165665.671215,110872.376831
3449,-40015.9992147,-259321.64441,-367795.600605,418028.262255,-81479.7578384,-185143.200632,61852.3296459,99325.0740878,22470.4271416,-176006.895695,223421.737542,66741.9696892
3450,-201928.059369,-45890.2488093,-467263.524791,431345.257877,-62567.6140429,44042.3400681,-38449.8563622,177781.762492,-70368.6274893,-176804.375366,210323.114505,150956.526068
3451,-187366.065336,-25580.0617913,-329840.073249,433788.354588,-82468.3939435,-95101.9101324,52508.1935497,-7673.12065439,-80402.1477934,-111208.955337,124727.675538,100734.632282
3452,-3937.40427067,112838.651334,-227182.425138,211667.33131,-58650.5497197,-136496.81304,-48899.4716597,151442.894794,-117134.408156,-121775.239379,260722.39455,231589.022055
3453,250829.611354,-101531.117613,-46792.6198176,221114.851345,-34758.3962198,-113187.86244,157777.804946,228546.599134,-90833.823335,-67957.9740331,286009.450594,-26242.4833766
3454,221166.28621,-233220.415477,41833.8342642,-55407.1791251,-42852.2704288,-58354.8463899,-151439.920579,151998.448405,-5149.31329993,18272.9857128,166377.936039,188564.173626
3455,-13504.8817899,-90563.3535409,131281.898269,-55438.2129285,-181892.437242,51496.1750923,123599.385977,203078.894623,-169945.00582,39512.8100751,-60413.9155408,155687.451101
3456,91753.235592,-75727.9490742,199892.993552,-134318.446195,-162183.512876,74274.529139,176195.875708,248535.204828,-55770.0214585,-24257.4175571,113146.03972,265185.112529
3457,-97430.6654443,-46773.5161375,150146.371942,122724.525502,-169029.860975,130761.112282,198103.289708,117064.978946,-89437.4305854,31013.6184233,136670.706863,116514.699365
3458,-15606.6083112,18223.4467112,315158.831038,246360.846656,-213426.213922,1974.92382836,161373.590758,208296.791933,-79881.1295421,22844.2620451,258949.089092,117692.409537
3459,-235838.471617,113367.794785,265112.806006,42036.4052333,-166545.758905,105996.425709,-73897.4401699,-17679.8831433,-258929.195725,77269.9242163,221440.263001,152516.57315
3460,-373548.196834,247982.821281,237375.415101,-66580.7068144,-294531.610479,32717.367763,-128713.45502,50989.0965912,48561.6953694,2613.54031205,228103.81678,51559.7634543
3461,-417570.190527,323428.151599,129387.673023,-144901.328519,-390891.134527,30115.1602888,-154041.502385,-121032.784177,-38822.0591822,-183154.210096,154945.733617,45342.4416266
3462,-295582.34076,-15169.6498585,84921.7630752,29349.5959344,-393831.025169,9416.23504861,-140727.666609,-8958.24136986,-19559.5663385,-279780.682207,-42936.1356154,-70757.1964836
3463,-312519.070871,-31447.4466865,-92758.1222683,122304.541343,-252765.761075,75918.3362815,-122455.57419,50506.515356,-56702.9406813,-253890.604886,-143575.312024,-157314.530241
3464,-249469.60137,134369.175317,-101931.175698,299461.014144,-193665.49279,60785.4550655,-212864.099697,-54526.976503,-18193.827406,-349519.637594,112606.212847,-216348.215592
3465,-99273.0089944,163919.317896,-46261.996217,95235.4321127,-162400.058532,-110160.437083,-229513.538877,8267.70564479,85635.7185347,-259641.618961,28945.3284305,-9861.29903785
3466,-236219.938694,216653.557318,133314.739367,-99879.7182347,-120367.783209,-77976.3888102,-220632.07587,-21688.7095086,-30456.4960456,-357419.279041,-20685.566242,-205891.346738
3467,-37200.9465148,89365.1710432,166923.887967,207234.560937,-275221.695275,-115851.765516,-76833.9259287,-68403.0909174,64693.2642061,-244784.097867,76893.9285557,-329954.911908
3468,-174141.099304,34858.4684738,101374.64014,147886.681764,-216137.370749,-67706.2032867,-70144.4093866,-188075.374085,153128.853504,-227224.247936,-20938.7243491,-247181.866991
3469,7355.03961577,109864.074373,13050.8554519,124505.154538,9830.17439458,-101797.14189,-125827.99299,-138165.839971,97889.3016776,-129626.203113,-116197.486588,-188279.642785
3470,-89949.3646304,100495.126783,-23050.0165206,16774.8761059,137534.575254,-157068.977602,135607.072988,-128587.427112,-58416.5335461,35856.9255034,-108977.159606,15301.269399
3471,4799.05073161,-13034.7578773,274079.510434,-29867.3361922,48558.91855,-33412.0027328,-15676.187392,30077.9035178,-126950.124849,66935.9001332,13949.8725037,-99997.8774922
3472,35084.4928651,-85950.7345787,-72174.0458214,37337.5704449,28602.8239007,42355.5782004,-124585.301374,-18578.6912018,-276961.358462,6548.78132959,154905.438558,-224286.154401
3473,-163304.468112,56152.887842,42386.4659585,-156402.971404,197890.061875,-196444.46609,103864.87394,72947.9281503,64503.100031,61941.4555989,89944.8488835,-215505.521166
3474,-40814.6895074,14273.7177203,90186.9031206,75181.8695291,185148.241339,47883.1682186,-206153.964171,-64358.138833,-154275.985731,167647.060031,-75501.1522649,-28453.7612659
3475,-1662.57260575,54890.8687989,-53995.6399,89326.1865774,152325.764676,-90369.2147303,-126505.065656,-69505.3221128,-160457.004458,-18784.728961,-97084.4177782,-4396.26920466
3476,-248598.326008,-166666.864361,134239.985357,103272.137284,236753.320276,-14722.5276866,-267672.677764,49402.0226115,-99564.7744751,26114.1492303,-160100.206042,52620.3936912
3477,-230389.699208,-50270.30666,94697.3426687,97014.5351869,281534.211158,-37314.3072401,-93697.8614934,-84598.916271,-165215.935097,-59121.9845182,-155416.988139,-4748.06255705
3478,1818.85738888,-46905.7576055,359799.914981,80243.4549665,315728.422843,-128108.468502,-268018.570165,-237145.903798,-173794.531577,-7477.35789012,-60727.4528706,-93579.3017199
3479,7397.8741707,-203571.410062,260563.117749,341652.75699,295722.61875,-52840.7580275,-319608.779638,-146332.49908,-91693.9979251,164055.241948,-79489.2424284,-27210.5718589
3480,64152.9951047,-75968.1399198,319588.497637,277024.466177,324420.270177,-34324.8784783,-164489.703245,72994.2996022,-5491.89043133,187179.591665,-362746.011575,-3381.92126804
3481,76538.9602485,-53343.4030465,50233.8610595,60701.2880134,169980.231447,-25344.7944251,37958.7974807,-79880.2571532,-175245.066798,153106.93689,-312799.753293,-150757.947183
3482,19929.6041657,56538.4898655,139456.312256,71249.9291608,215913.017145,63364.8205665,163665.63827,-39842.4667343,-85476.3838156,29017.6650861,-239537.318502,-257245.004687
3483,196715.432911,101324.757505,-82091.8874209,4663.96151691,169039.122675,-22414.6132253,172061.484502,144216.59289,-90877.7379453,278415.196253,-295524.325059,-121334.820105
3484,272526.405131,43649.2502337,-84060.8862757,-113902.556445,96502.4027551,-93011.1592608,67096.3822187,35975.4158678,-48981.8617569,267265.347495,-321710.194634,-149716.32017
3485,113364.525371,79030.4276245,-260788.749024,-54262.3525073,-4477.10157773,-123573.917369,-23118.5203786,-323979.253987,42173.7155212,185451.234596,-59381.700383,-329045.116966
3486,199521.767344,-94629.5743929,-3986.46601196,5204.35417336,-16706.5819357,-146575.109837,39455.6342338,186609.148962,148605.86239,258058.142346,-143215.016583,-214102.375792
3487,138318.824233,-123019.643724,2650.43544253,-151295.011275,118600.720125,-196530.957691,232495.512313,242119.209028,90844.4902337,208811.422046,-90243.5088498,-326562.679764
3488,21199.3229605,18037.7364496,32006.4773839,-95315.7732838,-33948.7329849,-90362.8578412,155551.564451,94093.8043075,3584.7890887,16006.4645265,-130407.680946,-170895.433048
3489,-21855.161125,38243.6570576,66723.4594365,-144142.392511,-12925.675396,28150.3184313,181696.069339,130471.799499,15660.9310375,89443.8481074,155675.781452,-113210.858579
3490,13956.4398394,219726.829858,-76739.674742,-38905.6610516,77507.6979699,-109878.951905,68179.9565492,99493.552447,52001.2898229,206340.529945,-39323.6041534,37545.674612
3491,130583.341122,252962.741607,17801.53541,-194866.26892,-44302.6184497,-143933.260848,-86370.3076424,181324.839318,150558.267815,180689.833222,215960.195135,51826.2644852
3492,51673.6525145,117180.615904,147807.57074,14149.0475088,-7153.54508395,-219132.15311,-76386.9764922,234161.748056,284845.344631,105923.074584,94633.2835057,47508.9691224
3493,-60264.0692591,-69030.3425469,-88267.2753964,-65458.2397173,-27278.8009927,-167769.448332,-58717.4565743,137475.029042,321571.179841,144061.988407,270045.164722,115693.993869
3494,-81342.2083107,-31031.0435725,-184081.067404,-202485.538078,-46968.8604435,-2605.41428786,49429.2554202,165407.291287,291312.815647,29046.4013354,121554.284052,250248.199852
3495,10104.5096486,-30110.1481541,-131766.840228,-354641.27121,-137007.866103,176017.875067,-7149.07256671,271166.206396,209767.293848,41849.4052631,18419.6836985,155462.894568
3496,12064.9098158,121163.023378,-107614.003924,-376349.984002,-209938.955589,259330.533728,143149.394571,-49908.859418,188025.067992,-79324.2420887,-185100.322946,128313.237423
3497,20341.9482187,170430.079326,-45832.8483457,-244347.355812,-3235.46299654,58925.7775194,131842.31259,-7699.14094607,202159.422974,20556.8015299,-59283.2997062,37368.635915
3498,84413.1143906,70878.6759996,-149864.443865,-245464.121219,159807.946149,240867.209188,-56904.0528138,28827.278245,235070.83478,167552.272104,-228013.777703,12166.6097523
3499,194377.918867,241161.81248,-37205.1879962,-169647.489044,123676.22967,381568.767667,-108862.613995,18547.8532819,199814.435229,151962.522179,-94716.2398978,45865.4835919
3500,19837.9373089,217220.175046,-125277.507217,-81003.6101059,231010.429014,382229.197108,135143.174342,-64462.7981173,245615.432273,230410.616081,37435.4248608,-74309.2952685
3501,271342.089813,72563.5830228,-204116.286044,-2703.27566913,254810.283699,355412.510821,75817.0058452,-60298.7617818,251115.408988,143278.450909,-106148.785772,-175511.480883
3502,115441.378426,-29368.0374209,-19151.3594095,-98460.4305866,66305.8925187,382359.00325,-24498.3710458,-191634.476057,-67543.8733015,323483.520081,74355.8846943,24517.6418012
3503,152432.982526,89783.8465734,106719.48431,-41201.5969523,163050.923339,162991.431359,55262.8011823,-289155.740989,-156511.891389,185382.386016,73538.8742962,218080.210229
3504,122943.755407,-50343.5008625,166345.393186,-3522.12385102,6908.47977756,90248.8780166,217726.267931,-371541.513754,-20887.922413,147178.976405,-102850.228954,230798.087319
3505,121530.414004,-201780.330326,-27773.6859943,-163632.656604,-12415.4213207,90931.9384729,117550.873768,-455063.720931,-47597.382037,130702.504652,-103608.463392,302353.782094
3506,220182.520677,-395339.045101,-125167.78035,-200616.144305,97621.1473653,-105664.234539,100417.016159,-325670.791184,-18392.3775435,80313.552505,-80707.4746111,237532.854111
3507,173081.098762,-486861.561517,-50798.626232,-189208.28503,50546.9228184,-154231.836513,19791.1054888,-215757.388491,256467.007347,-87642.032327,-89639.1329585,106972.120759
3508,354722.701242,-284127.637069,3212.68864086,-42224.9369874,97244.1265124,-174434.659291,53676.4604613,-237955.033457,10864.9298765,-392.122810085,50656.8714649,139696.114968
3509,291836.105301,-143216.760746,-35814.7374381,-188395.215766,-5752.22215379,99562.5851239,139245.788382,-303887.57265,-49704.4668157,113857.559743,137241.242406,18196.3873548
3510,130620.534589,-107544.559682,-185554.216212,-137298.97979,-150882.562336,-109986.860437,100021.171478,-16315.4999989,-59348.9586518,-171394.397293,39820.4390709,147921.753166
3511,-19389.5710483,-145003.352756,-232391.474244,-162724.238366,-93864.8499344,-170386.155863,197743.280348,-115759.100584,39046.4951458,-342777.373726,280210.906372,182504.155525
3512,-14794.1796211,-213977.553484,-297898.417858,65988.977272,7098.25597925,-140337.381415,299274.870533,-44669.5500853,-42822.3072511,-436431.986281,133838.471253,154168.974937
3513,23202.2502636,-211480.102735,-385698.600633,350526.358495,-84018.7088331,-106935.921304,-19645.4791766,123975.790666,16946.9878876,-209705.918069,167101.734721,95887.7798782
3514,-249233.803763,19107.0320649,-449292.452593,390445.990071,-78318.1740961,64002.1395082,-56768.4111184,188704.819515,-133248.145471,-167353.965999,220531.73609,128239.178485
3515,-140175.575182,26114.1217663,-348050.249969,332545.271098,-58037.2089545,-127485.331076,54391.8025353,-25541.7860667,-103439.899149,-247841.531261,154723.630454,89576.4019283
3516,14414.170285,150634.867103,-143256.634629,229775.324454,-53161.432908,-133865.758785,-55304.0585297,201271.187117,-66903.393418,-182863.167796,261043.137857,139632.251162
3517,224843.696094,-26240.7380302,1957.28438416,131733.810741,-2241.23153053,-66621.8672751,60827.0746543,177318.7905,-100826.07236,-84099.2458376,219559.740402,31982.3467785
3518,197279.245208,-200047.251953,-59499.170075,36650.9472212,-71661.9478136,-163719.210681,-62677.4413077,131996.302346,-55762.0484076,55706.5345175,38052.6741062,124453.807123
3519,21376.1120213,-210405.963442,150734.38885,-39050.6826006,-184046.196448,56731.5530303,69334.684535,263723.176371,-198930.264184,11136.9362408,5067.73453879,98062.4368527
3520,161821.057728,-104820.979627,177497.244076,-45177.5848513,-150755.762474,43913.1673117,224443.228394,270899.11693,-100945.612492,40842.6892169,79664.8244145,205059.837895
3521,-109786.32304,-28202.8649793,148938.95258,199487.464498,-80855.0489705,136592.112423,223674.991234,118442.082971,-92012.3376495,-3387.90262485,66434.551343,110838.073808
3522,-125940.290952,51253.6016276,281345.545608,155972.233793,-186277.086773,-19223.8790242,250599.864561,141899.843606,-53913.6949448,35374.5196725,198276.922763,188993.613783
3523,-280767.988487,162912.509661,289159.733779,44176.3405248,-220376.236759,130638.600154,-272411.312835,20792.0221428,-258469.334548,74748.963105,188560.502278,197563.417239
3524,-279228.430406,197844.00082,213872.452463,73052.6058472,-320642.568796,48667.2125832,-278877.763176,112686.63215,30764.050251,92220.5014564,206215.051668,-8884.666224
3525,-377575.93901,230603.123852,120882.783742,-137357.010891,-374057.216628,-19298.0528639,-297909.349673,-115821.32356,-44558.3131043,-213196.22363,105010.632508,99449.473957
3526,-320418.430467,-60689.2430912,21081.0271447,87571.5579924,-426163.290328,-10720.3347025,-285148.263769,50478.8010377,-40988.1573054,-307315.519289,1034.75024506,-22419.0494137
3527,-231431.015331,99442.036631,-89169.1956193,154351.1275,-254742.827732,38571.7285254,-217911.0869,51877.4523995,-44883.9076319,-245399.224316,-207716.558758,-219401.372274
3528,-167665.783568,241760.438043,-94970.2467486,335754.818484,-157775.223454,-17388.1701953,-288140.982694,-6106.20860895,-52917.9997984,-335526.598712,83397.5024405,-169301.233511
3529,-184020.687184,145346.318609,1071.81772404,91002.7170238,-161724.556272,-12982.83633,-232641.15976,72833.9665427,-37190.7500113,-412799.319824,-18028.1958122,-29021.9554396
3530,-236179.093743,207324.634962,159560.706984,-24244.3898252,-171118.520844,-106134.841068,-156022.223557,27735.3982349,6406.03269314,-297880.270448,-42056.6239678,-279811.466978
3531,-46664.8469336,138735.473895,243044.716145,99555.9042473,-201768.185044,-111809.823422,-49959.7180935,-21549.4179237,24122.1638459,-258832.735592,-17296.8096502,-309131.984671
3532,-121628.381926,51788.7502446,-17930.7662516,114149.321316,-180258.866374,-68027.8688785,-203168.883692,-139075.021461,194915.908379,-191204.544655,-109278.394364,-345817.589677
3533,41775.2650983,87014.5314056,44797.5190934,234956.306294,55335.9638789,-110406.055199,-164584.18431,-176024.247819,68069.9535396,-33540.3725548,-110681.893174,-46647.2141003
3534,-25197.5910653,15594.2204861,-11132.0159333,82530.6464597,108569.019019,-139087.17104,122556.965723,-97482.3124457,-141828.876873,19729.2601022,-28535.1421749,-8346.14987387
3535,-5105.8749717,20396.9417514,212751.39123,-104249.976299,44444.1682507,-78058.5936726,-20887.259892,-4152.25422812,-96293.9849145,88738.619324,77951.2542668,-195443.61976
3536,-39783.0816095,-127065.963367,-54487.4383676,-45389.8343575,39574.4862306,114527.780834,-186271.592344,78472.1986541,-298926.003979,58692.8943252,78764.5399619,-240997.423972
3537,-155602.250169,-5041.89764831,28709.947648,-147874.711993,204193.921286,-169981.879856,84388.5758168,32350.420826,-30601.0843071,56280.1631452,-31091.850965,-177969.560605
3538,44835.1680056,-77479.7380051,149694.2323,70350.876858,153734.62332,7772.63658064,-67806.7347186,-34493.1772494,-114360.06077,188435.01748,-108196.251429,-207441.924665
3539,6015.39407369,44741.9806344,-90598.4942072,47192.3540797,157474.646305,-71042.8493734,-192548.702141,-133448.309009,-169068.382725,33253.8233778,-200023.220767,19110.2577651
3540,-219214.539654,-92176.7250474,146463.151554,55745.1053235,263383.695584,5392.07066249,-152695.377318,31676.6796521,-27685.4213987,24237.860771,-145536.907143,-19220.2155119
3541,-151632.090172,-47706.4941306,120107.503528,112017.081982,260938.945276,10378.1879068,-78404.4762622,-131394.049662,-239287.879831,-84788.204011,-211334.644681,-43999.7568025
3542,-56169.5131499,-22352.2396962,316189.076218,128269.801908,320443.833913,-116201.42843,-245046.053646,-255546.989644,-220544.773733,-56639.633863,-49832.3997828,-8603.02433335
3543,28124.2631099,-203372.163928,271443.190283,231977.508297,291305.592006,1586.10651218,-416523.103611,-97849.5921634,-93737.6099314,131838.633746,-71520.3265425,-32778.1219285
3544,8052.57885098,-75555.7498594,299053.797681,219501.68273,270572.010964,-87974.5905493,-187890.943896,41825.4208631,-49712.2059767,100405.753489,-407875.626528,-91530.6343075
3545,52015.4255002,-42312.9533895,39505.1203478,66470.8154146,175487.174524,-30341.0740459,-59199.5581781,-160121.631367,-138356.411881,66323.1646158,-383939.170825,-133453.060588
3546,117440.021158,86529.2610776,85025.4268658,158178.175802,158259.55319,-11956.7306827,137089.647652,788.627469139,-101272.968342,51362.5260602,-278859.586555,-212338.488852
3547,208356.148027,15807.1600834,-92311.9923923,72365.1068893,191431.518709,-39590.8857788,170387.287766,155913.579671,-78224.4678903,311530.23588,-319959.291835,-106582.793792
3548,207082.938418,-35242.1886035,-79923.200547,-164779.611033,-3173.05995982,16869.2922303,-19466.0472515,-44170.994842,-54469.4563773,221197.745948,-343331.685626,-156679.566096
3549,325.683219193,17429.9906389,-150101.294073,-46110.0937509,-9157.92635288,-111217.119582,24763.8948095,-152146.088568,69976.5878706,139713.406102,-132018.329388,-262888.773316
3550,74873.6403404,-97459.614945,-41122.3450271,-30231.8481201,-91380.8774912,-187803.214734,108446.466648,230839.385715,189327.392993,231229.185638,-48470.4986085,-261668.36401
3551,217864.372019,-116914.658537,-60313.8350057,-32116.6522691,90775.3147838,-239422.374594,29415.1775351,266113.110845,74756.7993341,158931.208197,-95239.4790472,-281514.092934
3552,-20267.5855377,29759.3259253,20264.1843316,-125451.892261,38793.1509981,-82834.8375688,281133.662138,256641.436681,25946.531457,-5269.01242286,-114838.780604,-114271.034799
3553,-7928.73653835,105585.265755,65590.6558887,-137408.520788,78179.6646216,32850.3453098,206650.485013,82317.0127297,-3221.89534045,94278.96028,111288.776942,-119081.776963
3554,-49319.7770507,255486.128463,-117263.249002,18167.1265229,122795.729399,-101741.772022,91253.0327294,120640.345351,78925.7510196,194200.245322,-16144.9870859,174601.349049
3555,-7313.83012866,147983.698776,82942.0285317,-159768.966345,-56191.674812,-164163.996525,-102069.637983,145538.889009,303213.189848,235498.719568,260594.173044,-56249.4734081
3556,88519.4369222,34565.8878479,84614.4408213,52435.9112314,-50514.9111272,-198514.006027,-67947.2140612,173127.617339,341914.065795,109124.297539,92745.2505732,139838.603372
3557,-71259.0510484,-182565.407399,-135668.219157,-109873.719199,-14066.5648758,-52288.525624,-99578.9484276,171125.897784,331173.38199,120866.687836,171251.048637,186606.670015
3558,-37858.4491035,15883.0840132,-122494.539277,-233760.598892,-87001.7710497,72256.7066142,-35279.9758484,238150.007225,295715.954457,19331.248367,107151.093431,242815.121227
3559,-17150.4836826,-135978.469438,-158523.444697,-328640.704413,-112086.208332,129658.620143,60114.046175,183832.783554,120350.180693,-28552.8520951,-26002.4098206,185680.500089
3560,6944.93462476,80569.2884836,-176833.19038,-343544.644728,-127422.28067,362665.12199,95692.710286,38846.3781704,125034.421387,5999.84443146,-139311.318843,246545.731689
3561,-6267.99577028,138079.618561,31268.5988066,-253590.746321,36053.3053847,-1989.31933528,175758.607282,88039.8149383,145796.976851,23322.5601952,-107766.539508,96606.7622576
3562,96168.2281416,59878.8907655,-229136.532071,-259848.426671,67750.9908334,269058.317717,86760.9200672,150582.879333,258467.831488,74450.3869358,-124306.813305,7742.5154804
3563,163529.450854,276688.392928,-93821.3836824,-263304.106947,113400.110564,378306.43499,-93501.9571636,62826.699079,164826.926906,153094.06332,-67390.5443008,-31066.042614
3564,86214.2549352,196105.743217,-148882.549196,-130499.313334,226054.042584,424632.693477,149986.978393,-99845.6038438,263588.167722,272859.756296,-42325.4886973,-125802.349898
3565,186069.1778,164378.150952,-165282.625977,-55895.612034,236681.128587,254325.447067,160670.281591,-126909.880214,275016.386161,87150.5762772,31796.0709834,-125153.352421
3566,50695.7671549,34848.2427099,92527.6093466,-71501.0982256,54657.885151,359266.332116,141396.675694,-112406.44421,-104921.022771,280483.939289,104292.387928,62593.1825531
3567,137625.946008,10988.3177009,61257.4915574,-39176.6187062,89071.4674281,186383.161918,90626.0968592,-286126.689294,-84726.2739506,168426.595114,110892.01972,215741.927889
3568,140151.204417,-122075.729956,142222.521777,-15637.1304107,-31175.9093277,108726.336116,212188.392506,-403750.609769,-8710.48157614,190303.218143,-106922.116333,201638.308828
3569,79766.4513469,-177310.699884,29711.2205601,-130074.542382,-40551.9395567,45843.0749668,61745.6887904,-434166.149461,-92526.4243695,104551.582253,-164475.173572,95817.7214189
3570,317968.90257,-396599.084298,-103488.252297,-179352.576223,50293.8911553,-138292.562942,73373.1625425,-324718.258018,-33314.3048057,116738.170986,-127495.203464,275775.506375
3571,285414.677453,-477660.85044,-26233.6467897,-124870.81018,-56593.7193617,-174068.050037,-105270.413518,-164684.889692,161188.217726,-107166.262197,54119.5836955,161229.430579
3572,316216.64552,-312912.95862,15232.365927,-110518.324683,37874.1981546,-44046.1385553,143104.805326,-172024.584523,-100212.150584,19530.0536704,147819.726684,128921.882434
3573,284419.371977,-176948.713301,-121105.282854,-249100.204658,-70890.0502111,54784.0074457,185999.114735,-232801.622762,-115026.324273,77380.7339352,145461.721421,13549.0569065
3574,181519.769319,-190582.644842,-188512.358775,-103670.490865,-110552.299979,-108287.912414,221450.263172,-3935.8680723,-40988.1273322,-228693.618924,126887.244056,86573.1559753
3575,43630.3789045,-203798.871417,-182593.828825,-82432.3044062,-50742.6310954,-142392.896313,144841.770171,-82848.2021985,90708.3995425,-331113.076709,159612.230724,227583.220543
3576,-107448.866299,-199633.935128,-340098.07861,91186.5608734,214.049610483,-136797.576655,327865.382025,-60436.0912815,-101684.140038,-361854.914328,157618.053162,144278.366186
3577,-8558.73036868,-160981.424245,-332765.92214,285302.838481,-71059.5706725,-51362.176853,-35810.4069924,127626.826713,10229.9066516,-195538.108818,115939.991709,25624.1580892
3578,-175398.170356,-18596.8312331,-392850.665592,340130.658874,-127099.05063,60526.3383647,-105309.875476,120137.304896,-106763.919598,-144213.137693,205198.230987,228947.450953
3579,-232711.604272,134708.859577,-264192.257837,326882.041033,-77978.0007156,-114534.516326,24827.6374534,64018.8873977,-146448.96054,-270250.105301,117485.857641,126475.867079
3580,144756.90016,42741.7342218,-140536.52218,119024.822044,-87868.6533092,-168136.687725,37671.5886852,114476.655422,10047.2690165,-254196.464186,307294.575485,185863.18278
3581,187817.245046,-4840.48987715,-112941.311642,190912.740109,-74864.3007263,-151524.815082,-11714.5135714,170405.695903,-75932.4580866,-98791.9648762,205662.517323,172639.68428
3582,138462.995579,-203813.53103,-64116.5655826,-17112.6935517,-52094.9886562,-204282.590036,-10018.7707738,159212.107158,-45531.3919134,65381.3040699,65647.3921674,76768.7317364
3583,15738.3595678,-268969.085744,159353.833085,-85861.2170933,-167263.233967,71410.7587894,149779.519645,223808.169884,-124077.219549,9638.40278778,-29270.6632923,244786.658186
3584,63030.2459499,-116690.071004,134305.95547,-105504.375688,-177707.854417,-5077.76748779,247107.825943,344314.663722,-166109.131766,66721.0421867,198871.10504,238774.840658
3585,-116651.140417,-46141.4958053,182232.057246,176494.798202,-64329.9437622,136799.024259,251624.424046,93917.4157268,-195198.641252,-19730.9413877,197030.001771,192795.325447
3586,-203759.260161,142621.328859,224537.381675,126191.793637,-155533.661979,42005.4696456,289474.251113,112518.352683,-68419.6297807,17062.0839942,172119.956922,204089.289813
3587,-374290.68096,204921.101411,179897.486656,-55708.867146,-173338.437546,67337.5726889,-205089.553247,62706.0031217,-260781.777406,16477.0755188,181752.582169,210494.549944
3588,-324029.188393,180355.457285,221370.629724,-70266.2358417,-335528.349686,48524.0912395,-138685.474867,-9503.19385279,-15305.0000364,-9168.84999903,239040.2118,19189.1309602
3589,-316521.30942,260770.902099,80985.8629448,-80249.9836952,-370902.503659,60391.0178274,-142397.010622,-108893.663838,-68723.7055318,-267529.64415,35606.3459486,52652.513322
3590,-359113.482279,-89608.6073016,-1288.08919081,60788.882894,-399384.828645,33182.273501,-267407.125106,164292.73622,74149.0611575,-226766.324742,17849.2744535,-85875.1291376
3591,-178755.855884,48043.2732748,-206529.006477,183623.866555,-216782.722332,40429.9021304,-138401.132892,106875.863191,-39382.4643795,-182327.87719,-141176.90953,-257571.841582
3592,-196047.196505,209571.304909,24519.2972756,166603.519937,-175241.642795,97084.2479043,-180774.52923,-11789.3620488,-17930.680769,-272393.287035,45913.5589666,-162341.127153
3593,-226878.262216,109211.314627,55602.3084775,31892.44007,-145803.457651,-12496.0905557,-262166.811988,89756.1724111,-2173.313156,-366226.277277,12074.3713602,-125919.670152
3594,-211628.645642,227260.296657,227388.121846,-38656.1020294,-181822.922892,-67741.8088773,-73468.1529255,13775.3675068,102333.031472,-255866.276524,-119567.565038,-194844.857227
3595,-157512.554034,165840.743828,192908.124301,163485.493083,-180468.337997,-54888.1453642,-21496.3802421,-108035.748727,3288.32517445,-125726.896157,-14126.6971581,-292278.804109
3596,-147845.210317,86567.4995594,48733.8660896,256213.978202,-155356.171446,-53845.4644806,-267289.789518,-197418.211291,79452.8028445,-151733.373582,-85101.2508552,-401604.191347
3597,52627.8828312,52600.7031882,61807.5240639,229597.874609,41627.9943316,-123701.206904,-159073.839337,-211982.020545,-127571.475745,-20722.1571132,-146738.154479,-104305.65768
3598,-70286.5058798,58251.9266152,69690.9174537,39387.6224046,35896.7289317,-136353.231767,14769.6730713,-60358.74313,-48819.4667312,126399.979729,15003.0423552,65701.7013018
3599,-8356.90799492,141272.868867,196510.512524,-61967.4529701,27334.6453781,11784.2846848,-23390.4372234,-66422.8273038,6456.63916521,-22801.6785205,104169.516017,-212193.046464
3600,-61968.9518646,-69563.5046627,-105514.448678,13490.5103451,108692.235344,37080.0305969,-138794.097896,70010.2263095,-260070.612582,128120.342615,145257.171398,-214490.647337
