time,fy_node_1,fy_node_23,fy_node_43,fy_node_61,fy_node_132,fy_node_114,fy_node_94,fy_node_72
0,-247923.645911,-57529.8653826,-395646.780252,-239029.798321,465582.465982,-32021.7921674,-237033.919584,-504654.616566
1,-464686.858625,-60107.7896892,-207208.820849,-263334.41665,278754.412564,22341.0943449,-317490.17049,-527275.192013
2,-283215.413912,-171740.175735,21975.8859648,-159822.162951,58504.3559338,-65577.7734345,-310565.398961,-389710.252378
3,-370480.495482,-92448.4382152,65867.5193031,-39180.4575672,-115633.52224,-103348.488638,-213739.29939,-246024.157686
4,-415369.81406,-161547.877538,185573.301199,-156049.180687,-47818.5732326,-187105.570896,-145740.817361,-532949.498267
5,-314835.404362,-343260.392356,178141.826202,-355742.211787,208246.368221,-113134.42703,-202749.190159,-602222.356715
6,-454250.689199,-117308.355833,229855.578851,-358969.31905,109518.163758,-219108.702226,-132372.573231,-680888.804758
7,-305620.082437,-149739.222068,-5868.00869837,-252679.934038,77763.440121,-112318.553094,-65744.3489974,-440747.652891
8,-167730.070246,-117287.233145,3381.08728328,-79091.2622727,-10626.5884254,-266355.792263,-119300.305868,-536130.130895
9,-244318.408179,-296746.031396,99845.6708545,-101065.198902,-113280.275385,-302556.548838,-214942.970855,-510822.520106
10,-286095.454575,-223262.197855,-12493.9450238,28938.3591871,-64460.3774429,-284191.960014,-344535.143914,-354426.958767
11,-471935.398878,-63661.6362765,-349905.308538,10541.8819831,-190927.480699,-238645.020246,-291021.46488,-314023.379475
12,-333026.207241,-160283.582646,-319206.718898,9644.67312636,-122771.103829,-109690.866406,-151082.106684,-120262.058797
13,2778.40287754,-290959.080559,-6546.93878337,26630.0729677,-134812.369934,-185194.557044,-98330.3385622,-191969.729927
14,-22065.7438489,-172700.367903,-106897.078553,24506.891644,-357046.400363,-213346.261386,-129149.992181,-278222.602641
15,76016.4724406,-14586.4672971,-146976.973739,-99959.9787178,-155670.510557,-197082.454821,-60225.87166,-217974.142106
16,43904.2035565,-10919.3669414,-87589.2424967,1222.50967524,-185895.396631,-177492.225793,37161.9012631,-113900.413578
17,40811.5823783,100336.912476,-69090.6008775,24153.3095123,-182758.020892,-145510.310511,-63520.1613072,-177538.485866
18,-131384.27644,233998.422588,-103033.784208,80220.0239311,-212744.522905,171681.182255,-27594.8850222,-169581.928734
19,-122000.071569,122315.49488,-225320.250493,145668.18769,-96975.215937,252260.405764,-21221.9085107,-119009.79664
20,-76117.3898464,76470.0700657,138349.027153,318714.993086,23835.2442198,332534.022985,-385614.174302,-131977.429184
21,-149497.460417,4179.78593349,202376.518106,328965.054784,-159368.56719,142611.122642,-491015.331026,275453.532028
22,-133505.432754,183556.356911,216748.511246,314127.116273,-93273.9573303,71724.7368304,-438651.107935,347209.443569
23,-214388.028677,239088.025675,-63450.9683937,249009.763232,-133402.489994,-80230.7073835,-424497.493966,597446.298831
24,-440066.17008,52870.0378389,-18537.4717916,300732.233946,-48668.5925557,-105098.48722,-401552.405151,382906.687664
25,-501887.530122,34249.4658626,264732.377982,54257.7518967,7113.7544083,62428.5941766,-228209.862601,190141.30804
26,-366551.2786,61007.7467975,29099.2212828,117791.847505,-20432.4058465,228264.944232,-187093.401687,-140510.77231
27,-291414.991074,-273138.494651,224861.991743,169103.853886,-258829.915078,240860.934831,-301669.841053,-206737.288494
28,-289172.908321,-92341.4211932,143009.929688,234154.793449,-168618.467197,31429.5490794,-372868.064315,-79382.3053364
29,-100383.289893,-16961.2774392,109242.611325,191290.988041,-262619.925019,66052.0975962,-396546.043473,-66119.3757286
30,13948.1354088,-79038.8217801,97797.9974034,258690.793998,-358412.177335,-93488.7188016,-426496.477884,24466.2946397
31,-74589.3184928,126816.65842,-159900.521195,69685.6825514,-276994.459702,-213995.216178,-295513.89678,92192.2532378
32,56990.2365324,-56040.6117188,58582.6733569,-9059.03632202,-122428.647287,-125859.511156,-458736.230398,-115065.594589
33,84866.4744859,20640.5356807,35398.6484274,205976.856278,-215565.603331,-181223.597854,-464882.874698,96902.1101207
34,55308.4331828,-70367.8369628,-143116.889724,110004.999561,-158442.712489,-129845.363954,-149172.50648,-58932.8534576
35,123936.647696,-144780.970806,-439467.797843,95530.4351102,-68141.3131326,-34783.8993148,-160956.469713,-113827.996646
36,2047.86074662,-195089.30814,-344678.991665,125267.591721,-172150.28876,-83159.1172127,-309185.137582,-495.284528294
37,85709.5707354,-218330.384339,-595893.577554,361203.685801,-80247.5014835,-28137.237384,-455570.60881,-28474.4528278
38,141385.137522,75652.6428714,-460471.837488,280459.360771,-113142.763786,75045.1094258,-462490.865996,75681.850056
39,183196.27724,147017.776835,-255059.422886,147643.526108,83757.8747093,303801.494897,-278529.543721,81081.2544624
40,117767.203074,229029.271414,-137890.369675,70233.4087397,109709.875903,261355.664185,-217080.029825,91469.997899
41,269195.16511,98328.1164635,-189910.697378,141061.765084,-23651.1723943,281300.66671,-285339.216947,200200.973918
42,182850.440766,18049.5092792,-228995.143832,158713.876072,20097.3740295,339166.891357,-288285.567713,182791.786613
43,180169.518609,-46133.3667203,-174841.857923,213047.838493,-935.354098745,257384.133539,-237132.135209,66991.7912176
44,-1134.10016403,-116669.800682,-255077.805013,407805.99422,-61502.3247852,-125363.511144,-196925.910867,369054.035432
45,-83383.4720016,-76635.7530558,-345543.231,357776.229455,-169621.920823,-304925.341637,-165445.509764,458738.445964
46,-103261.659517,-33334.8133241,-216233.216265,122782.882949,27674.7967323,-50156.5381923,-18600.0349648,428047.46507
47,-3033.45989191,103813.841638,-272403.209732,-633.807505711,58203.7001078,-66753.6650898,61437.5664107,312814.607165
48,201628.933138,185593.217327,-384073.187164,-39465.3230384,-20302.4382903,-251839.031565,35901.3771683,353067.206847
49,204417.340519,90838.6577329,-329378.078281,14515.0397535,-122814.033497,-136934.113529,-39744.8704398,244541.300246
50,173813.313399,-27347.075749,-239984.175802,50202.7612388,-33762.6293414,-166582.257106,78980.0065333,286178.111875
51,243227.276813,-202892.994227,-391448.243607,-59064.1647634,-145134.355291,-358065.290845,220075.9622,372572.868415
52,287679.773543,-267720.038642,-491878.420399,-163247.981596,-224335.590526,-422688.388084,373602.391542,277751.606356
53,3030.28058735,-280944.635698,-446238.456333,-300589.097649,-207175.122783,-395562.848707,510130.025899,124907.438198
54,68923.7831126,-350958.733468,-550743.745305,-336362.170852,-380431.974613,-297069.33395,388692.2812,47267.009437
55,-247890.747596,-123511.888864,-507031.869458,-123093.60918,-583942.603604,-166233.996495,284169.955105,-172445.845794
56,-199494.004573,-162742.271823,-317176.480232,-120088.215613,-691805.724058,-108205.286879,124958.4679,-427412.785774
57,-88347.6717093,99579.5125042,-344155.841208,-65619.4047346,-509164.840888,-78714.8231969,151220.201205,-523688.867568
58,-239029.894137,-82543.6023026,-525317.276373,-32178.8732548,-326469.866746,-32205.6017167,-631.890944978,-458401.829506
59,-132007.174507,169381.333993,-659509.990081,-112215.968638,-239431.635145,95455.2006421,11621.6606631,-292012.984491
60,48717.7255186,375238.700365,-724430.526089,-206786.80074,85869.382904,101074.765131,134622.141632,-328491.895821
61,165934.476012,99404.130708,-618348.062706,-203963.372017,124826.678997,-14058.2683463,240257.605107,-283766.589541
62,274124.336741,17698.6867151,-465740.567407,-236723.053568,107011.27725,-140554.984432,263657.914488,-107827.657661
63,325803.939867,-226749.590071,-389477.916764,-450193.251558,156182.055694,89856.548119,188845.820023,21535.2877444
64,302182.320519,-113665.999834,-374006.376581,-548790.622174,67791.8502275,23755.7996384,177026.209543,-38381.0323696
65,214542.848337,24259.7088672,-425556.445846,-532588.174928,9157.82719876,139284.729697,-13283.8381109,-33021.3167793
66,143015.343185,-24616.2812137,-434454.824499,-444370.777962,46233.3833549,191208.566609,-32573.8324063,-95524.5982849
67,377215.930775,-259751.248601,-242195.113966,-435589.76236,222898.299922,118116.38567,39078.55943,-352666.656044
68,284983.530366,-64426.7898403,-242052.554644,-236722.890799,295895.414475,102602.366728,138647.611461,-442288.304608
69,60867.3964969,204300.910288,-2353.20263105,-329144.36283,260026.355725,239963.837797,285945.965055,-300971.180295
70,-120168.322621,90995.9343232,-26487.3705047,-454398.1245,144225.626452,144212.540492,148962.655894,-506735.233369
71,42216.1181603,120061.4128,-22567.6254584,-346547.57447,131793.8476,166788.165826,186221.909286,-546630.975375
72,39597.2782532,399405.756666,9556.76468918,-466882.982603,73610.15954,342055.741415,130098.877592,-241077.755711
73,19793.1240124,212269.258134,78647.3882611,-564002.465098,241063.716705,257510.085463,160820.477091,-88477.9130628
74,51404.0158016,296491.100639,-59103.6952827,-666614.196208,76695.3578319,26991.7858848,89621.3962086,-8631.19861679
75,132575.769185,303923.091035,1591.92146895,-563963.195973,61302.786349,-88166.6680358,68302.8687523,106449.548646
76,258126.924518,216780.094004,126767.020611,-414956.510029,-187493.460122,-185851.004236,-112806.415699,124092.49973
77,329947.278018,440257.071795,91834.8520298,-508297.04574,-25322.062671,-257285.935944,-232316.995279,192055.458578
78,14144.8905553,673203.47,-36441.9074869,-402997.918671,-99453.4338432,-179946.330166,-196340.686853,112017.696215
79,68662.0574535,261309.41768,144411.414432,-301231.980089,-80725.6948926,-183279.458383,-101521.118051,283177.931428
80,193981.145395,383515.265091,29054.8885265,-65162.92991,-107584.711603,-143663.540058,59967.3619655,300078.472233
81,146847.143694,314280.077721,314578.652973,34359.7545586,-172139.523845,-384060.409553,59382.0090494,254144.575733
82,36950.896582,162815.712365,275821.893063,-6323.37419386,-201326.147009,-206586.204564,3879.9789927,89921.347786
83,-111842.362188,341392.855361,188525.072027,-117252.745299,-25600.592342,-363875.412544,194687.220667,108229.861889
84,57115.5003922,184009.174244,105300.390203,-252670.237832,-142188.406696,-365256.93099,196080.287121,-147446.225042
85,148232.629045,220884.039516,271740.2834,-261953.256584,-269075.931442,-598337.614743,116648.969964,-300739.866144
86,161793.707192,453017.760892,152559.59251,-374006.957131,-150192.78091,-409915.990165,139322.046626,-373205.266364
87,205891.346084,483618.685931,41911.6281902,-295227.205404,11501.0801045,-145478.564869,181733.017877,-217350.251258
88,182151.441556,222652.245509,172449.743319,-31905.6021435,141054.197055,-98453.8048708,146654.24478,-208553.368913
89,176177.221741,249242.099333,185135.836333,-57790.2498547,287329.74264,12995.1099835,170389.059328,-302746.845998
90,204438.354739,202483.86289,36643.5439092,-33708.3495687,559431.997104,-189134.796926,220539.200212,-259090.702321
91,433725.395187,-24198.2715906,-55338.7945099,5846.76868371,217634.650127,-308902.831003,358846.108412,-299659.849474
92,326539.890154,14242.1040383,-324727.319788,189989.459861,104111.664559,-181528.698573,363183.251887,-218960.525548
93,16111.613819,-84599.3433549,-311951.328834,80650.3018651,64590.867211,-135243.027547,375419.243786,-199901.085179
94,-38269.2278125,41251.7188587,-203502.04938,-119059.063459,18887.5959135,-210522.721454,491580.454685,-28820.6574613
95,95699.4140675,7289.8913347,-246734.428543,-203015.207585,-271135.994794,-207030.257257,340309.501984,33548.0238303
96,259693.525106,188979.872372,-215582.072894,39551.1558531,-275450.145435,-318997.454937,441276.873174,212022.234366
97,214338.907573,257635.95004,-217551.408886,166581.027116,-172826.664631,-55773.3251635,607300.677001,217640.006674
98,181380.922611,-86378.6998425,-321114.326752,170175.366438,-111524.19846,105588.298591,396591.568262,255775.738515
99,275524.298152,-96019.8561874,-108961.696969,292993.316208,9558.42881503,33613.4774887,401280.741791,319107.271168
100,216762.800595,-80374.9506965,-38321.1521448,330181.407207,120504.930716,8870.0764031,497670.319136,181722.410829
101,111788.906442,-200719.998595,1099.62485354,260717.127258,63453.306236,-72995.1029741,385357.919857,224400.863837
102,208454.357267,-215612.857645,99743.3220236,143329.542212,149058.998935,-96408.2974686,242461.287949,409877.414635
103,209222.100521,-224340.567835,303906.819593,72655.9074308,320472.537201,80835.8367507,417676.167268,324019.30563
104,-61921.4466347,15716.1898414,360730.78174,-95068.9700233,270157.558278,22608.6252805,521593.508561,378634.031716
105,-49920.6271239,126418.952288,286412.486808,67376.7591493,76033.96653,89598.357621,401330.727627,560765.562392
106,9728.10835639,-35272.2329734,180887.087897,-87729.5088024,48989.4439521,114870.407227,383161.805217,363374.401855
107,-64561.2394402,56651.8126585,249857.746819,-150306.428728,115998.989113,-899.423915446,422032.072162,54951.2443808
108,82520.7096808,157170.159646,173353.539077,60979.2401323,94278.5530444,11826.0847426,390013.740555,122020.417897
109,196647.008714,47888.8830017,279145.087614,-76172.8148467,35771.7923848,39050.7774771,98145.8338358,255670.481992
110,237257.17686,-80936.6516278,159178.555146,-107434.956619,58983.9087146,221633.29577,259708.706113,165046.622877
111,344811.688447,-25280.9555502,48628.9515732,-55537.9412994,114584.733064,329623.827493,354650.669045,-9907.02613258
112,381251.029818,-51107.7893907,12421.7405113,-100674.401735,28390.2554977,374781.681813,135405.832898,-31839.1164249
113,188326.549163,-102892.506617,55697.2051467,-122285.533256,-230686.567894,328588.276884,331078.931008,-74028.5531329
114,185265.589035,-7180.00830073,-44687.410373,-60764.1451017,-98490.4380853,597778.208356,346712.523582,-1498.63571621
115,326636.061668,164891.294072,-93850.9468615,-45211.7600321,112761.780277,499228.915405,263297.165902,44918.185963
116,402228.431558,159855.489942,-141711.305398,-63968.1225331,52435.5105785,476690.053063,213052.97972,38908.9606561
117,286377.737341,488312.367278,-22053.7431168,-262889.587186,134115.823327,594146.405064,113968.237907,-115691.631638
118,141097.155047,439810.853016,4081.48855448,-157477.602733,101984.762228,504228.609645,142499.504318,-133602.431568
119,342793.841632,398974.124888,-118659.038665,-226838.019354,-137925.425257,415441.921625,178511.207803,-196577.096976
120,230031.80058,273986.540989,-216744.370706,-104279.022794,-78045.3005863,251840.906805,91180.0021494,-243032.095911
121,124768.788585,-72966.4657038,-235833.2699,-195827.467251,151950.099727,4013.09554548,81618.0946146,-237863.155873
122,88337.6323956,-172223.089096,-199097.927751,-79405.7274206,76899.5540902,59569.7034118,5435.33907859,-308754.395528
123,-27587.7042176,-143278.597551,-21417.8801231,-32227.7250208,132670.037223,99413.0296633,-102505.018798,-176984.888205
124,220601.672836,-312387.666892,154583.046841,-91613.020454,11357.8679869,80592.9166828,-185292.065254,-355361.144946
125,297958.304922,-39511.3734061,171749.096723,-252388.008259,-106044.684701,37027.2955829,-59005.8768119,-121963.221082
126,122639.30464,169855.928169,295380.54456,-199042.001424,7813.75149361,-88862.3044055,50189.0698471,-334011.484903
127,-43827.4543728,105345.143709,309823.644955,80200.6138407,-141126.554339,-154439.055012,-143495.605215,-417807.045219
128,48425.7005964,98607.5455742,457031.261949,12937.1167805,-328458.083019,-58605.2405701,-227767.29482,-567705.693153
129,213.440289294,-116256.5544,640115.475372,-34576.5148149,-146975.788419,-31931.596726,-258201.213844,-574755.582623
130,16.1860034436,-68318.5529174,559607.220155,60596.1877551,-152130.659183,11027.5688427,-127760.144772,-501734.332285
131,-166919.466675,-265714.480552,492208.836275,409229.101517,-155682.54054,-64952.1900937,-177273.382085,-603409.403931
132,-269041.950409,-239330.140861,312560.099535,423031.719722,-202353.123784,-213213.827919,-313812.412358,-496742.802303
133,-169629.614183,-284904.248077,111206.317975,561687.277912,46761.6122303,-23152.2663798,-238351.083184,-444800.205492
134,-444782.486774,-328437.074955,178437.905989,673178.657029,-166411.266537,86068.4269719,-279936.768871,-494158.723367
135,-377485.018728,-306589.403919,184610.96659,586383.130046,-59120.6586791,329576.032097,-26689.1845198,-400296.600652
136,-277327.131335,-258487.215814,231138.436071,309334.858137,-82916.7631646,290309.735775,-190651.672299,-382073.720908
137,-32516.0169824,-303012.602203,369416.283848,101870.725317,23116.9797487,281094.654586,-120051.185304,-393362.928047
138,-257791.323027,-251705.754387,323469.613729,-106032.186054,-28127.8531188,229122.250172,-59225.7336481,-351360.457365
139,-424948.945348,73210.2657417,152409.153652,-252660.779473,107422.377102,222736.847977,-58300.5732715,-495623.121101
140,-313287.653549,-126985.289182,236627.77412,-189819.128236,-176096.94348,289311.276214,-97455.0371485,-352500.864003
141,-267153.307208,-118474.843243,298597.925801,-16624.0236779,-83796.6213435,288031.929846,-196995.693039,-133567.189301
142,-157421.724566,-6058.22627016,244562.705789,26141.5963658,135737.236608,289208.81591,100009.190271,-88050.5835505
143,-326155.479446,-74255.0551425,255740.313555,202875.929569,-20476.668301,387570.357401,-42525.5714197,-38219.7188691
144,-385891.866714,-217866.679211,284239.197816,218152.866253,39084.2760472,419518.093071,35260.2035835,-8227.16940552
145,-348969.375765,-123217.594987,291842.934554,-10726.5159547,-78366.8708511,423558.033088,50564.6255554,147060.950267
146,-232000.216101,36173.5642531,368622.184171,18486.2261171,24922.2571021,395318.584336,263949.53763,336153.42029
147,-170215.846468,37745.0570515,553774.518064,181181.765883,94741.3373466,220348.00252,131233.404756,304539.139431
148,-180430.967615,-140111.705504,534712.20084,233194.97098,-61240.3840462,31307.1096503,18572.3034975,241858.194744
149,-35889.7559602,-28205.3229161,352918.220026,166092.085381,-84502.8736337,46037.2879612,62601.1838547,164935.475445
150,-114799.844502,-49879.0389883,280789.715061,-9848.73160584,-168330.780503,-97091.7023574,-44923.6621067,154699.786432
151,5911.67606651,316.936815171,15108.6096823,72116.2106793,-126697.654428,-130719.758886,-265799.736104,260148.975838
152,-88536.965172,-5631.71446076,104384.414919,37756.3490077,-131158.589475,-118343.224143,-164084.202199,53720.6657297
153,-91914.7276752,-121851.814988,70562.5823898,24445.8084837,-214252.11278,-224758.474178,-54484.8319704,-124456.268267
154,159703.807094,-6676.54327038,3999.04428404,72371.2659419,-319858.549756,-148389.900033,-138722.048562,-174973.571843
155,-102966.673131,-151189.870431,24723.069335,-61203.9737991,-95711.744906,-204331.677026,-336502.076796,-174074.166989
156,-125490.704615,-42343.3643565,16896.7767625,56819.3078304,-29618.459743,-170430.679437,-397361.396346,-66038.6247989
157,79546.1873833,125068.399687,-61596.9833364,-198078.411104,-1870.92954403,-322238.616483,-430742.205898,-4568.19104185
158,143318.21782,-67464.3015812,-183549.122603,-156439.672728,-154364.320415,-271486.027748,-480943.056157,71453.8656136
159,25843.1493208,-322121.900224,-226883.658088,48055.7915553,-363135.9767,-83857.228627,-354659.946129,-87180.1833012
160,78537.2643649,-190321.588803,-60335.379454,183197.303119,-308441.208626,-297385.068307,-221015.250074,-85139.4430285
161,58284.8098052,-236186.463972,142130.094374,233691.898816,-200590.684694,-332387.297771,-134267.960059,-209551.23221
162,68752.7446421,-322136.173164,206766.573401,157574.811558,-326070.190235,-422081.899923,-381995.081742,-26270.9946155
163,51557.6046639,-402694.506902,159568.340177,-62884.1001918,-192696.151046,-503441.932921,-425277.778659,-29462.9602219
164,-114559.408364,-118070.183814,-39649.8094389,-2540.73354744,-150849.378683,-432915.822333,-217188.461402,34763.5444244
165,-13728.2998659,-145262.808439,-8221.89787719,-99516.466503,-149209.544449,-349387.810211,-136459.921504,-69031.9817018
166,-143431.760866,5233.75773131,121531.905792,-184828.580539,-55116.6602915,-233017.958141,-133847.777193,190778.149791
167,-220825.742722,105067.453071,183248.377294,-252050.609902,142341.52757,-300060.338008,57945.9466255,307168.312403
168,-227973.339715,292623.784154,11367.0159746,-216299.600836,76624.5650777,-335645.551909,127497.756833,419139.73896
169,-229215.278205,308993.968579,-144395.361625,-46754.6842276,-1345.0327601,-303277.088574,214712.955681,302633.524095
170,-196524.968962,270932.372961,-86113.2752683,66146.3795494,113816.08345,-94631.5968679,11349.2666483,121835.874078
171,-224449.245701,216523.414712,-151190.003896,-35549.2141535,41895.0989278,-113174.023628,-329794.084302,240069.634008
172,-131572.664641,223162.830716,-88760.2393602,-51147.602176,-71126.5701767,-16362.4645924,-115695.714064,175456.331999
173,-64472.0475937,191399.642795,-110789.202326,185799.634938,265207.756729,-21834.5528238,-68150.8929668,272581.984913
174,-58264.8155544,203843.524729,-65030.7955374,134185.564587,36538.6168853,-55422.9725981,64133.4441964,283474.983406
175,56785.4094597,336980.704653,-69246.8166075,208038.376575,74574.2713061,-201628.588347,228635.035359,254342.434072
176,101669.170875,380320.183204,-110120.395817,149020.913337,16593.7981683,-340356.838087,137148.353206,178837.877997
177,178218.030507,298427.782177,-265146.367822,242432.522251,-21861.8145312,-388751.897747,136429.094062,185501.204729
178,233665.93764,241927.889392,-579624.917283,349496.551725,48078.9464421,-125969.089534,-62970.9637021,408952.884069
179,263839.011557,36607.94389,-570171.964108,338763.689127,329923.396085,-190930.43393,60580.9331398,271606.119816
180,36968.4581942,134820.920256,-538845.364428,220216.404433,76699.9737614,-303059.846564,175372.56224,115930.867242
181,-24516.6665442,118677.637024,-503835.14802,181131.905293,319114.118992,-274162.246347,41881.1468279,77730.7401146
182,89733.5080812,231318.676648,-666531.051512,86082.5655218,230757.566447,-62460.9110542,-16465.612107,60728.537551
183,130635.227749,213132.388904,-450204.692853,184806.453421,283737.909849,18964.5168448,-80711.8287377,100146.02487
184,159235.679473,342662.432736,-209815.37785,301657.793947,123739.565867,94643.1717859,17501.6149693,170593.155806
185,240827.280472,208620.240885,-112914.133634,386866.126476,40993.2738548,116246.620352,-59637.9865874,273937.729399
186,283823.005185,13999.5423307,8359.21170752,169303.461023,436618.203486,94628.0359618,-93041.4176693,299105.298851
187,223532.910047,-61109.621737,40259.5188428,202791.12845,390754.213988,147073.949488,-181219.822935,376454.706166
188,439066.39051,137711.555591,-141937.907058,209672.892838,401576.038984,123290.082895,-24383.3982247,279508.17423
189,351421.734094,334514.541422,-105304.767697,10774.6401889,473781.173549,54162.8389114,65444.993665,250246.979638
190,472323.4523,443612.941727,-56462.800521,291186.673305,521483.176286,14608.7797043,46491.2112334,237639.362475
191,451156.152951,397834.736754,-123260.31521,213895.532416,437828.453042,158186.826718,-20636.021674,39609.1450202
192,321683.467658,191706.604343,-90946.3181253,265700.127452,363448.943554,300295.058574,-75629.8056294,136373.544228
193,111654.168315,268707.126351,-146181.746858,223505.86075,394904.20926,352836.559898,120263.375087,168265.989992
194,277126.31942,128625.937606,-29771.0281967,264114.930232,283668.384241,232322.540217,160815.410857,204051.676684
195,187862.735794,130415.899015,-79707.7278648,149838.007011,320812.918124,36424.3718065,218051.193725,554127.635492
196,91570.9530257,-21065.4470193,-250416.89687,-66481.3109472,27832.3618382,68811.8550042,259502.598172,371847.801474
197,19783.1891643,-107461.153146,-160675.502783,88461.5105067,149832.97357,117700.931413,328078.321588,125264.307091
198,-62227.313213,-93802.8764937,-303382.266987,137326.263978,91775.3808393,145798.196641,243905.507523,56191.861535
199,-184954.880116,-142167.083839,-120136.657526,13479.8559474,49054.9111267,426888.667498,206177.724506,53236.2416586
200,-146960.543417,-283124.374803,-1664.00250477,44505.13731,-116116.71743,468996.877292,-14111.0993727,49427.0218138
201,-91287.1995697,-382321.393979,17804.8067068,-215860.920049,-242386.221527,409637.017148,-161871.029918,-5422.05737736
202,-34622.2920118,-259251.226978,-61590.8072359,-71340.829411,-91363.8907006,375867.075026,-166697.41117,-48421.22722
203,168882.969181,-190534.253868,-243333.598251,241737.447512,56692.3950373,362867.284303,-315838.259537,-20755.6811878
204,205692.587547,-317532.952461,-235439.486026,396775.965363,-17185.823295,492244.822378,-365779.894936,-39058.794448
205,-68536.7394043,-252171.127789,-289995.510505,297342.58876,16357.8545715,361974.063242,-256086.710334,-43861.2119318
206,-103935.206992,-62295.4288941,-54634.7839465,-53702.5245012,-4293.67665595,408282.160214,-478100.805579,-165384.340093
207,-4679.99265561,-184983.687205,7836.60064096,110124.908681,139241.141603,288534.826899,-285393.959603,-280967.448238
208,-44775.1005952,-211152.03001,-57964.8349329,348933.689484,-16420.5615566,236628.38624,-120607.235513,-210369.063753
209,-170196.635776,-211211.459521,-370723.2729,317607.927777,54165.2321204,325949.488931,-182008.603671,-139644.743423
210,20863.3189591,-106919.190113,-422179.797939,282519.469321,70076.8636311,157936.942018,-300673.538502,-147382.877077
211,81595.240588,104731.997603,-40062.0579209,226515.99604,106137.627581,184157.505261,-208196.849255,-189416.493967
212,161880.482356,85314.4514623,175655.894511,145251.775875,39237.9643349,128115.40061,-227339.999731,-131898.714135
213,346112.391406,28225.489825,119192.670735,138693.079614,-82322.6146589,77375.164355,-86275.0781618,-151240.872448
214,154349.20411,36338.5904361,160529.558477,188291.72718,-272438.083875,208747.92202,-107161.846577,-262220.928922
215,281993.456831,-154238.351877,2160.0950549,213725.470274,-28140.9290373,397831.387948,92328.1173205,-198236.764939
216,249056.923313,5047.23831719,-177705.026643,25120.3656365,106850.37166,249553.835354,-57671.9020005,-317191.324444
217,22343.6347689,18840.1027601,-1049.27236229,-78494.5532409,-73201.7067863,112717.748489,-273384.31645,-361273.965078
218,-90691.3761866,114086.602501,28381.5260654,-178556.589845,-198270.729808,16686.8570715,-115459.827763,-346548.959746
219,-245571.29993,177630.332366,-135263.068407,-344095.784709,-151318.083648,-25730.0988469,1659.91479775,-389360.10359
220,-93189.3626118,97995.0645247,-227483.944141,-285158.021027,-70723.2954143,83960.5911363,-20194.7143318,-97476.7665603
221,-120010.024188,207377.926561,-352409.652682,-156088.813948,110540.146005,20594.0851169,12208.2110097,28336.4643827
222,-31986.9166864,36087.7183836,-3491.59347259,-43830.9814983,246613.917836,70982.4879829,187726.348563,43810.0248283
223,-216178.179844,67708.7645936,105801.648852,346538.499898,276213.248744,46530.5881133,183702.129854,114951.20044
224,-145514.022348,189971.672561,12040.520487,282518.648201,445846.031023,-97010.2506007,40061.2077839,333240.509093
225,-55409.5384956,147711.618024,142328.731594,242439.779226,450813.417941,-114543.209592,98278.053045,129935.520639
226,-199199.547076,164942.616564,194583.977873,135628.17106,346569.140666,73987.9617684,170496.770606,124564.37717
227,-316021.49677,14766.668903,112519.471971,199726.559414,294033.16299,98970.977776,287376.361493,143921.801352
228,-224565.04142,24419.4632365,-85813.5746173,184015.665204,254404.026573,133403.329708,293490.910263,201987.972743
229,-48988.0783137,205405.911644,26524.1255926,146600.139637,235565.785054,103040.123221,172242.459497,218469.414696
230,-199078.656522,211668.190765,-57231.8703032,219617.496231,337614.344486,87120.82258,217238.44455,154228.454903
231,53482.8576278,101978.640249,-96985.7431518,195914.093581,183803.516195,105436.863842,105784.917044,221065.946246
232,200129.116943,132310.832471,-123405.77893,-41942.0487677,-36937.0591789,170816.883032,-35088.8509201,62835.4777852
233,33843.3929401,179185.173887,28159.2901737,-114175.296375,10901.4748996,-31459.5014588,183767.595198,139744.52277
234,-84367.5304052,94150.9610586,-9191.07441636,30271.8462853,106605.124769,-97389.4363049,223278.222881,379209.520271
235,-80919.4114112,12359.3969143,33554.4983252,-71165.408625,65307.9504652,-143415.916667,101732.168111,497289.773769
236,-75187.8729203,-113394.575231,-211370.052614,-106967.133228,221413.029096,-404789.00383,153522.991891,421222.880835
237,-114876.807198,5917.00936848,-271492.15787,-154011.11924,169531.076296,-560984.822871,-157459.298685,585173.18306
238,-47639.037444,250226.404664,-62872.8993988,-160038.425468,75786.1843722,-478548.851551,-110767.368233,191596.678982
239,-115025.865357,315902.170797,-105735.745788,-291015.093526,43586.0440998,-390437.387256,202708.257274,87167.529747
240,-216277.339024,98846.2345269,-84018.9069389,-601165.40394,-43533.1905664,-543302.388992,151334.816875,222858.391669
241,-218038.124162,114307.239504,-137921.98843,-570404.376933,35169.5442747,-497266.457193,199967.812865,281094.041956
242,-310980.152363,338593.892781,-212867.981946,-510685.750531,-69914.1850756,-488898.042321,114348.949866,262216.536074
243,-267271.232944,125492.120042,-19869.3953196,-524387.278591,-266011.045972,-378855.061253,298663.098318,133378.804061
244,-129171.773415,199673.218118,-87083.9628715,-363970.387782,-405218.999243,-505647.145402,208319.534444,113991.844347
245,-40856.2020712,116478.173816,-87492.5533131,-418803.97222,-199059.698351,-483334.407579,285338.35402,201322.121193
246,47428.7806662,-225784.927392,69532.2293636,-283232.281457,32456.8225172,-126117.522991,352255.976272,135825.287686
247,121911.997089,-375883.187125,-183274.915168,-204095.514579,-31121.7792141,-39361.4416135,353171.498662,-4901.26258001
248,293107.552646,-217290.164566,-46447.9713945,-150890.273448,-158515.026359,55880.1732242,346505.668519,129246.645528
249,237300.585675,-252125.801812,87038.5283981,-230673.461766,-234938.743851,13653.9248276,564285.336721,-12245.3734655
250,124262.70258,-258240.754857,143731.041884,-180174.701273,-59464.6792459,150531.04059,499573.263679,71482.3633622
251,111629.928093,-133625.657891,390665.408789,12065.9558071,-246562.733563,189439.143849,381100.800097,173317.905599
252,209349.339446,-6573.98509642,282834.735405,43574.6897381,-345190.01277,226725.500166,237982.708258,468955.89193
253,110779.71626,185830.212108,112229.169124,126986.46688,-154805.9425,166352.714235,219706.728951,268744.438822
254,-4315.95320683,-70152.5662001,3207.75622533,213470.085742,-197487.536844,27419.9771635,204554.312917,140177.484302
255,257072.925093,-211050.687854,92538.6392655,458669.379588,-239852.256241,41503.2754565,309407.40358,344249.510709
256,285408.714915,-311047.985686,168071.094052,225322.754696,-55873.4592738,127586.394513,276956.225663,438231.747973
257,3051.40739511,-113035.208386,-24738.0234112,-10504.9632234,-26446.6484237,311709.210948,157789.389555,373355.654227
258,-59297.103277,-162871.656039,90167.3292666,122494.916803,202089.978166,252157.599306,104252.010427,496754.228551
259,98187.1461062,-278428.791642,180347.843491,-38294.0672955,-16107.1625159,231519.061425,-198664.334963,466461.231901
260,131030.392222,-396827.010712,174509.819334,-36833.0520171,-65702.0786986,250058.693532,-70685.1906545,534411.723312
261,284382.267729,-317628.233793,142195.758514,-210292.46175,21085.9087208,19147.278634,-159785.619891,594531.342886
262,282063.301323,-372228.227609,-127457.740648,-220266.358251,-52440.9436942,-104091.982771,-295071.040649,520020.298101
263,13702.6316335,-191981.202379,-142937.275198,-247511.396249,-160726.42763,-181203.132503,-248724.111417,498067.625966
264,20806.38224,-52679.4947118,-4580.71525579,-268180.410461,-201146.61118,-29488.3224017,-77693.0789875,537343.739305
265,63429.8404282,-181481.496348,-20317.1861946,-202294.132914,-105687.978353,-53086.7179833,-5631.31382961,429106.96084
266,-13695.2124291,-303667.798042,-140772.89887,-136665.799507,-347387.742256,59042.7333307,89005.6606685,394783.485857
267,-6884.55952201,-189457.742355,-76901.4965818,-284688.526321,-435624.166936,-30013.0273807,323777.87818,549789.802635
268,4273.86725477,-35279.3386898,-115542.879391,-120363.212694,-216394.819787,-57375.7045805,268289.183803,415825.875897
269,-47049.986303,-45490.0455145,-80659.521188,-74592.6931225,-106964.313673,-66230.3709818,190713.679016,91149.878778
270,-168144.560049,-36714.5946803,105628.663447,-139191.28375,-117725.968212,-126371.090216,241329.515013,117075.178737
271,-140444.79587,-129050.323225,93297.7744149,-345200.378806,69227.2555044,-196495.734009,236753.947739,124347.641825
272,-221988.867074,-202437.883275,320911.110899,-249597.429479,55856.5241661,-101807.186916,208501.184687,65609.9345079
273,-81492.7291892,44453.5388698,71539.7653873,-222686.71204,73214.0867592,-87888.019599,127472.349833,59879.7177063
274,31253.3465728,-3285.62030867,103475.352387,-80125.6318363,8593.35750189,-230849.853575,278428.125749,-26636.9575898
275,102638.274064,192871.386932,-113016.740426,-75448.099968,61266.394613,-256509.907189,229173.628222,-49136.4882787
276,-95274.0986097,365412.475514,-340839.27376,-88190.4580235,183837.271883,-171528.098057,167787.185447,-182757.619499
277,-132318.187748,251540.701097,-309376.091135,-265061.353876,110591.377273,-69673.5733238,221014.21052,-138886.27313
278,-60903.2986228,227591.351959,-172919.552536,-175169.050376,251544.728196,-139511.294034,322528.551497,-122001.596212
279,-117060.980941,58443.9698444,-28665.5002584,-197699.260786,210208.879599,-49399.5784135,-17868.3978802,-30636.6770843
280,-55790.5100747,-6444.67689102,-61655.1824574,-84075.7300965,320461.563504,-283587.3063,-121783.965689,57115.3447166
281,-63681.7787148,-66729.8986824,-116020.692464,-133217.812316,307227.497875,-343585.553989,-177446.169342,91412.5317246
282,-52708.4766538,-142454.035092,-132744.032346,-164161.874766,317486.303541,-485508.28009,-153476.962683,-46937.1629618
283,207561.022942,-190844.156946,-265785.882045,-27162.19294,273296.5394,-347825.083908,-182714.201082,-208459.969411
284,219321.170875,-7141.92512625,-129805.284576,28301.463542,172236.783742,-233330.931713,-236282.172187,-156526.15082
285,-40498.553553,-191960.745808,22029.3462736,43104.6900168,178350.566546,-317634.782708,-95315.1249113,-319385.220831
286,-88337.9916537,-84406.5389538,-163410.461604,-76020.7580237,56849.1370798,-286818.649205,-224220.911965,-383520.623446
287,-112352.831789,-103299.618056,-139263.137479,-101868.786041,163367.507593,-347494.919314,-227400.923207,-253672.604597
288,-9.66104601009,-102561.328795,-191351.281687,-135262.665825,68498.5564984,-320736.346537,-436923.72776,-149651.790491
289,-79883.67719,-13616.8130594,-159808.203637,-239212.188061,99084.561606,-158297.031649,-315192.365216,-128041.23519
290,-158035.988281,-12064.6878037,-26100.9107091,-233056.506976,89792.4162758,-191284.198529,7222.72576535,-269919.22816
291,-27807.3156494,100544.65318,-218025.236543,-73591.476731,102424.712461,-133622.004915,21502.1449765,-307782.811517
292,-9954.3924619,-11892.6534466,-301702.402371,-64250.1859776,102426.313077,-117081.378073,13568.2517472,-63063.53092
293,-215896.729997,-84535.7727397,-374790.656474,115152.343434,9139.05324714,-184847.654375,-41326.4968801,-116318.442731
294,-275006.490979,-11235.4364485,-434274.295103,106848.746796,294289.301091,-65424.7600485,-264822.022763,-202249.865785
295,-363163.475545,190392.355042,-145128.948298,256223.153571,135658.630558,-65533.4103099,-349379.431809,-151354.823851
296,-293863.046483,165913.72951,-69717.1081992,383960.821613,102988.40385,-96720.3856293,-331829.138444,-206403.020079
297,-210206.637564,194265.47167,-83158.9840933,379471.543275,174703.588745,-11193.8971781,-50204.2701207,-349121.319136
298,-71316.6841181,136551.783498,19219.4282828,454210.444952,68793.6453717,87563.2771938,-42966.4172558,-312441.143967
299,-36983.7488305,19138.7892553,-43042.6977627,390131.855187,92718.6904423,96358.6371625,-216100.358872,-293487.620416
300,-58297.712542,5594.91879679,-16113.8046102,632187.766244,53900.9965482,111139.139681,-180698.354911,-331442.983683
301,284.716798073,-19883.6492833,131959.245912,794437.191047,26985.5911765,114758.948905,-300867.475857,-180068.124322
302,-78484.4038027,91827.620706,55245.5418737,505783.172884,165765.119817,77069.6434006,-231356.562974,-128228.297383
303,-63095.889089,102881.045835,26098.7846208,330168.153296,118764.335238,178661.001811,-335259.859323,-32702.3953632
304,-238000.06345,72767.1653097,172620.744336,432850.117063,214159.951799,-32815.178367,-465102.627061,61518.8336947
305,-472735.08139,126345.451115,80900.2395479,491059.606893,2344.15505561,22522.8119402,-235905.2302,313185.459207
306,-454767.275549,-125646.780369,137973.286969,328196.484252,89908.1180486,68276.9215484,-199399.42454,411130.78315
307,-255800.86541,-298594.25337,-9915.56881192,144234.228481,57876.2395743,200215.560208,-170286.478679,179288.489449
308,-275753.405432,-284352.295227,134513.67898,-41299.2360134,-179249.231243,252410.456007,-294984.772698,76608.5849092
309,-238871.435315,-217386.107575,153304.367754,-81531.0393634,-191756.212513,259475.49374,-337540.719227,123408.671374
310,-305354.617561,-13579.1743742,22301.7700677,89140.9026391,-115511.078243,186092.75001,-289814.283361,6505.74132564
311,-114418.84241,-23723.5869523,130203.852911,67523.7683375,-107800.722018,227324.113177,-235041.101022,70273.3995575
312,-251312.262246,-172425.059823,399775.0127,334377.778488,-263061.999436,307356.264813,-226473.514514,36475.7361945
313,-99459.4936725,-195309.48011,411446.015935,24532.2489453,-244182.122247,171558.308276,-84326.6051044,100132.55736
314,-107870.700193,-264366.551927,194254.843717,-136742.840849,-101884.35516,214752.006491,-57199.9785073,-90710.9082847
315,-7288.92395673,-64525.3278767,271274.342936,-26350.0249278,26948.0032816,152045.746445,-103742.352709,72333.9042759
316,-46692.6732779,-171851.43653,440366.443883,34024.2381532,40959.3608083,142415.767229,-67771.230937,7448.27897403
317,73782.195104,-228541.587343,420616.699625,-48013.2074368,40855.5100229,334043.626752,54112.8520018,-75190.9203345
318,97767.0668877,-250547.762049,310997.445868,-6929.25878706,-17798.8705868,328396.500516,245340.867102,-49651.5189825
319,131111.405148,-212939.040929,258299.643134,141239.134282,-79861.6757637,320440.155709,383560.417749,34303.1763308
320,170883.225765,-74195.550582,147420.374052,163538.977844,-79551.043462,118920.153547,314972.61518,33820.2624445
321,19705.9564914,-101506.732622,-85320.7256532,-211459.012995,-302778.655031,85049.4016363,176104.789077,-79367.2528067
322,15984.6699175,83663.706099,-27132.6906485,-185232.331432,-314757.96746,-113248.66245,7559.5387813,-260673.009503
323,-50275.1328863,-41156.5866154,19380.2047227,-69248.4216131,-294115.298313,91431.9852355,64104.1551601,-132027.564362
324,-57055.0313641,-297316.73441,-20419.4472824,-92545.8236565,-112773.421634,74707.2539479,148242.276758,-164822.670309
325,56061.5277552,-268483.226788,58412.2714145,-94242.4739535,-92639.0831062,-102560.368628,169532.161226,-213135.574983
326,329113.660376,-171476.493958,290782.650993,-144479.301101,20126.1133374,113168.620459,-31774.2671452,-191962.70784
327,441885.693733,-180201.497197,299222.569502,-209185.463507,-366323.24837,118811.927889,-30771.8010149,-115964.247313
328,411846.392938,-123557.184046,284391.061668,-256027.641459,-400611.574139,165558.641713,47713.6257288,-339211.086289
329,467419.730172,-131115.131542,301511.78805,-176795.646115,-275109.872932,215666.435921,360719.249284,-273417.121609
330,378647.547498,-227906.190349,351092.62235,-123212.409987,-66491.1484131,230582.135357,376727.702417,-195772.941747
331,158736.4304,-158676.297317,311655.172596,-73579.1292515,83889.6596911,189175.103238,284326.726817,-120259.566374
332,198506.675,-61760.545647,271907.939545,-79570.9688853,-94517.4166578,342034.992195,385820.159366,-259122.725593
333,289156.871482,-103259.168571,261204.24941,-54611.2899232,-62795.0712823,178367.652423,351683.120792,-239663.601713
334,325299.347914,-45553.4986322,130229.723904,103744.114335,-88276.0451924,78512.0529096,311867.575028,-198362.968458
335,342841.70917,7254.73313798,98796.0157189,370144.942081,30042.7605704,149001.695511,121559.824855,-185449.967684
336,548193.72423,91798.5563171,185544.554331,377285.322694,155576.375413,111750.972139,132011.405107,-207528.733696
337,638563.410799,299548.797703,46602.3378598,660141.733041,137140.071627,222292.61943,361117.380156,-131394.928846
338,653552.533275,341172.63735,55586.225091,566930.676955,-23058.6627134,203185.122369,437586.30727,-71477.6240524
339,576577.267804,114545.437414,-94092.7689064,227196.360616,-22573.1978012,14010.9294945,177200.082697,-89989.4560157
340,639765.693968,194532.014011,-95735.2815442,-59209.9126626,-86045.1933798,-74844.9194944,127292.210368,-139984.60829
341,603658.708386,123541.062479,-282289.026213,-196153.030438,28409.8266723,-82267.2973578,166892.946147,-225250.46003
342,432001.274013,126069.260637,-196511.870859,-260511.2838,179083.806246,-2155.83425737,228475.241902,-449526.303913
343,375806.128674,166688.396292,-293510.194318,-174616.200737,230706.17085,69029.2267184,-3278.25981915,-279974.076061
344,378258.684005,248067.536176,-233650.719419,30810.7199158,194095.154865,289813.062324,-33387.7878226,-320191.017695
345,141623.482773,-52390.0154986,34277.5795762,51221.1770197,212905.390562,167517.065624,29854.3374813,-470675.642295
346,529780.122013,28508.9701406,74512.0141377,-108145.869728,222436.897759,-93690.9476486,-5017.14462342,-301404.064051
347,536051.545156,83367.9541635,18725.7321829,-48941.0841252,21533.0464758,16705.3832086,-48086.6715606,-99023.9507117
348,429292.876018,120783.011136,-118963.736668,-34226.7662473,110573.215637,-6602.97669084,11617.3299677,-50543.8593073
349,491420.173098,2257.44288569,39691.4046551,-40783.8765412,400632.963261,-10204.4764382,-202956.62788,-189089.978146
350,368540.23329,-44526.625974,30322.5279718,163126.17776,415414.70629,247361.657664,-210838.191661,-257291.419413
351,447138.840042,68454.0719791,209819.268532,19331.8107199,455338.392986,282715.206573,-115450.918417,20516.2159827
352,279064.224078,-128351.64348,120786.596728,-203907.166908,420906.246271,152524.163183,-149421.259731,-135143.345112
353,259623.964303,-136599.476414,46581.5610591,-128783.801722,256096.289565,20580.7186576,-147024.492295,-165440.284482
354,182404.926538,-22238.0704191,112322.387494,-537.57910215,-6045.15714909,10684.180421,-92630.6802061,-173465.003991
355,27439.5979192,39537.5858366,37988.4547644,-36018.6931353,-103562.609901,112730.370095,-184079.818496,-316558.827121
356,148174.33473,99707.0804025,77509.2462957,15722.3766092,4946.72217654,36676.7180872,28916.6385413,-285551.806098
357,176658.013166,260651.769277,97275.2344245,67276.6734116,126448.901627,27838.8331418,39336.4769221,-36928.7554286
358,112043.26243,40449.8550453,122341.825482,-147267.130711,250100.109769,71437.8148548,68926.0837994,-22360.0209265
359,28364.8318736,87441.1723198,174163.169689,-215039.565376,187173.096949,108175.08246,-41506.6286851,-61459.4379486
360,-80471.5537339,129181.663909,60481.1558237,-58080.9933483,46574.5236979,66449.7667181,-21191.2615478,-218.914303566
361,-59493.4769148,309591.944732,-52267.0885608,-147113.824475,-86310.8775452,213290.47673,191424.512202,25428.7959974
362,-56529.917098,406288.49827,-48809.7918437,-20437.8271695,-178631.805523,166789.785647,-85652.9196742,-10905.9138195
363,258782.649718,348656.196322,94426.509878,-136741.902833,28902.5277755,218048.607206,-170181.945072,86180.6720802
364,211430.225657,504911.247293,-69172.6377817,-229241.355607,-159849.379253,23092.535017,-341603.045911,123806.119426
365,242541.60685,477635.823138,-137618.643523,143736.099662,77766.0575867,14021.712072,-88614.3385635,124551.77376
366,107611.55084,382311.147556,-187590.934572,32610.8316263,129250.391701,90874.1101657,6539.08600036,241243.325012
367,189178.112942,481434.072567,-104501.670984,-83573.7212828,269866.577296,236869.250935,61643.8087487,487161.692323
368,247067.848144,425303.097701,36372.5634386,-149250.110412,292779.1808,198720.809234,-136643.731887,441764.589625
369,282055.871722,324553.45899,49460.0591054,-174616.406107,242946.076463,196415.843933,-137765.622786,198209.286995
370,311830.991546,153088.917627,13629.5772624,-170588.602371,120572.63209,113265.330522,-232885.431527,170960.61584
371,357973.887331,216691.497011,87366.1357172,132205.976322,228318.671068,214721.603739,-159848.082316,216994.718955
372,354998.972453,153435.950021,105794.932786,349973.117735,141549.735484,380927.422846,-157142.538127,36345.4358631
373,403672.455325,50996.8595062,430629.477345,29140.7455049,116207.460454,593868.554863,-135785.349447,-226447.163982
374,306652.829315,62474.1649299,340618.974502,-81189.8886151,223500.705534,452668.88489,-306116.691661,-197415.736924
375,297576.399438,249836.127078,290671.816586,-121412.324136,349749.16571,196405.744236,-94870.1865144,-33724.492826
376,30293.871758,343919.915801,153447.951814,122499.264338,255757.461878,176026.979381,-134510.749556,-86621.0219403
377,-121541.930607,329882.832313,240939.795653,151803.647983,342643.194715,69651.9093066,-18744.9585718,109355.560895
378,-86010.7505607,416719.820044,75463.8607452,285622.505362,394266.455303,190950.803564,-121810.822094,266399.797906
379,-333752.105274,550566.610879,240840.279329,395012.737328,293549.770818,380054.331279,-234040.595327,337924.786599
380,-281725.332201,493280.453941,229921.679919,425660.722488,383001.655703,-20301.5754357,-160654.784971,413952.479567
381,-50624.3441296,272992.611735,174601.511988,579528.506072,553115.593083,140310.516332,-161567.688054,450305.423684
382,-188194.53622,367357.689644,31155.2523945,531725.208445,472205.147262,86255.7477899,-160723.743983,377323.873818
383,-94640.1337974,367900.672795,178612.505821,638129.493037,505418.71187,193872.618196,-180753.438642,384097.215612
384,1754.79969264,263524.706761,76485.5836833,546598.650478,654132.40332,287346.175934,-130176.40247,400174.777823
385,-151582.352435,283397.475973,-15999.8164533,564039.9358,664729.461345,545844.556047,31673.2261,318436.871016
386,-4532.20244956,154768.726128,-24836.9042768,737159.477629,433157.522549,630338.619564,238661.396444,314312.813716
387,-85634.5075022,-123634.139986,164592.209872,776701.423618,439990.803885,440558.791524,504607.664942,73880.4442858
388,-80942.606223,-60050.3038879,5225.78761849,716433.198625,293903.124341,342502.25721,692326.017983,-56650.7530068
389,-93991.1996369,3416.93657093,30882.7940875,669345.340705,329700.42597,296378.249984,646586.07133,-149623.485982
390,-64023.0918713,-81840.8826201,-95208.4200125,552016.089626,109220.738469,358385.060902,700189.762039,-22246.4558123
391,-56806.8405797,155850.652073,-84307.5903843,419176.139306,-176540.139883,254214.429557,595496.433735,223180.721184
392,136556.143091,316302.029181,-146746.423511,387133.196633,-35195.2513997,205770.513951,387402.527453,347195.154994
393,91564.0408159,233499.618502,2817.19311509,409318.209361,-64497.313569,310191.894595,414024.997373,407428.166119
394,226447.796454,147973.102837,-84225.7484661,344503.96452,-271324.455627,44107.9002213,297539.861641,211794.684172
395,129668.484339,37614.3889204,-144618.080268,169098.733321,-196511.293207,115076.696174,301561.051208,333676.586603
396,141970.146233,-172569.734688,-162717.73501,245175.495726,-201635.709802,194618.100376,144084.717884,44749.8130852
397,84642.2034362,-124136.411329,-106460.145248,224545.020068,-328061.581665,215290.998627,91197.8427936,-113549.066947
398,21714.3117682,-88667.6705104,19310.4428785,65141.5985371,-348206.869655,336375.923098,243235.518734,41153.524759
399,-196320.947816,-198118.08019,-26058.2852639,23697.9982699,-355250.386999,345664.658934,-12407.6663416,158611.54047
400,-301363.594983,-74291.7336281,-103260.516717,139187.911446,-252034.9794,371468.242986,16609.4802497,145524.979453
401,-173853.579803,-52134.9791063,-90270.5079136,-19781.5959924,-231140.167994,451727.460906,130084.359419,126754.137332
402,-118322.964065,71017.6395532,-111803.828336,-22137.6752607,-118539.230858,614010.649198,131007.592711,120094.390307
403,-241308.928106,152532.598561,-206126.62224,-8793.30176664,62454.0269844,568185.623737,191942.026958,-9680.33195129
404,-276985.631841,-161836.417981,-208472.073729,72896.6620789,25211.8335008,619321.507433,269450.809812,-141706.287688
405,-409990.341641,-360356.290148,-36219.7933008,-54161.2393263,-54091.4670474,498045.898283,217977.299877,46229.5302621
406,-176596.510445,-186074.919861,23560.3024987,112619.552589,-65861.6095667,494883.865488,-18683.9764753,134780.925341
407,-160673.676573,-54339.383417,-65363.3813565,127897.112232,196987.138618,520146.712277,-129992.291107,26445.6818622
408,-262391.94538,-8580.55799526,116975.736458,196957.708573,201849.586054,382632.893199,-12727.0344652,-21581.2221907
409,-50811.8597491,153116.991599,178691.853879,128586.700651,96892.6509914,116417.778737,-1661.67393346,62037.9780813
410,147366.864278,236057.036493,-16810.11517,-28392.6773285,208000.724856,104572.070174,52942.9726507,108334.178887
411,90044.3487406,285341.587892,122594.986371,41192.9430312,216376.310128,288915.244986,-13106.4002632,515594.667281
412,18987.3250688,49632.4372269,388820.545377,13908.0462828,193512.552434,261420.354257,122152.206211,415612.389683
413,28152.0863754,121519.696088,299735.991372,123332.235102,446489.460869,144490.369898,-799.883735763,236708.711667
414,-20738.3829853,91031.4846929,361165.344661,-734.805898521,422557.46541,127429.66752,-25336.3547516,33911.7147141
415,-8950.37591665,-91731.8466839,230840.297907,-8932.99727126,283813.433379,5276.57924693,-157158.41422,-118405.11213
416,4117.94155179,-90528.7921065,267559.798177,-35051.5714639,401287.626735,-66996.9224853,-81504.7922474,123152.390289
417,-47951.657731,-76409.9720387,164867.862055,-91975.1912364,233999.984344,-75527.5081319,58626.931213,-66446.1673751
418,133915.018077,-40917.961314,97174.3119306,-9703.53819389,162534.409316,75153.7091903,7465.37662162,-213215.76231
419,12901.1912329,-208848.111988,60301.3968586,88121.5845109,237423.879028,1596.04498778,-104272.523235,-150108.620884
420,-37433.6585099,-88235.0870202,282040.220917,28715.5255515,160231.767963,-107825.63391,-156280.729901,-317081.828052
421,124516.707572,-6489.87830625,528138.32615,64909.9924704,-117103.864285,-143209.966139,-319876.734534,-285403.944428
422,173743.156993,-107781.598321,723457.785665,24340.9183892,-57670.3575787,-154357.399395,-87364.1033445,-252259.137496
423,15951.3893688,-169697.767904,798088.759788,-172157.675483,194588.23979,8693.30029329,-10709.6887149,-289650.079718
424,58594.739332,-122498.002725,623392.189957,-613358.907212,400951.550524,-140771.043395,23551.4222494,5695.7569838
425,-5733.02558487,-103121.437113,511732.491832,-668765.881236,281764.366712,44673.4471365,-76750.8908163,186393.354242
426,-174432.54557,-81489.5940486,651564.198953,-624073.020567,269295.2629,75396.388293,-21227.6139795,213333.373797
427,-6104.68313803,-223479.115361,564303.986312,-322937.034482,233914.800808,35945.4645551,-112873.568434,102093.402719
428,-141557.195939,-426667.966275,442986.847972,-539648.024717,269264.243461,4236.45786579,-198866.707185,4068.37391015
429,-158629.729456,-114560.296496,418479.0043,-306304.715162,46480.8472688,-4871.84072216,-233947.405345,75623.8892613
430,26269.4929295,-148234.774104,175928.480287,-54667.4860732,12692.7223156,-119387.45211,-225040.369796,-10236.1412545
431,117216.250135,-75372.0879718,6135.33028866,-28505.4672751,214772.986048,28746.3141245,-210755.990035,-80442.6285767
432,-45850.80441,-22115.9076561,38765.8979225,62608.2808062,142809.030266,-4095.76450769,-219056.592385,-139816.646752
433,-220997.764416,-5217.87371633,-41824.4269715,131044.579862,-5999.34374971,91464.04692,-311696.604361,101547.728765
434,-302378.055412,-22671.497068,-17204.5890098,-29628.6820763,-199060.706044,-13785.2433251,-144579.454696,366586.118283
435,-89682.7023407,-43116.4188526,83969.4732087,-9417.90020145,-298629.584273,110309.290449,-188175.146497,214951.589406
436,-10958.3384682,300.331555955,-29826.3350532,-103615.54041,-376047.713397,-78154.2148323,-425719.578993,-36717.2027892
437,-64328.3747358,7657.30816742,65857.3366607,-232076.9759,-460415.323369,-148369.07783,-519157.142477,-80202.1687251
438,-261523.044372,-65077.9717012,116510.763816,-255214.38568,-469907.162663,-198291.925626,-362445.315918,-47907.3241605
439,-223522.481124,-278454.339076,29533.206808,-174556.170882,-299902.054897,-105702.897658,-209720.152829,6929.85739209
440,-150330.574808,-172196.322169,102592.847846,-46871.8693309,-497866.473623,-182520.673275,-60028.8475696,-31348.6964106
441,-282568.181702,34136.1239457,83185.8338709,6742.64318285,-341915.792351,-101892.613788,33289.5802308,56882.0973987
442,-437605.314247,119693.768744,32201.8311248,96807.7777187,-343253.367682,-50591.7826584,-125997.338821,90435.8856313
443,-297058.141753,159652.738116,-116659.376637,65901.8598136,-302891.564257,5766.13882804,76882.3427426,169927.834431
444,-357373.276433,340149.940237,29458.9005542,145808.728663,-433373.341127,-6614.18035505,92666.1273745,61108.5145664
445,-141572.256016,326374.271831,47780.552788,79852.0874833,-348682.883704,-14018.0760589,38631.717735,-82296.5833097
446,-119355.578266,332361.110258,118924.131073,152672.943074,-373640.580037,-142180.067691,38503.1186901,-137136.057301
447,-229117.385396,242805.231817,132776.575833,1773.801098,-202648.053556,-138813.305628,81393.3335983,17407.1930222
448,-151312.48081,140526.824692,271104.144705,-75733.5072649,-225822.910479,-317978.056032,102103.844752,-344280.482099
449,-168971.547531,164134.77185,164109.013897,242560.874275,-231699.859582,-215363.532361,90390.4164298,-379531.015214
450,-258739.528302,2034.95888976,251826.899985,114653.625778,-246607.30467,-175927.997463,-45935.906449,-460558.49894
451,-220793.453919,22324.4894152,2893.77827042,-16113.2632317,-299181.844992,-353704.613088,182020.589145,-504392.637326
452,-268478.682972,-16938.3120699,91202.4520702,25749.3555038,-356718.377862,-149746.610397,217587.154353,-587527.852805
453,-366017.411521,15960.1630957,115100.82028,-86762.6039396,-192705.87868,-223477.274999,152909.472372,-602732.662947
454,-225498.952037,-67965.7878399,252982.39714,-78529.3342998,-190503.267055,-402907.366706,166735.843338,-356829.424538
455,-142097.47631,-53847.5246585,147160.827805,-46214.774331,-189099.625164,-261674.4053,203908.332462,-258959.654418
456,-237611.501157,35473.7158392,211642.871233,-201707.620842,-235966.851355,-132039.088203,134982.875281,-77843.4865216
457,-442651.330834,-91462.3260865,317249.465425,-170444.396829,-217628.595355,-124755.600206,62432.2604674,-46550.9256909
458,-309709.129448,73683.6508024,337771.743833,-353991.219951,-156649.098918,-253912.359558,110892.330125,92132.2625999
459,-60037.9462121,-68723.2129314,195888.528943,-208076.794065,-96912.9809234,34018.8941946,-12981.0736133,-106514.43585
460,152982.257072,-59889.3068646,46322.9298136,-94903.8707469,-152600.184298,-121704.162312,-166249.152022,-154468.655671
461,260950.496232,65488.7969416,11325.1098202,-132334.829673,-105183.983248,-182535.795796,-70122.5034472,-329740.700293
462,348138.350479,-10790.7712305,134895.51687,-166121.572689,-39652.4009993,-357841.63528,-14331.8925345,-432140.140746
463,363217.213337,46231.2406191,183459.143099,-199536.646172,-99119.3587553,-294210.301191,50114.1199964,-279123.101601
464,341829.079251,112532.013274,150315.183202,-165785.429034,13758.3855088,-83806.2449558,-11512.5692403,-435131.062093
465,459766.292215,115026.990663,-3244.14271677,-4752.74345739,4679.6064409,-128987.657814,-65386.1496146,-547251.992261
466,363386.009333,193128.553063,-174204.516419,113327.869856,-830.281411002,-280117.815813,-50131.1537847,-423824.088076
467,296905.961,113053.969975,-211490.455755,252347.401626,80437.6100475,-271680.025062,-165420.151742,-236940.011615
468,233535.865587,58517.1104166,-142356.890995,323643.759833,265929.039512,-239601.794702,-126140.11184,-342999.773036
469,441203.615704,344755.853939,-114463.472534,306202.224348,401697.665771,72175.5016937,74734.5504505,-241337.668634
470,466350.477643,325259.918064,-82942.842128,353135.420626,329019.399881,172822.997712,62279.0652358,-318476.645242
471,322139.786283,238926.812635,131085.944701,337174.505704,336339.839162,9628.54061981,188242.420999,-169882.13957
472,400408.918646,266792.954454,366469.430607,92744.4854586,372002.045565,62214.7466076,225445.645274,-64321.8642619
473,536502.48466,311101.415125,384976.821828,108876.274867,538369.332609,256569.212919,279475.932011,-102802.487733
474,240356.991159,251107.264985,286705.629608,156375.811404,513993.321192,129445.510639,273648.776192,-71205.215711
475,108851.560931,175122.716198,260070.245386,298844.16868,400091.992985,-140491.427019,-23669.4266133,90537.8992411
476,8150.52501244,68072.6166657,195959.774732,213294.617345,375004.573337,-36669.050731,75391.3525651,82170.4252763
477,59707.7197181,134241.514923,262144.023784,150939.261068,412419.215656,-3408.05821585,302255.564528,66261.469049
478,-116999.460092,69531.681768,222808.633253,48205.9648205,347826.342896,257414.21129,178897.530489,-60997.4041768
479,-117185.322725,121572.194744,107281.665424,118914.814252,127206.240391,379349.167291,139841.965178,-67008.0040431
480,-256090.702097,-76696.965199,-219013.053428,52519.148434,84096.5450361,259461.62518,21376.3929705,274572.829062
481,-157401.052555,189904.503072,-8976.47670671,-56298.4575352,113528.545427,201559.22734,-86130.1343044,298376.270163
482,-130249.991875,239580.932052,55575.6500916,-115409.482707,213488.716718,43024.5737044,96506.816416,193502.938365
483,-203730.920408,138285.840765,-130525.426382,-118585.358831,195763.582677,242317.259613,-30165.2214866,100235.187259
484,-29113.7635887,179342.937947,-164180.505859,-31133.2734648,278487.507233,292139.707491,-111622.543391,-69032.982474
485,174543.206887,7172.95745903,-323682.481329,-80901.3968104,-167346.169893,146470.278904,10633.4931362,26935.4215212
486,202466.2488,-3169.58472538,-560072.693031,-237966.001224,-98077.8019497,160666.605681,2342.15834542,13397.1333391
487,208815.624469,31905.0925112,-475008.123749,-340357.002642,-87066.3607656,1860.20720487,-79220.2531594,-37371.143052
488,230577.677963,-128507.361322,-291410.177877,-577012.527207,33505.3753902,15116.1799946,-65852.6737398,20476.8851349
489,169153.976771,-47834.1606017,-348259.830318,-336578.513509,56203.4844172,31670.2963603,-15246.005203,-38412.1013486
490,-38330.8071218,146796.189635,-497514.678953,-288483.385961,-108206.753992,-134716.024982,-66664.376634,-227387.584421
491,-45780.1232661,-50304.5835732,-516047.65064,-141944.762064,-350079.474021,-210156.413149,-124566.180688,-289995.723794
492,-92929.7498944,-27160.4229731,-508081.084555,33086.0861699,-517794.780841,-51795.1302143,84614.2486241,-289344.66648
493,-271682.220856,-44138.5206367,-367839.882978,171414.458219,-433727.430691,1169.66788679,146618.139875,-553826.978679
494,-93632.9872272,-146141.994957,-557385.263635,172206.504098,-288741.667907,-152144.148696,96480.8812549,-396429.756915
495,276252.614574,-297515.455815,-735543.750414,-17671.2240945,-61283.6204526,-102628.067156,4825.03037794,-152225.720726
496,83575.2291827,-291187.890995,-672289.99832,-226862.118593,69027.4040697,105845.769149,186818.445566,-111642.612927
497,-88491.1993889,-422048.649735,-608791.785726,-14594.4442696,38549.3412325,73887.530072,5226.19676133,-255612.871509
498,-27668.7693868,-377622.373421,-517018.936348,51481.9978295,-51239.2016179,303346.370971,75981.550144,-207443.862724
499,36919.8169319,-380539.725916,-452067.046872,45310.3911853,-34499.4888641,302418.959553,37471.9084904,31051.3154465
500,-106072.203109,-130973.085,-485587.376297,-144972.762568,132571.135954,133899.92891,109169.68651,-142318.331243
501,-8793.29675259,-311475.165822,-248595.851486,-30312.8271071,238811.889572,64392.3858542,284528.802791,-139546.835271
502,-114804.847561,-179669.625716,-252635.890803,140370.599031,382552.36211,145130.308255,228817.193019,-221442.526714
503,-207728.321062,-80116.3823155,-312402.894637,175580.67031,365982.036306,109267.608155,106518.835905,-199484.73173
504,-345572.834752,-159311.872874,-230658.406907,-264980.245141,258167.99394,65346.3468404,111000.983243,-245284.605603
505,-436398.996814,-185591.67848,-185421.414993,-70870.4368882,448654.398982,-43054.5667579,105518.993884,-197403.200043
506,-352561.61283,-287328.245099,-259079.102569,-178319.398703,484297.307713,50118.6867835,167996.622414,-214548.236552
507,-520873.811496,-525797.882278,-270629.267909,-121877.897896,448094.350616,168001.141485,7834.25227709,-44550.8204307
508,-612173.030885,-497693.940277,-213019.218033,33843.6464711,496499.261603,219769.18142,-82860.9038698,-152953.015822
509,-814682.791068,-353584.476029,-204771.61004,113665.196517,330022.033796,312308.194818,-231083.137032,119702.079568
510,-826087.562907,-187392.910527,-155117.329573,65504.8878761,216463.058451,205114.084005,-95385.6950543,3943.29093726
511,-941315.272374,-179618.001814,-241054.168954,-71791.2584193,-60583.9655644,10708.7733923,131455.804243,-10222.6063934
512,-736492.674566,-13289.3533906,-458712.009442,11453.818305,-80677.4721704,13364.8956919,189944.820069,19865.8046317
513,-893409.368944,18245.6626241,-567615.943308,199966.950386,-133651.897969,-39726.5698602,304176.366561,-14508.6627165
514,-757233.552528,74315.0147478,-452149.714387,175692.724116,-221980.068424,-75023.8782575,195171.009278,-7305.91618007
515,-773226.379431,-871.722220149,-606335.532251,196335.911938,-37486.6328048,-104408.800932,-93935.3273894,-135358.781866
516,-614058.934741,19929.9704651,-502450.442761,311947.67353,-259085.946759,-52665.7100382,-36814.75749,-237964.859627
517,-502653.07413,245382.557163,-414306.57579,334368.106857,-150758.203606,-72383.7152204,-122500.03573,-290784.806167
518,-338276.781309,80735.2510379,-416611.341508,462075.216007,-73827.9028517,-184070.342301,-124468.131826,-421524.095233
519,-92233.7918674,-117243.090945,-333534.529983,201290.62514,-247508.596207,-176795.976598,-66093.1815418,-336048.403202
520,-348400.455886,-134562.475459,-341400.30036,176736.100004,-13763.2490225,-303676.542187,-179920.282101,-246890.801999
521,-239755.852678,-230407.657581,-294157.645188,286071.327415,142314.889745,25017.9982602,-159530.009974,46924.045403
522,-246245.15285,-494185.661381,-275132.856679,121769.583107,-35936.0097629,20518.6269697,-279403.39053,-119322.949209
523,-362796.597422,-564109.326711,-211868.9316,89078.513864,-193766.92392,-264351.463343,-51556.9129424,-199250.648485
524,-387871.976494,-660785.793771,-218217.013173,256721.446858,-192253.18833,-276505.636801,-28165.3665539,-174681.227829
525,-280868.342513,-537167.4637,-110458.362582,-37410.0587767,-128495.441599,-227648.812581,-97661.6189279,-143290.042937
526,-86443.6370377,-470500.479046,-213129.220682,-120069.42858,111784.651843,-217554.896216,-34257.1681805,-59989.2501376
527,-159879.995338,-409221.494075,-161887.027477,44360.400479,44059.9242288,-162910.0148,-11821.7521187,-221039.076535
528,-308314.251002,-288858.160952,-106559.402116,27690.7830418,119010.563039,-268136.198508,220772.91615,-164454.880811
529,-402626.070826,-265559.987065,-138360.467734,91648.5437394,156965.020461,-38041.0267181,226095.480635,-288833.548237
530,-578423.074487,-363865.669281,-308943.617936,188777.029366,190088.7392,-2317.61261786,89150.6755871,-179518.313688
531,-469891.757288,-344886.549233,-273986.831201,237203.930127,135942.930032,-127280.820521,-10331.3612568,-34821.165561
532,-359659.236253,-416450.517842,-64749.2417124,172944.891063,88816.1698943,-11899.0208674,15163.8855006,-60571.1897949
533,19862.3834346,-274916.700114,-169683.172855,220913.633745,-36358.1375076,-93069.6922279,-28825.7498118,66273.4173791
534,-196147.168088,-376480.356429,-10617.448185,314041.664997,30661.1202498,-27440.7602584,-3812.81404619,-34985.6207501
535,-341372.173379,-329065.787507,-120432.165276,185754.574757,108495.919469,-31509.1042845,-4625.03755414,-38906.2222143
536,-374848.792838,-503623.625231,-339719.124933,243066.315764,100577.615084,-93087.517823,8807.03356522,22351.7229162
537,-162305.90745,-535719.775652,-304591.458925,92989.0118269,4629.45131367,-82380.0420931,8819.90563284,188544.474628
538,-311884.226477,-433219.002383,-349241.738768,-224511.264501,-51395.5153399,-132961.775905,-78031.4622639,189841.514274
539,-411116.556589,-504965.19196,-281757.216116,-289602.076073,-265456.980119,-140838.381381,26358.6298289,355444.758024
540,-376894.625516,-418842.052547,-360234.162023,-223675.350372,-373553.117961,-60895.7324794,-111726.333686,243939.613156
541,-248878.171002,-341089.7717,-324532.972011,-157135.756463,-304067.826929,-119834.738494,32780.1428963,211460.3245
542,-163039.995148,-458305.732601,-298526.830333,-76632.6012311,-234118.086479,-89505.9100279,-17501.9243061,90517.4922307
543,-241949.531601,-341845.029959,-189852.707568,39543.9484761,-264590.223113,-129738.910326,-58081.9128375,-144618.367036
544,-97844.0658893,-270818.178484,-176170.890404,44485.5974977,-204369.479069,-187056.754971,-154701.779512,-165337.931373
545,-140436.552002,-319655.829489,-227103.332399,108404.906756,-294851.299388,-209863.336721,-290696.406343,-13405.2261611
546,-38628.9349142,-130405.32133,-367578.479696,-40466.2730437,-198765.483847,-198113.932463,-206591.694633,109975.880289
547,-183853.832899,-136623.733241,-230413.43746,4486.99866928,11348.6526063,-180031.627519,-204036.500684,325704.854205
548,-157736.661949,-85037.3086453,-103304.806037,-210743.943711,21023.2058225,-199012.616047,-467289.118678,385189.311894
549,47434.7115312,121106.91727,961.595851474,-103363.876245,78988.6611702,-60391.6443325,-262482.169469,530339.878299
550,13012.1971522,-63144.63038,265561.161221,36570.7939182,-36779.697994,-118586.495262,-319039.220136,555666.874741
551,-43939.0948437,78636.7244372,179972.223942,22544.7836272,118098.865863,-531452.962342,-352795.896537,444169.859825
552,202076.480765,98742.471525,153142.598478,131158.514255,-70446.5385313,-655798.243483,-460495.50092,355497.761402
553,265392.71407,142677.267142,62805.5620259,178910.13943,-272.542229383,-457819.774387,-578027.855576,327467.204365
554,351738.215002,85101.5362114,88333.0848085,167281.173777,-18401.0916977,-462582.398545,-547145.857057,500442.407052
555,356174.590878,128354.783045,-21971.7558419,60341.5790345,-133223.863996,-561913.788495,-373315.069544,449726.982335
556,329880.346803,105158.602174,180609.59523,40967.5381155,-298955.535026,-595385.702319,-238829.573904,297696.860895
557,422099.242855,305364.364046,395391.272031,98949.1020569,-148440.887725,-444969.03703,-314687.650026,458386.608896
558,448459.435245,234619.017245,367869.226793,54155.4249622,-222491.701812,-491253.127451,-431645.968602,256809.036779
559,349412.898252,330136.374223,577832.832028,88670.1360562,-410717.673345,-521623.231921,-511598.890855,168302.44584
560,293141.752228,305602.831255,394464.838035,-65014.5329405,-572004.219477,-642846.423688,-559824.365638,183709.09577
561,-30013.9939913,-36109.2118269,445250.725769,-279875.649784,-833183.877875,-631687.502896,-460615.094921,-64690.837866
562,-312504.242091,-162808.486688,363248.096688,-399003.386526,-672751.189675,-509895.532585,-394308.487114,-5672.70086268
563,-35404.0038426,-168292.90652,168603.702137,-466149.645166,-878131.347115,-467156.886209,-145864.727219,-83416.4146594
564,223270.731226,-19797.7877076,207479.047432,-385733.194238,-690842.697512,-431195.693381,7195.70743495,-238343.723034
565,193343.782907,-32266.1107441,194854.355568,-445652.930596,-566595.89177,-438361.471586,28253.2631956,-54913.7305565
566,241174.18997,-98682.5229383,144175.756724,-388782.016451,-702670.866653,-302479.453249,12963.2652167,-133607.10479
567,164982.592942,-356958.565678,157174.053157,-469542.89059,-558823.47429,-279938.577136,51715.336433,-258647.131966
568,87518.1596673,-116804.779856,344770.662879,-431219.951903,-681714.38387,-342060.45394,134301.77221,-22781.6927696
569,96018.3789773,-228681.522993,382044.405328,-387619.327524,-622336.415008,-348136.654094,262599.615842,12446.6808314
570,118084.112411,-153786.563302,491650.403083,-653594.324591,-785891.457708,-162151.509683,137013.013996,119496.422246
571,349397.036762,-47619.9495825,373493.28015,-639028.872049,-615653.372681,-263877.401334,147620.010802,194729.672693
572,305071.946138,-226698.413324,350761.840053,-858327.66588,-637004.946647,-371461.405936,266928.931763,145818.582259
573,27685.6068594,-210968.836363,366333.153677,-750717.136155,-463500.686544,-497015.790288,125540.466842,180324.477658
574,54747.6156638,-91444.7582908,324113.515226,-817242.440704,-487274.798598,-294582.055281,42724.0797153,62985.3119004
575,11870.3241106,-92777.971733,243036.460139,-646762.333044,-803077.0617,-103025.275501,-120246.813654,-90567.8061177
576,114051.057979,-17286.4771762,28671.9192073,-701392.399857,-683749.617417,115704.294786,-105590.137067,-45536.8634752
577,304633.333118,-160159.240019,8111.97340731,-543633.595391,-808493.775073,209833.22659,-20086.8413644,168206.982236
578,271044.650834,-138129.116682,73409.0746959,-394177.430542,-750547.929852,-4953.08866558,-26996.4490021,99280.0523255
579,220497.923463,51646.7551315,308750.134228,-483955.287291,-508454.416261,-209794.07658,178584.923461,-22126.8947083
580,-87582.0988007,-132796.837813,127518.325371,-382850.09729,-597603.120934,-132842.648237,337319.81169,111549.295947
581,25179.9121457,-102121.734754,6881.21718675,-350506.129932,-698603.859291,-337929.800105,112118.532477,147258.054615
582,-19974.0166991,-75136.3637284,61971.9409451,-320124.509427,-478947.823957,-45861.3498803,34863.1716709,431039.837115
583,-36670.8598568,-69068.0913607,-38459.5876663,-335508.947361,-613138.705602,4146.80351818,172391.686042,329149.522829
584,-28360.2941339,144398.753895,-221162.778172,-456242.143043,-690009.758392,-201390.266199,5513.36432666,285270.019037
585,208008.932052,155637.756188,-71100.9332511,-360504.840474,-555591.003085,-188693.822516,-42058.5038636,258236.03374
586,140906.456636,57997.4836114,166612.551522,-543672.515412,-457889.433615,-364.338763249,-207910.988391,273568.917068
587,52114.6301412,78364.8584805,119755.077335,-414237.453421,-469729.913164,-207631.150583,-60501.3361223,380843.175403
588,109028.439301,148886.218997,45200.103227,-310748.511038,-244768.098846,-300482.642805,-71635.0626148,367712.235414
589,199804.013746,107588.941639,-165487.755006,-278366.210166,-71679.6695021,47266.0710934,-173757.761233,259528.264647
590,233370.086497,1594.43409681,-327331.051011,-253923.926193,8809.0871976,-24237.0343105,-40430.4835632,239532.82437
591,116350.86259,38176.1831876,-285760.950925,-219279.350658,-15013.7529506,17608.2326471,-284278.625707,337295.172654
592,74431.8750292,-15631.5167054,-233234.823998,-296570.076121,-53714.6013506,120971.576286,-131916.757259,248569.722062
593,190484.566666,155185.957891,-41202.1891512,-372763.934335,143618.16317,200584.327669,42229.2885258,308446.898297
594,347265.375644,185891.465778,7299.63871913,-391090.223561,105391.014975,185177.267788,-12173.3617657,191734.373644
595,608756.969134,231965.164002,-138247.548675,-453861.234385,22174.2582388,58219.3084909,-187093.184306,384007.496211
596,415665.966496,262936.101757,-51590.8625161,-398868.717334,-73887.1521822,87845.4863384,-144219.400726,392523.452194
597,461136.572171,252658.965451,18107.1426885,-523456.071292,-37967.1894132,182509.439062,-140922.68346,481259.009662
598,480242.245161,323758.613174,-18506.2501543,-453988.311395,54911.8473507,183436.432097,-234904.058139,555782.816503
599,661478.528822,186816.806165,1713.3264664,-267989.704196,100779.749026,150596.922394,-440169.974731,538792.917831
600,422117.275416,106334.282099,103952.217221,-305670.346744,86307.9892935,158424.156446,-368952.445857,398319.59354
601,257931.263676,54977.7658879,43111.1882052,-346968.277387,228757.85674,105302.749154,-237153.122332,292477.308979
602,226021.250134,154574.924192,27476.3084371,-284131.364436,142369.045364,262611.676449,-326058.083267,139546.605266
603,119968.098113,145629.787419,104871.439672,-231348.364179,181423.518117,307733.510879,-400291.954062,-71860.5797642
604,196771.451062,249690.233105,295537.398841,-20217.2474462,188264.161221,318365.270007,-147073.683528,158152.746092
605,208845.133388,172438.967166,193576.605068,47879.3162145,125130.973522,240841.561919,-110716.957083,236393.389987
606,5009.03032143,19690.7946179,-10941.234397,174082.894844,-148159.039063,198351.627917,86433.786477,352683.83381
607,-25743.7392486,24023.7031929,51916.1017518,48725.1642951,-260196.219701,280130.838472,319356.871429,156894.732397
608,41378.8445646,-5367.27537444,235545.347269,79933.2496974,-56143.026059,279662.144601,231498.751361,75910.8124089
609,74215.3835276,3891.25926333,210587.814223,69616.8785524,45836.7072363,288757.330271,271122.764559,-152890.555751
610,101278.837098,-222459.714868,516156.364634,262090.119033,-38788.3782444,278750.215676,79701.8838166,18876.2983971
611,210337.64477,-371678.969823,378880.649704,-6472.69858346,-68572.7630566,139479.421732,89516.8578113,-331749.132614
612,170865.017267,-422601.031411,225164.065331,149611.4813,-92683.341624,127168.385558,295258.439991,-324756.240132
613,-21537.369061,-506235.845803,246039.626127,125061.666461,-160198.937324,8513.90550394,58757.1202266,-368851.075065
614,-133369.834824,-342224.25006,-37516.3063291,91559.3609847,-103558.197118,-113949.500155,159574.83452,-192862.750538
615,-101958.732623,-79867.0568446,73703.2173735,241207.658263,57668.244315,-203047.749433,141661.605734,-88766.7486735
616,-138155.352908,159587.170482,62867.4803422,180861.403476,182240.864895,79162.6674056,98885.1484295,-67955.0803958
617,-67326.4316007,128.501148962,221201.927856,173125.006256,38593.8111693,88.7974601305,180324.094861,-153795.346066
618,79480.7544047,-51647.9722213,108583.162002,310124.056758,-220709.760824,-81442.5995028,415883.555405,-199297.552422
619,-72408.9662886,160428.674596,-31234.1541871,80622.8754992,-157291.10027,-245280.110191,336826.728764,-276538.230543
620,-72215.5014433,119908.245291,54224.0801179,223491.728004,-289589.919655,-273297.524838,283969.929659,-221736.291661
621,-127542.180836,194818.251701,17527.6009969,-13081.6330825,-175352.658643,-185836.900801,360810.574209,91896.4008679
622,-194909.033065,73997.2683083,-6009.77927187,-1054.38615553,-50402.0924765,-114828.586395,137395.757321,-97085.4837392
623,-43309.3004245,70479.2404295,123337.104505,296598.62729,11392.2801969,-191104.654715,45303.7799078,-180753.498303
624,151852.656447,177820.014374,-49927.7781966,223270.510857,768.338550237,-37893.9174194,-55566.6079921,154180.8667
625,14144.8794197,-62731.7253172,-54822.373744,214024.227088,-12210.5053491,-26118.8780552,-49622.0377113,8536.52567317
626,-13451.2064212,-5897.3211816,-257584.598375,242382.991721,-69729.0726039,-50345.8342015,-122588.273548,8122.45979297
627,116588.635411,31146.774928,-274103.417802,142258.275202,-104045.680721,-115487.819267,-250813.473739,-57044.6386397
628,167224.287096,92122.590154,-239019.142608,369421.889609,22558.0277245,-126045.72098,-426107.753787,15465.5394145
629,22709.1257391,36404.5209061,-335687.904993,220537.538458,29606.0718806,-265663.531795,-365283.841064,-143353.005796
630,-13577.5561056,-51908.396194,-131830.675439,220402.776297,-45039.0666179,-160194.537517,-495362.950514,-246213.272309
631,-84513.751734,241748.448716,-150315.581007,3800.18432503,-48213.9346425,-25991.0187825,-444749.868164,-38436.0412593
632,226227.480501,150976.641969,-248824.792585,-130496.295152,-59036.5893777,152030.890357,-100084.144332,15027.218816
633,65236.3139997,184127.552145,-92757.5596935,-160373.564949,-63157.3830584,22517.5595067,-98381.8159486,-3195.21589687
634,-8384.06404575,308178.024636,121900.365884,-141551.334842,72471.4196269,-19349.6689373,-59365.6348983,-31556.0502677
635,124151.957427,214643.949301,41157.5759257,9894.90989151,190535.058756,-45022.4597641,-18391.5155139,-41133.986398
636,48551.4579471,238310.478858,-138184.163131,39814.4653886,376007.843223,125200.327359,-230177.885055,-28124.9136219
637,68131.9551117,173405.006438,-274836.470371,143649.371383,475282.206953,70137.5324967,-131578.15776,-7786.69085703
638,138056.15623,233155.53118,-48753.8780385,166554.106634,386622.538085,72768.1118798,-193613.947379,-176420.297102
639,121929.286762,155800.859342,126775.91864,-50430.0379753,190088.303519,-158453.611959,-190184.84887,-214694.923863
640,374792.86196,337599.545768,-104896.045683,-69572.8557585,111799.517981,-88841.9251369,-165976.429372,-159028.689263
641,295335.69971,219412.353751,-112232.702719,58684.6996226,1993.724131,-93927.7348167,-221560.247324,-129389.687731
642,206893.867557,155347.267072,-138186.947866,174996.809559,-255566.598928,-165680.788394,-121298.6673,-17065.8008603
643,222166.754244,199091.552378,-367399.568925,362025.667383,-285420.095104,-198637.672486,-118149.992611,-34630.6709581
644,204661.319348,269092.828537,-305095.380131,97512.828104,-319125.036793,-148041.365485,-122911.217468,-208304.036441
645,224666.494259,341922.806465,-206318.580808,550.310485051,-111924.633262,-184105.684879,-237331.796998,-326967.585087
646,275164.943844,510815.322023,-243904.211427,99467.5645889,-236051.71455,-307538.282579,-176057.618953,-379857.639472
647,274979.537853,485164.804572,-354024.021504,417473.796613,-96491.362805,-339079.977222,-227959.717435,-292647.312028
648,292659.106652,171460.22099,-331023.555378,421726.459074,-116805.924606,-258609.752089,-309483.872046,-243842.004284
649,157485.446752,87867.9476617,-398542.156343,230107.089341,-168423.98501,-201086.964519,-166972.324815,-206129.133297
650,30232.0219393,345362.695701,-275762.477515,-87854.897976,-85851.4540342,-185330.966228,-171451.00511,-549921.247365
651,44582.4344082,364794.241212,-265781.525221,-126149.89529,-106519.355656,-479470.162349,-124714.807947,-351832.894301
652,117166.108305,411530.054927,-273335.006022,78642.275895,-79208.2421997,-518658.07577,-42030.9667667,-290324.696209
653,273912.328182,120470.917257,-266756.324117,192187.777164,-75015.0892342,-523066.955198,110278.475605,-234034.006266
654,196972.930216,88092.4668705,-234138.908559,126139.081239,-27619.1333917,-539373.616474,125439.464272,-374037.705307
655,77266.3082092,-14305.8546585,-78107.1924319,-103245.060981,-1187.81474449,-641015.746451,147662.008351,-399490.893762
656,-138004.669912,-23149.7750276,-113333.237271,70399.4998839,135806.559331,-545506.895713,102303.849778,-381392.514342
657,-168388.946302,-63194.7026659,-54336.6456148,176188.841805,187153.671969,-262243.407861,-74321.4719137,-363415.522836
658,-29676.5805551,-152782.202779,2037.45181042,-136838.119963,185220.643881,-115224.570375,-152894.916188,-147700.055788
659,104959.336162,-67755.5580183,-177187.086025,-289691.042119,283952.158706,-227963.712658,-225292.488047,-195774.140397
660,72076.4560744,-37398.6257164,-185647.121837,-246228.247756,149670.934621,-140256.206424,-80509.1858141,-109168.512894
661,47533.8524134,-66404.1856091,-158459.9169,-317460.381023,62220.3571429,64610.7501739,-83632.3431471,-44232.6819162
662,-36798.3119012,-274677.491503,-272747.526966,-489026.80285,80105.4531789,127578.196917,208790.136417,159439.20356
663,-53352.8035331,-131240.479543,-172896.183546,-399317.094208,134500.671432,96656.8982349,276169.024567,35042.6048552
664,-43856.9440416,-63110.5835145,-195394.948571,-121083.712077,128105.384892,-122022.623737,45448.975263,43665.6185408
665,-63411.6560198,145637.695845,-253348.880747,-114213.355625,256076.769224,35556.1751933,-81170.623527,48086.4098802
666,-202629.032008,7966.26020942,-267675.50794,-185048.375963,324003.511152,-84116.0846072,-127104.656317,-186024.522584
667,-84802.1388658,79279.8411932,-354849.59914,-145410.99533,250976.647307,-288279.444441,-178135.670728,-172963.248688
668,-78430.639976,106178.85232,7143.5723647,-64313.9165579,240106.871377,-199554.525332,-368341.812272,-206894.906822
669,-191643.722184,3712.01841156,8394.0593683,44137.4655506,290148.682213,-286314.901296,-357097.682187,-57135.540226
670,-57516.5611062,43701.3377548,-316751.44749,119878.24628,256058.800139,-262989.082862,-104241.059643,-112916.214599
671,-183740.624687,6119.99961459,-147564.266405,179500.237382,253760.514987,-264106.393817,245955.432933,-210796.407566
672,-148919.653638,-46595.1967733,9865.14185414,16929.4246891,86640.7787611,-177830.995938,178459.429346,-338116.334207
673,-146423.543199,-244671.089165,162031.264636,-144516.372823,68849.7521677,-10564.6957679,445778.665664,-320353.621881
674,-139538.645002,-222709.791331,224120.281511,-3126.30950898,125923.822785,40843.4580239,541110.760938,-173442.001689
675,-189832.522756,-82983.8127157,176898.61752,-202007.59955,303029.592764,23504.2023729,505583.393536,-63940.3586415
676,-222949.205083,-231416.123793,360073.595434,-148734.809442,96628.7937129,83880.7247278,412134.277395,19806.1446793
677,-52251.923304,-160375.413411,423602.382243,392.454690179,-57856.6781106,237642.104623,219886.339996,-86113.0251445
678,-172437.049771,-247906.793366,408728.560466,6347.39945356,-28907.3031268,250343.585746,367216.404008,-83168.3149588
679,-33786.428346,-210020.596632,409089.097102,-47265.6486429,-137754.085688,267633.979246,578297.907944,-23126.9953969
680,66156.9756245,-215102.549207,89924.5852423,-25988.1666614,14602.8258327,207028.703219,471871.983438,56006.0965337
681,-349816.832991,-397994.013024,165441.467589,194924.282083,90510.8888328,104523.808514,468157.942398,261289.611937
682,-288244.610862,-459813.819505,-155606.355068,192024.764061,21681.664195,-40660.9526516,552457.782258,37124.6000589
683,-58398.8081732,-228311.601378,-163646.131281,335754.864924,-87925.9832073,103314.862619,472058.84313,22932.4181519
684,-78347.6739269,-343570.291484,-54232.4020549,196646.243908,-183496.006403,89096.3568498,424317.851588,138350.84077
685,188220.811696,-180407.922811,-39751.0491557,19947.4674495,-154432.394153,-74642.9602694,490999.555745,41280.2812938
686,63225.9032993,-215982.970861,-85719.011509,112299.379424,-104454.238238,-152671.21088,372901.193757,79687.9046057
687,-162179.796488,-84508.549047,-271969.441804,-89306.1969899,-294785.075234,-166655.290654,351038.319205,219432.164809
688,-140236.031583,302906.154358,-239374.826985,-149145.80539,-187415.022048,-43597.6581424,182525.118981,339018.446692
689,20708.0732179,398582.487507,-128380.189909,-9012.24416022,-327771.257212,-68713.2853933,31645.1661084,251596.737106
690,-256995.238729,177130.064635,-133522.609862,64847.7072485,-93490.9176885,-233718.606363,101552.574172,308177.13675
691,-172031.945173,74738.5414214,9735.64633816,-73966.3172843,-153949.806528,-330072.788793,93133.5379752,264291.931341
692,-189488.183321,184577.334464,-113913.883794,-32814.7744661,-287710.198373,-321795.43481,37955.7795989,229658.740592
693,-376978.150501,170682.10727,72908.4051875,306612.784909,-98129.1822699,-276344.018425,246004.760357,108637.285497
694,-457850.451218,280521.308618,159898.234725,135618.599084,-44577.1798883,-154302.273908,292509.132556,-51596.1151706
695,-307179.265079,367301.880877,92094.9802551,161280.858358,-211171.392893,-43919.1658293,270183.940048,-114871.725057
696,-225162.241766,313176.574171,-28067.8065621,120151.680065,-234808.794977,-140438.923433,68659.0084424,-75961.9485374
697,-264530.666593,374548.423934,52981.024435,191026.515459,-188179.51267,-194323.138173,67597.980496,215489.128441
698,-195191.163739,324248.431152,-130057.295271,234619.296751,60276.8414315,-191765.902785,-43274.8741945,188753.941339
699,-233790.380239,321928.209867,-106185.633895,177687.938853,165696.883168,-289551.614182,62496.2498667,126066.695301
700,-206732.060426,156213.419382,121337.51168,268658.196904,239421.09987,-290412.527935,-93901.0523747,-71279.8170025
701,-120406.449229,-90009.9212608,99910.5668325,295610.918702,259880.362402,-219832.502619,-338069.590724,82084.7258603
702,-152324.420699,-99673.8226208,66145.0974746,301319.218716,178463.362568,-246439.525092,-64270.5588109,-41011.7914518
703,-249994.390017,118636.25109,233918.431219,436080.710958,172263.737453,-244694.724752,54155.9740991,-40643.3142122
704,-42079.0062389,-65678.6963858,41274.259302,340377.443745,12198.2539959,-139587.854625,113725.772529,-8556.65038741
705,179553.150564,-7642.79424091,128446.145988,142399.791565,15691.2571883,-139948.509027,25246.887925,94957.6622639
706,131978.778155,6314.93059619,33850.2455629,175217.62534,-190298.979235,-13055.9644588,24555.7809257,69757.6825168
707,42327.0033653,78484.7405632,-31738.5242408,362647.966114,-94042.4077964,57383.5998524,236836.061424,236859.309525
708,6385.34254105,323067.584846,-106957.22898,455257.646721,-94568.8512484,10990.5238372,423374.162655,111911.48391
709,61183.1420833,309972.81633,88210.7550619,367365.783178,43512.586142,20714.1706784,449062.803441,-99670.8682534
710,50590.1127205,350864.944835,9911.58480011,309689.7403,150690.201677,227407.47737,584124.75035,-32983.0193942
711,15721.5065795,220813.264826,97537.9362045,81229.9848945,106700.717979,417649.748475,506792.064124,-66109.9446247
712,-11996.8443676,125781.998914,609.251888675,134750.229999,157260.88769,431929.761164,376243.80374,-187680.776898
713,-40184.8452608,394041.50291,39963.1754554,295254.97917,237926.308693,259305.22847,278344.21317,48449.5262677
714,-283474.955144,29461.6106419,328182.726767,435497.968194,294079.438849,271329.593376,226394.291339,43623.9534346
715,-432269.840219,83277.8234249,368067.928832,303929.781961,202826.892735,176906.58332,325501.795814,-123474.176941
716,-368344.394065,71349.9359068,401464.753381,188058.342843,50184.9780699,309705.263078,175563.199653,71823.5555645
717,-229935.864949,266853.374908,277278.285321,31456.5792661,142720.545529,328305.259529,195887.319397,107875.925647
718,-100684.670074,367937.712441,216279.342009,39352.3573611,430236.080098,529271.371519,-34269.9322348,84060.1767049
719,32821.9312248,297938.21642,141770.528601,-99903.0295092,580627.465048,521142.388314,-3095.98659801,62014.8708883
720,126430.941783,547310.294484,119856.186397,107843.125898,383408.634351,352900.813184,130232.809336,-22545.9473252
721,-117571.69497,601310.550897,40262.0788519,100437.856962,460961.207292,613254.502248,169961.327785,-68923.2658819
722,-150853.635844,556216.848206,-74836.303065,36934.2835513,454690.454483,625065.014198,236071.556284,43959.4803111
723,167913.577158,380346.876633,-78487.8560931,119600.410962,394200.398916,630921.966278,-60771.3112685,-195154.193614
724,390573.995213,307616.586647,-8431.05398046,159321.981669,235312.976147,645509.413231,-42381.2757576,-128702.839436
725,241285.551241,348000.036457,-115113.411441,280578.627351,153169.681991,617682.554505,147914.487616,42281.8636768
726,154848.95909,576347.910151,94620.3367344,357374.959076,174984.757755,554370.192091,247910.050559,207505.349101
727,233773.014063,417217.344025,76464.369206,355829.09831,-79537.0638441,749716.160842,-40986.5530808,277693.423506
728,217955.02456,48446.1290963,-30595.7977131,445367.249008,-38080.7778483,524716.623944,-171459.715523,21322.4889726
729,184631.395081,154359.036116,1141.32818119,492571.140772,231733.596325,616315.441699,-272822.807755,117215.108706
730,251197.355312,217594.318846,-181314.021364,301205.632034,298834.337056,701002.233202,-289385.44681,291030.749043
731,359068.091569,213693.639274,-288771.117355,250965.475548,200591.369107,573959.469592,-186534.760567,192971.675515
732,444214.060519,422407.147537,-163692.180946,169954.786071,275120.1426,506900.011337,-283843.229661,229613.669618
733,587950.87332,212538.473759,59204.9207757,215565.438617,363330.466317,666302.049304,-226402.127764,204755.811115
734,406866.074859,184901.485428,125469.94402,160031.460158,183594.577349,617660.59665,-159492.049768,167649.217361
735,249133.547387,209148.480548,158853.124297,-17576.6966241,225423.791364,547266.310987,-313235.468954,248901.771906
736,63745.6977417,266121.841055,343984.256563,107157.034632,358161.61928,314752.254787,-251067.524341,81926.5687281
737,25285.0289885,34991.1428089,251661.509372,65391.3288055,402922.37725,324252.00964,-208174.436502,252641.510221
738,300303.397669,-40949.0381029,281464.94895,19722.3962272,247117.756502,423093.486215,-151701.521647,107522.342054
739,262915.871459,85388.7530266,268727.640389,-29079.7416775,405091.387263,558268.441036,-247850.56945,121761.216174
740,271274.39041,33371.7603533,264462.430854,-318361.770635,528499.532751,586280.314734,-152693.750268,73416.9907543
741,140604.705098,170928.983301,383100.118402,-367007.151211,588682.341609,507798.084311,-77153.0125665,113005.65419
742,17778.3053194,326429.918753,421327.393772,-201320.408608,307072.0178,409770.740645,207820.918227,205298.389858
743,-250135.990826,193116.512338,180642.094713,-132814.01836,206756.863398,362998.443145,67322.5338639,154191.089286
744,-136320.3267,140195.091779,235161.840444,-90674.9235766,256960.237164,476862.642623,136541.131051,161224.627958
745,-5739.31510714,106528.850198,361881.663632,-3136.43328942,256845.144209,544467.984562,-48312.1505308,251810.365945
746,-80124.3401357,-39664.6880696,465170.34267,-216714.606036,176849.770592,500948.632242,-55619.9273195,172049.912992
747,-221874.602141,-85446.2902448,438967.176357,-404289.378406,211513.289356,469402.093085,51503.1520184,-7420.90594232
748,-250643.053232,20312.1221205,413145.498053,-181226.962518,204935.682443,250174.924097,-130474.382023,-47167.0535682
749,-290845.795047,-233027.866353,314828.970505,-281092.248773,-132268.642296,240438.867787,-11573.1054493,113653.079515
750,-84897.9530273,-51076.2868092,169194.666446,-73758.5168963,-136144.322672,328512.708337,241817.307952,234247.793115
751,120422.582343,-67427.4343826,3585.51367925,-71945.7120155,-41474.5640513,543042.290262,166631.849655,355015.480422
752,154824.785522,-262625.742192,45985.1185711,19919.7245388,-37271.8679864,350620.149039,139191.5047,306317.835305
753,134060.394971,-354952.065617,-200704.043754,-66992.1135276,98047.779938,241443.330103,323163.410287,406540.176224
754,154861.919603,-247602.507717,-83604.1972,168623.977253,145643.326038,343778.842267,350664.179069,302112.165027
755,79396.6762977,-295495.908474,167316.931955,324748.893131,187645.567339,239503.884199,266075.70187,302366.756774
756,-20074.994935,-182769.184329,267457.160844,274848.046802,80104.5026399,153112.619573,67261.1871652,285260.82566
757,-24805.9588295,-255262.487424,363772.450293,137861.78608,16715.6340367,330975.454123,-1728.61542539,99304.3790791
758,-96971.744619,-180091.544258,214513.461233,-60593.638964,-104032.729122,379875.26927,232185.886881,179901.457112
759,-208140.43746,-245145.922297,154555.128827,-326979.608077,15119.2490076,210035.776066,211486.213304,95877.0866854
760,-224323.17554,-140802.816376,80956.0032067,-236791.678111,-39604.3557035,271894.642837,227122.705915,146716.922275
761,-321582.737349,-67531.6958988,106908.542951,-281937.18466,37619.9152829,114370.295706,298564.372383,161275.690245
762,-114900.725951,34434.178176,44575.0948236,-64695.426503,-37259.3162124,82494.8485252,406955.686161,289072.353416
763,-138858.950716,111408.337853,57309.2618502,122569.038566,-9740.20263783,59795.9036619,245672.511833,327457.749288
764,-24656.2044754,74218.9299508,47777.4787996,-94484.5030105,75508.4454346,360788.551845,57479.3201642,334576.582449
765,136301.514485,83229.3694676,226158.907856,-144774.280575,-32373.7131964,173323.268228,158938.933104,393770.008746
766,132610.030461,-104955.002402,204247.853029,-29007.3511337,218805.065273,245536.85926,185431.908396,33546.5287511
767,-30504.5505532,-41381.2122364,153126.918894,-155963.466961,173459.049649,206072.254608,81925.6733773,121689.790558
768,83368.1258043,-284916.377686,40762.7655549,-122924.491382,330230.89334,111651.64933,185722.692574,150850.062503
769,-229063.560963,-212810.33079,43317.3115026,-90552.8957674,304410.099431,224830.14026,314849.394963,159140.802229
770,-201685.519857,-230134.098653,54746.7101923,-139640.661215,259179.297301,15113.2906292,309099.795637,78783.1028564
771,-253904.78069,-40039.7648132,-24958.7179659,-105661.820699,176870.176141,-2369.10676777,281860.207029,337454.386338
772,-184612.162585,69904.6207778,2257.07357777,-200729.058822,307267.508526,91654.1227363,546991.253624,274666.808894
773,-318707.599986,3857.90231231,89856.0554599,-288725.952393,497333.403582,-18370.4402579,536430.465952,547541.179939
774,-629555.737544,19897.3494474,46100.0196598,-169720.85501,579449.671834,-249796.693638,672185.793205,404390.887459
775,-505942.785973,-162749.906886,43199.1500605,-13476.4426296,461914.544243,-150142.853558,641264.991012,239632.976397
776,-445817.916856,-201423.682924,74389.0305752,100062.979709,387935.693536,-264863.111342,682034.858831,330661.616268
777,-296385.737844,21864.9234051,251968.119726,197154.679084,298097.844439,-132252.387023,535919.851226,269217.793633
778,-286984.924975,-6412.17942271,48989.3904674,109094.531015,319539.302039,-14454.9400683,658447.635729,189632.958208
779,-389314.938076,-128049.15023,-40044.8196578,86417.9728232,253746.16559,157787.73013,418850.973435,-16457.4859355
780,-110904.389723,-31522.5734102,116025.598993,130932.539312,294817.305687,-3719.61955715,531886.505437,15092.4799723
781,-101350.403296,135340.857454,44503.9000476,137773.912087,105313.632287,-108834.70307,388817.117998,-43721.5540605
782,-242810.476153,-257919.874276,-50360.6532933,171746.888137,129112.831893,-2099.98187345,490496.610303,67686.1437351
783,-428652.822804,-236631.218529,-230383.466226,193461.931173,59258.9169144,218983.583096,448929.288796,94976.7797139
784,-462170.00848,-301208.689642,-300580.056038,246481.322999,76108.4464355,182444.111757,352267.284378,53873.2328366
785,-219633.477841,-399780.559153,-21679.3380585,271644.819786,134881.783769,145872.06363,476700.3218,-88387.4184705
786,-118214.864993,-348688.226362,-26302.0517217,37017.8416607,115847.20864,260755.564354,401215.739717,-124880.382794
787,-143590.293117,-324638.069261,58564.3676616,-111130.896748,170216.711407,247903.626607,172305.494098,22992.044662
788,-57298.1212226,-241306.335526,40764.0324367,-359409.613621,802.951476201,407281.007487,235977.12258,64724.855209
789,37732.039126,-349779.16723,-37409.2905251,-255877.497652,12302.3949684,182638.605419,279262.512222,143580.148953
790,108959.439725,-211034.423025,-200566.397588,-210092.715172,56008.895655,65753.5052943,47403.5892588,124430.730807
791,50786.999507,-107358.532653,-297869.117812,-181940.307012,-6749.77325191,-18336.9208291,245283.639544,62848.8408026
792,-148447.598938,-143992.081869,-405259.649178,-343.930084869,-21478.4864128,-114592.768024,-2707.20878329,63568.9547735
793,-12047.0283313,-169776.190409,-562310.301607,-92726.8404473,-5671.40176297,22107.7194436,56226.1816077,23914.0367606
794,-274557.820493,-149076.209815,-366812.480932,-172146.896361,-87188.4323182,-169207.250157,5585.33156159,-10000.9814586
795,-228044.206142,111696.241456,-342782.521128,-144634.701068,290757.815859,-81668.6168118,-36181.713849,172275.285754
796,-243151.708506,135751.943453,-274793.65698,-7006.12736132,94604.3940177,-195533.153454,-1690.7000395,249284.830506
797,-273955.690456,64521.7604468,-255412.598403,70062.6090827,237907.187238,-169659.784835,7432.68947417,199960.495099
798,-277429.418514,341807.875742,-254779.43542,-164915.089314,217376.707363,-177735.154007,133497.801491,113936.919333
799,-245950.058002,240251.307476,-264829.109706,-232170.898854,89896.3756435,-184315.599044,52885.5698816,45310.0918003
800,-92401.4773677,27958.8231488,-12686.426066,-162004.778717,245664.968144,-192535.578302,67488.0211177,59346.8735611
801,-197662.862973,-2320.57091793,12030.1831187,24251.8050053,53071.2537087,-123853.040982,54711.9685911,244574.732721
802,1311.97224757,137066.917273,-89426.9977945,215612.628179,-23344.9704509,-78690.8668953,160324.58833,135907.276969
803,-48629.5144523,146728.795369,-140907.75469,403893.27633,266149.615085,43035.1832096,71110.7975482,247186.59576
804,-31353.5194136,186309.666438,25833.2832499,522219.240555,207047.603767,-110448.301374,-40520.4536552,389121.288951
805,13354.7901944,50998.5234416,63170.7117425,504546.065066,33218.7038467,-75308.6978714,-23358.9602082,494919.732563
806,80968.5527576,-15003.9601989,-158949.394246,594392.629628,-64226.7421423,2089.79478623,-182159.939625,372495.743809
807,127283.751527,-127483.620982,-171340.097831,555833.955573,-162263.894327,-186175.411175,-281521.547246,305385.13524
808,-51427.9488415,-256255.216979,-196222.007797,441413.671743,-208100.039079,-86448.9502295,-303855.796162,367611.29654
809,31439.4815493,-278684.614196,-57916.4630823,423268.099442,11154.6300716,158590.798283,-349700.89895,530633.568155
810,54237.7743401,-346432.196049,-206628.696548,151110.202535,21058.6932874,-111372.356494,-403722.572211,211755.281428
811,85868.54466,-387583.990483,-257042.423067,150734.804278,18551.9791842,-87261.0454974,-275277.28102,110458.00792
812,67612.905189,-610343.148108,-122465.076386,174114.628533,50131.4082376,-203887.796514,-210098.681592,205088.020256
813,203264.877745,-322314.680262,-219888.382268,347475.772042,-72858.3959992,-231853.958489,-307336.739085,74706.1565975
814,61777.6504515,-188556.385421,-103061.722269,441749.417704,-50534.5304066,-63727.4942125,-498999.328465,-108736.265527
815,-31481.9352204,-131796.697715,-27482.9371264,56092.7159485,33841.0781858,-152422.51041,-254345.756952,-13213.093753
816,115799.387192,-16975.7752473,-5965.0992988,-36063.9020489,5354.57205864,-222563.571749,-238684.906872,-70353.2326842
817,32022.6795141,-9841.56553132,-139832.870873,278178.90282,25254.9717763,-31950.6746262,-215217.580991,-174843.933986
818,193766.985055,-101175.99079,-253291.643317,176528.35139,56330.1176361,-53552.6935518,-242252.205088,-282909.909421
819,387871.246003,-194263.4633,-192071.061918,120485.2581,125936.852567,-43047.0774315,-263961.959213,-170454.487486
820,591188.116828,-227572.188435,-146373.809093,151271.049476,45358.5536495,-53954.4601636,-379388.004333,-120361.431919
821,422522.872426,-59624.947442,-124882.716556,104397.570287,49702.7327554,-301303.57145,-380595.825783,-98239.9089515
822,497454.627636,-126232.585199,-210541.352208,-28479.4170203,-140694.062019,-300574.802701,-344195.764212,-20065.2649155
823,369433.825374,-109662.973308,-175950.184476,33010.5002458,-376871.586439,-244186.811717,-254829.034507,-29865.25906
824,295220.647184,-271479.115365,12240.1033848,-207990.454039,-475169.686467,-37391.9318647,-262116.003245,88679.4829817
825,219048.303453,-295837.07811,-82089.6959377,-282037.993707,-390890.448359,-53400.859618,-28960.1841669,17528.9421557
826,238164.590533,-135583.150874,-435.996045437,-333440.735426,-389225.967451,-20545.3808882,-22244.0864134,-205657.385258
827,203190.086313,-95237.9781099,105514.630662,-185074.268301,-364184.46196,-32368.237195,105665.832693,-101819.233207
828,212936.23317,-20434.7932568,222601.19594,-206035.816995,-168177.135111,82577.0974628,49625.4163631,-171789.762011
829,186983.673934,-187592.778634,145383.338277,-173887.182156,-204784.006432,113576.752864,186360.720909,-202583.452959
830,49145.8377759,-314034.907996,68400.108697,-133977.561156,-179404.321387,56464.7273005,223298.102749,-213177.719198
831,151665.415063,-312159.564649,15961.9691597,-204844.679273,-60724.5081016,72006.8922634,200760.688804,6409.7364113
832,300727.7946,-193333.997493,70533.7074079,17883.2946569,231358.743605,172158.200911,70853.0951528,-101755.325723
833,298226.502187,-349240.244261,122489.352072,-28607.8236641,256984.915301,228656.184589,150878.564999,-205032.152384
834,260307.915819,-335847.938047,97119.4034032,-79234.7748597,105637.226148,379771.949178,164643.232619,13705.3796845
835,172080.88411,-129568.25688,37619.6779402,16627.6187406,337525.801685,307206.108147,110358.645304,-128659.872455
836,178172.838652,-178184.910278,-39758.0818208,23142.3188795,305317.69418,141064.913405,231718.184613,-192126.020872
837,71185.4318839,21701.1774406,94606.6746079,-241697.49488,196843.285225,268234.147536,74911.9732157,-214084.371537
838,112198.869904,186614.452648,81756.8065936,-297780.19478,271192.048816,225922.889135,51224.9337599,-290498.563836
839,256163.95807,114424.09184,30738.0079474,-415176.456494,264717.76297,180586.910548,33593.9596107,-153528.987275
840,260420.604985,89937.7096503,126411.026529,-268431.541458,180470.733001,122994.21924,16377.8827981,-152641.489792
841,336241.191554,-53762.3865149,133508.11487,-74124.0345413,71232.703928,104439.078107,-79314.4953683,-503403.208888
842,465865.542534,-42765.2617521,262673.350907,66118.1928964,23279.775839,66347.7834751,-32535.2686458,-559470.869771
843,496103.937509,107803.146204,324901.040217,33495.549536,19230.8708439,96507.6424777,-133898.564054,-235543.079119
844,143973.664562,283446.153701,327561.943079,-56502.0282795,60584.656798,-403.757216509,-108594.304531,-149839.927722
845,-104746.964993,126266.512276,322578.65914,-61119.7951123,32160.742233,1690.94010108,-36043.4997713,-133524.552519
846,19453.0008082,243946.074392,223996.212263,-68091.6973505,90824.6651118,82105.092007,-211727.254248,-61081.3320468
847,-9227.9197257,36963.2105202,183180.585131,-197442.033822,226054.751771,158880.29922,-144796.537724,10113.9326815
848,-13724.4881965,269586.29888,221146.069782,-250154.040712,117460.457073,72693.2659506,-370028.69909,-147963.295706
849,18099.3018,280208.810702,193516.516768,-350022.898858,137459.711528,119551.253121,-196401.58761,-209843.425833
850,-81306.150789,165069.015505,166255.866697,-242814.823323,126804.106212,141387.068002,-262827.338028,-113539.732392
851,-195944.817949,91971.5788911,163870.336416,-371202.881037,263541.891774,35711.6777254,-138159.755314,22821.6909463
852,-109304.389797,142711.195791,149923.849156,-586698.99252,314942.976263,63626.1577728,-170058.753818,224703.313899
853,-67808.320797,178833.369902,291914.957772,-635534.722276,237118.338904,-107330.434309,-276331.642744,217810.880969
854,-48715.1206217,285814.879372,198721.328109,-422283.565817,190720.590039,-279000.520163,-242416.870958,324496.128822
855,142873.624807,230888.384182,110032.849546,-173080.194001,17470.5055147,-324806.801978,-270087.825879,260498.542464
856,48501.7783085,105436.488322,113695.049081,-47321.0666288,55245.0705044,11055.276503,-249851.610951,363230.311143
857,93059.1726695,-65798.7027794,14020.4458232,41374.9516677,120229.177111,120257.911613,-354117.446185,392114.686154
858,119548.319017,-119556.416096,352393.246363,-4850.06133508,-34402.0369465,4679.9466289,-216131.63407,384417.446211
859,198523.058385,-278298.547474,151556.716287,-255890.92004,-47546.9222672,-86503.4408936,-119754.21961,257025.297224
860,352649.922275,-147415.800643,61294.4227288,-197310.375827,-7954.31354262,-217392.021538,-88585.2521519,268139.515431
861,412114.822517,-159361.174039,-65205.0562378,22984.1311308,-36438.4669618,-261880.02676,-52879.76093,323622.91793
862,346650.172741,-227785.819167,-92905.1443256,148540.918446,85623.7501964,-311593.652743,112469.244473,271664.044763
863,328757.960723,-96888.123013,32513.585531,62725.6089204,142013.222679,-345224.501607,60866.3512546,141966.764005
864,290441.777199,125264.110647,121902.680193,311847.2429,115025.202749,-167606.544582,114459.519748,189687.285283
865,257559.909715,114121.254139,194652.954543,118207.064392,62652.1244095,-149102.835318,-51224.6668032,234203.913547
866,117393.380168,-94421.5818533,229355.759985,-129975.799211,36405.5517936,-33886.5676621,8463.19432561,187993.153626
867,145814.126256,-19881.8358408,338912.943491,-167069.731428,46791.1328056,-229841.57194,76021.9504457,-136543.639082
868,106796.040549,300512.544421,503896.988055,-195711.079383,-86164.6528725,-427778.300987,199903.70316,-53639.4277288
869,111134.207526,191765.857705,368612.573401,-112100.616503,-115585.616281,-308075.043799,103212.899567,20101.3326545
870,-1799.32175488,-166417.88994,372758.901666,68106.5889837,117733.603216,-471707.110102,179617.967585,14164.7939788
871,-58591.3528834,-60539.9167874,439716.859947,59795.7034089,193121.887618,-483009.421627,90130.6035327,-20942.9262284
872,-26309.5061238,48048.8070224,482464.670944,61643.1089275,286091.372385,-303901.204942,84522.0789992,-158505.343924
873,10105.0711354,43547.2447917,423327.48574,152814.853262,332108.989704,-169522.983367,140930.736871,-181848.653048
874,-2161.19927635,137704.918401,349317.295182,186432.417597,291596.60993,-18939.4229715,6581.86802819,-144842.760451
875,-79480.0669351,37176.340365,350965.712778,191717.173216,240198.828584,-87414.4530466,134909.781657,-362420.870495
876,-64260.9474691,38485.9757037,394882.36977,114232.305519,254646.982395,-332389.616121,202637.322823,-594534.634258
877,-151114.03147,89608.6738015,528328.061318,-137461.462464,33565.1327108,-427200.251631,216454.8639,-663196.860657
878,-180235.080051,235363.276972,127851.734447,-33037.9919275,25334.6223888,-345049.292772,105129.352212,-481684.032026
879,-280564.419261,147419.774339,-41221.8317957,-71885.4942301,114588.338516,-211538.051128,8193.6413609,-283664.558416
880,10291.7842255,246098.338326,49373.8826515,-1944.13624379,-137797.865782,-180291.169771,194163.572556,-268947.536479
881,-92447.2010403,288071.35548,-40524.2414766,27922.6843393,-92022.1850473,-248007.647588,111053.337803,-14328.9665314
882,-225609.477821,381274.607534,-145393.559426,235475.381634,-70125.1280271,-176281.516023,10975.9363391,-185421.392459
883,-29451.625598,161050.835058,-121938.216457,167520.101369,-115347.103979,-489389.480232,81089.407327,-18647.6019661
884,7387.65401718,66711.3549832,-257577.761098,388342.9641,-58646.5464651,-467583.313601,19395.5934828,-50318.878537
885,-158113.557997,174540.706018,-295256.113145,383363.557386,3599.37214821,-401073.845084,-150273.527301,-85210.6584366
886,-322301.881803,112192.545072,-413833.204742,343208.526415,44168.35848,-308357.697999,-205337.605876,21454.3703807
887,-228036.103078,-80645.2916351,-265499.45641,526769.196087,74010.13911,-137179.650248,-2330.01217382,14878.773986
888,-374131.337097,127978.454299,-68346.7217122,369366.810762,-39466.6192425,-404179.622023,145071.553713,99877.5845065
889,-221012.268771,41745.7695743,-50569.5570755,197172.859416,-104787.792027,-197490.910343,106187.633185,38129.4705075
890,-299170.265706,189125.204125,93595.600874,276500.008871,-159200.837229,101494.383911,47749.5446246,1990.79098907
891,-235230.71519,386477.805707,10513.4566483,275693.632885,-251773.98007,-109010.259442,124613.431841,-21931.5074574
892,-220710.571106,394163.167874,-1020.63783214,98063.8873004,-377604.749142,-66227.4604222,300947.856898,182665.96252
893,-162995.035554,524405.596582,82428.7496568,-83571.7984518,-411628.843293,203232.185529,286227.403178,124376.562523
894,-168535.404802,335268.55327,66939.7172977,63053.8702947,-406685.418682,217053.374785,-87211.2675586,187368.11345
895,22545.7829831,249881.727816,-60108.7005167,24353.7223242,-207276.706942,214232.307571,-1227.81201608,200177.769975
896,-55530.8249007,223123.426324,-29403.8874974,-104086.010516,-396149.649782,42834.3137775,-26033.4282287,207546.54263
897,116407.390927,440565.161639,-99053.2970203,-200100.845453,-313748.05814,96663.6645416,89536.5246794,290529.460289
898,122182.750302,508744.373145,-102267.964701,-140889.309,-226610.707764,-37023.0527969,84279.7276428,340902.123123
899,128387.801702,302862.802476,-50737.8229756,-33852.7940396,-240855.935866,-147294.747254,139844.025321,446063.028747
900,-31694.6976149,302960.893072,82410.6751622,-217216.758112,27473.7747785,-248624.483607,121312.15909,265366.174968
901,-6252.05249438,103128.003891,-117370.436426,-31153.4840451,-171819.457599,-261957.342752,147522.146275,377429.905222
902,-58629.9478114,115409.235516,-197085.597678,36859.1750329,-189536.463408,-667917.407525,183514.730474,371401.232901
903,-235478.203774,195023.714666,-28251.5165437,-53519.3760236,70250.4355376,-468541.534021,122701.140332,193546.170155
904,-315606.417697,23465.4291671,-153565.098984,-220710.762684,-132478.172558,-419704.820593,134323.582494,114514.08699
905,-350396.633033,91619.3904987,-232125.162953,-196728.109603,-284019.004521,-390546.159936,-19190.9940494,-97186.6522984
906,-357071.934157,70590.8179993,-179920.052816,-107476.483025,-97127.1791004,-383037.401909,100780.420562,-118770.674361
907,-327766.773287,99639.9941685,-395844.565153,-300215.301845,-70812.695863,-302030.067777,52844.5622926,-114104.060918
908,-382749.231932,-48308.0254267,-309016.757252,-439734.443871,-24537.027598,-222678.314394,-14045.995822,-81121.0952383
909,-314590.036008,-162097.233669,-273383.98659,-274040.359466,51026.8595854,-270379.327941,-35221.1605603,57126.4867312
910,-456655.591367,-279695.500253,-241123.400533,-156512.190877,-38583.6946618,-233966.767938,-89941.6104758,-3089.49319049
911,-531454.440037,-291793.031572,-364750.954614,-221346.853871,7237.15421559,-255329.127706,-137005.667674,-15465.2787897
912,-519271.150342,-42508.7192922,-281797.575399,-301350.256028,78425.8738927,-141302.344587,-288200.624732,130610.174232
913,-687086.846751,-3708.44440723,-278906.551299,-364897.628662,198680.492191,-102644.399748,-151554.93189,-72339.3174312
914,-291412.054946,-97306.0421196,-110715.585542,-421871.645572,415991.219466,-46558.9997314,-6694.64601195,-91352.7003339
915,16732.6322562,-119142.758563,-29771.1086906,-324415.145929,367701.412961,-123919.596565,52410.3734262,-264394.544932
916,-85274.921086,-170447.151339,182203.651683,4331.83293592,216614.220403,-156101.151386,-57118.6727307,-333073.599462
917,108875.631979,-313626.562403,155107.566689,61109.7442005,135363.941754,145502.794859,-276111.568501,-347433.695087
918,159736.196336,-424054.420656,241368.049777,108576.336839,225418.090385,-45375.0065142,-262872.062834,-221140.146139
919,19259.8344192,-438549.937419,202255.290021,164826.284412,26874.6553985,6339.1134686,-191828.459445,-283440.434729
920,109741.870017,-304893.882225,72847.8955318,202483.918896,29230.3511,-223204.527248,-199352.1663,-192971.410603
921,83389.7011681,-317963.019713,-4414.64837987,26810.0368115,286722.703465,-98538.0978979,-360829.155607,-206116.378638
922,213821.241793,-328611.659718,370110.234068,-117098.717846,202509.878827,-184625.41378,-347579.121766,-217002.064306
923,434574.870208,-493279.115597,175665.223072,-92084.924521,-22513.959784,-187220.583365,-193867.352988,-175674.859397
924,284328.144735,-634662.295937,88594.0930922,-23454.2551367,-327297.807786,-87949.4873624,-29201.121635,-119695.704968
925,261123.555148,-660275.755289,141976.152364,2679.08145367,-199462.046912,-89940.1376964,-38143.8540812,-192317.393507
926,236151.524316,-512393.525902,92889.8317168,399.201514475,-70367.6821904,-222236.997437,-6844.21687607,-55835.123464
927,279861.711814,-454391.722484,67319.4502076,4074.97636074,-37632.2860022,-338728.163029,-84190.3924774,182915.427963
928,592807.189891,-504036.998164,22998.6113621,-79113.4942364,-150266.460553,-138409.012244,86944.5024279,117378.435828
929,346415.702991,-359540.293642,-25992.1589245,95770.624291,122313.402454,-199379.945663,42183.2315932,82567.9353279
930,329722.34831,-346473.585065,-172777.188103,204139.424114,19296.1628776,-193303.901376,36836.8874898,102219.906571
931,139870.217882,-329546.928864,-141812.583971,45546.841175,253986.3858,80325.5464479,389481.305441,202413.907284
932,111967.265069,-428354.436008,-123707.131609,10136.0744108,15299.7486632,-44177.458384,383245.986383,132783.338353
933,157944.131346,-105994.759651,-111588.328522,33381.4817873,37950.3036157,-11033.7568417,93178.8333662,176636.947785
934,125056.826301,-167027.645877,-53540.4191843,-119567.139492,261750.761445,10025.2162946,47718.9773056,156960.396253
935,119278.453689,-336380.040236,-258512.567304,-25719.1323083,176629.478028,-77272.5536711,-80489.0049505,-150264.846933
936,-53643.31941,-234742.75165,-162042.082231,50929.6312271,168935.30493,-150606.165245,-205624.935986,-135333.555868
937,-148365.705527,-333735.087295,-227659.110292,69575.4783745,108872.71188,-187860.200886,-270284.643686,-76899.7336798
938,-284217.084783,-19767.5468917,-6107.60432816,214118.591243,-3882.32823611,-56915.7166942,-173080.565812,130623.531663
939,-352230.1513,176488.356517,-153197.935312,211550.200676,61705.9737712,-331052.306307,-22740.7281416,96821.4673879
940,-336576.65377,227175.130903,-152269.398599,86593.1839184,-63825.4097614,-394823.179743,217054.120137,-112561.805211
941,-399737.459246,83412.8956533,-17501.8127087,-68722.8859899,-77296.088302,-170842.505927,440104.232907,-157282.432754
942,-277887.001742,-144858.649537,24409.604034,-249768.526632,-67262.6458967,-188054.864282,237077.447701,-272893.634302
943,-286859.472155,-227125.221299,-32661.1776181,-153009.275817,-272233.132739,-303779.033538,85014.6390272,-441452.25191
944,-281800.949383,-64766.2267647,-24129.201222,-63137.4022563,-324503.718513,-160495.174306,62076.2063488,-332033.927896
945,-144391.096408,-321231.906616,6588.34142471,82484.7629133,-322459.19401,-69195.3593483,-5233.77725691,-253490.041807
946,-329739.467741,-339949.506048,29563.2730901,110147.175469,-472915.39461,-64353.8408419,-150613.714487,-194908.471147
947,-282765.531318,-140538.209925,-189173.688312,32556.6604649,-372327.028123,-100314.414905,-277676.537135,126424.585043
948,-468715.132439,-321569.044577,-224355.574135,9214.54056546,-357148.693714,-142929.982521,-304431.073185,68331.303961
949,-385790.52066,-221798.297007,-134416.402512,-53830.2260237,-303968.140708,-96125.9378264,-178236.478,-16068.3601411
950,-355888.147094,-544953.835169,-176574.59255,-165809.444575,-199139.278387,-47855.8429343,62528.1257546,-108536.021224
951,-491446.992446,-450134.376008,-124689.063156,-138279.95742,-133514.665537,-57933.1494596,97913.5710933,-191235.131798
952,-372374.846341,-253473.446347,-378571.675119,-102702.941138,-276618.486652,-254498.71895,31304.3483729,-303489.52439
953,-454763.189907,-67172.1972623,-287814.756068,-60734.733633,-330059.596773,-185839.459339,12724.6256729,-274491.944838
954,-459258.017032,-196238.97782,-403391.715935,-191528.752412,-171923.530561,-310585.900673,84863.9330988,-80411.305718
955,-376601.886082,-325886.35603,-449796.629807,-259117.004598,181163.467617,2525.40520231,55975.7431834,39337.1559609
956,-397689.497726,-361129.09434,-320011.329948,18862.4870737,253825.427095,-29662.7514024,-145026.828953,-332301.829792
957,-314316.416745,-208803.361923,-498119.784937,-136643.785266,176834.766607,-235139.303459,-34230.1910176,-320221.156526
958,-74710.6971055,-122390.961841,-268104.823166,-140776.285913,36423.2275101,-237182.09986,86119.2690779,-295720.105996
959,27487.8694012,-19389.7986412,-150919.637746,-198787.635082,-283127.927102,-320588.434555,153804.891906,-123299.427645
960,-223250.095458,85653.0556952,-238233.430295,-39178.4108288,-272549.08732,-354605.538415,88234.1409207,-249047.335192
961,49304.8574869,-156114.695329,-161059.176676,-122414.757388,-116008.582984,-338410.752526,86599.8031664,-228178.746555
962,-108870.873086,-334187.732784,-218830.769925,37841.9835036,-2255.34145319,-266379.388969,-40091.0368889,-149977.787636
963,17763.4230194,-310831.928127,-261558.753055,295399.711249,-245231.527003,-337664.393993,-31603.9703461,-145439.358101
964,98048.5764949,-396878.484184,-195935.590443,167955.543248,-67630.9102592,-144316.651084,40860.2111237,81083.7145938
965,45099.4238327,-217204.248756,-166769.73787,210477.924085,-127417.903794,-121022.104995,107950.821654,-84558.8441987
966,-95742.5081795,-72041.0081928,-258113.711595,518559.977439,-94556.7288831,-233178.578208,5956.76259705,-54395.3345907
967,-128828.678913,-284349.046891,-181205.472881,181576.274578,-6779.09186101,-176898.827703,-7136.32821901,-145276.125544
968,-18691.3493013,-337105.275267,-221608.02088,-463.841690351,39789.8608153,-104656.359159,191155.712039,-235136.200075
969,94076.958173,-346235.08109,-245986.614302,-76972.320499,-17069.9105811,-82256.8539598,388473.898877,-219848.123758
970,156552.054463,-430080.541857,-269213.149969,-86392.5550442,-341508.647699,-102542.936975,14037.9411677,-88166.4964149
971,197129.405759,-497519.682986,-223642.325887,174172.259839,-282331.384585,-149763.951924,-69892.3188494,-140154.76107
972,140900.657355,-581044.234068,49698.0385953,320095.996368,-62301.759946,-337939.454821,-250358.776971,-205220.973158
973,147115.793669,-559484.860245,133792.192924,282726.057005,-43835.852942,-382990.36745,-379097.26612,-413038.266809
974,150809.63601,-533041.465184,206844.641936,374946.697191,-129626.34735,-466101.970629,-447268.58801,-216911.481157
975,38126.1061554,-533187.898855,199900.286764,419603.940467,-235702.926471,-184296.294212,-437714.397537,-208812.008286
976,-124925.377021,-382258.888592,168523.641548,285141.417282,-439698.1593,-144989.877599,-338623.42284,51642.5265226
977,-84138.5212155,-493609.181204,328312.03382,297681.323214,-659131.073295,-366214.881014,-487954.530179,153176.043203
978,-93595.1911965,-307618.879648,322431.545792,180860.516246,-330399.792294,-136732.673464,-267824.202356,-34390.2042591
979,-195537.276238,-296435.382631,460696.270421,-54867.4467675,-273195.612701,49726.0946681,-400215.295256,6269.41658936
980,-251666.606708,-240067.325592,189712.915241,-237449.896483,-283103.855096,325072.73821,-593551.03287,157070.76384
981,-276611.599389,-136075.279448,160380.60093,-112963.817386,-180628.098558,166330.745107,-552514.689151,44064.5212945
982,-279436.430762,-121515.624324,211950.622089,57351.942943,-40870.0960786,150019.324834,-465453.885564,146238.077191
983,-51340.0222062,-178077.122941,-58676.0002471,55976.977571,-123810.317874,207616.68819,-297685.3313,160351.597135
984,-18413.9309246,-47974.3178164,-95669.9805208,40797.1080338,-194018.376085,133308.720594,-405420.901566,308893.211392
985,-256168.489555,-152220.754604,17540.7192538,141523.418568,-106924.317055,359823.578637,-362595.489153,268276.858291
986,-141946.670884,-77137.4768191,-6087.09328116,-21477.9476011,-204590.639594,275354.381527,-446272.00481,186572.674221
987,-195648.075159,13383.4173946,-122915.877415,-158427.887536,-136227.631892,325864.432764,-391554.487131,119281.911469
988,-49429.6105135,-84978.9628265,-78282.3466853,-331297.666212,-14062.0012624,318898.295059,-305510.565528,203991.83696
989,9304.87173578,115986.22659,122570.019994,-224340.563414,-204334.301022,467130.64171,-218264.695115,198214.327137
990,-69132.4425476,41370.7555035,45643.4002518,-181496.843793,-130011.240619,522016.518122,-68365.151403,112515.254433
991,-173194.468721,67412.2252311,-164325.79413,29218.651976,-95223.4335516,171425.213265,-237091.494616,-145906.667739
992,-178672.468708,135193.946189,-364929.87142,-8973.32467154,55916.4335281,40074.2137701,-297200.715131,-235897.236693
993,-140022.585865,-12671.6599174,-66268.0668961,-175268.492962,-120834.476395,-114681.186326,-221136.158828,-24719.1863735
994,-95789.4131015,-222289.244231,-4037.93616982,-212522.013753,-221290.545418,-256145.130704,-208306.434767,-16520.7335991
995,-36489.8373552,-97988.3839481,82531.8576493,-169916.097835,-458808.416464,-158567.385907,-272893.795038,-70603.2422077
996,-70802.3794229,9581.8824941,-22726.1974044,-210991.912588,-382672.15054,-49770.4107498,-354136.395939,-396122.792584
997,-161116.176665,275751.753501,142211.357159,-290136.052477,-460141.934111,-117361.615779,-415391.470509,-407865.754629
998,-90297.0951371,228214.612583,82753.0202333,-318054.415199,-274395.002907,85245.4011012,-279512.45726,-470065.37097
999,-184694.769112,-53399.6552869,12146.8266182,-457923.162985,-458848.533147,324469.229324,-200038.908089,-632904.783315
1000,-314088.091753,-54625.4513252,-141681.379818,-476645.176811,-534887.352925,144406.275493,-59813.3467626,-666513.540353
1001,-317491.914762,-159113.986907,-209279.843465,-544256.083127,-452601.735898,228263.945181,33779.3690311,-482607.570021
1002,-208151.53193,-102828.00379,-109227.686625,-474776.032081,-507632.231847,-41006.4625376,-67311.4784209,-281534.122796
1003,-69948.7525425,-87072.0278719,-173018.962435,-373261.043723,-451680.103874,-185004.52206,20996.4707724,-108952.344592
1004,-205928.600696,-13212.8113541,-35663.3851232,-487425.98731,-563338.523082,-47198.0491013,-4530.78963269,17285.3082437
1005,-142425.205404,122551.338848,-97098.8737506,-448457.24678,-488232.523096,-65590.8774273,-158194.481158,74028.302708
1006,-79837.5472405,-10757.4373491,-86992.4559439,-572724.081241,-384849.014609,18719.7409902,68943.3743952,-223896.077235
1007,11348.5028415,-32827.9570168,67014.3892118,-583926.801142,-362522.894001,-16663.8414372,30349.6197563,-346120.626091
1008,-10970.2831665,84682.0541384,-3880.33979941,-511963.258341,-315792.418732,-27131.3418183,72384.5768375,-286771.579228
1009,-46274.6459019,1257.14580359,66154.8144252,-376149.504875,-155038.826378,104457.315162,208120.944308,-407599.809949
1010,-40076.2279175,-144616.614339,345519.205945,-303965.226987,-159252.181436,114918.854437,198328.217861,-320290.971756
1011,-201792.726391,-161865.661203,61316.92773,-277734.212172,-147255.262191,97334.5385921,227757.565482,-275737.885917
1012,-168468.239197,-105606.719121,67086.0135911,-183193.527868,-404777.425532,68208.2660196,63471.0860291,-292902.834989
1013,-235376.042611,63801.087249,120050.019193,-257320.376934,-483651.89458,219429.296153,-96806.4296746,-248108.711272
1014,-156094.796689,36690.568897,40426.4881246,-267895.651361,-331399.161425,-67588.5840848,-183186.987792,-159624.963557
1015,-49185.039471,171337.091343,124407.447974,-306524.775972,-277121.156694,-117120.256411,-190769.988629,-261068.365489
1016,-13256.6413669,344380.433874,144138.402386,-160343.110991,-236543.076536,-140907.806074,-152630.856316,-110450.985584
1017,-3835.00264548,242204.246776,222579.783209,-150159.126846,-105943.320607,-21292.0592683,10281.985749,-25259.2452913
1018,-173085.893886,311077.791264,383483.584651,-61491.2020969,-44184.5629806,-25535.8824625,-82260.2746793,126879.336184
1019,-220742.806696,185350.510936,333781.7997,-222224.311014,156976.62979,260622.978363,-11212.7352556,215437.386047
1020,-298398.755065,269145.584464,169529.022324,-239816.475444,18208.9020918,257894.923635,-101547.717118,212145.878112
1021,-247632.410273,246143.992586,320632.353168,-71594.5999721,-15727.4569414,237432.274566,-179928.002105,234800.298451
1022,-200540.312966,216042.03023,102203.976834,84099.8458943,-154109.477909,247496.8043,-76199.4971173,339572.79297
1023,1055.54027671,100374.023075,114579.875523,-132735.667336,-22424.1691915,244863.96632,163665.7934,183113.523552
1024,8721.39259711,114372.766285,381400.699221,-134378.242157,-115560.504002,67994.0415285,135267.584002,190714.809399
1025,72919.714826,-4479.96345775,338549.816312,-152190.636556,-82681.6542521,32398.2102776,114266.825706,253613.658761
1026,144144.819104,118033.038696,115085.43511,-312799.603937,-33978.4327358,-129874.415826,-27796.8137971,-8703.5337878
1027,244999.304746,78853.0302294,36727.2785833,-213961.988083,71801.6120639,29105.5587327,104838.906985,-85236.1391036
1028,120313.902296,234929.186846,33023.1095256,27607.5139176,229510.275055,176278.038855,210106.818631,-33162.8006934
1029,79146.0100666,43618.364679,112661.986562,107564.153047,134979.479648,241789.8933,248490.288679,-16161.2819496
1030,58391.4548034,29168.6185117,365929.849478,109603.051575,175366.392889,267563.021383,388889.423425,230801.783857
1031,40299.582526,141596.428776,492292.386941,33324.5191741,201514.391981,322915.007883,458176.469974,300559.211459
1032,139245.496617,-203907.382365,373661.227444,63161.8461769,135272.465413,342334.785569,218805.766176,244191.394295
1033,292072.696015,-102134.711815,369804.943762,-21237.7432921,122226.239605,235738.593884,51766.591479,255263.405916
1034,138150.862699,-39250.1942934,427116.932419,63301.3058869,215387.208956,183561.161602,293513.630442,107544.933572
1035,53579.0957172,24332.0053779,370920.133519,-137235.494475,96745.0331897,168702.411943,258472.199058,161206.41009
1036,37880.4716691,390012.539682,337661.174475,-189786.661107,10195.8398655,219308.239765,228564.026162,221090.636783
1037,-24715.0854557,342920.872591,227363.305491,-215016.608528,-46060.9969929,168313.655398,378009.74477,156999.934232
1038,-69502.2741145,333017.341347,315219.366743,-308761.129232,-170530.91263,166886.791184,366319.503057,-11949.7463318
1039,-56868.6981026,217952.774997,237515.738331,-146657.002349,-128792.919788,161324.38489,358424.949217,36250.613029
1040,41462.5456996,260878.042443,292133.153017,68572.085181,-143444.741253,342991.319772,196140.98759,33553.276708
1041,50943.3390914,-35544.3953287,333125.897996,177973.403974,6872.84999057,430773.882132,73857.4851641,21133.7811655
1042,13891.8949105,-117778.170607,317581.966555,-34152.8272683,-75204.3712534,215444.440671,124993.348508,-28977.7433493
1043,-52416.721197,173382.322317,234814.119039,-248349.852007,-129157.819173,272621.217641,-51627.1432919,50354.5104304
1044,-135874.036874,215474.958757,175988.825088,-131222.088112,52160.3194618,363838.507414,-179038.72055,312175.906033
1045,-115890.32343,153953.469395,146128.229619,-159944.467026,46486.5129269,306228.358988,30077.8903274,238786.313546
1046,-134135.95319,175170.739281,81537.4528057,-146746.143185,109716.142259,6543.96551111,-18672.3937605,104175.301062
1047,-143795.940059,-7571.84913201,29536.8287499,105564.994111,-65753.3755261,-48033.8818297,-228392.675671,137760.53048
1048,-116231.630745,-116567.140501,-179315.879521,-188600.821182,24061.3432843,83392.4154128,-80261.2853234,-29098.2595568
1049,-443229.858773,-204027.584312,-125049.652422,-165432.299302,125771.544273,390953.405363,-236665.085739,-159309.053693
1050,-372087.983186,-159241.809408,-265021.000565,-199379.115014,83801.047561,583172.861847,-388737.346948,-89662.1322084
1051,-138604.757109,-404978.153868,-348758.691524,-192959.799834,44055.8761618,492981.812044,-222854.529573,-318247.49205
1052,-167050.463313,-114341.49971,-202510.853774,1858.46789927,100180.87255,300248.88659,-368592.465396,-285286.251809
1053,-176508.547894,-42394.7951218,-212559.042812,-142621.796856,280947.129341,103853.518797,-153834.946393,-178248.836043
1054,-234562.884611,78149.0703651,-281556.808103,-35789.3105257,93046.1281433,-9673.41978676,46282.6494363,-168982.938734
1055,-272848.185845,254021.619678,-364900.034541,-25920.3748764,108294.071737,-135113.104121,2516.75695479,-238068.1487
1056,-157941.496025,143927.289554,-400486.057518,52740.4917033,350351.918325,-266907.972376,-216384.465724,-171138.508374
1057,-77108.0187805,203474.609771,-403133.701595,718.494008927,487882.124502,-316790.259042,-304197.977864,-162307.918407
1058,-45346.3468718,230026.650113,-450577.18697,-165425.354866,339148.452348,-398350.956938,-251329.506613,-171248.294064
1059,140700.314756,222492.168566,-392653.557026,-409468.02177,343857.944347,-454443.407199,-317919.209887,-17447.5218888
1060,126150.624369,47446.9086435,-526641.886589,-419502.070428,413808.529683,-323544.497926,-128184.76308,56562.8408183
1061,-22163.5062147,283989.929188,-587920.205721,-345659.263303,479152.440555,-338954.351336,-44330.3389818,156739.892155
1062,-122431.572814,313879.208041,-597329.671033,-204881.943353,371205.51502,-60306.063423,60255.9093699,83915.0853289
1063,13026.2398502,385749.28942,-561012.860661,-81701.2279546,290319.692729,-147604.089217,47877.8701387,64835.8839932
1064,188069.321448,349272.170905,-600099.974583,231921.670923,262014.253733,-286507.254966,-72670.1196338,-36585.1675012
1065,235389.655234,426335.70956,-383009.535023,288089.776148,398915.552187,-47914.9056943,165964.621807,103689.313751
1066,201709.438305,324464.329457,-394028.557749,281366.017951,277226.858699,131075.711062,112404.519104,-43320.5221272
1067,411209.384041,372988.272531,-287105.595476,296182.02064,324621.803763,152475.342,111110.416101,-223678.3922
1068,208247.853483,513788.607973,-127652.397229,156171.096636,380595.26237,309385.341921,-49537.3508624,-185449.600575
1069,100456.620542,542765.97115,-99489.7948662,155964.494894,323070.681283,193532.708646,-111942.612326,18791.6280652
1070,42815.3611538,466374.093794,-119319.978912,-10133.791366,252875.428812,97928.1989496,-36764.8273897,81460.1759948
1071,68934.8206496,423132.739665,-195819.043593,45337.8633251,309400.196628,-16393.7362383,-189630.210208,-145722.768435
1072,175586.094025,381304.015359,-305558.76229,-101172.080712,434206.724004,37446.3900134,-212214.36979,-127167.09413
1073,-6042.39758036,445985.972144,-138435.336677,-82097.063815,443324.880066,-122571.64285,-311188.694523,-5306.15396491
1074,37719.3256752,336482.153205,-128363.610017,-68621.2428604,360034.89984,-162934.812452,-261289.424951,-80044.9265165
1075,1291.69148953,369502.469616,-193135.579635,-138671.945389,89104.1556118,-63277.6901845,-88640.2989525,89869.6341105
1076,-11592.7094282,396912.665958,-104249.587172,-74832.1762497,122827.301191,-59713.8392017,44203.0428343,172537.800532
1077,-7081.39712341,578790.016838,125149.785166,181635.807949,-25357.7747592,88377.3644119,64958.1273192,140788.530788
1078,-2206.63729153,386495.844617,221761.717749,266609.509785,-59097.4485124,-130178.272441,-178719.417667,-110460.304735
1079,135621.129048,425877.969936,146444.418774,-37854.0078833,-181355.362674,-40538.3660702,-240315.159726,-239728.389748
1080,184963.558916,342663.79802,46555.9621805,109657.347459,-349014.006691,-49932.237735,50060.1278557,-452297.506691
1081,256501.598143,290701.210645,-9016.17144043,153594.148682,-513462.767167,26265.4675024,-198064.039451,-442979.291818
1082,289635.670562,316577.768491,54423.1696638,-94108.7824868,-261035.863215,-84206.2038898,-169215.329023,-299162.475872
1083,403720.692158,212677.522119,152506.592145,-128143.309591,-123918.520635,17517.0478995,-329169.475334,-299953.549707
1084,355617.575027,13924.7244256,161822.055164,1357.57689155,87465.5435761,10119.4458544,-452588.569917,-336550.874798
1085,296346.700739,4280.81420801,98111.4620015,286588.391401,93626.5916635,-190467.046948,-537725.906834,-335488.493691
1086,308313.682383,-77144.0845762,42049.5634216,319347.40175,-122918.515772,-113583.769593,-463110.10315,-252410.930251
1087,202667.624949,-178419.143882,217604.562513,434625.221788,-27840.9759435,-88777.9925419,-395083.768245,-196212.598882
1088,364751.60341,-164165.787167,310789.99177,302722.123221,-7896.1649987,-59902.0027476,-342470.08775,-280492.546815
1089,482156.697112,-203660.410214,208670.277706,314845.704071,-99456.3430395,-79060.4544343,-213199.067017,-340123.405816
1090,133091.905375,-229491.721823,180119.527313,111831.626547,-142622.353231,-95276.942647,-287162.560805,-232777.803994
1091,29110.8208704,-272723.594479,116037.272691,-84990.7076775,-266873.818731,-242535.127594,-282643.481721,-133673.846262
1092,92890.0864218,-221910.686711,128134.509503,55118.6285448,-225893.324199,-337670.572963,-181703.097724,-190637.88195
1093,201118.57417,-236094.625451,53840.924031,97350.006104,-274461.945627,-267464.419946,-298284.437724,17319.2621701
1094,32030.1066497,-336739.190576,-2325.83985795,96904.5646434,-278304.504396,-83318.5985069,-10583.287128,-94901.3067004
1095,235632.165798,-394547.832131,-56435.6715073,139276.663863,-234144.814996,-115910.718097,-29287.435397,-56961.0643331
1096,167733.164451,-472301.192555,-1298.03686004,43402.6156576,-203635.066732,-331230.460723,-141043.046102,-130892.540212
1097,126948.612796,-388877.402608,-21434.0244215,65363.7648461,-121066.064241,-233981.787544,-204082.428852,-36644.4236953
1098,92905.8301076,-391961.274536,106316.473149,163477.545454,-333840.30576,-100440.759835,-428213.905167,-81981.7643614
1099,118449.187267,-394539.065796,88097.0622749,261636.539761,-181962.51545,-66630.5733912,-398674.642147,-82612.6443486
1100,68403.448317,-561629.057705,-107421.383153,107784.110973,-277861.777107,32350.3561824,-478608.879918,-269965.9715
1101,213721.325306,-216172.274034,-27969.229292,-122735.231682,-353599.835857,15223.8061429,-417236.59733,-283511.904099
1102,363721.919579,-266834.608744,13245.862088,-72019.8936098,-469779.165258,-111134.085804,-411654.90332,-287483.152124
1103,431027.587261,-305888.259847,114093.875696,211840.793338,-423110.385386,-100289.224852,-267252.69908,-377033.217547
1104,554561.389474,-415755.563022,7833.6434091,263480.014931,-404958.45202,797.630016426,-27699.1491134,-36526.1447966
1105,367153.362077,-226175.893281,-179295.405124,337052.633575,-425011.894219,54914.4238569,206050.790164,26728.4938387
1106,140974.112339,-130105.111278,-163088.15769,299280.870234,-226348.927662,878.464311069,285030.822118,-93340.6355053
1107,-108626.489442,-160383.529163,-98864.6465683,351880.51732,-326819.583551,-142558.475329,284559.081341,47894.8673464
1108,-13209.6535942,43552.9128195,-44773.1132694,520648.55448,-251150.728714,-284819.453312,275353.256424,196550.639737
1109,25087.8001426,76585.5877665,173606.569585,362515.764146,-357341.265716,-303031.387103,329560.879487,168430.508521
1110,3935.16339358,-168565.872324,188069.533074,115412.430018,-303495.112415,-207481.878319,208207.156434,-94261.3931453
1111,-224652.061781,-115358.291425,56370.3355613,-147800.994383,-256610.997225,-94829.5460345,132655.015,6902.41850681
1112,-175776.076134,-76340.0536731,3107.33631576,-37372.1654697,-231440.608945,18725.1414793,143620.82122,134163.948503
1113,-313586.010837,-225736.814105,19428.5648447,-87939.0061418,-251798.529757,-28419.5425978,249635.871673,121449.635159
1114,-254097.820556,-44302.0485676,101220.848059,-281915.804723,-185055.249312,-178601.085538,223443.531889,84336.4662594
1115,-183868.001195,-304371.531474,150222.100288,-200234.752889,-186874.830886,-264817.660049,139513.930513,9711.51058271
1116,-76814.2462305,-78985.3236156,244619.619522,-138467.595034,-125972.315174,-53536.4345121,99780.0951305,-141141.637065
1117,-85947.2565742,84332.576188,32990.0375536,-154716.877102,-201972.887783,-180302.945375,-20966.8914056,14116.3821405
1118,38271.6579153,108611.474634,-117062.212304,-164464.054175,-346526.127606,-71120.0010569,-45639.6979065,50825.6444457
1119,213151.828818,142972.912997,-189724.331241,58714.2237134,-379696.792827,51919.1624912,61162.3075022,-131572.368217
1120,393599.270987,263717.840129,-39124.8330339,-49733.1666722,-317203.530242,-47828.6256623,59534.7003827,-203364.289611
1121,355964.243819,46325.3700655,-50142.2596178,-390587.800498,-426364.138987,-211768.468326,5487.27339509,-300973.067619
1122,143868.306042,108271.391341,-106685.612001,-289176.552865,-254354.146543,-152438.121131,343016.043384,-332035.315484
1123,67712.3045328,-196920.857669,-123782.668541,-317008.605561,-108571.167358,168193.690114,389002.015989,-336071.477657
1124,-33356.764484,-234049.025437,-38967.6196575,-198206.586906,-170002.163568,88205.5703322,126686.6969,-376316.76867
1125,13078.6763212,-174997.244549,34500.1504485,-256530.331754,-156922.795309,207041.777658,109684.3251,-211016.242331
1126,135841.548743,38600.8767239,-200418.867915,-327642.476064,-92249.2755996,-22189.727917,22352.5807777,-22786.7005767
1127,50630.799879,154416.79984,-242854.82534,-601228.03388,-113872.244755,60981.1920436,-171074.550065,45175.0511782
1128,142536.388005,245675.330168,-258874.233373,-654192.820014,-347002.187986,111342.183656,-188687.708708,9522.96753222
1129,79550.0836302,161908.998489,-304611.658019,-524303.565464,-346591.952554,105791.046764,-151992.874541,-103660.966065
1130,-32409.7547112,-4774.05910241,-437902.902971,-578911.10254,-220976.628317,141655.916971,-253871.223746,88712.2016194
1131,3974.62859989,-50962.5577711,-178683.653366,-653530.537743,-255099.67374,206304.048648,-129691.866256,67829.4434188
1132,-122820.019987,-215544.790203,-49461.1637464,-445257.84033,-335073.506617,56996.7147168,-330706.205362,14543.3800028
1133,104827.915908,-32905.3847819,-165264.016784,-637113.416393,-383931.984579,120635.028087,-311119.917852,170420.002587
1134,-165599.072179,145404.180375,-25224.3351552,-759428.989471,-255605.084469,33208.2496026,-251777.048537,-46685.3958628
1135,-289682.325151,114811.485681,90758.044905,-642851.003159,-354924.286641,139110.883577,-13726.310798,-254480.265392
1136,-102855.396437,71378.2617971,57776.4219451,-403757.605156,-35104.0633132,317402.119461,129773.332018,-185881.161792
1137,-186429.796535,-97798.2406311,-320687.306312,-404223.615815,22917.3169714,181872.080026,135233.433099,-62390.1452327
1138,-187283.173965,-279343.962134,-287268.734659,-322680.138899,167327.785952,185133.564577,172968.351731,-82621.2549444
1139,-298875.355363,-341843.539645,-375594.303608,-269569.830368,248426.422836,216651.040917,249523.603911,-3434.97132122
1140,-405440.799108,-269851.370428,-382194.034749,-251741.954994,214818.344936,102919.100375,-107906.37364,-80789.1502646
1141,-420324.69695,-68830.5999695,-228541.923533,-131166.556398,188035.052964,-117334.992384,-127636.481097,-174472.375327
1142,-175281.903795,-31291.0862277,-290920.990857,53102.8080919,173417.199148,-339222.419957,-41148.102568,-201037.221885
1143,-322512.562095,-90883.2207437,-374943.589246,-98399.7554028,120595.894196,-221037.877634,181028.011183,-67974.4440972
1144,-177320.746541,-62527.2531866,-262151.078708,-214991.502811,93780.324874,-201462.246912,350619.254007,-66890.0524354
1145,-252275.098516,131392.904411,-331327.429536,-97219.7211088,394421.261284,-137100.021613,171863.505305,-25934.689793
1146,-136692.744152,24410.8325613,-19973.3806701,-93146.1589532,102093.689981,83982.8310824,86583.4545997,31098.5650537
1147,-228427.441602,6808.09980973,27891.0507274,-62262.0317454,-39863.4225635,40775.9858819,3035.8515357,298.653520635
1148,-249541.893233,-86847.7165834,7286.53454538,-146260.983235,-65073.0203264,-182392.445471,92391.9195951,-155745.216048
1149,-307828.125059,57567.6081437,-130054.242608,-41554.4757452,28272.1006429,-42449.8224862,23735.3872246,-161847.7159
1150,-314155.704543,101080.7275,-129455.622983,-266525.443923,-188772.137276,-71992.7281553,-38539.914137,-102758.452027
1151,-416164.697941,69047.9380573,67465.6717332,-184551.299727,-121025.807186,95987.6423314,-36252.8039185,-95679.1552623
1152,-290387.037573,-55228.0081253,24952.2967425,-127032.09254,132950.245777,101643.522383,-47409.6024921,-92618.9649714
1153,-189817.185909,-30425.6249475,-212511.876435,10929.4341042,97082.8347858,195270.43256,-22411.8275158,-99468.4968657
1154,-183567.881945,52586.1936806,-187129.87723,-154403.686375,127505.183009,88903.9864168,-25113.5496398,-169235.656237
1155,-217812.767385,181082.785333,-127357.171383,-244569.622525,292149.436439,80907.5849744,210269.457533,-222745.820029
1156,-82295.821046,-44961.8201035,-208253.216575,-222637.331248,239198.969626,91905.2986989,79338.0493981,-36077.7622001
1157,47265.4303593,55669.1037297,-1588.8297985,-20750.7243605,286682.42307,127554.516539,175040.033747,89891.2294218
1158,-86463.5623729,134119.845142,156597.305333,68077.2605256,219631.177601,144513.832821,113106.155084,159970.541761
1159,-16632.5607893,346410.469572,-132461.118054,112072.885452,182602.487283,-116217.839939,-97184.2353754,52177.2717562
1160,-10375.4147429,396971.837632,-151647.259755,31740.0005709,158232.632726,-344184.853518,-211685.04258,191451.467121
1161,-106446.036311,560253.176537,-69855.2535149,63763.0100705,430508.621396,-108734.886264,21752.2478812,273669.270402
1162,231703.030024,259404.491093,-201905.695645,127584.387589,205173.039783,-24867.176295,71970.8731044,55678.7705961
1163,179359.334987,50435.0824243,-270327.488775,241176.682742,395291.623824,98649.1126275,-28708.599472,-25943.4230547
1164,125128.330166,-80636.9753552,-344859.347891,207253.118128,234233.684451,-14071.9656799,-209262.504791,-6706.18452051
1165,-117319.377393,230696.590732,-393012.869896,186079.095088,261003.462859,46737.9822554,-364857.64613,169730.077863
1166,-173162.979568,97818.4728105,-431868.677495,175416.193284,228031.411467,76745.0290549,-423877.072203,231800.672581
1167,-239269.271847,-76606.3706715,-262388.943491,153926.268782,292934.525671,36372.7088455,-331532.6351,175615.061194
1168,28570.3576921,-140563.982077,-325290.714909,171493.894831,230501.975936,-14164.552288,-84886.0301641,29696.8984926
1169,93635.9140462,-114415.753164,-275434.326304,108269.757174,363025.74306,-40025.1134859,-27728.2560864,258852.451101
1170,43927.386521,-203571.852901,-287783.283855,-106097.555505,324425.778758,-105981.166553,14820.7207021,-42272.0140425
1171,43704.5916777,-395232.288155,-324423.744146,-270349.449503,185309.971178,98533.0727042,8117.5132549,-44226.0283243
1172,35900.0097244,-470999.409105,-353549.370917,185339.147462,338846.20659,60491.1543505,10614.9563609,-107654.628381
1173,-69808.1058311,-423082.008416,-369056.395952,289192.953086,63533.933108,123200.619318,-128147.037087,-37107.6177274
1174,110678.857113,-190794.28916,-218187.280028,179551.00107,6015.6981518,23007.4276122,-57139.6525903,-222451.131262
1175,248235.477445,-307726.699543,-207184.420286,105416.273898,-144953.147095,-73576.0473636,163127.742321,18676.697116
1176,58820.9622646,-462215.76046,-55020.6335346,23204.1642766,-167575.919041,-25768.9530328,-194066.451141,236739.420745
1177,-130857.253068,-89389.3123742,-93283.2122392,-12419.1004221,-47871.6412879,28592.6150838,-213493.676531,136232.229348
1178,4936.39183114,-248743.500002,-292785.429549,-66258.0220054,128804.915519,28647.1771202,43552.4244558,191484.181825
1179,-13462.7569829,-181782.556731,-228859.219283,-152490.83287,364721.60383,-69943.709862,195343.946493,199439.766459
1180,-200272.138768,-183183.933875,-180795.557558,-114877.110013,-13028.4407132,95276.1245844,244313.308964,429498.252545
1181,-10044.7330052,-268424.673926,-122344.883968,-101505.236804,-282734.32174,-43856.9033117,17800.7183632,247317.404305
1182,-137237.262824,-215485.159828,-195311.324821,27812.9290004,-95844.6959157,-162914.404156,-79489.9444739,163447.001659
1183,-268425.185229,-190527.912017,-133667.079426,133917.943914,-19165.5118826,-284936.854209,-176183.928492,282901.128137
1184,-134746.41196,-286459.672464,-133620.141094,-13272.3082288,40212.2207617,-259872.047402,-81056.5789141,353404.127359
1185,-239421.99112,-95709.4355708,-100754.755884,-61916.6473435,148505.080907,-169877.800584,-91861.9890265,445117.865725
1186,-78963.022838,1806.44197735,-173410.495886,-175673.909464,75423.7752654,-248474.023267,39521.2720495,256388.730724
1187,94608.7892625,79176.571982,-151508.956554,-2835.07553717,-2082.72444515,-14045.9741708,-241195.55087,449684.968951
1188,40147.4285512,1877.62167394,-258642.698197,66879.249787,109527.662783,-67471.6210359,-215707.79466,376161.94633
1189,79538.6336563,-351972.996334,-212141.774963,89779.2499754,403741.422815,-18527.4309062,-284497.21709,422313.358634
1190,-1166.38463247,-311428.791609,-318830.904796,130609.68037,195169.729736,131921.82233,-285075.716437,388240.809216
1191,-37700.3011075,-154089.440895,-323043.707454,137021.530321,81317.9386631,252689.850102,-349860.463166,211139.730828
1192,68056.3687525,-100065.653885,-382316.902446,71972.6382637,75466.8295737,252710.290473,-497549.262615,179221.404096
1193,24731.262927,-78332.7929895,-175274.762213,224443.186876,127875.617568,111597.558359,-312534.481799,20175.132919
1194,-105009.98075,-281194.535934,-101036.344891,166378.478811,144552.758509,170436.825639,-270223.58165,124353.719848
1195,-146627.274694,-147384.761239,-114950.682885,255213.787906,179065.524268,-32672.828526,-264532.945227,339669.764475
1196,-34341.8216678,-138993.651566,-41581.7061846,315040.92397,145176.506661,-170067.528458,-148264.428737,482710.999017
1197,-114708.573323,-104690.172463,199874.109722,182432.487244,225626.568668,-328198.141715,-169682.332779,380212.290798
1198,-109813.553305,-89366.0610989,368339.091945,310296.952058,407357.972305,-442300.158043,-146586.64751,504712.095634
1199,-174310.530046,-7889.10435842,345765.835349,340758.188233,313395.398746,-283228.099584,-136121.324169,383619.179712
1200,-108467.631003,135481.702705,240863.189003,285025.699524,272397.33946,-169694.794421,-139577.270182,240288.711583
1201,-19907.782314,42621.7884185,305573.414076,345721.343109,203140.006886,50032.1546323,-189813.65428,112545.989917
1202,-158818.103921,188993.185027,232315.672256,187257.402893,149977.097425,-15339.5655735,-107630.300856,129274.784337
1203,-205186.444537,293598.647053,120338.347285,156176.408861,111499.224222,16664.7701878,-237217.695654,101346.894318
1204,-224512.957417,334477.082979,73749.0772372,-11988.4224283,85681.4919968,8374.51190757,-180295.991068,139273.419812
1205,-112769.72322,249005.246601,-38731.7663974,57576.4336377,145860.219243,34641.7759004,-153055.721397,292514.946534
1206,-85147.72351,127598.989945,-33081.750307,105980.946925,-130627.538141,-40068.5538145,-213810.543749,312630.808685
1207,-222029.197131,148292.193935,-221826.897272,144013.748518,-128367.892893,-104774.797363,-38451.553603,279980.430327
1208,-256170.347626,-106525.546135,-98985.632495,53445.0338964,-3708.7131618,-30888.8886462,137971.84489,370599.899289
1209,-126657.307877,-278336.099566,-113717.040575,151633.900427,-107581.699665,-107553.121501,-38228.7656885,310032.476272
1210,-195094.053348,-224118.920298,-134736.266523,146631.241371,-93734.217008,-101717.965493,-202566.466227,387232.20337
1211,70267.4541321,-258639.345232,-152765.991101,114977.743113,79586.2515839,-42060.3653108,-20329.9072389,237398.193187
1212,74724.1593598,-73629.0631275,-216499.748916,293350.118288,110838.683965,168945.502466,4220.62977691,131502.101025
1213,35351.7458679,-271167.539442,-95195.4439312,215651.529264,156402.855564,157927.855551,2705.16777453,90464.5157335
1214,25107.1005947,-157104.591173,52783.6048465,320530.291805,181433.690631,219114.934148,-104895.903579,171580.737007
1215,2104.18216763,-93847.3117132,97293.5473035,438471.730795,264334.818714,72952.2675644,226703.89015,253156.395259
1216,-263048.350664,-205513.674475,215163.256663,453023.763278,215365.089645,280572.97908,206030.931165,195744.977452
1217,-520531.568668,-171458.03357,89926.9383096,306433.328465,193956.201789,356462.361687,268184.377968,25406.2234525
1218,-422933.662218,-186521.139334,107812.357076,344131.769598,170397.05137,304134.19803,191256.814724,-123948.180261
1219,-272586.938563,-208063.598073,393433.261253,417744.360975,27995.6117711,341577.193217,55784.3054535,40298.2902639
1220,-128727.72388,-212458.426811,344701.669147,304099.944354,-60992.0171935,279683.603612,232291.28052,-117422.053829
1221,5638.5002892,-227166.47373,208802.024993,341787.786731,-175838.542914,153094.818327,108861.160693,17702.0936647
1222,43911.1769956,-219794.220155,82739.6055486,67553.0544095,-498278.990979,200622.091022,164629.070149,-45363.5022564
1223,125254.615765,-154789.804424,-160115.72503,34004.4135484,-476430.491483,318367.185764,364692.195689,7251.29231519
1224,53897.8483182,-13969.6002009,-108196.29766,-66392.972671,-188005.997841,63265.1405245,602941.407198,-30897.1134936
1225,-25849.377794,32363.3763047,-67570.081901,-43758.8370832,-150531.127371,184170.8518,406459.410048,105375.898783
1226,17243.8286424,-44803.989739,2296.53605727,-218576.982688,-23114.2379968,165994.89713,312837.993239,321996.675136
1227,-126245.699819,27958.2758154,-124618.825146,-326915.981573,-15514.2918279,118502.74116,368141.79758,183446.946953
1228,-210118.812409,142529.3037,-271110.214422,-239733.017612,-49807.5033905,316651.239426,399511.124413,5302.67295088
1229,-325334.471144,311156.871515,-194977.92487,37902.4704637,-290566.92653,227552.237632,318736.833206,-17783.8654145
1230,-232298.426189,496433.010791,-88959.2451441,-137615.124701,-177137.400518,136811.984471,610435.730538,-108047.81936
1231,1284.14267605,416041.577956,20179.4348856,28294.0715052,-68545.4351711,130859.532453,603026.123499,-201385.082331
1232,74063.4655647,297448.487642,-11979.3882636,166762.801,-137972.195407,142411.149936,395590.319061,-306609.968768
1233,5422.77899359,385944.259916,-162257.192192,112200.424181,-190233.477035,170910.857424,375217.815144,-285051.961011
1234,283772.664827,281176.637111,-160519.232753,360766.675689,-113070.23952,-17228.6132005,598894.735264,-323875.444883
1235,303347.563827,110819.698701,70383.1603544,328178.805108,-189924.122009,-231499.862014,555346.552856,-108148.240453
1236,226353.675586,177092.279853,33022.435948,377622.8291,-276031.813462,-132128.475735,561316.208336,38245.9801066
1237,269161.218411,21612.3812475,20560.2726275,413887.143586,-232782.202916,-45115.3321592,458488.893906,258745.291637
1238,353509.181116,99013.4726624,-41825.2450977,551521.795545,-191657.852246,94705.5578311,341096.530414,352447.876566
1239,479523.05828,310679.441038,-34215.5509099,430451.301661,-286167.913879,28456.5443251,358437.817533,386454.052928
1240,296558.911367,91614.8902299,39725.4922979,493408.112827,-208527.27283,12539.6308896,463958.091712,391570.610685
1241,152771.440028,26853.5420255,73880.8280986,190002.208054,-104169.552007,-11318.1879011,360964.376583,-7337.9855192
1242,278786.841658,145737.200564,193894.316075,81288.0562521,-23841.2451015,100753.901258,408451.646598,136424.41155
1243,240353.487331,-78564.8383744,307316.930429,322747.05802,-95844.6414326,274625.964696,358899.037724,163780.928056
1244,148979.476391,-122100.955621,206171.39683,285740.115497,-99327.0948227,450522.537024,421529.773395,137908.356993
1245,148262.934255,-36478.8770255,107144.020502,329658.184488,87772.786233,306201.585271,433563.416454,200258.561331
1246,289719.737064,181634.082585,93276.3445681,371924.535492,70680.2534309,248444.31254,542478.148177,119985.001449
1247,236797.036534,178185.056882,202441.478511,152531.48662,140168.98829,231829.176523,495603.643755,155312.753947
1248,218200.763947,81422.7575087,283985.270837,106443.551945,85747.3980393,222201.84061,359304.310262,123101.624009
1249,293371.216914,302189.101364,189655.22295,-43101.5734367,-15312.8275076,103956.520843,426678.207891,-44242.3501799
1250,216194.002527,411834.889381,316773.541495,29344.7761354,83278.2187799,40375.9344954,386228.260941,260088.646419
1251,-113044.333083,264322.823807,136533.486511,-41543.9821597,338468.097462,62591.2579704,378322.793714,226132.392188
1252,-162616.433167,264394.892141,320519.960379,-147631.14127,392607.698588,-65615.4165281,133375.510527,256543.423349
1253,-124050.798439,104497.746866,440545.927916,-22737.0127436,210749.307132,25092.454997,-150308.754728,555392.07906
1254,168984.575301,167191.59376,493499.531196,142284.908594,256602.779499,38175.4393774,-184130.132886,604076.857188
1255,-118059.802196,240283.689081,510142.499899,-7633.72552613,371749.638008,112240.792764,20280.1801331,643720.288582
1256,-347273.009258,221059.794204,391149.761234,-27920.3691586,441703.112729,266837.610369,29261.2340354,875241.056946
1257,-239055.172356,281950.81286,190425.441445,-99117.4156634,293909.544404,361928.942882,-131710.148927,741696.723809
1258,-150520.181729,186665.450496,152292.709593,-171078.531934,373785.414306,328471.222222,-36903.3731267,599128.074861
1259,-110435.471512,115806.16321,118132.689467,-357783.732612,206482.853142,581734.473563,113263.796558,458136.525774
1260,61434.2289946,241170.742703,151521.022494,-57756.5101106,363411.611797,490346.390355,98522.7613961,441981.336953
1261,17859.6887356,316259.469582,223586.857871,88992.9494891,385504.861906,525543.293159,225713.243402,486533.911676
1262,112392.839624,339443.919439,209459.045415,246305.483324,370006.164344,427122.69111,115041.308546,426450.953192
1263,233932.958082,570566.691097,72671.693971,229296.164624,305532.219765,441413.614764,109639.829242,323632.854562
1264,329786.626193,668437.638076,11362.1459799,358405.474275,374739.253181,435009.3548,-175541.304392,177517.455658
1265,218868.716824,483651.398661,119612.384783,172817.943322,173144.044973,378313.502851,36669.6432186,314847.286784
1266,73793.9296788,292893.45657,193715.843967,22823.9559973,196132.867222,436210.158319,53453.8061677,380307.261337
1267,235290.432897,336378.85968,232314.033379,-43058.93009,289621.984058,552151.474911,239209.969157,142135.051158
1268,394193.831775,239868.167717,404879.868296,68747.7471275,290252.269322,570993.574028,85551.8904074,147890.25136
1269,229584.067222,514212.839261,260332.98214,196553.662175,248317.730652,525092.667497,117451.347432,201081.27141
1270,272188.890958,417882.534047,304934.787629,183456.248684,82937.8622983,726602.96007,154156.466497,13714.5167485
1271,462228.915704,285666.465235,141857.668963,-54514.2749616,291188.570813,424300.168701,268112.204325,169934.781734
1272,221138.974121,347678.14044,175801.46386,-117502.077375,278732.462175,497068.168819,12108.5548441,98070.9066457
1273,254050.915003,484800.444991,135161.208481,63961.721829,64921.4337575,360006.945199,-111172.291362,329942.779177
1274,-5903.89759044,476270.836162,-26437.3373602,-109411.357984,113199.564457,213078.498927,-47925.33661,293233.183183
1275,-58506.7555576,648232.642431,45430.1220084,-87773.5956516,259069.236953,189946.272577,-181563.117419,299678.501937
1276,367017.68711,375310.500325,168395.646664,-253705.379619,306639.849287,58562.2127858,-167201.923367,380275.471794
1277,311145.859986,134834.168225,196405.667946,-150889.89665,359604.627724,145574.442107,-44429.9594228,271277.084915
1278,191776.90313,179940.341547,91463.0829236,-47915.874239,169495.947277,137624.14217,150918.346781,254775.929823
1279,103043.536525,217500.063724,-31978.7913879,-199566.830163,274731.736275,126378.667791,223616.223211,226447.663285
1280,-30672.1438111,23511.6515739,-79946.9000675,-170934.584227,503909.721014,-18716.5182809,237809.416197,51418.9001759
1281,138457.984028,33457.2949086,169497.948661,-366762.016578,219757.830473,-233573.082027,147945.98762,-60331.6234442
1282,248306.621595,-41680.3880201,241849.197835,-475883.31063,271134.095809,-332733.693621,274623.879519,-156927.493803
1283,343560.624568,-42421.8512175,358610.90945,-435173.353675,315735.316713,-164460.662564,145993.046434,-272698.6821
1284,357093.457933,40939.1028518,325397.504047,-161986.547407,225531.648828,-89397.7248478,-209333.071184,-254597.543138
1285,259418.489258,172587.134989,215864.146162,-83380.7100065,211757.079545,-53447.0946688,-279722.696452,-335068.124687
1286,265302.035522,279208.369386,38226.4558182,-116481.393727,21217.9941224,-93716.485476,-351539.611257,-413833.959294
1287,320807.268123,268785.308806,111735.46961,-359638.37656,-133219.794914,-176458.039896,-445024.271461,-497100.895414
1288,313025.354688,93264.5917068,331018.386365,-378751.698737,-448573.375274,-414693.711151,-338050.014932,-391661.543432
1289,117634.179534,270261.119936,408795.248633,-385474.815373,-411263.575486,-502075.558322,-506549.629551,-483842.970498
1290,-30668.4161013,552137.379601,374102.607733,-310729.005466,-553378.258422,-552831.448103,-589518.388708,-428816.557046
1291,-79555.4032865,421878.539995,170824.345985,-212406.566568,-730450.805325,-359367.450802,-867796.27073,-337895.945704
1292,6355.36278044,260771.272239,273373.809332,-115702.805745,-627565.298362,-268562.374008,-711968.899817,-374665.772392
1293,201307.788271,133662.903263,309739.09571,130674.410148,-458065.605597,-282345.334428,-721713.976327,-340785.346739
1294,251912.097269,55730.9462236,420628.055987,134636.036146,-461764.73582,-409696.552036,-668945.158273,-241738.89547
1295,234442.820245,39482.5413047,308483.208395,274214.604832,-506388.502692,-336269.685396,-660667.904606,-222949.298085
1296,191143.029014,34070.4013409,377395.864428,189111.766967,-481548.306458,-339042.23422,-715772.235653,-196719.771358
1297,139534.232472,-62220.329343,308056.455324,67292.0946482,-232488.896093,-509812.265014,-656993.390831,-126908.44308
1298,78958.6826145,-149097.487732,201438.125546,10625.1175554,-197107.515738,-482647.035443,-635392.505128,-149278.269135
1299,285098.155038,-319806.111115,172759.0253,18796.5844323,-90716.382298,-150409.554138,-337654.49172,-194118.832137
1300,473245.090679,-183011.796857,390300.782631,171980.188592,-26497.0351776,-1425.04512935,-195762.323191,-265570.389651
1301,550764.336001,-40158.6755805,338240.535262,225930.739965,-118299.153661,73775.5792673,-331734.637977,-131073.500883
1302,540655.844411,-85904.8532712,57735.1372861,391933.795287,77505.056036,11221.1482713,-366702.710456,-248335.908713
1303,750383.236117,-19248.5580112,126888.696362,432533.991805,79855.4113506,29739.6365774,-489386.767565,-270725.097472
1304,850533.764637,167125.395012,80325.6613742,380465.435103,13405.7804744,-10679.6238244,-422386.984843,-52331.9119276
1305,682312.681704,27656.2864806,175289.774046,127239.503026,-17800.3372486,-12801.0460346,-515253.508057,-197020.498108
1306,475392.752981,101156.545067,112691.962274,117742.126786,144584.261951,-274788.522938,-381501.738959,-177046.130932
1307,519987.281724,185306.26953,8360.33776138,98046.5584662,277192.436247,-35501.8203642,-346502.943451,87062.2966517
1308,660547.781549,58369.4348415,61924.2831693,121757.610676,194829.44968,71407.1361009,-177216.264972,-54628.5201232
1309,558660.514301,32330.6641754,37538.9401109,-14632.7908833,214307.922098,80129.7011601,-86336.8450588,-188981.93478
1310,643857.184813,-73825.6460095,76214.1883083,59082.9077095,-11695.4195572,45132.5644216,223317.56225,-209911.114156
1311,521294.188254,-26534.953692,101676.8232,164862.468716,-30695.0664799,-102608.851521,156911.939249,-67688.5071604
1312,378996.20292,10754.1998109,281881.201335,216838.82836,182856.665105,-67462.900294,5182.80761681,-147843.410385
1313,515117.244536,-82212.5531508,134622.124672,365048.718325,119900.434924,-45799.3770787,-119639.624003,-294815.228368
1314,428179.478652,-162325.836129,62654.9089682,341533.856035,-34801.291961,-29872.3039618,-294606.394042,-234422.955944
1315,508960.230804,-207712.771906,213251.074485,217782.904093,104162.312354,128224.020717,-410581.25575,-182157.932861
1316,381473.138615,-116833.936064,187080.822364,240290.434911,112782.449342,374848.248535,-198828.483679,-31103.0075127
1317,283926.844756,-185096.816959,-13755.4188252,190113.701696,96927.6617391,386687.854025,-274189.991292,-80161.0972014
1318,38305.6646454,-117652.368418,-58655.1255509,157767.28076,258082.961652,335075.470895,-316553.822657,113291.974401
1319,34519.8284369,-55496.1684665,-15713.8114164,156776.947346,368675.201125,84196.8225921,-305870.717173,65633.1566188
1320,59554.1649012,-356918.681476,95233.6209367,127457.199908,90438.2139513,152891.499946,-185758.767972,-32206.2711901
1321,142701.19925,-299254.900114,62142.7930344,238743.171081,155025.123426,278527.722698,-194234.039543,54344.6823426
1322,125537.273696,-83240.1386893,178498.475545,443056.945285,54911.3696414,174286.576911,-65224.1069673,91241.0349045
1323,83595.1248911,-49284.9511022,51579.2586811,99948.3455073,72167.5352276,112167.654383,-82345.3605586,-161858.243358
1324,1722.66914148,-53365.4475409,60618.5885199,-6289.7478944,163722.730834,181126.75648,-9910.25531487,-88131.4210516
1325,-199192.260884,-190970.751116,129836.697277,110710.424581,174760.067802,198191.536112,-130233.877096,-257148.868101
1326,-30775.204305,-290552.946794,228490.381842,103785.645761,8206.15766626,214338.701768,-131011.842552,-95290.299915
1327,-100774.850974,-235850.983883,208160.522546,39891.7219832,-277020.273072,202452.271315,28001.7613442,-70800.6134942
1328,-187131.399632,-91672.5972328,224793.214504,12022.2059145,-288271.770071,-10992.541704,107056.868026,-91110.8260388
1329,-126962.995083,-186200.642025,315103.275351,171242.860825,-415608.590063,-118818.738727,224142.405431,-94178.078519
1330,-259944.356133,-73176.5393282,185575.480705,227036.723813,-326311.078438,-87092.46891,302589.594019,-216645.054544
1331,-196184.023554,-80306.9714551,-34142.9406605,198588.898638,114241.247958,70750.9558487,294004.632828,131291.529959
1332,-481206.106903,-91657.4661482,-3204.20975564,-48261.3627227,-48256.9041879,8509.06226638,302429.634765,48316.4261626
1333,-511840.75418,81579.5315361,-208421.100795,96920.3845852,-22807.9786276,-214555.013342,368066.478154,-72966.8946271
1334,-522357.939146,-71081.3597916,-246425.823536,-92234.6304072,-97855.2835479,-379138.187037,246076.195001,13857.4140474
1335,-434876.403608,-297154.568762,-131176.607676,-251633.400178,-100974.344622,-357507.203374,142663.831887,-200314.883155
1336,-298991.199181,-37965.7803047,-186498.584036,-424012.553276,-70226.3803012,-361493.304011,138991.480564,-345025.481169
1337,-388962.729234,5685.33118232,-180613.226551,-405358.919127,-186301.828094,-359002.450626,97920.6240016,-488686.8576
1338,-470831.859691,54380.4512298,-193566.168788,-348895.969848,-126055.552142,-330104.779879,177495.921787,-227623.481833
1339,-395251.243381,216574.527629,-223938.427155,-491510.580004,-209249.68684,-345819.521251,347111.783298,-110365.932118
1340,-412205.44734,127528.633465,-205606.914304,-323354.110183,-116149.50584,-390237.706597,420173.363221,-135777.270825
1341,-270432.592932,33493.237381,-291615.940801,-174391.65648,-96524.1663074,-487631.298893,601890.571358,-149011.950732
1342,-303929.621925,83751.6797698,-190189.952777,-243298.933608,73827.984587,-480520.918882,286437.427203,-200828.888626
1343,-464203.181157,160916.169232,-47381.2028997,-478497.158468,101206.200509,-415301.613318,314952.48037,-344428.501183
1344,-387537.519676,238710.920151,-116678.130078,-342402.036111,7653.52873469,-629080.202096,407254.433679,-246048.457427
1345,-284607.77829,40272.0728847,-24905.1124337,-375867.846488,-133121.45629,-548216.271777,458500.494834,-312194.796387
1346,-272503.42817,180432.976839,150966.404967,-457408.133174,-99223.1006785,-437665.841123,174457.116527,-165662.446061
1347,-327999.007835,110643.940221,5125.94316653,-551959.892145,-169459.245438,-516260.750455,209306.515738,84678.2378886
1348,-496295.428043,130074.716809,-197212.334667,-499866.074263,-202132.901804,-304970.469051,301484.253571,180296.052043
1349,-358175.958834,144744.333726,-219881.745956,-533913.630925,-65705.7615445,-217536.322664,310398.719247,266837.775392
1350,-119340.85272,72766.3385875,-252740.831132,-342900.240226,-110939.734567,-72817.0942033,397322.648841,13550.9583989
1351,-153839.159395,125983.287594,-131885.378442,-410022.830502,-126282.33103,92470.4948029,348800.913434,61808.6907355
1352,-280415.010252,161683.30016,-12191.7084342,-400002.627716,-127558.528191,-20535.9295498,358574.787226,44378.7194661
1353,-190128.631812,14780.8456402,93600.3865238,-396846.917237,-104747.709241,-106619.511817,334452.798139,-304105.597888
1354,-105060.373001,70654.1913742,-114295.225627,-376390.306762,83233.3301957,-183839.736268,214844.532367,-195525.786584
1355,-129211.761738,160775.204614,-34089.4769271,-303064.942029,155112.996778,-252992.954502,-66200.623739,107038.452498
1356,-274949.870144,105762.37942,-125709.482893,-366378.976176,222667.801107,-323781.701304,-276849.022303,225937.546408
1357,-270988.173528,31052.8467309,-6467.91487566,-192244.168348,364795.465205,-289414.438023,-191516.768127,218193.632725
1358,-232415.072887,-36290.1415797,-14349.685546,-79631.2542676,407730.406881,-299268.671441,-198144.219649,318905.142708
1359,-155310.588457,150990.003726,-187794.441181,-166528.786496,-139991.679352,-505011.208189,-78987.8111889,325084.751458
1360,-162699.294096,131693.328091,-76546.6790658,-173452.050247,2980.807081,-590067.735646,-93351.3605912,343615.88441
1361,-139677.137887,-27891.7204812,-120461.649377,87149.8274219,115244.480491,-457037.033613,-41439.1766351,411138.109898
1362,-176025.743915,9137.48850699,-40880.3537529,7151.68418047,173340.132682,-582088.751371,251291.562471,436026.369582
1363,-105719.212528,128665.657991,-133107.866896,9523.68888393,214078.931522,-384455.464074,191489.89113,349857.763201
1364,-29538.4006764,-78276.4449613,-11846.4387161,51092.3461354,179811.522607,-93853.0003927,-48822.6922338,251142.917128
1365,135681.968096,24244.2994568,63248.1611966,88101.2421381,127517.949031,-300455.119652,-209807.264379,287382.410818
1366,195540.844337,46335.0308515,148219.234137,7873.06062895,297645.773126,-349597.012174,-94142.8821412,311699.444857
1367,252822.78175,-17585.4878726,54197.6353796,303497.355316,53492.0605257,-105780.788387,120186.709396,545702.57393
1368,118127.455178,-458382.753246,-300863.836544,92026.2656411,162044.268846,-229908.604101,226304.518332,581678.841162
1369,146340.666221,-596742.382495,-289655.249527,-131502.758324,200954.764386,79827.6112618,307930.261448,473415.268466
1370,119850.213646,-584132.939459,-313592.852142,-51205.0262486,220849.00375,148976.185705,375914.547282,573296.85897
1371,140259.71258,-368702.48938,-374621.46908,35082.8399147,150424.291996,-47839.7134993,401046.987699,636509.598185
1372,166195.313398,-593189.03566,-276513.735906,-62611.2332806,130360.440233,-43683.2080571,495900.36714,503018.14146
1373,219557.386379,-803370.906717,-256386.001318,-160577.500861,101532.047326,20533.5682295,284479.44589,399409.384614
1374,168220.085931,-760957.28224,-214449.419146,-198023.811068,4292.82783399,42459.6865722,125834.404047,192190.851237
1375,-8606.40761956,-604657.467558,-213941.557866,32038.3200134,57940.9515516,-57834.5809793,132836.295477,285616.755802
1376,-2716.98905863,-613364.580618,-212587.616192,64634.6362794,109472.445042,221136.455038,364148.347173,244977.93571
1377,65742.840582,-443852.156493,-188604.937225,32278.7564044,352987.079324,333035.47886,297359.419448,110008.177951
1378,-4568.12224699,-412570.27617,-174518.469147,190630.364461,493830.430185,44253.2582357,292494.306018,18931.1672685
1379,50249.3238239,-453340.93656,-219963.780599,84797.2253982,180130.537111,62123.9409298,359543.447803,55797.0953068
1380,138965.227773,-426480.038464,-284771.459109,-117568.311064,143225.323142,89618.4474167,561960.948363,143309.761961
1381,220119.276841,-353412.830794,-284338.985982,5721.80395109,32281.5113993,102388.200716,471883.778061,-205962.775822
1382,151978.724018,-502806.436591,-307827.818582,108972.820139,-118633.052951,118096.949148,350840.628706,-346511.214731
1383,238158.896989,-274021.196425,-393166.498925,216282.116957,-62454.0837033,254578.541627,355752.895533,-363868.369975
1384,278813.857581,-291260.073665,-280797.014972,224200.583176,270648.717896,165824.029499,279846.663085,-108503.658358
1385,183398.227448,-145646.612805,-196114.18578,134673.064985,331156.378839,386179.387517,233111.801641,49775.0349654
1386,249271.920716,-13609.9476975,-69043.5547363,37240.2209026,243719.88604,264238.967947,277599.073172,-39583.9045364
1387,329039.269709,-178172.857371,-87656.9087821,39554.0162209,169829.584535,243179.006223,250206.709721,-81109.5537587
1388,236820.473569,-10674.7478701,-196112.594044,154049.713575,6395.20857234,153570.663632,-41488.7890955,31509.2419152
1389,247203.080343,176514.490448,-49028.7978411,455132.629705,-119660.767057,153606.846387,-85398.9559653,95288.3552636
1390,347593.039845,69832.1845398,-18081.5923805,278685.993367,44447.3197983,220257.810412,16208.4429767,207595.70294
1391,296059.497219,91465.0206997,95552.2513276,158374.152811,-13306.6384898,115056.075594,56245.0708486,269369.267759
1392,184403.881401,125098.842213,103488.166355,-25909.8444485,8955.39227931,295636.689856,477332.058448,400165.393981
1393,35920.7578651,108841.903486,-32067.7799541,236618.444284,-38671.9973535,327360.0861,518125.377721,444324.512325
1394,159141.216851,-7624.45169172,-155066.58279,114014.55033,-44498.7038188,306356.188473,234971.393304,361971.70644
1395,169436.492247,637.788180883,-50819.1856699,260147.635176,-72400.4293387,313990.349582,170099.202119,292561.832374
1396,223152.609002,-236702.28363,82102.2356099,262306.477429,-203586.745959,195835.295077,172256.440977,346110.74115
1397,113703.738404,-155783.688598,75629.3292138,463766.727386,-69091.958189,253762.22974,36440.7901375,293513.539033
1398,-229540.029017,12221.1924445,40213.2912501,414970.056921,-149252.507925,403453.064095,97193.6669563,193400.50318
1399,-161633.51843,-118632.760879,45512.4889738,202573.395894,-139237.879598,549787.009634,-31859.2515495,83452.2486595
1400,-42543.9817689,-211272.5997,147303.656602,237661.398691,34875.1087575,452960.767446,-62930.7566964,121716.049982
1401,-157689.599157,-140282.535918,249583.720796,167932.072922,-35285.7478334,427374.863954,-144275.161813,118062.697262
1402,-88821.5251773,5933.61611613,417257.877544,148605.60616,-206475.605068,511597.220584,-53348.7969236,83109.1964165
1403,-144861.368975,-113009.189859,398618.464416,12958.8571358,-61106.4608897,529264.272936,26214.5295895,152247.215934
1404,-245852.429773,-21561.5776398,432780.353794,-153994.670532,-192661.447966,305351.268759,-22558.0021937,37071.9453301
1405,-182845.34028,88788.5592409,241180.036979,-97685.6832806,-77946.677054,407442.438951,70318.6079027,-96302.2786849
1406,-240160.653583,164175.109816,195106.312081,-40543.5533387,209143.166089,367694.051606,230475.745705,-77760.7512328
1407,-337498.542835,128419.912322,258905.831983,-111020.457522,222415.46157,171988.703709,141456.64601,-36849.701774
1408,-414179.021945,82240.8945455,261726.51284,-52688.6370922,346895.209515,154679.351682,91340.8050591,79496.9292562
1409,-394501.192365,118319.914173,229488.523378,-49058.4941027,361936.960552,279292.384182,109697.698807,341131.398911
1410,-448845.93665,32916.102783,123769.440719,-74561.1424771,180696.134016,142248.166306,152608.381275,130789.725174
1411,-393062.758648,145201.52204,-63963.4995578,47603.3020842,-53767.5774951,191363.018228,288533.78601,81026.3626807
1412,-323444.00744,1270.66572855,164797.456063,196684.477734,6216.05794362,236077.888295,331490.907096,132941.996224
1413,-107907.41493,22317.8917256,202375.006141,67866.2684603,-133007.345973,145617.197113,514643.481668,-77415.0093045
1414,-44467.6439779,-48088.3694755,67128.3488254,67286.8324099,19831.2866196,189017.120144,582114.691396,133883.891632
1415,-144708.076042,55744.3423406,-191160.332876,118712.172624,129832.140629,-56686.7756828,288753.752894,53128.6775243
1416,-380733.463234,85299.7090334,-142523.155606,-113094.346526,168011.911177,156310.574063,404791.570326,-77235.7844992
1417,-322640.840139,118092.637154,39420.4753173,-94531.0131606,281556.742809,101542.122965,370093.417443,-56330.5610828
1418,-53678.6217357,-202973.663693,-13659.4146207,-100495.158251,295399.704322,18047.9722909,141623.333313,-68522.4515973
1419,24987.515881,-441844.645153,-280031.171158,-226073.453091,322058.761132,158115.246695,-33551.4461224,-7563.57439783
1420,37275.204744,-319139.294007,-301631.573399,-192204.32425,491685.664139,106113.837387,57534.2851602,96071.7945792
1421,113712.921671,-387685.912178,-161281.804718,-124986.187403,285135.247624,-101191.878665,-62603.0485854,221721.369723
1422,-208565.801381,-344399.000285,-89993.3854159,-158272.66672,333660.233629,-77080.7361469,-214731.366313,132497.139731
1423,-220396.441707,-103999.112244,-37960.3414588,-46286.8304056,395922.550469,-144896.818832,-180346.998424,299757.033789
1424,-169971.234343,-19271.4781439,-15187.6664916,-73257.5766727,228468.597208,-238883.275571,65605.561045,196825.838539
1425,120399.433562,-182821.207114,-52483.8783475,19309.8978782,-26619.2285364,-276118.027834,36220.3662553,144942.848825
1426,233658.347009,1497.80163016,-39536.5999257,12162.5756445,14496.0616325,-111971.311728,141212.046706,105632.872975
1427,231024.90748,-107328.652913,-106733.765502,37640.932857,-99833.3991385,-270308.034523,282464.540827,89050.8195702
1428,235836.907967,-23702.825714,24769.4321819,-12985.6041717,-218973.028245,-188187.355681,212506.502357,93579.9101616
1429,248782.597652,9602.80003084,75120.10042,433755.243011,-331512.081941,185014.317484,123120.20764,-87909.9093634
1430,520197.588312,-54278.9008381,55564.7900109,474185.334566,-195435.551242,317411.124715,60554.6700422,134980.015172
1431,385644.183678,-73395.4641419,54861.1651645,474781.436317,3884.18177083,298902.75927,-21236.3497703,116217.22953
1432,285291.044863,-58943.3048134,191380.09846,371126.68817,35342.8003989,334652.688498,-4976.40574219,124662.017204
1433,396272.064833,-170603.264117,-101591.365575,548230.09438,58213.2535921,360004.159791,77178.2706757,60791.9267037
1434,433332.657426,-180009.255173,-116113.017956,607912.784108,-223178.639898,225502.335547,87721.2047325,-14693.5201444
1435,376238.283218,-112131.100406,-138668.095359,753026.596658,10311.5259149,275019.770807,-168012.212167,3900.24838324
1436,230352.388707,-152891.974023,-95956.1131351,694259.001614,-20490.9543496,160357.356084,-53148.6042626,-244271.175549
1437,542550.947869,-161526.750384,-88472.4720115,591987.244865,16029.0882334,106301.083579,69203.1959832,-240876.407121
1438,367752.463681,-237819.210957,-173670.430091,343784.149844,-17769.1927686,120933.155656,266832.724351,-209377.432258
1439,346711.420962,-294229.713665,-182915.655792,61496.3114675,-44726.1608651,151134.746321,62545.2423345,-131536.292975
1440,435166.189936,-302264.45727,-193015.890503,321593.226614,-192391.519765,100170.919516,-70875.3414443,-208470.260597
1441,378858.571751,-52556.2255205,-144211.586509,484872.84115,-111750.690792,-260786.06083,-125774.59226,-282276.698832
1442,393842.97853,-250200.954069,-113885.480479,181650.147889,-334070.548311,-44183.6589181,-149780.474389,-539082.230428
1443,286140.737729,-112637.645339,-25660.3311387,-11945.0964828,-419725.110793,227655.179488,-209128.084344,-585626.08853
1444,294639.353377,109638.965334,75605.1621345,134976.316716,-597180.266448,120230.758528,-158587.261314,-397830.356224
1445,288454.164269,72310.0378982,303291.001498,-72331.5871269,-366563.421935,188494.066872,-57431.944616,-397636.702793
1446,346591.880451,47111.3471312,120097.352292,-568.375392546,-387199.95612,148399.535558,1118.29992611,-844728.755938
1447,431355.421693,165312.853897,352857.548557,54735.7179335,-4694.91344238,-138729.464022,9805.22055393,-662099.333438
1448,526345.69027,14269.0449363,404271.391836,183876.250539,-112642.017084,28590.3941947,37336.6360221,-459883.033512
1449,221480.328089,228718.313186,348856.339776,-107224.290843,36532.3958475,-7070.29796532,-206156.430962,-395946.031892
1450,244085.835827,183417.706524,307008.368783,-42828.533171,-84788.3051841,12025.7229118,-451484.490982,-483357.587412
1451,405420.990464,230271.764307,285359.381193,42713.5547526,-200745.615714,89208.8519374,-352406.489038,-434163.820835
1452,311696.528832,420573.220052,383549.073084,174991.969569,-98135.4933347,41881.6759589,-295484.439599,-388719.320598
1453,184107.147107,430134.148665,611061.975684,114445.019869,-86366.9024358,380988.303077,-320229.606504,-607789.640521
1454,107421.421478,366033.029697,543090.713216,270122.639887,-281049.04383,268623.836697,-300806.194376,-409887.162816
1455,165263.589221,375595.7209,416786.121734,305682.381717,-115811.352499,277828.992171,-478106.88315,-418295.072133
1456,70884.0278639,260209.211385,298380.131179,355900.388288,48567.0006906,326808.703709,-509270.955421,-584065.355988
1457,246643.402444,269279.738853,175853.569048,201145.447861,-110970.52997,138512.070736,-329847.17168,-462477.130482
1458,324801.916762,223998.161393,-73782.0873933,209206.981717,6232.75726805,56865.8206854,-268655.312317,-299959.385811
1459,176687.0872,155413.417471,36113.7211873,56967.2193536,197268.140411,120937.867724,-60704.939168,-312300.243851
1460,347121.81067,194355.572781,-214051.063306,209306.760472,409884.949324,99605.3534002,81672.8310965,-277533.059331
1461,315043.18917,354000.996625,-100250.866192,376820.686529,309048.080695,-114441.885905,87556.331705,-427011.258517
1462,260918.335956,471404.273249,-40313.668222,280047.818618,144001.0453,-175782.040421,101755.148614,-285135.815505
1463,121723.19641,316504.292573,8049.35732026,384764.154317,83586.2979309,-189235.509479,-143099.293451,-455846.27907
1464,-22228.1527053,183464.62845,252871.559954,321895.992251,285985.508548,-359065.937949,-182129.933911,-507389.143347
1465,-23931.5541367,252889.203937,10186.5804876,248688.521991,304147.549775,-210537.387325,-181575.058171,-373426.759917
1466,120667.400369,54948.6891881,-264386.010242,171559.768599,180670.796451,-114453.78215,-183036.743874,-211355.434607
1467,134745.532543,186030.195821,-214419.403235,140482.371666,132898.305547,-386094.229398,-259237.589386,-193544.699503
1468,142491.692887,281046.592539,-292052.311587,168451.497445,222690.431448,-332093.154271,-333945.833639,-111928.072962
1469,-78113.1865005,176697.025546,-375029.198406,349534.189428,446674.938705,-367278.825296,-174641.247808,-118631.879995
1470,129342.401852,139029.984437,-310033.145844,274533.804214,466075.250789,-326261.28934,-269970.651791,100523.864633
1471,235964.232397,319912.436327,53356.8773644,248464.522791,434539.714817,-395700.686704,-268652.521237,-202822.957188
1472,233854.410605,-63078.1546805,-72744.947385,367104.670022,422858.380663,-242237.752513,-370225.618374,-128432.299298
1473,287941.083404,-52486.3986995,44931.6386781,52114.1156418,488913.595511,-27111.4185216,-489711.50743,-49859.8575173
1474,423824.892885,-135777.352796,216900.336062,-6704.02015994,585055.708629,194820.256019,-431046.299183,-238289.819882
1475,358463.097899,-201849.554031,28182.6528083,169929.076291,398079.428824,111080.900018,-640320.835751,-336402.543439
1476,278834.416715,-139636.225999,-13825.9591599,261357.360359,287880.235616,-55999.9254037,-690619.676519,-420452.684864
1477,43815.4740022,84043.202851,-13991.6238308,250455.40045,377.160374631,-144990.645897,-434001.639842,-277508.899342
1478,256377.869839,-64853.3863693,130982.627167,264857.66225,196903.883212,-156859.704388,-413181.501122,-132399.693537
1479,419615.236315,-159958.470309,204640.559083,411197.04205,297116.398727,-231044.174906,-245775.436762,108286.235057
1480,362558.946158,-166623.673777,381495.143325,358115.272531,333856.167234,-92044.9535449,-182934.264398,-215038.213873
1481,455015.836718,-247762.613382,259983.204009,331299.206507,254207.937255,-68611.8860555,-318178.345442,-241598.085275
1482,269686.327997,-240816.110534,186454.635734,156252.980355,345877.475113,-3267.79193293,-305811.869456,-359480.06115
1483,156304.171785,-41022.5814281,151929.211553,236537.722707,150793.848479,92018.7143472,-186237.211723,-338058.25923
1484,28555.6372605,65478.355494,29768.4211451,196155.798231,39017.1090463,-70162.9233454,4971.16732669,-252778.806449
1485,-226467.929614,162740.968876,57169.8521816,364190.475264,-65502.5629409,88091.6043585,56626.1573549,-85683.0941184
1486,-229739.288824,262584.290209,113575.215013,202580.545436,-29222.1115838,-111603.580663,-4383.85507904,-221879.365024
1487,-360199.590881,456201.498934,51319.383755,86518.1523391,-223383.575621,-174540.757389,306731.872683,-367081.774032
1488,-368913.120307,536132.76294,-56234.9075844,34441.6131586,-277830.298265,-200167.647316,263022.382088,-259592.017977
1489,-389958.272362,504705.766862,4424.65077298,85241.1921508,-139816.605046,-266658.348693,226479.054938,-148985.566298
1490,-354902.895123,446768.296116,173184.489617,18639.3323786,-27976.9695574,-248467.083811,231150.372181,-3934.85611395
1491,-435879.740687,312215.711802,51015.0312046,89430.1827623,34065.3096963,-183366.179169,210525.363473,-28146.5908104
1492,-475798.164881,280512.250529,-164306.564018,-3764.74207466,35041.4031734,-224129.55282,181467.280429,-77733.9937112
1493,-471504.845324,456059.841178,-55463.2188613,-118190.306195,155532.387623,-136530.703882,145555.937432,-257889.20368
1494,-467812.566435,450260.114928,146208.714078,-44313.7650589,108505.068657,-211688.226589,157072.177925,-388369.920339
1495,-605176.388285,352543.180795,226018.622715,89218.470998,78107.656948,-213909.04747,228765.943377,-460456.558852
1496,-494308.959784,276318.627932,279335.538219,62697.7733778,77003.7540685,-23781.7767075,141352.824973,-431325.217812
1497,-456434.634441,381837.189337,103060.781947,-212140.72025,218562.162746,25583.7356965,73873.9101345,-440768.338679
1498,-434000.376066,371779.698094,-143359.808905,-239901.083766,285411.977639,-177288.931192,9407.9170572,-254200.857608
1499,-375729.443566,401171.210859,15439.7036931,-139761.123591,217243.29986,-198130.48856,-15176.9500944,-297869.813409
1500,-461861.529315,498626.401005,63500.5852555,114164.96245,18708.0295881,-170445.68195,-51638.1379165,-432011.716204
1501,-391884.860525,315647.190209,58836.946795,184141.427797,62694.3159756,-290296.939063,-165656.364403,-60776.2190967
1502,-285202.156364,166599.398379,279511.774478,386494.201266,41163.135958,-119898.833464,-324400.374996,73032.4702728
1503,-322378.375152,351122.239688,298027.431125,333303.99685,-53711.0142335,-8875.56614811,-182049.723074,-80635.1000071
1504,-462092.220539,492517.716873,286435.533435,155611.531244,-8739.48682389,152084.488896,29980.0544618,32631.1289223
1505,-456598.309591,477996.851346,30588.5322776,262064.730125,-165990.445713,8689.02446848,-80711.4989089,122540.321445
1506,-385574.032983,350381.055629,132608.052301,-29703.2144855,-198051.563551,176012.468548,-278241.024086,169577.026445
1507,-336775.396282,365179.201303,194324.73424,30779.6570975,-239535.391307,217597.63151,-193574.051278,78677.1061395
1508,-169559.695427,581658.19266,227414.803951,86200.1419765,-120254.978961,277635.17755,-344109.575106,98363.5617279
1509,-262908.088642,480148.479626,206447.101043,149167.032223,-203318.571704,358520.406216,-330613.607978,64407.9872525
1510,-313961.806924,392636.275469,60126.2554413,253730.583964,-34918.8281398,273994.045702,-226122.54371,14019.4331591
1511,-341625.189428,205215.074544,72570.3726505,-38791.6282883,90255.5538012,184378.479044,-35153.1981664,-76202.1824298
1512,-311950.586228,207446.621157,21876.3286217,46335.2932473,35980.8610032,29306.8686885,22464.1530516,-13192.1402899
1513,-196643.307333,56877.1578719,-1801.56772524,-158802.251173,-160256.180014,46793.5354968,-6282.29492925,181055.016596
1514,-165925.596818,32723.6324006,-105159.821349,-291592.457171,-156346.189581,44333.7555131,-28209.7523717,212343.595808
1515,-304991.988351,3737.33280317,-70653.1511489,-259859.282326,-207411.812481,45457.0335992,-35729.4400868,-50114.5288283
1516,-157395.85181,-167272.813866,65850.9532274,-241907.398313,-275660.151679,13774.6046599,-109749.086903,-33920.8426932
1517,-296068.42321,-135101.310226,246012.143893,-173598.961257,-247181.84065,-132971.770071,71605.0254524,82250.7832662
1518,-130853.689219,-10041.0270101,260920.338769,-64390.9130961,-424567.872541,138128.708034,173052.500973,-26325.3905707
1519,23328.9881826,61576.291597,366833.419698,89488.5696235,-169161.547537,235573.875687,-23615.3208919,-21917.7642402
1520,50162.8453791,-117109.16716,457642.384613,196801.63881,-368941.422747,54617.4582307,138175.32524,127014.003893
1521,-83235.5449129,62097.4334195,247246.131194,165263.832672,-249084.947376,-40883.9062769,328271.05595,258293.684146
1522,-104686.953209,-12583.2875815,145595.282682,200341.536713,-314838.212796,235023.219182,402472.434568,144636.613255
1523,-262813.677241,-53236.8678457,159337.878134,174755.671426,-270014.45922,126745.995166,322929.351919,213020.481944
1524,-431597.261002,16018.0389423,104034.177906,43991.3139081,-380668.902692,101816.481668,339053.023659,275012.94535
1525,-192708.613988,-15562.2134541,152200.403719,306961.174685,-394574.129225,-53185.5851432,184506.092118,244982.91865
1526,-157642.902172,-264180.286999,131992.243279,246005.64238,-382829.456486,-185444.44385,119159.34134,307581.324847
1527,-38602.7678685,7904.65458014,28309.497148,267113.809256,-281768.354266,46816.957037,282853.863927,-14422.0257634
1528,-9650.28439275,-63317.4611111,210319.49139,377291.520644,-159217.69817,-5537.33403312,415400.521852,49282.9685523
1529,241838.433885,-73207.1950109,152379.294189,381737.496119,-133375.575968,114451.142742,461175.454644,6734.98038349
1530,311370.341768,-48262.9604937,123073.92357,300001.35332,-337626.628017,43338.100435,383186.716759,-9297.42431331
1531,203948.239113,-102778.710805,212982.463902,165396.959515,-544997.687034,6740.01295836,298058.650207,-78749.5882506
1532,105121.827973,-47173.8464052,112415.08608,206564.128749,-349005.703238,94639.7279152,189246.167737,-37675.7444749
1533,106694.206127,-80988.9209129,135516.258992,144080.165461,-274646.646614,210445.984452,151538.807027,-2369.29793442
1534,95140.8267788,-117214.288106,-26580.9593488,70977.7458354,-434703.333604,114599.331664,47515.2235354,244762.952356
1535,206706.839104,14753.5067438,-79920.1610592,70250.4839291,-442530.778927,-22870.8574472,36344.4919094,173645.386328
1536,211746.913885,81505.0453396,18979.4155795,-51530.9363788,-387494.707944,31652.6771936,-7899.26215331,121939.962327
1537,-16855.8843362,242985.55637,124250.787557,-97594.9080336,-487374.791301,55632.2348045,-8212.81553575,72630.98765
1538,98942.6284193,111050.715443,401589.891549,-284819.340896,-427449.394626,101081.725186,45834.9741036,145264.506109
1539,96799.0425951,71487.8592201,404691.636643,-134500.602364,-424023.077512,112052.24812,63240.0146953,138407.397228
1540,74184.5801494,16946.3411209,241097.528797,238134.615927,-305509.789509,109603.205481,37257.7240176,167217.727808
1541,91927.3358218,121687.846374,17186.4814595,135855.192098,-49681.0501487,111191.33955,-213003.625544,135157.635151
1542,344269.127113,94473.7865797,5505.58088843,-24113.4790976,77536.3286616,34474.3196431,51511.1606899,100983.485658
1543,445949.817638,3310.34150807,96435.5995459,-41143.1686852,3517.87218909,-75707.3446087,-73202.8446269,63367.5429148
1544,316304.189083,-71352.0353568,446.885246421,-129639.473565,866.699065151,-69232.1937413,9042.81576112,143766.928488
1545,384237.614831,-92820.8745443,112253.791848,-114619.556942,-50373.9809506,-48220.39221,-109621.623735,279177.516778
1546,542922.727867,-151091.295181,10381.311371,-62666.1488686,77204.6186625,65941.1357872,81494.651638,183698.212529
1547,663435.98773,-124032.520256,145180.430593,-217850.126212,82327.7430929,49484.7700679,125198.238549,72879.3184106
1548,660181.70616,-128603.97429,205438.52224,-314025.620366,51404.3679462,82086.3006907,-19398.6658121,-31085.9217286
1549,646036.157947,-148116.338774,384006.49657,-272289.936679,-74530.7710789,140056.319533,-100021.722759,-94160.936303
1550,501465.079121,-172783.127814,240879.412867,-407761.613328,-105777.078237,335056.64003,-285780.195757,-131028.940004
1551,507512.689574,-165587.375586,189017.527301,-370159.938724,161145.501725,349655.851447,-40656.1789746,106706.616119
1552,226838.913367,-236561.054965,109428.211658,-565623.74783,153245.40787,398520.669452,63053.8452639,113937.632363
1553,110699.245602,-221351.542858,44390.4948684,-707519.61524,22517.4810096,359209.296436,20500.2816688,244404.000781
1554,-22081.589074,-107780.260636,172015.095495,-800537.479033,109331.463609,343872.620641,-119965.489374,108174.02779
1555,73266.6926197,-2852.31865216,326487.746328,-751540.663243,51898.3591457,267374.087746,-111837.910692,50872.2283097
1556,-89703.4981525,-26424.4489944,236123.886484,-534084.361141,37187.3760561,275967.981399,75582.7566302,57629.4621528
1557,-56858.7807022,-18221.8431811,66180.6076554,-519062.110526,185478.298023,160760.274666,7808.07459352,259390.257882
1558,-21737.5026795,64032.6627472,-19530.9579162,-343894.880684,187041.232482,111894.802957,79995.7282368,307402.291805
1559,-89478.4425271,117806.553464,-91505.0220337,-304339.411098,59829.8911236,-31427.7695014,207843.743807,265365.820116
1560,-92732.1554606,211668.972142,-98665.8418409,-114643.163837,-16936.6972535,-43598.18613,26976.7082104,164802.354428
1561,-145409.917681,270081.707062,-282833.262349,-230744.445718,249661.593686,-152550.710923,-73470.5213732,121630.531736
1562,-186296.738388,79105.9603061,-547200.225993,-288485.311978,290338.082899,-332351.596549,-63235.2904512,162798.742348
1563,-173755.355705,-171920.837769,-529071.416245,-289775.394739,294123.815137,-315730.204098,-220616.729756,228483.841339
1564,-118733.574665,-217038.181707,-322413.635952,-341064.093042,131617.725287,-311049.725079,-185885.138872,237826.500399
1565,-219685.182314,-100206.354267,-354380.590205,-756581.122382,153591.400899,-350358.641803,-148919.693284,83463.0260279
1566,-328264.269574,-179617.956029,-305713.630872,-503180.417551,127873.883168,-332281.092005,-119579.199702,-89116.4707116
1567,-248432.157549,-279143.994868,-283502.737257,-533690.946009,-8743.47312106,-94462.8695943,-59503.8267928,28937.5365957
1568,-367774.34736,-380944.149731,-378175.192242,-349748.90028,159792.1186,-102964.424134,116850.514643,55693.2727825
1569,-409192.00915,-98788.7094242,-429351.248719,-240706.823469,210359.183913,17739.8505695,34629.6713551,181298.555264
1570,-289384.081338,-312870.005778,-573583.882474,-350979.242568,121370.415925,-200105.121835,-8648.75160395,-14723.3046912
1571,-189820.710307,-382662.762899,-581254.291704,-221588.613439,-130449.020214,-135369.692459,-86277.0513983,20635.4716829
1572,-95496.3205227,-276679.389839,-568432.087294,-121980.62196,-184573.803791,-41276.4705288,-222511.080152,32504.1371318
1573,-127910.574042,-223152.196887,-414170.761977,-1986.76099365,-227062.176693,-56710.9153748,-164258.667091,-162896.499649
1574,-252013.889156,-217733.334511,-335729.888122,40776.8027116,-131165.659352,-121121.587335,-268228.425986,-2727.12203806
1575,-415815.900093,-332564.698033,-183720.473568,-136836.003028,-107346.300083,28422.5079103,-348896.553202,38774.5971431
1576,-375160.873888,-72789.2501597,-290384.174723,1224.09858745,25177.4989564,-67262.8014646,-177246.93593,140947.148514
1577,-207346.728892,12965.6708654,-256148.263718,7569.94039932,-7999.32762135,77341.2406587,-321861.956933,-33256.9778046
1578,-35107.2019517,143976.564607,-36728.4913436,-49144.1094385,109627.667813,166169.739737,4105.19791022,-253286.086711
1579,-163667.576072,388873.546333,29731.6137609,126463.074229,161579.562634,135917.398029,-132360.610837,-95435.3184972
1580,-38796.729214,100626.409637,1470.90329577,41533.2960679,185470.580787,187929.955545,-95355.7563833,28385.2603393
1581,-54160.6644784,65505.7163139,110876.085399,-83097.7319265,32392.620603,15812.6854828,282367.569148,222214.56759
1582,131537.846491,211791.778143,208967.822698,-205161.846868,51551.07464,-93647.8526681,387622.81118,67641.4681567
1583,43757.4753155,136857.369152,182321.187836,6605.12881121,53930.287519,122326.149749,227245.238249,-120468.241102
1584,277167.063815,226425.19712,339862.650164,380163.472243,216333.174357,226211.122473,213548.642617,-209009.181245
1585,277458.05873,255025.744922,459113.919819,401196.705677,366408.196911,233222.681472,253675.416363,-24760.2360075
1586,55472.8720318,157457.439223,391078.084059,161678.105009,320258.382059,99137.5634027,169773.431922,119427.513292
1587,207517.478765,237276.373983,343140.142891,-9207.60217684,189553.982863,-38220.7821277,-9275.00315391,23657.2768667
1588,91435.7431249,29842.0917466,328800.945012,-124930.088165,28760.2354052,96163.1070845,43706.5778952,-123997.64241
1589,25274.603565,160132.224965,373174.723606,118841.458564,-80861.476324,76113.9243618,-157474.215612,-124075.504871
1590,147128.221929,237367.89759,207360.568263,175849.257339,-370867.445948,-18536.3909477,-82111.7829366,-150896.862237
1591,146800.788376,276923.499614,292755.336668,114662.828952,-237396.80684,8041.5138108,-132484.249552,-177818.057368
1592,129221.589384,138679.070997,237776.507634,147867.646491,-388970.073314,-100950.12762,-195446.572269,10002.3435996
1593,76092.366825,128288.179125,287450.536563,373334.61333,-283455.362377,-142644.882776,-305581.13686,240383.404974
1594,-7287.48696724,60809.5841085,221703.311266,277339.013909,-235212.240688,-207863.217653,-191487.932073,182404.922117
1595,59873.8260287,-209732.200314,255256.825257,94961.9221285,45159.1202984,-287409.538109,-231658.743939,74299.8175476
1596,225367.573318,-342234.132185,230757.593812,320501.281679,-50604.8211184,-245922.424092,-65387.25777,-33957.951057
1597,93976.2861399,-355068.945249,149408.576564,142828.608573,-285620.520022,-267456.652244,-121957.000561,-63628.1622173
1598,-42946.2566667,-638025.008453,134120.885094,73252.592266,-123675.228602,-56953.8935315,-206633.287748,-288670.910263
1599,-24522.1199429,-600179.196144,-133819.633765,-12830.4169562,-225987.789625,114669.990477,-428856.716126,-437153.617589
1600,-34415.5831216,-295702.608951,-266608.843166,15301.4753474,-137442.336037,-114291.982688,-236915.524987,-478949.518691
1601,-81752.2515549,-202548.56223,-123925.88853,16691.4344158,-233038.297382,-233781.571532,-198109.463159,-455279.037287
1602,-19820.1000918,-60870.267836,-282049.472197,-239739.745138,-8674.79126229,-243403.091373,-162858.136076,-583620.138673
1603,87015.0769828,-142340.804852,-128100.729237,-272145.776972,-219670.895672,-230032.996728,-151653.154818,-530390.624549
1604,19396.6684953,-217206.04815,-123203.592438,-456572.352472,-322821.102754,-182867.68811,-259330.484712,-481892.924562
1605,-40493.3210115,-197554.481155,-270257.554354,-520682.682692,-355538.587497,-337026.754483,-304858.383933,-564028.599396
1606,-51647.9936546,-223169.291611,-228227.035091,-645344.75399,-456538.651954,-344682.513024,-335158.544769,-441283.573002
1607,37653.7738366,-339789.938298,-198307.46081,-633118.042642,-326202.287436,-336207.43314,-149938.730691,-280309.331684
1608,-55290.1963238,-397410.280896,-281461.038528,-553582.230929,-257861.204873,-322310.347249,-187854.025815,-229596.737874
1609,-43183.0116736,-107022.133383,-183142.080079,-597833.639587,-165407.85141,-525262.958478,-233959.599432,-383304.41561
1610,-24177.2667611,-40009.8337901,-217492.784299,-474716.666348,-243813.891049,-569463.229296,-68545.2235311,-297517.135234
1611,-8400.42085813,25269.7203373,-227752.138987,-379053.135411,-266449.653095,-345065.853104,-127283.785173,-233136.219644
1612,-58367.7607376,170996.693693,-241068.673059,-340705.332184,-313793.227062,-271313.447001,-95067.0201897,1004.26476253
1613,108761.043457,105535.930041,-336900.993492,-462185.004773,-461797.067177,-146932.281302,-252741.506196,-136412.44951
1614,253884.684349,155530.55234,-229696.867071,-432251.269045,-324679.689905,-282060.672588,-73005.0631861,-272653.961497
1615,150035.467238,310626.922127,-232274.136409,-405928.85284,-322243.97199,-254708.086909,-80783.9742059,-238746.008589
1616,277406.68213,132710.126314,-357902.01087,-274794.47509,-436981.327821,-276792.326409,103737.942183,-195380.437811
1617,427541.423066,291165.368056,-411809.440063,-155276.218869,-393090.065688,-320813.878607,-26971.8334465,-22291.1204573
1618,233217.312285,279406.630093,-308017.184581,-271967.226607,-431684.498096,-211961.512928,-4854.5015496,-37412.3119754
1619,119490.299634,181961.860759,-183583.187081,-265140.946743,-439728.841913,-135719.6514,23330.1100743,-194631.567335
1620,8115.00516744,185249.273648,-142392.939029,-105314.352892,-310511.885858,-236337.879872,3961.09419763,34282.2455944
1621,46365.7249654,77369.6233723,-61075.9142521,-196888.395489,-299662.777061,-235105.198711,-170875.916461,234263.612381
1622,72483.3141479,139037.544145,-36431.8812703,-395556.817351,-282759.155948,-128385.165846,-99318.1904293,313349.68827
1623,-3120.57528714,96894.5845469,119147.888678,-424147.069583,-99321.6199378,-274805.577413,-87142.1477858,286380.685947
1624,7649.46271661,-179197.714594,10907.8686412,-463570.010148,63602.8583669,-389241.454201,-126787.90282,32908.1444555
1625,-116545.689865,-88806.6397424,-94382.3564445,-526665.475709,89786.5519113,-381033.104191,-186524.707762,56793.0485943
1626,-250494.482307,120933.436404,-114354.417828,-439913.232803,68028.7232938,-187806.094456,-295785.503621,-13496.4811972
1627,11135.5882802,-148201.64354,-307503.484684,-365410.563238,159574.378311,-33621.937518,-156345.449412,-53911.183116
1628,98525.838647,-40700.1458287,-375877.616658,-373487.590306,312253.754198,35606.8067213,-201092.919887,-249910.772236
1629,52925.4787186,97192.9234989,-327277.850803,-86448.4225046,283721.331669,17771.341975,104086.402091,-389914.246227
1630,89241.7858293,21344.3120769,-304251.033357,-95336.752678,-28790.1591215,-84622.1202844,-4381.09612021,-260869.391839
1631,166370.958323,-90333.3277241,-242398.939568,-8653.88556078,-149836.132428,-154774.164667,61891.086886,-354268.63741
1632,271468.160736,-285225.934839,-186025.605412,-164797.090147,4370.98980241,-113389.783517,110207.236988,-331892.04307
1633,358358.253667,-196745.858232,-153952.005576,-184375.624625,-17090.0558509,-229859.364379,4745.26399552,-196251.203895
1634,274055.203615,-436988.57724,-231128.797997,-437787.403416,-78750.8032551,-253312.073961,128613.178919,-106697.173388
1635,83491.0041904,-410964.554282,-309773.415763,-296900.473175,291552.480442,-160602.614738,-76851.7005314,-119231.607386
1636,234832.27595,-385968.623103,-360189.213115,-254558.686843,267522.076876,-185319.59498,52740.4780088,262622.809302
1637,129581.312511,-157789.134335,-268987.891668,-167615.298408,141561.500539,-216654.233625,159310.970953,252678.118185
1638,-32660.9452812,-206417.714786,-78337.3557855,-55378.7189112,152919.56359,-186786.137379,52874.0235537,265583.762565
1639,115732.683728,-128363.323154,-215034.853135,-356246.340403,67613.9322973,-185943.662819,-102355.504691,514382.316749
1640,-80411.5970386,-110693.294393,-438335.293268,-443405.580315,-36604.3123897,-242552.932334,-112240.804807,608922.432137
1641,77463.4884792,66423.9630571,-338723.50259,-299024.146944,-34137.9842769,-207097.481321,-77097.4593573,377561.006337
1642,115170.892414,275031.766918,-294971.956885,-349764.911421,-215757.774178,-187176.78902,-211692.182927,165518.177569
1643,119344.772903,377013.564406,-362272.799009,-303079.71624,-209016.320189,-205101.693664,-237980.319281,115752.237254
1644,60435.2718515,396325.000847,-283650.521939,-298361.483831,12245.9872736,-318751.112958,-151943.075282,39725.879388
1645,218504.548263,412138.924062,-222243.463096,-302613.404075,-117212.263814,-275201.705623,-53480.4512996,224282.964468
1646,62664.8007825,382937.151711,-92348.0974866,-348854.622977,-273943.015704,-155209.413094,-116571.945849,314806.265576
1647,109891.055419,392942.125486,-99859.1185816,-354868.881361,-150972.68536,-193239.16602,39422.8965771,137952.710902
1648,-102443.767886,464350.107367,-115424.958037,-101783.389601,-479416.845276,-157209.362416,-62596.3966531,41617.0256638
1649,-162754.571305,374139.662753,-24632.7763635,-238865.653345,-518436.023991,-162161.18397,-128738.517479,78896.2352882
1650,170835.937971,348872.024643,73830.9988698,-162467.244401,-391164.487112,-45567.933632,62314.7807321,-3752.28079233
1651,81414.2516098,223260.671241,287919.692353,-107417.20843,-290227.069206,100211.928764,196028.604447,-224344.062818
1652,-104678.487788,119254.952929,241232.08575,10618.8336462,-464253.501659,88859.0924,137617.784102,-206975.84043
1653,-42593.3510919,174811.582908,205040.629884,-63686.2462627,-549136.298527,350222.524674,262171.368487,-273374.732502
1654,9510.86171808,217164.374266,-32249.803104,48697.469883,-581943.148251,423003.913429,212621.729595,-284736.286615
1655,-153896.036824,94640.8916989,-170230.078213,-89095.9541587,-414408.082103,239554.468597,233671.018635,-7488.24228399
1656,-165883.253375,-53676.9056817,-199283.651794,-256095.456366,-357825.942943,339522.022319,161888.93295,90352.9837848
1657,13801.1809865,-218844.060269,-289060.282249,-97516.7643048,-146750.606991,327093.378101,-1662.4848787,99492.5122173
1658,153664.792764,-45736.2162505,-352145.199234,205577.132771,-4101.98566539,434768.39457,87981.7028644,203572.360973
1659,10217.8439027,-242326.287795,-181819.380984,237615.264555,170389.640805,274906.539892,185878.77051,217347.660998
1660,15718.1082484,-379875.98105,-351583.930744,95511.3034676,204807.223965,192182.569772,184779.135133,149750.215146
1661,183566.940311,-293075.559837,-449532.829866,114997.59947,159901.644848,175561.782108,376955.735156,137306.982035
1662,232819.25329,-57642.5369308,-542516.071878,148539.18134,375405.999654,31635.1168691,420512.731805,-27686.6527933
1663,236720.52412,-144507.518682,-545395.642104,194668.897857,297619.583447,38947.3643807,245543.679747,42251.3710279
1664,225041.274564,-157974.940235,-410118.580558,41263.2793831,138421.748241,5539.20056618,268946.01765,10273.6009046
1665,-15374.469409,69129.4885004,-403656.843749,109940.207798,306851.28753,50390.0622678,460203.515174,204543.455666
1666,47784.0005019,186121.189209,-497538.645185,12946.828723,116948.259203,55621.1850016,488200.84658,19426.1801546
1667,133561.924689,18526.370212,-280813.158887,112642.999176,304872.308672,192858.601351,452255.414539,-74321.7002942
1668,102917.359814,152680.887006,-179295.670742,26395.2545645,245637.085631,-120156.868071,341471.522326,-18033.7139128
1669,90174.026998,94952.9846089,128673.578358,51712.1761495,87702.3039733,-94411.8996709,593857.712687,3349.88692149
1670,153679.712319,81766.4267654,80774.479923,173482.391297,-101448.553981,-54077.7113655,410500.865715,258206.717537
1671,-91019.0047767,231680.627466,141199.108597,246228.029443,-160662.235038,-142685.567209,222513.922853,183398.618223
1672,-193426.532076,206870.582081,186494.536424,111966.893988,-30732.3705873,-99303.1559689,176968.816607,135325.470058
1673,2199.86343796,31842.0216201,51977.7645567,49016.3231654,-203038.008714,-47443.3098728,-95108.4925776,227499.658296
1674,125855.504224,153879.197798,-114618.175973,113035.04723,-143106.254769,34635.566452,-138011.516872,49864.1858866
1675,191314.999456,4018.27979315,-48724.6096931,467554.950463,-39875.5789391,129057.857112,-292341.688784,197044.042806
1676,222828.03014,-154762.243734,-188432.606768,409154.08584,44812.7880209,33692.9770214,-241118.031889,145705.295893
1677,267828.786251,-149497.195611,-61651.1499334,355705.732564,140796.543508,-106341.351817,-394290.467895,186075.872446
1678,183943.415905,-82283.8890216,-3659.3415249,364501.645606,186185.171124,-392186.057008,-181686.749469,-36505.2556999
1679,351077.927876,4434.18247183,-5037.48749801,285127.961673,407721.065336,-362900.852887,-217370.576954,-61217.6194269
1680,272932.937147,34947.6137073,12590.6829187,299351.433794,668496.228698,-388500.134601,-276603.827407,53151.8737781
1681,158647.382773,42724.5203929,-151586.057813,351867.807415,539265.014173,-332194.90419,-418882.266796,4635.30662584
1682,-57367.5366141,-119802.44581,-152260.659945,458521.650502,519883.733548,-385390.596695,-313480.713346,-14417.6592461
1683,28346.0922148,-269038.401285,-122158.264523,243210.800714,437072.924936,-420328.660884,-377137.64095,26186.2519006
1684,-17419.2535006,-267573.64506,-180400.244683,66200.5705885,321359.457582,-435100.791327,-270828.909556,-91658.6753362
1685,-191518.307849,-353976.409449,-213198.627168,47289.6976402,445092.887113,-632523.402077,-245624.773677,3685.14146618
1686,-221602.106362,-293295.095871,-32656.5183336,211150.393685,352779.342735,-437126.960694,-93770.646907,230836.406651
1687,-81849.6864573,-276077.928397,-18516.9853207,334650.996334,333261.694671,-130611.870212,-74537.6963727,192230.213434
1688,48978.6089988,-249629.233637,195178.59296,-61700.9542676,448096.910781,-73986.4571007,-161822.626294,126336.770357
1689,-34887.0364071,-382339.014188,6199.28075323,9229.90531869,382602.648199,-108844.254276,-400696.185259,77581.009274
1690,-203903.916222,-398487.222912,-159259.594873,154798.396996,382776.684763,-762.103924142,-581289.614299,29210.3972581
1691,-290621.253704,-482983.336018,-213128.305249,114212.657774,100229.203851,215829.37317,-405583.578035,-125094.745529
1692,-136996.168796,-559741.935996,-158957.002982,206082.571392,68535.6010431,223111.659748,-255930.45092,192452.568762
1693,22056.7109784,-501515.958243,-274100.429726,170372.593021,155604.381302,178364.614473,-214701.088927,213391.689595
1694,13700.0432077,-451638.99974,-195249.047645,-39275.1735274,307850.993158,394338.950766,-134700.314959,15529.8934259
1695,24806.5022257,-372431.894383,-283417.656512,167837.616386,254147.14264,349815.326873,-27272.1982314,-137371.116532
1696,-25424.2849435,-263205.825419,-143724.850642,313364.467763,206275.055025,365322.792549,-144386.838627,-115196.299302
1697,-568.090668498,-172369.031283,-229340.633099,190251.600331,349710.22862,288539.387759,-202637.259136,43166.794694
1698,-113682.773341,-75488.8930064,-287892.148498,-90407.2548747,333983.758001,187870.121474,-250270.390773,-133016.823504
1699,-158298.828226,203790.170016,-205328.504757,202666.254052,251933.550211,299283.411458,-237958.564852,19287.8980952
1700,-28668.0260066,123224.528522,-279896.524952,195754.48395,217672.194763,356942.318753,-151592.546497,-23291.2981251
1701,-27949.82365,59675.0557422,-312985.985891,25782.5333055,308791.404403,404400.610172,18255.3343609,-75257.4347515
1702,28899.5349553,-53305.8165593,-415398.535953,-22690.1753275,85403.0232309,338685.867519,51808.8758472,-199968.346832
1703,-129904.837913,-283044.518154,-481945.598745,-20052.997082,-55337.0172343,400136.14447,-8943.15305462,-321597.213323
1704,-223892.742914,-226174.243668,-360254.083636,-6026.77266489,-3202.14007636,359207.591634,13152.3877141,-356111.163462
1705,-235752.835244,-23521.7067825,-264455.352263,4397.99006815,151380.391248,162507.149477,124206.668447,-384208.769104
1706,-53989.6054976,208316.917638,-184447.694601,-243856.045174,158941.713301,38153.1497716,214683.952629,-562680.168397
1707,-140664.288581,173994.979055,-76328.067565,148062.404042,123419.373696,-118436.811149,54495.2986116,-227642.932826
1708,-267571.514254,234407.980098,-403601.689065,121103.35245,242287.703416,-118041.772775,-17000.9943526,-97733.3623038
1709,-493773.821806,272459.303619,-162165.461197,-17673.8236663,247380.307835,-231927.05013,-86429.4987824,-48019.1156694
1710,-377583.979501,107101.576038,16712.6482504,5815.19049127,300276.902052,18709.0917548,-71136.8588015,35751.6426953
1711,-496981.527759,75263.3631053,20556.6997554,30844.1430437,152045.641493,57122.3800037,38721.8248359,-95636.3974741
1712,-578196.146196,216805.202008,18578.7730897,-159328.269958,229677.068744,-160720.565554,131470.000086,-132730.680813
1713,-655217.635533,300287.59824,-92551.8544211,-138823.862451,287345.351176,-106811.856664,23327.4396563,-230020.91396
1714,-465495.109879,-52580.1119224,-18510.6735844,-193229.163469,5012.39406189,-205370.664898,34066.8062039,-274778.1762
1715,-608869.572277,15617.6691515,8373.38953127,-164141.944754,106400.26625,-87904.4601389,283031.605383,-373351.363095
1716,-486239.801207,-3736.57806478,69231.9966493,-16248.7683345,257468.120522,-298683.306206,263958.390787,-145515.074068
1717,-604586.625423,-163605.898246,72747.2719994,55662.4742098,60052.7728817,-149581.097425,301594.89041,-174559.122923
1718,-643595.487777,-184859.312601,-9031.66883341,-2182.97292617,109833.609764,-182887.819346,67481.7194612,-121155.695593
1719,-492357.472874,-45309.4131783,-82753.4856001,115555.830026,281329.561632,-282568.610959,311340.871827,-129392.758739
1720,-403296.106105,30568.2956108,-31098.8123044,125393.396945,242416.222874,-239212.3265,301832.409862,-128967.245595
1721,-135343.170547,-116314.274038,317451.669914,166639.564046,159136.188361,-103860.468922,106813.711718,-130195.597806
1722,-211011.70961,-264757.833665,554204.652708,26811.4990282,111900.630388,-101204.250377,241918.482882,-66253.4055939
1723,-161521.104514,-197654.28329,571442.690412,-34733.8245542,78234.3238105,139039.025571,263011.026557,-70003.2751074
1724,-323120.823521,-136687.478457,519081.089525,-151983.234525,156716.660458,-38512.0181862,73220.8695712,-183875.930011
1725,-402120.971515,-251353.353677,553962.423755,-100602.344276,177393.357166,141296.381738,45894.6350655,-77426.3409564
1726,-237735.857938,-133376.991533,508760.567107,156907.400006,98130.773693,429824.235175,14069.1800342,62239.0384722
1727,-45577.7979073,-93631.7354718,474888.108624,173636.560214,310973.321132,498506.531261,-147255.176357,289618.54782
1728,-218320.491167,76655.8706934,491419.136313,138991.905473,258952.480909,497627.717746,-92930.2314394,281915.599288
1729,34537.9738683,9203.07964394,203241.825466,-55192.8330769,103904.055408,530473.407278,73391.8966449,23785.7175314
1730,-88452.1541663,177520.140405,338601.652493,223625.020157,225286.609658,393232.425326,15522.1795039,200535.850496
1731,-199287.912835,41855.0191424,631617.099326,335384.52969,233729.947084,253643.189644,27106.9671706,239772.782385
1732,-383509.452883,-198933.46026,390215.990747,219270.289237,274830.756316,350665.30297,-50227.0725016,405361.761539
1733,-193704.457366,-211180.74925,353698.401204,-62490.9495171,227367.820477,578703.986959,-150088.776544,334524.490961
1734,-214752.578614,-256270.580458,413746.232672,-95601.8041464,269777.439191,384567.681406,166084.452066,292006.283828
1735,-255921.237708,-191351.460744,426746.698897,113076.803,424359.03207,204395.71855,305932.878114,82946.6388072
1736,-295187.382458,-224438.495196,440423.618486,177628.365262,83009.4459787,396981.033294,193691.443407,-52189.126021
1737,-292773.748193,-174286.077539,401370.152681,148460.376742,-87589.2028194,331192.499239,-77095.3569952,102775.361949
1738,-202407.216384,-147792.133514,371124.005527,156006.777377,36953.1719735,210469.387406,82823.1895898,-59173.6508395
1739,-121095.16858,-215477.545051,345753.570704,352823.86565,-208268.212786,-33353.5330031,-137397.506728,-208751.931481
1740,-238317.533538,-258198.959955,352520.805426,323813.033554,-331660.533406,-67432.8408943,49386.645302,-177925.026652
1741,96567.7201195,-284716.279956,303531.392803,369471.894144,-108796.980281,-201856.440178,-56261.7331883,-201546.172955
1742,270589.582799,-190479.853198,253230.14696,624366.409345,-120880.900618,-425793.037442,39282.8926162,52953.9443371
1743,346434.821155,-379483.74185,237158.798901,527920.883068,-10966.5612361,-396972.526225,144362.978822,109201.85939
1744,407226.473471,-385400.479894,145034.407847,527757.213906,-27710.0124591,-377055.903742,-18703.4008165,55610.3908326
1745,344812.559405,-305246.256562,216744.555939,297842.336931,-121280.270641,-299229.62086,32409.137569,116297.07947
1746,388305.315931,-113856.179381,337467.861629,173947.317317,-221894.767261,-385511.331512,111651.006007,112552.510713
1747,129401.753393,-66604.9542335,263152.064038,47667.115787,-7467.1184755,-412382.735268,250326.727844,148853.305455
1748,31927.6649001,7010.40290899,125302.304346,-58669.4123763,-101420.683916,-337814.464296,249903.170738,-26418.7521143
1749,72792.7906181,172354.483186,46336.9257199,-29117.2960167,-24277.9097824,-318105.448708,333876.763547,112915.670652
1750,102979.496448,228631.379758,96148.6901195,-37689.2419026,-177211.56985,-313768.236796,327558.718615,96175.5640146
1751,292045.092123,239369.087822,118408.152274,80425.1255348,-94503.1935676,-131293.265575,225481.555954,33264.7204232
1752,177311.896977,71701.8759537,321133.71311,112919.408088,64112.2593252,-34638.5059943,189701.586341,9881.93786864
1753,318562.393705,193317.657503,323163.986504,-46570.6318352,6525.17310627,-190585.374634,286463.002618,183809.638454
1754,203255.375283,331873.152476,402262.296699,121382.676935,-331479.363625,-168873.60219,210210.674032,82062.3665384
1755,208338.15729,163757.428171,210137.524503,72291.4346837,-349039.53539,-4090.3447476,168715.769944,-43011.1431951
1756,155259.651924,251763.288493,318367.60932,178587.50031,-20432.3967116,-172794.655647,210334.739294,213189.3334
1757,-16109.2334454,206658.070693,369793.764915,33151.4200687,116857.141257,132849.597653,182123.717047,275432.080119
1758,103583.834666,143795.668757,285030.61317,195938.913128,33991.6556007,173681.512326,45406.0322662,146681.522314
1759,22759.5463492,82255.3048945,394158.125849,186200.778556,27320.0062528,96060.435033,156990.023545,102620.902229
1760,99946.0009682,95960.1789334,562223.140226,298578.705367,-39990.0763169,34741.2409968,35551.0503786,257353.902958
1761,200194.743791,201457.214223,485049.204105,266179.986116,-2840.39256859,78118.7138577,126143.018589,87197.2382906
1762,264383.383214,187809.475989,548382.578664,359078.4751,93002.6838898,39289.5287768,553017.025114,217212.899134
1763,320840.160091,98569.6513548,533729.191142,309945.607767,-38728.2919715,130131.208354,590710.929529,85606.8935069
1764,312638.941827,-69807.9364914,599158.075886,39835.6148665,-119382.671153,122282.238449,449021.193997,263707.196338
1765,21209.600848,-288282.223319,542978.589839,217146.210388,-118956.522897,234795.651992,541834.22031,191477.797613
1766,34903.2617397,-381357.705839,263572.724119,215889.140194,-124102.782924,378950.217531,440452.476401,90129.6990117
1767,-5895.04567978,-279260.214083,288957.283188,26965.9032872,175736.53635,113259.507146,203159.746735,193607.431841
1768,33891.7022676,-236365.156817,416085.776758,379452.399375,-5109.36068431,344166.453003,106123.551883,38290.8478291
1769,-19673.0261933,-223312.97068,430796.991635,353281.100142,-22932.2976665,371518.817419,53725.6015514,137074.46081
1770,49715.4475329,-376205.625405,414535.112688,9857.7753214,20573.095296,392125.947632,75730.1368881,111614.638125
1771,-11477.9885121,-487322.234261,371122.490254,-63722.3599237,92885.84867,253947.390364,80818.1949656,148904.064644
1772,41406.0362714,-442711.589494,387619.774066,219769.59482,131010.496137,171422.786381,221641.126222,190574.529797
1773,71035.7473558,-333670.465855,310379.618067,168313.918008,149414.987899,212628.746406,336175.507705,359660.086061
1774,30196.2794342,-101843.173226,137699.599281,-148523.695795,316918.697983,304067.118437,492893.588476,282198.057038
1775,45228.0369732,-221720.354244,75326.1403708,93705.2436421,244369.315633,207622.730387,384025.965791,271760.535436
1776,12768.1270017,-278868.46317,31644.3724775,21829.8814234,175906.628294,180260.225109,220582.422905,134388.581414
1777,-6578.097455,-55646.6639845,78660.6986056,-114431.978307,197201.539956,219835.483197,81164.6877047,184851.409778
1778,-35307.9361611,-14960.4686967,-45657.5589008,-174008.491356,344201.909846,162133.227604,198023.281343,205815.786162
1779,-98889.3153571,71389.4489349,-73651.1002162,-114915.922001,300640.946987,111782.84693,-14523.1393132,130287.415177
1780,142242.171779,58540.9142952,-142346.916911,-124442.952021,228955.506119,267969.682809,-89342.2094199,117694.453727
1781,117213.236211,75193.3507625,-127031.67873,-199802.776937,265062.326278,248226.095013,-125615.825121,944.80259367
1782,64533.8920787,169917.780855,-93494.1114134,-141399.648412,298562.040599,235570.80885,67980.2838264,73150.425957
1783,-133842.382222,3967.51943564,-197458.66544,-217951.077556,64311.2262083,40985.3844651,148715.875951,193969.867594
1784,-162098.043634,96725.6812362,-247444.104489,-323812.015109,10062.9453558,-62419.9316286,75431.2415386,-220463.892025
1785,-115778.608171,280119.854469,-194153.414008,-463879.279792,135549.429471,-97870.0763732,47458.0027031,-167282.444893
1786,-149279.727281,132461.377204,22532.6518502,-244323.309242,227166.609297,-125146.588935,50411.497647,216157.88502
1787,-73494.4891399,-17628.4906141,-131466.395461,-297702.968241,374644.289561,-201007.863327,63118.598258,31202.9929618
1788,-177268.047655,-121782.009917,-27022.4021137,-138946.050726,424986.894713,-316677.823312,-129789.75816,135554.167716
1789,-317115.983893,-221738.890475,23183.6808756,-79956.4368028,539370.987802,-394870.98752,-41013.8033503,174379.718021
1790,-161517.079872,-257379.238288,-140669.220497,-107541.042701,486624.230473,-449935.369275,-96884.5227575,260049.791827
1791,-101427.508902,-121940.717696,-317831.249409,-97937.0117348,349135.173358,-285012.294393,-76961.2127303,248597.529355
1792,-199585.09759,-376536.660234,-291242.661536,88715.0367218,305768.61357,-151044.928068,-236226.410945,67675.1447121
1793,-282485.137233,-432008.544135,-431281.498577,60156.0837871,272920.60098,-25495.5896055,-467302.510613,18824.6491953
1794,-422261.594171,-495138.548845,-391600.770182,34183.4667952,235449.492327,-105043.285964,-286561.804653,1328.4218365
1795,-493877.108598,-274330.611139,-271112.398737,27243.9033106,216660.718925,-228608.110346,-519168.838933,155564.151614
1796,-346264.533596,-216449.445978,-198035.807959,87700.3204374,178559.451662,-191819.792329,-441889.055522,48676.9582201
1797,-69781.3742883,-174328.097544,-177683.82369,213074.770113,153679.302882,-248189.46826,-463729.396597,-20889.7909353
1798,15122.4843814,-218960.008064,-251562.795579,177480.761584,-35353.7629921,-151500.076251,-361147.096628,-45651.8455776
1799,-99544.0628904,-393124.323942,-127994.870389,191992.928267,81444.2690052,-47768.2565035,-346742.636826,-8028.07653127
1800,-24677.5382277,-277136.118249,-73805.277626,129991.704682,167469.952582,-232622.191812,-305386.071018,-16845.814325
1801,86866.2901036,-274815.295456,-31354.5903584,68868.5661071,109607.617956,-157646.036509,-510140.505176,43997.8358811
1802,-33953.330274,-178871.983279,-82350.5871538,157224.222601,-28136.0338976,-296374.46324,-451808.153909,68200.603064
1803,-129761.415079,-78240.6263128,-120086.122822,224777.840971,-178175.39051,-168036.605783,-306110.681197,29263.4766092
1804,-83260.2592461,-113751.552566,-44166.4574578,233579.544925,-249169.050633,-228978.124348,-226443.593388,220565.924734
1805,25663.2000354,-53402.4340974,44403.7845339,263275.80871,-299629.270423,-349207.384339,-147930.91203,182954.760253
1806,-96108.1157576,57322.456927,-33417.1426886,218521.709301,-171961.326743,-274180.566549,21515.8610137,-5915.77154633
1807,-132718.826005,34685.9693675,-145701.245708,216383.444559,48565.3758096,45628.4994336,137579.63,72053.0134138
1808,-49808.9018483,120058.082601,-274097.709996,380808.344707,47508.8982548,106773.228881,254440.183704,35059.8633773
1809,-180869.059147,227379.290068,-60927.5557433,316470.502845,156080.29344,133578.573303,74472.2252016,296896.862954
1810,-257073.010133,279752.221148,-146730.162836,313803.717524,316688.69934,6050.66470132,16529.8391079,264198.559905
1811,-373678.219538,179959.958741,-248774.554666,395294.069845,151952.177598,56894.9631228,108683.188188,97010.6331429
1812,-386741.718488,260531.910123,-364205.955522,347531.856689,178824.551711,146095.297528,-58316.3074796,120537.500639
1813,-228389.107416,300417.607011,-491593.933641,269873.400156,526518.38119,221386.990491,-47265.7891777,117057.638332
1814,-210761.479359,168566.87387,-380920.861297,194750.082185,404089.448898,324352.760849,-123514.612081,-123919.234635
1815,-368879.117683,260223.53608,-278115.712824,193024.974874,225963.470355,298706.278373,-20768.522412,-74329.500177
1816,-368823.292098,306146.989939,-304269.03947,137461.244364,-26790.5267319,166303.804197,-15370.4350081,-274092.589721
1817,-223282.015536,437021.508382,-239423.244424,-148472.480744,50482.9273941,445967.212853,64891.4236307,-343745.662315
1818,-238593.562006,437750.937474,-298771.829316,43.1739580745,-154555.555675,317249.168327,81765.6903397,-191767.719007
1819,-231066.316131,223663.257624,-164327.691131,150723.016073,-304747.558277,352123.911715,-90092.168191,-137988.88615
1820,28787.6855815,318284.146833,-146689.905657,-113363.05381,-279291.42189,224298.084528,-168617.481703,-327543.084467
1821,-40028.7010038,379388.165898,-139266.697812,-149050.291232,-89534.178663,360602.228819,-190534.241363,-476809.137702
1822,57699.449668,375802.49332,-211336.671933,-189405.312394,-135512.042142,246329.953752,-284520.392933,-219101.127505
1823,104081.726066,379065.418532,-263753.261112,-52799.7485996,-109278.852211,200867.599159,-55983.7868712,-121942.08732
1824,-130189.36663,344780.693196,-195820.334749,-169694.377068,-243155.127475,249250.215785,-165349.225154,33023.3882065
1825,-288010.634119,415620.116466,-163278.426046,-97691.0792886,-240091.906397,149551.381455,-141593.984275,143125.137848
1826,-240421.142643,433296.218427,25543.2190304,-336371.288696,-209672.404331,220245.826978,-130031.043176,117458.207903
1827,-58884.6510239,356393.982616,138265.079158,-272218.191718,-295358.786234,38076.9199457,-125693.479541,43971.2945508
1828,-79572.0893279,233776.568664,28083.8729442,-216814.809354,-294108.672941,3985.69883443,-266663.571347,-81780.5301344
1829,-266680.471387,156482.386514,-89184.4768477,-316060.830319,-252540.095565,56398.6829723,-171453.715777,-74731.5997079
1830,-163165.02346,243536.611096,42971.244241,-313946.816728,-185748.154332,179440.720717,-10248.2366025,27787.6864671
1831,-73116.4692169,441977.470455,14218.4399811,-202139.607681,-42910.2579713,161154.905315,72255.6107589,-82186.6533941
1832,-15748.3502757,534800.804513,98765.2825112,-206238.82982,-50152.1231885,205069.819117,98376.2968897,-52698.1831341
1833,70898.9160941,372870.678395,125592.778886,-104399.486035,264265.84752,98149.2336636,10765.4435265,32535.7839804
1834,288947.692025,154755.373165,121790.792936,-78856.0377704,460307.901833,23311.7829471,18895.5611312,16245.7940217
1835,233920.842333,170016.836165,83114.4341824,-130811.039257,364454.188506,-94850.1663618,5253.1841113,-88599.452694
1836,111752.473133,149392.069544,-44359.9672711,-26404.5997537,326410.989442,-181213.74775,13872.4181612,-95187.6281644
1837,-61510.6566062,214721.13646,147950.962949,-192877.626783,207817.75874,-125497.622484,52232.3796147,-93480.0669316
1838,81595.8239563,102794.649534,344888.241012,-238605.743007,-51817.127882,-82931.1493463,35037.2177125,-177025.397463
1839,-136992.874876,217090.148693,248123.750918,-146037.188192,-122301.917227,49178.1068585,104893.12172,-209641.659287
1840,-61628.7527927,112717.343324,311794.413983,-141365.917124,-103199.644098,-188323.387211,106075.241484,-151713.65181
1841,-18151.2178843,68003.086616,384084.261827,-320001.393892,-263421.952427,-296283.196197,-58155.1007196,-172206.788197
1842,-142314.505957,-23100.7469801,302491.626443,-287800.089802,-153114.270672,-242876.301056,-66717.2134958,-5334.17039828
1843,-135419.984605,42308.5192786,172379.595877,-213760.048974,-106454.993566,-278773.769605,-151374.822039,-12694.4928581
1844,-225937.552928,-171935.578435,152771.808121,-80808.6871794,-15140.6908882,-203428.037378,-213226.962536,-79932.8294836
1845,-59276.0145288,-181124.672495,-20619.2832259,-36062.6544416,3938.81243379,-8138.8838,-343438.151549,-220253.22188
1846,-39268.5258568,-413041.244833,39753.8007195,-28457.8828599,46578.8481581,193403.810871,-299186.100292,-135591.951654
1847,-141600.232038,-460212.776991,-19844.6226525,27982.1333881,-47807.3733619,-44420.4468399,-75904.8455705,-35189.0138849
1848,-87609.5635073,-429222.352853,-79865.6732207,205132.419101,-65958.4061076,-28085.998282,-61542.6064845,168356.448525
1849,88598.7801689,-361078.410696,171041.161977,175040.884872,228667.721083,-118628.718331,119846.285924,291296.707263
1850,177371.512715,-363464.63379,156806.697136,-4407.35205666,157645.213818,-130570.565975,241062.445646,153131.722744
1851,276020.682377,-211135.814491,33703.6967305,126946.311422,13415.8929196,-1420.75927404,267380.110344,271728.908082
1852,303314.315801,-344359.510941,183088.397885,282845.313355,28463.9463979,-23262.9656585,146787.746648,176757.194906
1853,368679.147353,-138227.504738,35444.7105893,273993.759497,172608.751131,102296.028142,105126.354143,195797.453123
1854,183283.310194,-78775.7014277,-136191.801615,143658.64987,171029.962103,319318.266587,54225.6523815,245144.605943
1855,56470.7228466,-60610.2571601,-67837.6978293,24613.3364999,-21311.4271969,285887.916301,80665.0925405,220706.922186
1856,78390.4935988,-27013.5665088,21486.9794689,-348.795955255,25265.3532849,116644.77968,-49904.6841507,216525.512611
1857,150445.300863,-130670.008028,282566.377858,-155012.183985,-22624.660675,-5259.53022147,-74655.2323406,237794.55591
1858,151908.465489,-217783.081521,214531.158252,-288425.24121,77753.2751397,-41041.6951114,122956.948046,227409.855092
1859,79181.3759648,-187622.459543,211119.840611,-412348.36476,109343.413679,144589.716186,-28696.7759337,129989.262138
1860,71725.3784129,47711.9221835,164967.744963,-286867.135397,-86883.1304713,58880.0361873,-72842.9978697,184289.521117
1861,-87245.7811602,9900.40331304,140307.885763,-234728.945591,-17441.3433846,187848.818649,-214895.871821,218892.813202
1862,-141915.194881,144321.14919,-73827.9623986,-112348.059291,-131342.711015,-22690.5049504,-19755.4056866,182677.96471
1863,37006.1497531,85828.0956889,147287.966915,27263.7519893,-185285.273012,20073.5344771,61995.4270221,272496.631308
1864,95826.8349465,-135112.415426,381736.642513,-124367.430305,-236199.919994,-326731.609758,55778.3586351,229495.046409
1865,-135721.792636,-44175.9522508,386784.968149,-146613.931584,-223610.131024,-250398.69931,183236.285452,330466.815485
1866,-294049.137671,95892.5479061,407497.680761,-240466.499994,-411345.347822,30854.9671197,99215.8908321,164555.643562
1867,27458.99754,118294.659546,405679.132479,-301112.963242,-298710.912262,57704.8660937,132816.705664,169655.495127
1868,-132061.715647,128329.082264,232620.805033,-414964.317221,-58404.3174331,-28093.0524023,109687.864153,-27446.4334635
1869,-163404.489533,280845.319078,177264.957516,-209462.628951,-312061.661886,-89475.3563093,188659.271926,63733.9064405
1870,-157729.507544,106708.593381,43000.0500045,31877.0974442,-299874.202728,-24842.1239823,118124.853498,114495.035852
1871,-118273.054732,94963.8498524,29696.3830279,61153.6384584,-533624.355602,111784.598096,62445.5453442,-59455.4724104
1872,-135222.036861,21939.68399,262358.492184,62708.2305072,-340200.744689,143563.396087,-112660.966792,-97477.0467622
1873,-239490.324159,31297.7569162,235409.895033,50005.3494565,-273450.797248,98989.3912654,-136903.888003,-20596.9516617
1874,-115994.689932,-85277.314915,345910.255397,170279.385301,-205832.298691,-26324.0404738,-362101.049895,65484.3405716
1875,-368533.997067,-115312.829763,330059.642866,257261.277583,-166831.818936,71241.0992147,-414745.840545,281.865834102
1876,-352883.84761,-381902.668035,277889.834479,164085.273554,-163140.232821,57673.8355983,-346313.053708,45779.1756705
1877,-136329.143171,-421555.037315,-98382.9285057,94432.5559763,9304.50610732,182255.347144,-362472.830244,15837.0906988
1878,39652.7281323,-166623.085139,-7726.67193786,72104.7400321,-189535.917456,266421.229992,-358894.671653,-28518.2334228
1879,-33641.7224705,-58404.1496844,-95252.5177225,-27087.5893104,-603588.256922,119163.673333,-386425.536428,-71536.5598615
1880,73818.1306759,57039.474528,-37463.1826957,98376.7337357,-633199.499365,-19991.7728843,-336395.368749,-114169.479118
1881,87241.4103132,210777.968363,26495.3015249,-86888.7754382,-400843.617592,164017.202504,-267089.61497,-363625.860402
1882,40170.3137017,-1457.24011092,16169.3501648,-131847.112656,-311023.240086,215047.956851,-611784.276301,-438792.702337
1883,117764.599142,-145080.360511,-54919.8932334,161416.871601,-427571.826535,126843.314004,-699564.175418,-344797.073227
1884,8902.48942818,-24786.8467103,7103.7948567,25119.9629086,-354797.294964,149063.95878,-706957.711266,-247545.068347
1885,-39124.913141,25697.269372,107634.295253,-95555.3629824,-452423.060891,38891.1677898,-656768.236875,-313500.71926
1886,-57536.3892418,-188339.496233,28598.3271263,115425.548783,-298132.589417,68544.2192039,-627705.199498,-200336.741544
1887,-45716.8428348,-104544.438138,105484.611976,15175.6682136,-544748.918714,67174.2091412,-710455.461228,-188581.44835
1888,-127463.250934,38642.7727306,154255.469375,-52165.6241736,-537815.406063,51449.4236641,-520914.214427,-33707.6069665
1889,56500.6514157,96721.6240415,39015.6069373,28471.9669374,-571808.46103,-66173.5353925,-298392.776075,-92304.172502
1890,56773.0038706,32787.3161554,5564.40563003,78251.3845463,-498912.401821,-179208.308671,-269106.69269,-56635.9421467
1891,88781.6004102,47397.4938752,-229806.918933,-214274.175942,-543310.310927,-251880.52375,-543167.408889,-100966.186491
1892,60514.0417577,-102076.342496,-237776.335643,-198436.676101,-347626.516402,-209687.399158,-505127.105363,-283426.868498
1893,131402.181046,-136921.45839,-149407.836218,-78689.8277855,-363286.363662,-103644.741356,-257117.210812,-61941.2876385
1894,126723.561599,-86888.142771,-87191.1229671,-32502.3763854,-194644.101076,-195799.569478,-126991.508029,-163300.853252
1895,232457.550278,-72209.4994065,-134405.835162,44475.7316563,-11466.5821437,-245563.908111,-143885.806116,-104850.842071
1896,169759.333762,68471.7141688,-157708.547702,189755.168899,-343043.011675,-85836.2427577,60677.2281415,-46697.1950759
1897,224153.068853,-22575.0245982,-199219.034418,-19806.0249936,-391000.819098,98628.0185551,188634.785337,-208986.681003
1898,294170.203158,-53659.3372352,-214989.490473,-158191.864769,-408784.945875,3052.27201123,46303.8326612,-3890.92901353
1899,213658.993564,-176202.703109,-72699.9635353,-243315.335164,-396795.214162,24595.0978205,-38459.3197111,-67892.6066335
1900,40747.0484345,114347.604996,-129354.844479,-43143.4370076,-361104.748873,-140359.342825,-29814.701586,-137504.729951
1901,83688.148608,336398.310071,-210333.939731,-52473.9642958,-202040.582058,-246471.042617,-115295.801377,-56867.1408888
1902,309749.059539,250624.116282,-181464.769853,-27266.061639,-113859.786057,-76706.4245925,-101827.578847,-85896.7273164
1903,413393.359182,-21487.5487209,-310540.780658,23711.0423764,-103800.072056,-61427.7276564,-27765.1642451,-111203.71152
1904,260974.596115,90350.8729058,-358174.010097,286857.272642,-109321.388985,-215232.167059,195822.439436,-151237.819043
1905,285742.716845,171753.715301,-410371.062658,231089.214006,-179568.422655,-267266.460024,231311.670909,-323959.826175
1906,219380.15929,-120472.239389,-363417.497369,346441.391373,-152412.914481,-170016.391133,301597.129953,-317588.002
1907,250780.173612,69235.0961886,-360628.660002,580563.761733,10915.4424447,-188514.206426,498156.05041,-106642.756259
1908,329460.54231,-146761.745989,-509219.25967,321973.525808,-50685.3867717,-315996.190378,496982.660855,-40046.8689599
1909,277277.849891,-107144.170438,-402637.166782,422338.153284,-234833.884651,-449807.498266,270612.328668,127630.804058
1910,205061.175526,-133271.042579,-185748.726447,225636.93802,-120.229268104,-320947.99766,217498.218061,40417.5411462
1911,11192.9381367,-112125.567773,-33765.3923227,390205.364345,35771.4819554,-373951.890947,269597.610437,-988.761060918
1912,-64530.7880841,-236465.854769,-59781.3030513,418942.021964,-252376.248298,-167422.487807,64780.3301894,-125373.340563
1913,2340.23594183,-376090.80283,7245.12426083,331700.300584,-282251.391784,78153.3110449,-144350.318663,-185228.37212
1914,-35769.2991504,-228921.989672,126948.006053,292222.802271,-325637.257492,81201.0891731,-124433.69451,-266035.595827
1915,42413.4846933,-120881.497855,9653.43482016,331878.611889,-341555.390994,118567.147871,-87668.2475829,-180490.9236
1916,-93159.8124351,-81944.3821198,-157726.352843,270452.477904,-344722.337926,112423.343011,-348503.082044,-202991.744022
1917,-308615.595209,-207568.377409,-74494.3974408,20250.3602863,-195882.385098,-1618.21870712,-306433.08842,-53309.7863346
1918,-450195.132614,-315615.649819,-178015.587744,130195.206118,-130890.849308,40565.0824933,-356854.24488,-340404.311584
1919,-376776.621599,-267589.882439,-63867.0133338,138390.161999,-157545.43308,84170.6344311,-233932.210342,-430710.460676
1920,-631159.347045,-204910.607672,-258002.35135,129994.519691,-56628.5425967,25751.5723176,-283107.933494,-150415.608533
1921,-615990.676453,-198103.109822,-229630.296316,244219.556348,-71596.4294119,112427.460896,-256743.225672,49212.250503
1922,-525902.008805,-148549.121285,-325540.517184,-41611.5082801,-138608.384988,36730.4270891,-307315.674386,86292.8458924
1923,-501215.264217,15798.0105153,-283436.493989,16832.1833642,-127295.450141,116377.71693,-245309.783332,-5690.51768084
1924,-420968.053851,-8824.42687995,-182913.47989,-22534.279669,-163525.481087,141914.112932,-124732.863244,107095.754146
1925,-337275.084687,-242872.958667,-70110.4385761,-89416.3468385,-237033.382407,-55686.0885767,-117347.131973,165057.723247
1926,-136925.28002,-50721.0215351,-98273.2947241,-116988.146551,-143430.038215,-312914.927721,-112570.658109,-56715.6579749
1927,-44146.8036409,27648.1805306,-255707.77432,-437013.657549,-232632.653337,-248265.134725,-35169.5114995,-16903.656452
1928,-172972.930302,-147067.305282,-265375.431898,-521788.374356,-83484.5394363,-160940.943094,-55777.281032,9696.64308797
1929,6781.57238628,-78448.4141002,-298051.739535,-549720.23134,7332.94586632,-139898.914886,29856.2290913,914.001809273
1930,-2127.08101108,-200344.707916,-376472.380527,-732256.836655,89163.5232782,-109615.766884,42785.2983509,64260.2263164
1931,-70863.7707123,-215537.55665,-251161.301251,-699454.202774,56670.0355441,41041.0880322,124450.673948,43960.0635781
1932,4507.94647083,-158038.473216,-155815.319394,-595075.457515,59081.3360745,32448.9651121,44798.5757412,102790.540779
1933,27720.9636248,-331306.097679,-220068.993621,-547077.099574,48075.3570394,-223030.617866,-71260.576274,63165.4927628
1934,52756.3694526,-232669.465567,-266592.330082,-330681.028143,135513.610427,-113377.088805,-141162.140101,1282.69658968
1935,35020.9149671,-172432.519376,-159106.327677,17879.8746395,187927.130979,-319358.366374,-399430.875621,-174034.637012
1936,-7602.55699183,-269298.968602,-171992.415372,-88806.1804918,115935.423615,-527192.66857,-215576.526818,-124024.786945
1937,223220.315587,-194322.940792,-116596.160382,-239184.174895,93944.5558484,-692179.019394,-89937.4398466,106909.584032
1938,24432.105789,-63554.5969306,101731.1642,-155735.84249,250578.191924,-370928.700573,-8435.470969,22725.5103307
1939,-8193.03058517,-16930.659183,162966.398229,-35829.1143389,117328.906773,-237836.673181,-99742.3781312,-247787.050132
1940,299955.968051,-10579.9863456,-36866.0771245,-147057.191034,99631.8761947,-80480.0588502,-43754.463906,-283485.81787
1941,222737.134574,11266.5573703,51475.5647233,-254465.987959,45918.4844036,-6055.51097117,-60203.5574496,-196866.849573
1942,266684.240274,-79273.959604,150026.668593,-395380.262017,41139.1108201,-91714.3970574,52721.027795,59737.0176263
1943,205559.294618,120092.609366,133601.014143,-218012.838178,134096.675894,-40192.3893607,88770.3836073,153765.918096
1944,-20604.0564594,157372.803386,139370.692526,-45342.782426,183225.800273,70210.836794,31910.312871,139274.626854
1945,21288.8240345,59993.8190032,51921.4300759,-57518.8823861,281386.324643,37246.6713736,213722.598589,121537.634095
1946,-74010.1483709,-112317.083892,-117841.373454,-21327.0363426,245735.396393,-5985.00439038,328579.756253,110500.440777
1947,-3966.92804234,67384.5508791,-162305.801323,-207320.885072,107397.416773,-25198.1322416,370232.553991,159370.963323
1948,262384.164045,141949.544188,-26924.2403973,-176246.173319,229308.888433,12851.392176,457720.196927,226330.042194
1949,113049.747861,-11775.8825452,-4617.02982729,-159677.486079,514960.35358,108733.457289,384069.737911,414035.953192
1950,191670.23403,212304.019773,-65248.7066834,-186029.063445,391349.618853,49629.9868446,391839.774201,387483.442431
1951,164208.446282,212773.388639,-65881.8929866,-255220.434852,301152.894268,-22133.7095887,279370.243475,162346.33056
1952,218622.204533,206312.61175,-47896.3214474,-73468.6714025,265664.358259,28649.8114593,306126.606892,103010.972101
1953,174245.516941,400595.558829,-2573.7322044,31319.4379869,250149.559809,-44265.0845744,287592.16212,66667.9751465
1954,178895.174988,358677.91027,-15602.102831,70443.1418885,115652.824634,-63597.8550999,180997.14538,189802.71055
1955,-52325.4289185,66772.2710775,94613.8163905,11581.423685,6247.68133351,-158088.981127,32650.8534165,279087.199427
1956,-22558.3766794,37575.3583667,177864.405378,143124.877854,-45616.9265481,-238421.223983,-34796.1295434,216906.49672
1957,-127030.476148,38210.8439126,131131.377878,124786.703556,-38048.3866802,-337617.400587,-110361.825567,6835.89200643
1958,-53812.1857984,63346.4496314,77452.1143344,139614.565516,-74366.3114113,-269528.366175,2538.88259937,69233.5389396
1959,-65712.8288645,107394.710967,20668.7053178,61209.0717933,-28710.9198759,-130411.559248,22535.5522154,231711.60277
1960,-156738.193854,-162016.445506,37963.7401377,-49969.7549859,88743.1808974,-69270.1718956,-62029.4442142,11451.694357
1961,-343229.892344,-66567.2353751,-18294.9963495,-136427.608264,60922.0387507,-123068.558727,-67803.0098995,-26877.5069322
1962,-222881.108265,-65778.173625,-44735.9157726,93774.9698529,121412.149025,-145118.853194,-16842.8065937,59337.3091352
1963,-51135.6316978,-85416.2178815,-176883.772153,-19117.8896284,201184.901041,-163323.588853,-12578.9709934,226777.825402
1964,36715.043398,-91150.2368078,-87003.7225238,42498.671259,335990.448722,-246572.406189,-65586.9269411,210790.369687
1965,131265.782544,-110911.194754,-83155.873907,-142932.3105,197746.036774,-53040.9637216,-54639.438486,195006.292892
1966,58899.7185124,-168145.048295,3493.39736705,-294307.534201,182506.248999,7927.396286,146019.542931,215336.358135
1967,73218.2030038,-105822.251333,-20743.0709396,-220036.025493,60839.5378222,138995.09887,174554.21837,107486.974907
1968,140478.814229,-156871.934722,-93383.5624593,-157907.45258,81959.8735165,-105205.30597,-132889.934329,163592.106036
1969,38493.8146029,-109930.261909,68893.5776205,-150419.152114,92833.8343454,-218159.200248,-43580.41398,-25986.749117
1970,296075.880254,-285369.251358,-16199.8960722,-163968.299998,-119494.060602,-104880.257898,-178755.198411,-79904.692181
1971,249522.158806,-94481.6743911,137307.733145,-331969.586318,67090.9260738,-163211.478987,-105210.934309,6003.32505431
1972,207628.841506,7201.01999028,71181.6870103,-415280.545939,-24372.7064753,140637.224071,279680.392955,4116.10274489
1973,26099.2926547,-194421.977223,131322.659836,-269623.085829,160277.527645,-644.366291706,308978.990192,133945.384412
1974,49862.2424925,-170460.840463,89423.6959828,-141011.1477,276257.78282,-51921.8510206,401925.345307,345203.679106
1975,-9096.47767869,-222220.420209,58590.3606893,32770.5843998,60962.3198146,-113186.358443,300060.082304,405665.229672
1976,-91936.2393298,-85222.2470832,89156.4510979,70788.4423643,16334.4310565,-129530.271758,168857.618284,422309.630525
1977,-28745.3935453,73191.8911654,-73614.7539427,-5833.11325448,-122147.07179,-276760.79993,33671.4842344,365599.884621
1978,-106621.39418,-55847.2137416,-56009.0588343,-72800.6810686,86697.225368,-270973.386619,33516.1952374,297807.946516
1979,-39229.7088151,-62586.0539159,26186.4581895,-118727.20001,175271.46458,-305845.374904,158505.732444,257569.186674
1980,-163696.459959,-25280.2364261,297883.207604,4352.08765407,167700.793284,-276379.28892,344624.54823,107434.437466
1981,-153197.98138,-212531.509861,213730.837026,-16750.1563241,254794.1625,-62388.4940241,430599.805153,309857.605143
1982,-95933.838752,-217359.006513,261885.989471,68523.5930234,126018.632983,3132.43324396,275725.824558,151211.568662
1983,131130.444932,-284649.74817,313320.387439,65839.9037648,245238.333817,-91062.9280352,210366.665476,235479.926394
1984,34812.1444062,-350941.28235,32908.979293,71537.1090317,269631.024542,1665.69837075,86489.156428,-26609.3484474
1985,-79075.2466192,-172508.230129,24876.3768457,-24871.9447977,271844.704204,137685.880866,-44265.3412391,-3232.70000462
1986,-48580.2287046,-98245.5970047,205160.121316,-17037.8918296,-55571.5710233,213569.484136,134451.090838,-114418.074102
1987,-184960.220309,-75507.3812994,191151.674252,-9188.86693239,-60916.0189136,259007.533955,105538.145159,-110371.914165
1988,-402806.028881,73148.780562,367334.446811,-195435.256261,-63947.056114,135043.391603,226189.492124,-41719.5727327
1989,-311112.534485,27403.1301414,285054.357199,16255.160177,-294269.049594,27627.8469386,168746.259094,-72899.1902304
1990,-403739.698787,80412.5447425,377264.590271,-9035.78922908,-434632.410861,104627.1135,4609.461364,-304287.209392
1991,-143652.581009,-152083.621394,159388.220428,-24350.4631453,-514513.640662,64291.9535574,-165431.271089,-187282.511437
1992,5604.1770909,-62893.4927763,81596.1559722,200994.120622,-581929.730307,-11368.5414312,-119037.774692,-321785.164463
1993,86812.8147439,25322.2662127,189075.791171,162076.148223,-419823.793425,214722.617658,-123403.669345,-350796.020913
1994,122825.383325,-10370.3022887,212378.643684,64657.6495207,-558779.855507,120819.343221,45326.653934,-339286.772604
1995,114694.748408,73718.2423783,311727.45914,283553.062171,-486251.812237,135210.553057,-51358.0851121,-271525.565468
1996,-30834.259947,186688.181423,371658.445341,230577.087249,-286643.69815,190347.59537,-106311.123565,-255084.75214
1997,-38151.5110561,61959.8700086,140013.246512,141995.751141,-126180.380696,-2677.1899485,139028.577846,4323.02485567
1998,-221278.141009,-7793.85775438,368368.908607,-78633.4787996,-100017.791863,11287.8358028,-224607.94168,-322889.10452
1999,-182809.211699,66131.5639118,307852.488424,-199672.406605,-195066.010608,-41956.0380586,-339696.431769,-145804.410421
2000,-268636.418331,90552.9295407,331451.811161,-185772.241744,-251333.991684,17666.7390471,-224592.22076,-208767.728269
2001,-52066.7382221,97713.4152287,279486.714729,-250026.882767,-93056.1484844,-96381.9812781,-341896.649394,-26178.235181
2002,-52953.7775035,69752.9873653,317062.825104,-30496.1981255,-593.623559242,-109985.349404,-220934.878796,177207.156821
2003,-139397.272505,22952.9789917,240320.112298,-188633.226822,75594.8959606,-7655.81763032,-260817.257412,263007.694569
2004,-166312.631516,83944.2343844,35448.0799053,-292364.278112,-54852.6662916,59990.3558225,-466817.957393,70334.7436448
2005,-134968.081272,60745.9524447,64860.0005822,25512.2456715,127301.269159,107596.34324,-408274.346754,117600.211681
2006,-222583.375819,141379.744162,261440.9283,-25981.2302958,201259.563827,16819.7869224,-408577.642292,-31565.8970169
2007,-91587.3563298,165016.287015,371560.499102,151253.064509,153242.009846,287124.231859,-201159.212234,-19709.3818615
2008,-75509.2576815,4760.51839887,375107.62193,-149761.027555,128223.853736,28563.8896412,-101275.892739,-140849.167275
2009,-85233.1382552,-70216.775023,252308.259359,-325834.24462,43501.6554647,-115789.705443,-333133.666621,-195214.207228
2010,212012.370985,-84544.0246997,271276.792593,-133739.460342,90622.3097128,10920.6065583,-386177.318345,-128772.1978
2011,290182.701013,-87944.3061853,404443.059209,-80043.3253118,-69971.7796936,-72560.7156496,-502129.393153,19909.3857378
2012,361754.195073,-1443.90091719,326372.714181,143729.682993,-61384.7992641,-168659.771473,-383854.53222,55781.7945578
2013,343611.333253,105898.077987,401671.731784,125523.513107,158766.252977,75754.2912161,-375721.438606,80390.8684772
2014,360252.649162,47645.1096611,410100.869669,-258935.216407,308997.429368,48369.1341012,-109456.95147,167030.258321
2015,97202.4799668,41934.6249486,428706.549651,-124082.631538,286588.655154,-57934.2087615,-199781.219476,-8381.72141041
2016,93822.936781,124912.166449,296631.964264,4730.38387252,245150.944038,114253.592154,-273580.044403,37213.1672022
2017,62807.4525143,206972.808544,426829.756771,-156082.788637,263305.884614,142463.206945,-52837.2638643,-7579.43835342
2018,48640.9551182,267898.177774,104568.303948,-37222.7792443,319479.986597,127360.331315,-18632.9945307,128127.546466
2019,16078.4470353,119998.363923,211882.740439,-97241.0529876,262844.700782,138946.242961,90662.2623175,40335.2438588
2020,226815.077633,162459.136862,73539.497866,-214331.870979,202650.480948,40674.3638844,32775.2147957,-44986.4065224
2021,240974.247442,153955.098263,66492.1126316,-253540.942726,134092.187423,256137.947124,-196386.54513,-131937.024221
2022,-5554.64564694,35705.9013363,11348.256427,-26395.5787185,-8323.76674547,63270.6655167,-216236.863791,67870.8690902
2023,-220625.93047,201129.623093,113944.326975,-195463.348867,135995.677847,-158881.948131,23743.1905696,267776.146679
2024,-148362.860142,295071.041311,23919.0107989,-88177.261322,40353.5442339,-208967.409195,104338.815197,214401.679413
2025,-223594.087246,363905.867473,26106.7226239,54265.0368967,-223866.7692,-279087.455962,-9664.37292502,209600.284293
2026,-189264.107177,168120.293093,278188.821762,-10088.0042844,-160268.722507,-155531.932984,-11923.1770124,174239.436198
2027,-160790.757464,216602.460185,162785.901325,-301778.208573,61134.7773864,-260641.620388,100228.881904,141659.4499
2028,-49424.1723875,134031.253875,-71358.3058704,-258655.645594,-1500.73572045,-252714.019758,163964.119801,80490.105479
2029,-110471.041374,185823.269449,62319.1511107,-103606.059364,-167300.786148,-233233.648632,41809.2768713,149589.050939
2030,-60414.6818166,315347.618635,-109382.712248,23361.5333341,-183423.459725,-69990.9659767,191464.555148,58690.6292871
2031,-58472.3642497,105868.138463,-107476.140503,19810.5043625,-204529.409578,12083.806412,346829.230391,106086.537708
2032,-119431.492455,186956.666241,10278.969275,85528.1612991,-232668.064613,3233.68096261,415980.059437,-176275.669495
2033,-88217.1849321,172875.043846,39434.1179554,78524.6462462,-79920.4276415,-65706.4044132,229014.930218,-291955.484522
2034,84527.9023356,102547.20979,-197103.769498,138780.427124,-8016.49238824,-37521.3194111,310938.551197,-402115.290013
2035,-58255.3016886,117921.491439,-371339.494181,233865.444274,-273463.202736,9948.15112165,335606.9516,-236748.582092
2036,-130057.090578,-94034.5575179,-551338.291507,118705.055513,-77094.6801229,-35302.1457071,310007.247363,-156504.960712
2037,-104083.953617,-207649.327267,-487755.148592,28592.7625738,-28499.7682952,18463.6878848,327716.144089,-55378.610579
2038,-144752.803256,-145017.873779,-664993.464177,33386.7306386,-119315.9484,-81749.5889952,260867.729166,67458.8309354
2039,-98055.9181752,-236030.335159,-563221.745197,35486.1560707,-147949.551729,-64256.4223737,174019.677763,219672.294156
2040,-126895.252984,20147.9843239,-305150.940634,208698.570021,-196956.392162,-131567.391849,142130.992257,20142.4985544
2041,-84688.4231378,-66049.5173535,-208997.474156,234856.509188,-118623.101323,-99354.7263132,234028.840621,-156683.221879
2042,-121016.475383,-48525.4972724,-275123.128516,165495.404897,317490.692082,-199810.979538,204165.691961,-193056.415355
2043,-64360.8985681,-261535.898674,-304897.370832,-119319.275393,401756.470678,-54853.2641279,14525.8763185,-315583.958021
2044,15233.0797746,-265612.683074,-335876.42415,-394126.675364,430261.999306,-178628.54931,-360008.277067,-458126.088757
2045,-164974.874665,-193138.169122,-425104.47334,-105593.311071,360108.906567,-103217.504891,-295490.580235,-537529.665844
2046,-247923.645911,-57529.8653826,-395646.780252,-239029.798321,465582.465982,-32021.7921674,-237033.919584,-504654.616566
2047,-464686.858625,-60107.7896892,-207208.820849,-263334.41665,278754.412564,22341.0943449,-317490.17049,-527275.192013
2048,-283215.413912,-171740.175735,21975.8859648,-159822.162951,58504.3559337,-65577.7734345,-310565.398961,-389710.252378
2049,-370480.495482,-92448.4382152,65867.5193031,-39180.4575672,-115633.52224,-103348.488638,-213739.29939,-246024.157686
2050,-415369.81406,-161547.877538,185573.301199,-156049.180687,-47818.5732326,-187105.570896,-145740.817361,-532949.498267
2051,-314835.404362,-343260.392356,178141.826202,-355742.211787,208246.368221,-113134.42703,-202749.190159,-602222.356715
2052,-454250.689199,-117308.355833,229855.578851,-358969.31905,109518.163758,-219108.702226,-132372.573231,-680888.804758
2053,-305620.082437,-149739.222068,-5868.00869834,-252679.934038,77763.440121,-112318.553094,-65744.3489975,-440747.652891
2054,-167730.070246,-117287.233145,3381.08728328,-79091.2622728,-10626.5884254,-266355.792263,-119300.305868,-536130.130895
2055,-244318.408179,-296746.031396,99845.6708545,-101065.198902,-113280.275385,-302556.548838,-214942.970855,-510822.520106
2056,-286095.454575,-223262.197855,-12493.9450238,28938.3591871,-64460.3774429,-284191.960014,-344535.143914,-354426.958767
2057,-471935.398878,-63661.6362765,-349905.308538,10541.8819831,-190927.480699,-238645.020246,-291021.46488,-314023.379475
2058,-333026.207241,-160283.582646,-319206.718898,9644.67312637,-122771.103829,-109690.866406,-151082.106684,-120262.058797
2059,2778.40287754,-290959.080559,-6546.93878339,26630.0729677,-134812.369934,-185194.557044,-98330.3385622,-191969.729927
2060,-22065.743849,-172700.367903,-106897.078553,24506.8916439,-357046.400363,-213346.261386,-129149.992181,-278222.602641
2061,76016.4724406,-14586.4672972,-146976.973739,-99959.9787178,-155670.510557,-197082.454821,-60225.87166,-217974.142106
2062,43904.2035565,-10919.3669414,-87589.2424967,1222.50967524,-185895.396631,-177492.225793,37161.9012631,-113900.413578
2063,40811.5823783,100336.912476,-69090.6008775,24153.3095123,-182758.020892,-145510.310511,-63520.1613072,-177538.485866
2064,-131384.27644,233998.422588,-103033.784208,80220.023931,-212744.522905,171681.182255,-27594.8850222,-169581.928734
2065,-122000.071569,122315.49488,-225320.250493,145668.18769,-96975.215937,252260.405764,-21221.9085107,-119009.79664
2066,-76117.3898464,76470.0700658,138349.027153,318714.993086,23835.2442198,332534.022985,-385614.174302,-131977.429184
2067,-149497.460417,4179.78593347,202376.518106,328965.054784,-159368.56719,142611.122642,-491015.331026,275453.532028
2068,-133505.432754,183556.356911,216748.511247,314127.116273,-93273.9573303,71724.7368303,-438651.107935,347209.443569
2069,-214388.028678,239088.025675,-63450.9683937,249009.763232,-133402.489994,-80230.7073835,-424497.493966,597446.298831
2070,-440066.17008,52870.0378389,-18537.4717916,300732.233946,-48668.5925557,-105098.48722,-401552.405151,382906.687664
2071,-501887.530122,34249.4658626,264732.377982,54257.7518967,7113.75440834,62428.5941766,-228209.862601,190141.30804
2072,-366551.2786,61007.7467976,29099.2212828,117791.847505,-20432.4058465,228264.944232,-187093.401687,-140510.77231
2073,-291414.991074,-273138.494651,224861.991743,169103.853886,-258829.915078,240860.934831,-301669.841052,-206737.288494
2074,-289172.908321,-92341.4211932,143009.929688,234154.793449,-168618.467197,31429.5490794,-372868.064315,-79382.3053363
2075,-100383.289893,-16961.2774392,109242.611325,191290.988041,-262619.925019,66052.0975962,-396546.043473,-66119.3757286
2076,13948.1354088,-79038.8217801,97797.9974034,258690.793998,-358412.177335,-93488.7188016,-426496.477884,24466.2946397
2077,-74589.3184928,126816.65842,-159900.521195,69685.6825514,-276994.459702,-213995.216178,-295513.89678,92192.2532378
2078,56990.2365324,-56040.6117188,58582.6733569,-9059.03632204,-122428.647287,-125859.511156,-458736.230398,-115065.594589
2079,84866.4744859,20640.5356807,35398.6484274,205976.856278,-215565.603331,-181223.597854,-464882.874698,96902.1101206
2080,55308.4331827,-70367.8369627,-143116.889724,110004.999561,-158442.712489,-129845.363954,-149172.50648,-58932.8534575
2081,123936.647696,-144780.970806,-439467.797842,95530.4351102,-68141.3131326,-34783.8993147,-160956.469713,-113827.996646
2082,2047.86074663,-195089.30814,-344678.991665,125267.591721,-172150.28876,-83159.1172127,-309185.137583,-495.284528326
2083,85709.5707353,-218330.384339,-595893.577554,361203.685801,-80247.5014835,-28137.237384,-455570.60881,-28474.4528278
2084,141385.137522,75652.6428714,-460471.837488,280459.360771,-113142.763786,75045.1094258,-462490.865996,75681.850056
2085,183196.27724,147017.776835,-255059.422886,147643.526108,83757.8747092,303801.494897,-278529.543721,81081.2544624
2086,117767.203074,229029.271414,-137890.369675,70233.4087397,109709.875903,261355.664185,-217080.029825,91469.997899
2087,269195.16511,98328.1164635,-189910.697378,141061.765084,-23651.1723943,281300.66671,-285339.216947,200200.973918
2088,182850.440766,18049.5092792,-228995.143832,158713.876072,20097.3740294,339166.891357,-288285.567713,182791.786613
2089,180169.518609,-46133.3667203,-174841.857923,213047.838493,-935.354098736,257384.133539,-237132.135209,66991.7912175
2090,-1134.10016403,-116669.800682,-255077.805013,407805.99422,-61502.3247852,-125363.511144,-196925.910867,369054.035432
2091,-83383.4720016,-76635.7530558,-345543.231,357776.229455,-169621.920823,-304925.341637,-165445.509764,458738.445964
2092,-103261.659517,-33334.8133242,-216233.216265,122782.882949,27674.7967323,-50156.5381923,-18600.0349648,428047.46507
2093,-3033.45989194,103813.841638,-272403.209732,-633.8075057,58203.7001078,-66753.6650898,61437.5664107,312814.607165
2094,201628.933138,185593.217327,-384073.187164,-39465.3230384,-20302.4382903,-251839.031565,35901.3771683,353067.206847
2095,204417.340519,90838.6577329,-329378.078281,14515.0397535,-122814.033497,-136934.113529,-39744.8704398,244541.300246
2096,173813.313399,-27347.075749,-239984.175802,50202.7612389,-33762.6293414,-166582.257106,78980.0065333,286178.111875
2097,243227.276813,-202892.994227,-391448.243607,-59064.1647634,-145134.355291,-358065.290845,220075.9622,372572.868415
2098,287679.773543,-267720.038642,-491878.420399,-163247.981596,-224335.590526,-422688.388084,373602.391542,277751.606356
2099,3030.28058738,-280944.635698,-446238.456333,-300589.097649,-207175.122783,-395562.848707,510130.025899,124907.438198
2100,68923.7831126,-350958.733468,-550743.745305,-336362.170852,-380431.974613,-297069.33395,388692.2812,47267.009437
2101,-247890.747596,-123511.888864,-507031.869458,-123093.60918,-583942.603604,-166233.996495,284169.955105,-172445.845794
2102,-199494.004573,-162742.271823,-317176.480232,-120088.215613,-691805.724058,-108205.286879,124958.4679,-427412.785774
2103,-88347.6717093,99579.5125042,-344155.841208,-65619.4047346,-509164.840888,-78714.8231969,151220.201205,-523688.867568
2104,-239029.894137,-82543.6023025,-525317.276373,-32178.8732548,-326469.866746,-32205.6017167,-631.890944922,-458401.829506
2105,-132007.174507,169381.333993,-659509.990081,-112215.968638,-239431.635145,95455.2006421,11621.6606631,-292012.984491
2106,48717.7255186,375238.700365,-724430.526089,-206786.80074,85869.3829039,101074.765131,134622.141632,-328491.895821
2107,165934.476012,99404.130708,-618348.062706,-203963.372017,124826.678997,-14058.2683463,240257.605107,-283766.589541
2108,274124.336741,17698.6867151,-465740.567407,-236723.053568,107011.27725,-140554.984432,263657.914489,-107827.657661
2109,325803.939867,-226749.590071,-389477.916764,-450193.251558,156182.055694,89856.548119,188845.820023,21535.2877443
2110,302182.320519,-113665.999834,-374006.376582,-548790.622174,67791.8502275,23755.7996383,177026.209543,-38381.0323696
2111,214542.848337,24259.7088672,-425556.445846,-532588.174928,9157.8271988,139284.729697,-13283.8381109,-33021.3167794
2112,143015.343185,-24616.2812137,-434454.824499,-444370.777962,46233.3833549,191208.566609,-32573.8324064,-95524.5982849
2113,377215.930775,-259751.248601,-242195.113966,-435589.76236,222898.299922,118116.38567,39078.55943,-352666.656044
2114,284983.530366,-64426.7898403,-242052.554644,-236722.890799,295895.414475,102602.366728,138647.611461,-442288.304608
2115,60867.3964969,204300.910288,-2353.20263104,-329144.36283,260026.355725,239963.837797,285945.965056,-300971.180295
2116,-120168.322621,90995.9343232,-26487.3705048,-454398.1245,144225.626452,144212.540492,148962.655894,-506735.233369
2117,42216.1181603,120061.4128,-22567.6254584,-346547.57447,131793.8476,166788.165826,186221.909286,-546630.975375
2118,39597.2782532,399405.756666,9556.76468916,-466882.982603,73610.15954,342055.741415,130098.877592,-241077.755711
2119,19793.1240124,212269.258134,78647.3882611,-564002.465098,241063.716705,257510.085463,160820.477091,-88477.9130628
2120,51404.0158016,296491.100639,-59103.6952827,-666614.196208,76695.3578319,26991.7858848,89621.3962086,-8631.19861682
2121,132575.769185,303923.091035,1591.92146893,-563963.195973,61302.7863489,-88166.6680358,68302.8687523,106449.548646
2122,258126.924518,216780.094004,126767.020611,-414956.510029,-187493.460122,-185851.004236,-112806.415699,124092.49973
2123,329947.278018,440257.071795,91834.8520297,-508297.04574,-25322.062671,-257285.935944,-232316.995279,192055.458578
2124,14144.8905553,673203.47,-36441.9074869,-402997.918671,-99453.4338432,-179946.330166,-196340.686853,112017.696215
2125,68662.0574534,261309.41768,144411.414432,-301231.980089,-80725.6948927,-183279.458383,-101521.118051,283177.931428
2126,193981.145395,383515.265091,29054.8885265,-65162.92991,-107584.711603,-143663.540058,59967.3619655,300078.472233
2127,146847.143694,314280.077721,314578.652973,34359.7545586,-172139.523845,-384060.409553,59382.0090494,254144.575733
2128,36950.8965819,162815.712365,275821.893063,-6323.37419385,-201326.147009,-206586.204564,3879.97899272,89921.347786
2129,-111842.362188,341392.855361,188525.072027,-117252.745299,-25600.592342,-363875.412544,194687.220667,108229.861889
2130,57115.5003921,184009.174244,105300.390203,-252670.237832,-142188.406696,-365256.93099,196080.287121,-147446.225042
2131,148232.629045,220884.039516,271740.2834,-261953.256584,-269075.931442,-598337.614743,116648.969964,-300739.866144
2132,161793.707192,453017.760892,152559.59251,-374006.957131,-150192.78091,-409915.990165,139322.046626,-373205.266363
2133,205891.346084,483618.685931,41911.6281902,-295227.205404,11501.0801045,-145478.564869,181733.017877,-217350.251258
2134,182151.441556,222652.245509,172449.743319,-31905.6021435,141054.197055,-98453.8048707,146654.24478,-208553.368913
2135,176177.221741,249242.099332,185135.836333,-57790.2498547,287329.74264,12995.1099836,170389.059328,-302746.845998
2136,204438.354739,202483.86289,36643.5439092,-33708.3495688,559431.997104,-189134.796926,220539.200212,-259090.702321
2137,433725.395187,-24198.2715906,-55338.79451,5846.76868369,217634.650127,-308902.831003,358846.108412,-299659.849474
2138,326539.890154,14242.1040383,-324727.319788,189989.459861,104111.664559,-181528.698573,363183.251887,-218960.525548
2139,16111.6138191,-84599.3433549,-311951.328834,80650.3018651,64590.8672111,-135243.027547,375419.243786,-199901.085179
2140,-38269.2278125,41251.7188587,-203502.04938,-119059.063459,18887.5959135,-210522.721454,491580.454685,-28820.6574614
2141,95699.4140675,7289.89133468,-246734.428543,-203015.207585,-271135.994794,-207030.257257,340309.501984,33548.0238302
2142,259693.525106,188979.872372,-215582.072894,39551.1558531,-275450.145435,-318997.454937,441276.873174,212022.234366
2143,214338.907573,257635.95004,-217551.408886,166581.027116,-172826.664631,-55773.3251636,607300.677001,217640.006674
2144,181380.922611,-86378.6998425,-321114.326752,170175.366438,-111524.19846,105588.298591,396591.568262,255775.738515
2145,275524.298152,-96019.8561875,-108961.696969,292993.316208,9558.42881501,33613.4774887,401280.741791,319107.271168
2146,216762.800595,-80374.9506965,-38321.1521448,330181.407207,120504.930716,8870.07640314,497670.319136,181722.410829
2147,111788.906442,-200719.998595,1099.62485355,260717.127258,63453.306236,-72995.1029741,385357.919857,224400.863837
2148,208454.357267,-215612.857645,99743.3220235,143329.542212,149058.998935,-96408.2974685,242461.287949,409877.414635
2149,209222.100521,-224340.567835,303906.819593,72655.9074308,320472.537201,80835.8367507,417676.167268,324019.30563
2150,-61921.4466347,15716.1898414,360730.78174,-95068.9700233,270157.558278,22608.6252805,521593.508561,378634.031716
2151,-49920.6271239,126418.952288,286412.486808,67376.7591492,76033.96653,89598.357621,401330.727627,560765.562392
2152,9728.10835635,-35272.2329734,180887.087897,-87729.5088024,48989.4439521,114870.407227,383161.805217,363374.401855
2153,-64561.2394401,56651.8126584,249857.746819,-150306.428728,115998.989113,-899.423915473,422032.072162,54951.2443809
2154,82520.7096808,157170.159646,173353.539077,60979.2401323,94278.5530444,11826.0847426,390013.740555,122020.417897
2155,196647.008714,47888.8830017,279145.087614,-76172.8148467,35771.7923849,39050.7774771,98145.8338358,255670.481992
2156,237257.17686,-80936.6516278,159178.555146,-107434.956619,58983.9087145,221633.29577,259708.706113,165046.622877
2157,344811.688447,-25280.9555502,48628.9515732,-55537.9412994,114584.733064,329623.827493,354650.669045,-9907.02613256
2158,381251.029818,-51107.7893908,12421.7405113,-100674.401735,28390.2554978,374781.681813,135405.832898,-31839.1164249
2159,188326.549163,-102892.506617,55697.2051468,-122285.533256,-230686.567894,328588.276884,331078.931008,-74028.5531328
2160,185265.589035,-7180.00830072,-44687.410373,-60764.1451017,-98490.4380853,597778.208356,346712.523582,-1498.63571621
2161,326636.061668,164891.294072,-93850.9468615,-45211.7600321,112761.780277,499228.915405,263297.165902,44918.185963
2162,402228.431558,159855.489942,-141711.305398,-63968.1225331,52435.5105785,476690.053062,213052.97972,38908.9606561
2163,286377.737341,488312.367278,-22053.7431168,-262889.587186,134115.823327,594146.405064,113968.237907,-115691.631638
2164,141097.155047,439810.853016,4081.48855451,-157477.602733,101984.762228,504228.609645,142499.504317,-133602.431568
2165,342793.841632,398974.124888,-118659.038665,-226838.019354,-137925.425257,415441.921625,178511.207803,-196577.096976
2166,230031.80058,273986.540989,-216744.370706,-104279.022794,-78045.3005863,251840.906805,91180.0021495,-243032.095911
2167,124768.788585,-72966.4657038,-235833.2699,-195827.467251,151950.099727,4013.09554548,81618.0946147,-237863.155873
2168,88337.6323956,-172223.089096,-199097.927751,-79405.7274206,76899.5540903,59569.7034117,5435.33907858,-308754.395528
2169,-27587.7042176,-143278.597551,-21417.8801231,-32227.7250208,132670.037223,99413.0296633,-102505.018798,-176984.888205
2170,220601.672836,-312387.666892,154583.046841,-91613.020454,11357.867987,80592.9166828,-185292.065254,-355361.144946
2171,297958.304922,-39511.3734061,171749.096723,-252388.008259,-106044.684701,37027.2955829,-59005.876812,-121963.221082
2172,122639.30464,169855.928169,295380.54456,-199042.001424,7813.75149359,-88862.3044055,50189.0698471,-334011.484903
2173,-43827.4543728,105345.143709,309823.644955,80200.6138406,-141126.554339,-154439.055012,-143495.605215,-417807.045219
2174,48425.7005965,98607.5455742,457031.261949,12937.1167805,-328458.083019,-58605.2405701,-227767.29482,-567705.693153
2175,213.440289322,-116256.5544,640115.475372,-34576.5148149,-146975.788419,-31931.5967261,-258201.213844,-574755.582623
2176,16.1860034306,-68318.5529175,559607.220155,60596.1877551,-152130.659183,11027.5688428,-127760.144772,-501734.332285
2177,-166919.466675,-265714.480552,492208.836275,409229.101517,-155682.54054,-64952.1900936,-177273.382085,-603409.403931
2178,-269041.950409,-239330.140861,312560.099535,423031.719722,-202353.123784,-213213.827919,-313812.412358,-496742.802303
2179,-169629.614183,-284904.248077,111206.317975,561687.277912,46761.6122303,-23152.2663798,-238351.083184,-444800.205492
2180,-444782.486774,-328437.074955,178437.905989,673178.657029,-166411.266536,86068.4269718,-279936.768871,-494158.723367
2181,-377485.018728,-306589.403919,184610.96659,586383.130046,-59120.6586792,329576.032097,-26689.1845198,-400296.600652
2182,-277327.131335,-258487.215814,231138.436071,309334.858137,-82916.7631646,290309.735775,-190651.672299,-382073.720908
2183,-32516.0169824,-303012.602203,369416.283848,101870.725317,23116.9797487,281094.654586,-120051.185304,-393362.928047
2184,-257791.323027,-251705.754387,323469.613729,-106032.186054,-28127.8531188,229122.250172,-59225.7336481,-351360.457365
2185,-424948.945348,73210.2657417,152409.153652,-252660.779473,107422.377102,222736.847977,-58300.5732715,-495623.121101
2186,-313287.653549,-126985.289182,236627.77412,-189819.128236,-176096.94348,289311.276214,-97455.0371484,-352500.864004
2187,-267153.307208,-118474.843243,298597.925801,-16624.0236779,-83796.6213436,288031.929846,-196995.693039,-133567.189301
2188,-157421.724566,-6058.22627014,244562.705789,26141.5963658,135737.236608,289208.81591,100009.190271,-88050.5835504
2189,-326155.479446,-74255.0551424,255740.313555,202875.929569,-20476.668301,387570.357401,-42525.5714197,-38219.7188692
2190,-385891.866714,-217866.679211,284239.197816,218152.866253,39084.2760472,419518.093071,35260.2035835,-8227.16940551
2191,-348969.375765,-123217.594987,291842.934554,-10726.5159547,-78366.8708511,423558.033088,50564.6255554,147060.950267
2192,-232000.216101,36173.564253,368622.184171,18486.226117,24922.2571021,395318.584336,263949.53763,336153.420291
2193,-170215.846468,37745.0570515,553774.518064,181181.765883,94741.3373466,220348.00252,131233.404756,304539.139431
2194,-180430.967615,-140111.705504,534712.20084,233194.97098,-61240.3840462,31307.1096503,18572.3034974,241858.194744
2195,-35889.7559602,-28205.3229161,352918.220026,166092.08538,-84502.8736337,46037.2879612,62601.1838547,164935.475445
2196,-114799.844502,-49879.0389882,280789.715061,-9848.73160584,-168330.780503,-97091.7023573,-44923.6621067,154699.786432
2197,5911.67606651,316.936815175,15108.6096824,72116.2106792,-126697.654428,-130719.758886,-265799.736104,260148.975838
2198,-88536.965172,-5631.71446076,104384.41492,37756.3490076,-131158.589475,-118343.224143,-164084.202199,53720.6657297
2199,-91914.7276752,-121851.814988,70562.5823898,24445.8084837,-214252.11278,-224758.474178,-54484.8319704,-124456.268267
2200,159703.807094,-6676.54327038,3999.04428401,72371.2659419,-319858.549756,-148389.900033,-138722.048562,-174973.571843
2201,-102966.673131,-151189.870431,24723.069335,-61203.9737991,-95711.744906,-204331.677026,-336502.076796,-174074.166989
2202,-125490.704615,-42343.3643565,16896.7767625,56819.3078304,-29618.4597429,-170430.679437,-397361.396346,-66038.6247989
2203,79546.1873834,125068.399687,-61596.9833364,-198078.411104,-1870.92954402,-322238.616483,-430742.205898,-4568.19104186
2204,143318.21782,-67464.3015812,-183549.122603,-156439.672728,-154364.320415,-271486.027748,-480943.056157,71453.8656135
2205,25843.1493207,-322121.900224,-226883.658088,48055.7915553,-363135.9767,-83857.228627,-354659.946129,-87180.1833012
2206,78537.2643649,-190321.588803,-60335.379454,183197.303119,-308441.208626,-297385.068307,-221015.250074,-85139.4430285
2207,58284.8098052,-236186.463972,142130.094374,233691.898816,-200590.684694,-332387.297771,-134267.960059,-209551.23221
2208,68752.7446421,-322136.173164,206766.573401,157574.811558,-326070.190235,-422081.899923,-381995.081742,-26270.9946156
2209,51557.604664,-402694.506902,159568.340177,-62884.1001918,-192696.151046,-503441.932921,-425277.778659,-29462.960222
2210,-114559.408364,-118070.183814,-39649.8094389,-2540.73354747,-150849.378683,-432915.822333,-217188.461402,34763.5444245
2211,-13728.2998659,-145262.808439,-8221.8978772,-99516.466503,-149209.544449,-349387.810211,-136459.921504,-69031.9817018
2212,-143431.760866,5233.75773127,121531.905792,-184828.580539,-55116.6602915,-233017.958141,-133847.777193,190778.149791
2213,-220825.742722,105067.453071,183248.377294,-252050.609902,142341.52757,-300060.338008,57945.9466254,307168.312403
2214,-227973.339715,292623.784154,11367.0159746,-216299.600836,76624.5650777,-335645.551909,127497.756833,419139.73896
2215,-229215.278205,308993.968579,-144395.361625,-46754.6842277,-1345.03276006,-303277.088574,214712.955681,302633.524095
2216,-196524.968961,270932.372961,-86113.2752683,66146.3795494,113816.08345,-94631.5968679,11349.2666483,121835.874078
2217,-224449.245701,216523.414712,-151190.003896,-35549.2141535,41895.0989278,-113174.023628,-329794.084302,240069.634008
2218,-131572.664641,223162.830716,-88760.2393602,-51147.6021761,-71126.5701767,-16362.4645924,-115695.714064,175456.331999
2219,-64472.0475937,191399.642795,-110789.202326,185799.634938,265207.756729,-21834.5528239,-68150.8929667,272581.984913
2220,-58264.8155543,203843.524729,-65030.7955375,134185.564587,36538.6168853,-55422.9725981,64133.4441964,283474.983406
2221,56785.4094597,336980.704653,-69246.8166075,208038.376575,74574.2713061,-201628.588347,228635.035359,254342.434072
2222,101669.170875,380320.183204,-110120.395817,149020.913337,16593.7981683,-340356.838087,137148.353206,178837.877997
2223,178218.030507,298427.782177,-265146.367822,242432.522251,-21861.8145312,-388751.897747,136429.094062,185501.204729
2224,233665.93764,241927.889392,-579624.917283,349496.551725,48078.9464421,-125969.089534,-62970.9637021,408952.884069
2225,263839.011557,36607.9438899,-570171.964108,338763.689127,329923.396085,-190930.43393,60580.9331398,271606.119816
2226,36968.4581943,134820.920256,-538845.364428,220216.404433,76699.9737614,-303059.846564,175372.56224,115930.867242
2227,-24516.6665442,118677.637024,-503835.14802,181131.905293,319114.118992,-274162.246347,41881.1468279,77730.7401146
2228,89733.5080812,231318.676648,-666531.051512,86082.5655218,230757.566447,-62460.9110543,-16465.612107,60728.537551
2229,130635.227749,213132.388903,-450204.692853,184806.453421,283737.909849,18964.5168448,-80711.8287376,100146.02487
2230,159235.679473,342662.432736,-209815.37785,301657.793947,123739.565867,94643.1717859,17501.6149693,170593.155806
2231,240827.280472,208620.240885,-112914.133634,386866.126476,40993.2738547,116246.620352,-59637.9865874,273937.729399
2232,283823.005185,13999.5423307,8359.21170754,169303.461023,436618.203486,94628.0359618,-93041.4176694,299105.298851
2233,223532.910047,-61109.621737,40259.5188428,202791.12845,390754.213988,147073.949488,-181219.822935,376454.706166
2234,439066.39051,137711.555591,-141937.907058,209672.892838,401576.038984,123290.082895,-24383.3982247,279508.17423
2235,351421.734094,334514.541422,-105304.767697,10774.6401889,473781.173549,54162.8389114,65444.993665,250246.979638
2236,472323.4523,443612.941727,-56462.800521,291186.673305,521483.176286,14608.7797043,46491.2112334,237639.362475
2237,451156.152951,397834.736754,-123260.31521,213895.532416,437828.453042,158186.826718,-20636.0216739,39609.1450203
2238,321683.467658,191706.604343,-90946.3181253,265700.127452,363448.943554,300295.058574,-75629.8056294,136373.544228
2239,111654.168315,268707.126351,-146181.746858,223505.86075,394904.20926,352836.559898,120263.375087,168265.989992
2240,277126.31942,128625.937607,-29771.0281967,264114.930232,283668.384241,232322.540217,160815.410857,204051.676684
2241,187862.735794,130415.899015,-79707.7278648,149838.007011,320812.918124,36424.3718065,218051.193725,554127.635492
2242,91570.9530257,-21065.4470193,-250416.89687,-66481.3109471,27832.3618382,68811.8550042,259502.598172,371847.801474
2243,19783.1891642,-107461.153146,-160675.502783,88461.5105067,149832.97357,117700.931413,328078.321588,125264.307091
2244,-62227.313213,-93802.8764938,-303382.266987,137326.263978,91775.3808394,145798.196641,243905.507523,56191.8615351
2245,-184954.880116,-142167.083839,-120136.657526,13479.8559474,49054.9111267,426888.667498,206177.724506,53236.2416585
2246,-146960.543417,-283124.374803,-1664.00250477,44505.13731,-116116.71743,468996.877292,-14111.0993726,49427.0218138
2247,-91287.1995697,-382321.393979,17804.8067068,-215860.920049,-242386.221527,409637.017148,-161871.029918,-5422.05737733
2248,-34622.2920118,-259251.226978,-61590.8072359,-71340.829411,-91363.8907006,375867.075026,-166697.41117,-48421.2272201
2249,168882.969181,-190534.253868,-243333.598251,241737.447512,56692.3950372,362867.284303,-315838.259537,-20755.6811878
2250,205692.587547,-317532.952461,-235439.486026,396775.965363,-17185.823295,492244.822378,-365779.894936,-39058.794448
2251,-68536.7394043,-252171.127789,-289995.510505,297342.58876,16357.8545715,361974.063242,-256086.710334,-43861.2119318
2252,-103935.206992,-62295.4288941,-54634.7839466,-53702.5245012,-4293.67665594,408282.160214,-478100.805579,-165384.340093
2253,-4679.99265563,-184983.687205,7836.60064093,110124.908681,139241.141603,288534.826899,-285393.959603,-280967.448238
2254,-44775.1005951,-211152.03001,-57964.8349329,348933.689484,-16420.5615566,236628.38624,-120607.235513,-210369.063753
2255,-170196.635776,-211211.459521,-370723.2729,317607.927777,54165.2321204,325949.488931,-182008.603671,-139644.743423
2256,20863.3189591,-106919.190113,-422179.797939,282519.469321,70076.8636311,157936.942018,-300673.538502,-147382.877077
2257,81595.240588,104731.997603,-40062.0579209,226515.99604,106137.627581,184157.505261,-208196.849255,-189416.493967
2258,161880.482356,85314.4514623,175655.894511,145251.775875,39237.9643349,128115.40061,-227339.999731,-131898.714135
2259,346112.391407,28225.489825,119192.670735,138693.079614,-82322.6146588,77375.164355,-86275.0781618,-151240.872448
2260,154349.20411,36338.5904361,160529.558477,188291.72718,-272438.083875,208747.92202,-107161.846577,-262220.928922
2261,281993.456831,-154238.351877,2160.09505495,213725.470274,-28140.9290373,397831.387948,92328.1173205,-198236.764939
2262,249056.923313,5047.23831717,-177705.026643,25120.3656366,106850.37166,249553.835354,-57671.9020005,-317191.324444
2263,22343.6347689,18840.1027601,-1049.27236227,-78494.5532409,-73201.7067864,112717.748489,-273384.31645,-361273.965078
2264,-90691.3761866,114086.602501,28381.5260654,-178556.589845,-198270.729807,16686.8570715,-115459.827763,-346548.959746
2265,-245571.29993,177630.332367,-135263.068407,-344095.784709,-151318.083648,-25730.0988469,1659.91479772,-389360.10359
2266,-93189.3626118,97995.0645247,-227483.944141,-285158.021027,-70723.2954143,83960.5911363,-20194.7143318,-97476.7665603
2267,-120010.024188,207377.926561,-352409.652682,-156088.813948,110540.146005,20594.0851168,12208.2110097,28336.4643827
2268,-31986.9166864,36087.7183836,-3491.59347268,-43830.9814984,246613.917836,70982.4879829,187726.348563,43810.0248283
2269,-216178.179844,67708.7645936,105801.648852,346538.499898,276213.248744,46530.5881133,183702.129854,114951.200441
2270,-145514.022348,189971.672561,12040.520487,282518.648201,445846.031023,-97010.2506007,40061.2077839,333240.509093
2271,-55409.5384956,147711.618024,142328.731594,242439.779226,450813.417941,-114543.209592,98278.0530449,129935.520639
2272,-199199.547076,164942.616564,194583.977873,135628.17106,346569.140666,73987.9617684,170496.770606,124564.37717
2273,-316021.49677,14766.668903,112519.471971,199726.559414,294033.16299,98970.9777759,287376.361493,143921.801352
2274,-224565.04142,24419.4632365,-85813.5746173,184015.665204,254404.026573,133403.329708,293490.910263,201987.972743
2275,-48988.0783137,205405.911644,26524.1255926,146600.139637,235565.785054,103040.123221,172242.459497,218469.414696
2276,-199078.656522,211668.190765,-57231.8703032,219617.496231,337614.344486,87120.8225799,217238.44455,154228.454903
2277,53482.8576278,101978.640249,-96985.7431518,195914.093581,183803.516195,105436.863842,105784.917044,221065.946246
2278,200129.116943,132310.832471,-123405.77893,-41942.0487676,-36937.0591789,170816.883032,-35088.8509201,62835.4777852
2279,33843.3929401,179185.173887,28159.2901737,-114175.296375,10901.4748996,-31459.5014588,183767.595198,139744.52277
2280,-84367.5304052,94150.9610586,-9191.07441634,30271.8462853,106605.124769,-97389.4363049,223278.222881,379209.520271
2281,-80919.4114112,12359.3969143,33554.4983252,-71165.408625,65307.9504652,-143415.916667,101732.168111,497289.773769
2282,-75187.8729203,-113394.575231,-211370.052614,-106967.133228,221413.029096,-404789.00383,153522.991891,421222.880835
2283,-114876.807198,5917.00936847,-271492.15787,-154011.11924,169531.076296,-560984.822871,-157459.298685,585173.18306
2284,-47639.037444,250226.404664,-62872.8993987,-160038.425468,75786.1843723,-478548.851551,-110767.368233,191596.678982
2285,-115025.865357,315902.170797,-105735.745788,-291015.093526,43586.0440998,-390437.387256,202708.257274,87167.529747
2286,-216277.339024,98846.234527,-84018.9069389,-601165.40394,-43533.1905664,-543302.388992,151334.816875,222858.391669
2287,-218038.124162,114307.239504,-137921.98843,-570404.376932,35169.5442747,-497266.457193,199967.812865,281094.041956
2288,-310980.152363,338593.892781,-212867.981946,-510685.750531,-69914.1850756,-488898.042321,114348.949866,262216.536074
2289,-267271.232944,125492.120042,-19869.3953196,-524387.278591,-266011.045972,-378855.061253,298663.098318,133378.804061
2290,-129171.773415,199673.218118,-87083.9628715,-363970.387782,-405218.999243,-505647.145402,208319.534444,113991.844347
2291,-40856.2020712,116478.173816,-87492.5533131,-418803.97222,-199059.698352,-483334.407579,285338.35402,201322.121193
2292,47428.7806662,-225784.927392,69532.2293636,-283232.281457,32456.8225171,-126117.522991,352255.976272,135825.287686
2293,121911.997089,-375883.187125,-183274.915168,-204095.514579,-31121.779214,-39361.4416135,353171.498662,-4901.26258001
2294,293107.552645,-217290.164566,-46447.9713946,-150890.273448,-158515.026359,55880.1732242,346505.668519,129246.645528
2295,237300.585675,-252125.801812,87038.5283981,-230673.461766,-234938.743851,13653.9248276,564285.336721,-12245.3734655
2296,124262.70258,-258240.754857,143731.041884,-180174.701273,-59464.6792459,150531.04059,499573.263679,71482.3633622
2297,111629.928093,-133625.657891,390665.408789,12065.9558071,-246562.733563,189439.143849,381100.800097,173317.905599
2298,209349.339446,-6573.98509644,282834.735405,43574.6897381,-345190.01277,226725.500166,237982.708258,468955.89193
2299,110779.71626,185830.212108,112229.169124,126986.46688,-154805.9425,166352.714235,219706.728951,268744.438822
2300,-4315.95320682,-70152.5662,3207.75622536,213470.085742,-197487.536844,27419.9771636,204554.312917,140177.484302
2301,257072.925093,-211050.687854,92538.6392655,458669.379588,-239852.256241,41503.2754566,309407.40358,344249.510709
2302,285408.714915,-311047.985686,168071.094052,225322.754696,-55873.4592738,127586.394513,276956.225663,438231.747973
2303,3051.40739517,-113035.208386,-24738.0234112,-10504.9632234,-26446.6484237,311709.210948,157789.389555,373355.654227
2304,-59297.103277,-162871.656039,90167.3292666,122494.916803,202089.978166,252157.599306,104252.010427,496754.228551
2305,98187.1461062,-278428.791642,180347.843491,-38294.0672955,-16107.1625159,231519.061425,-198664.334963,466461.231901
2306,131030.392222,-396827.010712,174509.819334,-36833.0520171,-65702.0786986,250058.693532,-70685.1906545,534411.723312
2307,284382.267729,-317628.233793,142195.758514,-210292.46175,21085.9087208,19147.278634,-159785.619891,594531.342886
2308,282063.301323,-372228.227609,-127457.740648,-220266.358251,-52440.9436941,-104091.982771,-295071.040649,520020.298101
2309,13702.6316335,-191981.202379,-142937.275198,-247511.396249,-160726.42763,-181203.132503,-248724.111417,498067.625966
2310,20806.38224,-52679.4947118,-4580.7152558,-268180.410461,-201146.61118,-29488.3224017,-77693.0789875,537343.739305
2311,63429.8404282,-181481.496348,-20317.1861946,-202294.132914,-105687.978353,-53086.7179832,-5631.31382961,429106.96084
2312,-13695.2124291,-303667.798042,-140772.89887,-136665.799507,-347387.742256,59042.7333308,89005.6606685,394783.485857
2313,-6884.55952202,-189457.742355,-76901.4965818,-284688.52632,-435624.166936,-30013.0273807,323777.87818,549789.802635
2314,4273.86725476,-35279.3386899,-115542.879391,-120363.212694,-216394.819787,-57375.7045805,268289.183803,415825.875897
2315,-47049.986303,-45490.0455145,-80659.5211881,-74592.6931225,-106964.313673,-66230.3709818,190713.679016,91149.878778
2316,-168144.560049,-36714.5946803,105628.663447,-139191.28375,-117725.968212,-126371.090216,241329.515013,117075.178737
2317,-140444.79587,-129050.323225,93297.7744148,-345200.378806,69227.2555043,-196495.734009,236753.947739,124347.641825
2318,-221988.867074,-202437.883275,320911.110899,-249597.429479,55856.5241661,-101807.186916,208501.184687,65609.9345079
2319,-81492.7291892,44453.5388699,71539.7653872,-222686.71204,73214.0867592,-87888.019599,127472.349833,59879.7177063
2320,31253.3465729,-3285.62030867,103475.352387,-80125.6318363,8593.35750186,-230849.853575,278428.125749,-26636.9575898
2321,102638.274064,192871.386932,-113016.740426,-75448.099968,61266.394613,-256509.907189,229173.628222,-49136.4882787
2322,-95274.0986096,365412.475515,-340839.27376,-88190.4580234,183837.271883,-171528.098057,167787.185447,-182757.619499
2323,-132318.187748,251540.701097,-309376.091135,-265061.353876,110591.377273,-69673.5733238,221014.21052,-138886.27313
2324,-60903.2986228,227591.351959,-172919.552536,-175169.050376,251544.728196,-139511.294034,322528.551497,-122001.596212
2325,-117060.980941,58443.9698444,-28665.5002584,-197699.260786,210208.879599,-49399.5784135,-17868.3978802,-30636.6770843
2326,-55790.5100747,-6444.676891,-61655.1824573,-84075.7300965,320461.563504,-283587.3063,-121783.965689,57115.3447166
2327,-63681.7787148,-66729.8986823,-116020.692464,-133217.812316,307227.497875,-343585.553989,-177446.169341,91412.5317245
2328,-52708.4766539,-142454.035092,-132744.032346,-164161.874766,317486.303541,-485508.28009,-153476.962683,-46937.1629618
2329,207561.022942,-190844.156946,-265785.882045,-27162.19294,273296.5394,-347825.083908,-182714.201082,-208459.969411
2330,219321.170875,-7141.92512625,-129805.284576,28301.4635419,172236.783742,-233330.931713,-236282.172187,-156526.15082
2331,-40498.553553,-191960.745808,22029.3462736,43104.6900168,178350.566546,-317634.782708,-95315.1249113,-319385.220831
2332,-88337.9916537,-84406.5389538,-163410.461604,-76020.7580237,56849.1370797,-286818.649205,-224220.911965,-383520.623446
2333,-112352.831789,-103299.618056,-139263.137479,-101868.786041,163367.507593,-347494.919314,-227400.923207,-253672.604597
2334,-9.66104600497,-102561.328795,-191351.281687,-135262.665825,68498.5564984,-320736.346537,-436923.72776,-149651.790491
2335,-79883.67719,-13616.8130595,-159808.203637,-239212.188061,99084.561606,-158297.031649,-315192.365217,-128041.23519
2336,-158035.988281,-12064.6878037,-26100.9107091,-233056.506976,89792.4162758,-191284.198529,7222.72576538,-269919.22816
2337,-27807.3156494,100544.65318,-218025.236543,-73591.4767311,102424.712461,-133622.004915,21502.1449765,-307782.811517
2338,-9954.39246189,-11892.6534466,-301702.402371,-64250.1859777,102426.313077,-117081.378073,13568.2517471,-63063.5309201
2339,-215896.729997,-84535.7727397,-374790.656474,115152.343434,9139.05324708,-184847.654375,-41326.4968801,-116318.442731
2340,-275006.490979,-11235.4364485,-434274.295103,106848.746796,294289.301091,-65424.7600485,-264822.022763,-202249.865785
2341,-363163.475545,190392.355042,-145128.948298,256223.153571,135658.630558,-65533.4103098,-349379.431809,-151354.823851
2342,-293863.046483,165913.72951,-69717.1081992,383960.821613,102988.40385,-96720.3856294,-331829.138444,-206403.020079
2343,-210206.637564,194265.47167,-83158.9840933,379471.543275,174703.588745,-11193.8971781,-50204.2701207,-349121.319136
2344,-71316.6841182,136551.783498,19219.4282828,454210.444952,68793.6453717,87563.2771938,-42966.4172558,-312441.143967
2345,-36983.7488304,19138.7892553,-43042.6977627,390131.855187,92718.6904423,96358.6371625,-216100.358872,-293487.620416
2346,-58297.712542,5594.91879678,-16113.8046103,632187.766244,53900.9965482,111139.139681,-180698.354911,-331442.983683
2347,284.716798075,-19883.6492833,131959.245912,794437.191047,26985.5911765,114758.948905,-300867.475856,-180068.124322
2348,-78484.4038027,91827.620706,55245.5418737,505783.172884,165765.119817,77069.6434006,-231356.562974,-128228.297383
2349,-63095.889089,102881.045835,26098.7846208,330168.153296,118764.335238,178661.001811,-335259.859323,-32702.3953632
2350,-238000.06345,72767.1653096,172620.744336,432850.117063,214159.951799,-32815.1783669,-465102.627061,61518.8336947
2351,-472735.08139,126345.451115,80900.2395479,491059.606893,2344.15505559,22522.8119401,-235905.2302,313185.459207
2352,-454767.275549,-125646.780369,137973.286969,328196.484252,89908.1180486,68276.9215484,-199399.42454,411130.78315
2353,-255800.86541,-298594.25337,-9915.56881196,144234.228481,57876.2395744,200215.560208,-170286.478679,179288.489449
2354,-275753.405432,-284352.295227,134513.67898,-41299.2360134,-179249.231243,252410.456007,-294984.772698,76608.5849092
2355,-238871.435315,-217386.107575,153304.367755,-81531.0393633,-191756.212513,259475.49374,-337540.719227,123408.671374
2356,-305354.617561,-13579.1743743,22301.7700678,89140.9026392,-115511.078243,186092.75001,-289814.283361,6505.74132556
2357,-114418.84241,-23723.5869523,130203.852911,67523.7683374,-107800.722018,227324.113177,-235041.101022,70273.3995575
2358,-251312.262246,-172425.059823,399775.0127,334377.778488,-263061.999436,307356.264813,-226473.514514,36475.7361945
2359,-99459.4936725,-195309.48011,411446.015935,24532.2489453,-244182.122247,171558.308276,-84326.6051045,100132.55736
2360,-107870.700193,-264366.551927,194254.843717,-136742.840849,-101884.35516,214752.006491,-57199.9785073,-90710.9082847
2361,-7288.92395674,-64525.3278767,271274.342936,-26350.0249278,26948.0032815,152045.746445,-103742.352709,72333.9042759
2362,-46692.6732779,-171851.43653,440366.443883,34024.2381532,40959.3608084,142415.767229,-67771.230937,7448.27897401
2363,73782.195104,-228541.587343,420616.699625,-48013.2074368,40855.5100229,334043.626752,54112.8520018,-75190.9203345
2364,97767.0668876,-250547.762049,310997.445868,-6929.25878709,-17798.8705869,328396.500516,245340.867102,-49651.5189825
2365,131111.405148,-212939.040929,258299.643134,141239.134282,-79861.6757637,320440.155709,383560.417749,34303.1763308
2366,170883.225765,-74195.550582,147420.374052,163538.977845,-79551.043462,118920.153547,314972.61518,33820.2624445
2367,19705.9564914,-101506.732622,-85320.7256532,-211459.012995,-302778.655031,85049.4016363,176104.789077,-79367.2528067
2368,15984.6699174,83663.706099,-27132.6906485,-185232.331432,-314757.96746,-113248.66245,7559.53878129,-260673.009503
2369,-50275.1328863,-41156.5866153,19380.2047226,-69248.4216131,-294115.298313,91431.9852355,64104.1551601,-132027.564362
2370,-57055.0313641,-297316.73441,-20419.4472823,-92545.8236565,-112773.421634,74707.253948,148242.276758,-164822.670309
2371,56061.5277552,-268483.226788,58412.2714145,-94242.4739534,-92639.0831062,-102560.368628,169532.161226,-213135.574983
2372,329113.660376,-171476.493958,290782.650993,-144479.301101,20126.1133374,113168.620459,-31774.2671452,-191962.70784
2373,441885.693733,-180201.497197,299222.569502,-209185.463507,-366323.24837,118811.927889,-30771.8010149,-115964.247313
2374,411846.392938,-123557.184046,284391.061668,-256027.641459,-400611.574139,165558.641713,47713.6257288,-339211.086289
2375,467419.730172,-131115.131542,301511.78805,-176795.646115,-275109.872932,215666.435921,360719.249284,-273417.121609
2376,378647.547498,-227906.190349,351092.62235,-123212.409987,-66491.1484132,230582.135357,376727.702417,-195772.941747
2377,158736.4304,-158676.297317,311655.172596,-73579.1292515,83889.6596911,189175.103238,284326.726817,-120259.566374
2378,198506.675,-61760.545647,271907.939545,-79570.9688854,-94517.4166578,342034.992195,385820.159366,-259122.725593
2379,289156.871482,-103259.168571,261204.24941,-54611.2899232,-62795.0712823,178367.652423,351683.120792,-239663.601713
2380,325299.347914,-45553.4986322,130229.723904,103744.114335,-88276.0451924,78512.0529096,311867.575028,-198362.968458
2381,342841.70917,7254.73313794,98796.0157189,370144.942081,30042.7605704,149001.695511,121559.824855,-185449.967684
2382,548193.72423,91798.5563171,185544.554331,377285.322694,155576.375413,111750.972139,132011.405107,-207528.733696
2383,638563.4108,299548.797703,46602.3378598,660141.733041,137140.071627,222292.61943,361117.380156,-131394.928846
2384,653552.533275,341172.63735,55586.225091,566930.676956,-23058.6627133,203185.122369,437586.30727,-71477.6240525
2385,576577.267804,114545.437414,-94092.7689064,227196.360616,-22573.1978012,14010.9294945,177200.082697,-89989.4560157
2386,639765.693968,194532.014011,-95735.2815442,-59209.9126626,-86045.1933798,-74844.9194944,127292.210368,-139984.60829
2387,603658.708386,123541.062479,-282289.026213,-196153.030438,28409.8266722,-82267.2973578,166892.946147,-225250.46003
2388,432001.274013,126069.260637,-196511.870859,-260511.2838,179083.806246,-2155.83425738,228475.241902,-449526.303913
2389,375806.128674,166688.396292,-293510.194318,-174616.200737,230706.170851,69029.2267184,-3278.25981913,-279974.076061
2390,378258.684005,248067.536176,-233650.719419,30810.7199158,194095.154865,289813.062325,-33387.7878226,-320191.017695
2391,141623.482773,-52390.0154985,34277.5795762,51221.1770197,212905.390562,167517.065624,29854.3374813,-470675.642295
2392,529780.122013,28508.9701406,74512.0141377,-108145.869728,222436.897759,-93690.9476486,-5017.14462345,-301404.064051
2393,536051.545156,83367.9541635,18725.7321829,-48941.0841253,21533.0464758,16705.3832086,-48086.6715606,-99023.9507117
2394,429292.876018,120783.011136,-118963.736668,-34226.7662473,110573.215637,-6602.97669081,11617.3299677,-50543.8593073
2395,491420.173098,2257.44288571,39691.4046551,-40783.8765413,400632.963262,-10204.4764383,-202956.62788,-189089.978146
2396,368540.23329,-44526.625974,30322.5279718,163126.17776,415414.70629,247361.657664,-210838.191661,-257291.419413
2397,447138.840042,68454.0719792,209819.268532,19331.81072,455338.392986,282715.206573,-115450.918417,20516.2159827
2398,279064.224078,-128351.64348,120786.596728,-203907.166908,420906.246271,152524.163183,-149421.259731,-135143.345112
2399,259623.964303,-136599.476414,46581.5610591,-128783.801722,256096.289565,20580.7186576,-147024.492295,-165440.284482
2400,182404.926538,-22238.0704191,112322.387494,-537.579102153,-6045.15714908,10684.180421,-92630.6802061,-173465.003991
2401,27439.5979192,39537.5858366,37988.4547644,-36018.6931353,-103562.609901,112730.370095,-184079.818496,-316558.827121
2402,148174.33473,99707.0804025,77509.2462957,15722.3766091,4946.72217652,36676.7180872,28916.6385413,-285551.806098
2403,176658.013166,260651.769277,97275.2344244,67276.6734117,126448.901627,27838.8331418,39336.4769221,-36928.7554286
2404,112043.26243,40449.8550453,122341.825482,-147267.130711,250100.109769,71437.8148548,68926.0837994,-22360.0209265
2405,28364.8318736,87441.1723198,174163.169689,-215039.565376,187173.096949,108175.08246,-41506.6286851,-61459.4379486
2406,-80471.5537338,129181.663909,60481.1558237,-58080.9933483,46574.5236979,66449.7667181,-21191.2615478,-218.914303578
2407,-59493.4769149,309591.944732,-52267.0885608,-147113.824475,-86310.8775452,213290.47673,191424.512202,25428.7959973
2408,-56529.917098,406288.49827,-48809.7918437,-20437.8271695,-178631.805523,166789.785647,-85652.9196742,-10905.9138195
2409,258782.649718,348656.196322,94426.509878,-136741.902833,28902.5277755,218048.607206,-170181.945072,86180.6720802
2410,211430.225657,504911.247293,-69172.6377817,-229241.355607,-159849.379253,23092.5350171,-341603.045911,123806.119426
2411,242541.60685,477635.823138,-137618.643523,143736.099662,77766.0575866,14021.712072,-88614.3385636,124551.77376
2412,107611.55084,382311.147556,-187590.934572,32610.8316263,129250.391701,90874.1101657,6539.08600034,241243.325012
2413,189178.112942,481434.072567,-104501.670984,-83573.7212829,269866.577296,236869.250935,61643.8087487,487161.692323
2414,247067.848144,425303.097701,36372.5634386,-149250.110412,292779.1808,198720.809234,-136643.731887,441764.589625
2415,282055.871722,324553.45899,49460.0591054,-174616.406107,242946.076463,196415.843933,-137765.622786,198209.286995
2416,311830.991546,153088.917627,13629.5772624,-170588.602371,120572.63209,113265.330522,-232885.431527,170960.61584
2417,357973.887331,216691.497011,87366.1357172,132205.976322,228318.671068,214721.603739,-159848.082316,216994.718955
2418,354998.972453,153435.950021,105794.932786,349973.117735,141549.735484,380927.422846,-157142.538127,36345.4358631
2419,403672.455325,50996.8595062,430629.477345,29140.7455049,116207.460454,593868.554863,-135785.349447,-226447.163982
2420,306652.829315,62474.1649299,340618.974502,-81189.8886151,223500.705534,452668.88489,-306116.691661,-197415.736924
2421,297576.399438,249836.127078,290671.816586,-121412.324136,349749.16571,196405.744236,-94870.1865144,-33724.492826
2422,30293.871758,343919.915801,153447.951814,122499.264338,255757.461878,176026.979381,-134510.749556,-86621.0219403
2423,-121541.930607,329882.832313,240939.795653,151803.647984,342643.194715,69651.9093066,-18744.9585718,109355.560895
2424,-86010.7505607,416719.820044,75463.8607452,285622.505362,394266.455303,190950.803564,-121810.822094,266399.797906
2425,-333752.105274,550566.610879,240840.279329,395012.737328,293549.770818,380054.331279,-234040.595327,337924.786599
2426,-281725.332201,493280.453941,229921.679919,425660.722488,383001.655703,-20301.5754358,-160654.784971,413952.479567
2427,-50624.3441296,272992.611735,174601.511988,579528.506072,553115.593083,140310.516332,-161567.688054,450305.423684
2428,-188194.53622,367357.689644,31155.2523945,531725.208445,472205.147262,86255.7477899,-160723.743983,377323.873818
2429,-94640.1337973,367900.672795,178612.505821,638129.493037,505418.71187,193872.618196,-180753.438642,384097.215612
2430,1754.79969262,263524.706761,76485.5836833,546598.650478,654132.40332,287346.175934,-130176.40247,400174.777823
2431,-151582.352435,283397.475973,-15999.8164533,564039.9358,664729.461345,545844.556047,31673.2261,318436.871016
2432,-4532.20244954,154768.726128,-24836.9042768,737159.477629,433157.522549,630338.619564,238661.396444,314312.813717
2433,-85634.5075023,-123634.139986,164592.209872,776701.423618,439990.803885,440558.791524,504607.664942,73880.4442858
2434,-80942.6062231,-60050.3038879,5225.78761851,716433.198625,293903.124341,342502.25721,692326.017983,-56650.7530068
2435,-93991.1996369,3416.93657094,30882.7940875,669345.340705,329700.42597,296378.249984,646586.07133,-149623.485982
2436,-64023.0918713,-81840.8826201,-95208.4200125,552016.089626,109220.738469,358385.060902,700189.762039,-22246.4558123
2437,-56806.8405798,155850.652073,-84307.5903844,419176.139306,-176540.139883,254214.429557,595496.433735,223180.721184
2438,136556.143091,316302.029181,-146746.423511,387133.196633,-35195.2513997,205770.513951,387402.527453,347195.154994
2439,91564.0408159,233499.618502,2817.19311509,409318.209361,-64497.313569,310191.894595,414024.997373,407428.166119
2440,226447.796454,147973.102837,-84225.748466,344503.96452,-271324.455627,44107.9002214,297539.861641,211794.684172
2441,129668.484339,37614.3889204,-144618.080268,169098.733321,-196511.293207,115076.696174,301561.051208,333676.586603
2442,141970.146233,-172569.734688,-162717.73501,245175.495726,-201635.709802,194618.100375,144084.717884,44749.8130853
2443,84642.2034362,-124136.411329,-106460.145248,224545.020068,-328061.581665,215290.998627,91197.8427936,-113549.066947
2444,21714.3117681,-88667.6705103,19310.4428785,65141.5985372,-348206.869655,336375.923098,243235.518734,41153.524759
2445,-196320.947816,-198118.08019,-26058.2852639,23697.9982699,-355250.386999,345664.658934,-12407.6663415,158611.54047
2446,-301363.594983,-74291.7336281,-103260.516717,139187.911446,-252034.9794,371468.242986,16609.4802497,145524.979453
2447,-173853.579803,-52134.9791063,-90270.5079136,-19781.5959924,-231140.167994,451727.460906,130084.359419,126754.137332
2448,-118322.964065,71017.6395532,-111803.828336,-22137.6752607,-118539.230858,614010.649198,131007.592711,120094.390307
2449,-241308.928106,152532.598561,-206126.62224,-8793.30176666,62454.0269844,568185.623737,191942.026958,-9680.33195131
2450,-276985.631841,-161836.417981,-208472.073729,72896.6620789,25211.8335007,619321.507433,269450.809812,-141706.287688
2451,-409990.341642,-360356.290148,-36219.7933009,-54161.2393263,-54091.4670474,498045.898283,217977.299877,46229.5302622
2452,-176596.510445,-186074.919861,23560.3024987,112619.552589,-65861.6095667,494883.865488,-18683.9764753,134780.925341
2453,-160673.676573,-54339.383417,-65363.3813565,127897.112232,196987.138618,520146.712277,-129992.291107,26445.6818622
2454,-262391.94538,-8580.55799526,116975.736458,196957.708573,201849.586054,382632.893199,-12727.0344652,-21581.2221907
2455,-50811.8597491,153116.991599,178691.853879,128586.700651,96892.6509914,116417.778737,-1661.6739334,62037.9780813
2456,147366.864278,236057.036493,-16810.11517,-28392.6773285,208000.724856,104572.070174,52942.9726506,108334.178887
2457,90044.3487406,285341.587892,122594.986371,41192.9430312,216376.310128,288915.244986,-13106.4002632,515594.667281
2458,18987.3250688,49632.4372269,388820.545377,13908.0462827,193512.552434,261420.354257,122152.206211,415612.389683
2459,28152.0863754,121519.696088,299735.991372,123332.235102,446489.460869,144490.369898,-799.88373577,236708.711667
2460,-20738.3829852,91031.4846929,361165.344661,-734.805898513,422557.46541,127429.66752,-25336.3547516,33911.7147142
2461,-8950.37591669,-91731.8466839,230840.297907,-8932.99727126,283813.433379,5276.5792469,-157158.41422,-118405.112131
2462,4117.94155177,-90528.7921064,267559.798177,-35051.5714638,401287.626735,-66996.9224853,-81504.7922475,123152.390289
2463,-47951.657731,-76409.9720387,164867.862055,-91975.1912364,233999.984344,-75527.5081319,58626.931213,-66446.167375
2464,133915.018077,-40917.961314,97174.3119306,-9703.53819392,162534.409316,75153.7091903,7465.37662166,-213215.76231
2465,12901.191233,-208848.111988,60301.3968586,88121.5845109,237423.879028,1596.04498778,-104272.523235,-150108.620884
2466,-37433.6585099,-88235.0870202,282040.220917,28715.5255515,160231.767963,-107825.63391,-156280.729901,-317081.828052
2467,124516.707572,-6489.8783063,528138.32615,64909.9924704,-117103.864285,-143209.966139,-319876.734534,-285403.944428
2468,173743.156993,-107781.598321,723457.785665,24340.9183891,-57670.3575788,-154357.399395,-87364.1033445,-252259.137496
2469,15951.3893688,-169697.767904,798088.759788,-172157.675483,194588.23979,8693.30029329,-10709.6887149,-289650.079718
2470,58594.7393319,-122498.002725,623392.189958,-613358.907212,400951.550524,-140771.043395,23551.4222494,5695.75698373
2471,-5733.02558484,-103121.437113,511732.491832,-668765.881236,281764.366712,44673.4471365,-76750.8908163,186393.354242
2472,-174432.54557,-81489.5940487,651564.198953,-624073.020567,269295.2629,75396.388293,-21227.6139795,213333.373797
2473,-6104.68313809,-223479.115361,564303.986312,-322937.034482,233914.800808,35945.4645551,-112873.568434,102093.402719
2474,-141557.195939,-426667.966275,442986.847972,-539648.024717,269264.243461,4236.45786577,-198866.707185,4068.37391015
2475,-158629.729456,-114560.296496,418479.0043,-306304.715162,46480.8472688,-4871.84072219,-233947.405345,75623.8892613
2476,26269.4929295,-148234.774104,175928.480287,-54667.4860732,12692.7223156,-119387.45211,-225040.369796,-10236.1412545
2477,117216.250135,-75372.0879719,6135.33028869,-28505.4672751,214772.986048,28746.3141244,-210755.990035,-80442.6285767
2478,-45850.80441,-22115.9076561,38765.8979225,62608.2808062,142809.030266,-4095.76450771,-219056.592385,-139816.646752
2479,-220997.764416,-5217.87371634,-41824.4269715,131044.579862,-5999.3437497,91464.04692,-311696.604361,101547.728765
2480,-302378.055412,-22671.4970679,-17204.5890098,-29628.6820762,-199060.706044,-13785.2433252,-144579.454696,366586.118283
2481,-89682.7023407,-43116.4188526,83969.4732087,-9417.90020148,-298629.584273,110309.29045,-188175.146497,214951.589406
2482,-10958.3384683,300.331555944,-29826.3350532,-103615.54041,-376047.713397,-78154.2148324,-425719.578993,-36717.2027892
2483,-64328.3747358,7657.30816742,65857.3366607,-232076.9759,-460415.323369,-148369.07783,-519157.142477,-80202.1687251
2484,-261523.044372,-65077.9717013,116510.763816,-255214.38568,-469907.162663,-198291.925626,-362445.315918,-47907.3241605
2485,-223522.481124,-278454.339076,29533.206808,-174556.170882,-299902.054897,-105702.897658,-209720.152829,6929.85739211
2486,-150330.574808,-172196.322169,102592.847846,-46871.869331,-497866.473623,-182520.673275,-60028.8475696,-31348.6964107
2487,-282568.181702,34136.1239457,83185.8338709,6742.64318287,-341915.792351,-101892.613788,33289.5802308,56882.0973987
2488,-437605.314247,119693.768744,32201.8311248,96807.7777187,-343253.367682,-50591.7826584,-125997.338821,90435.8856313
2489,-297058.141753,159652.738116,-116659.376637,65901.8598136,-302891.564257,5766.13882799,76882.3427426,169927.834431
2490,-357373.276433,340149.940237,29458.9005542,145808.728663,-433373.341127,-6614.18035503,92666.1273745,61108.5145664
2491,-141572.256016,326374.271831,47780.552788,79852.0874833,-348682.883704,-14018.0760589,38631.717735,-82296.5833097
2492,-119355.578266,332361.110258,118924.131073,152672.943074,-373640.580037,-142180.067691,38503.11869,-137136.057301
2493,-229117.385396,242805.231817,132776.575833,1773.80109799,-202648.053556,-138813.305628,81393.3335983,17407.1930222
2494,-151312.48081,140526.824692,271104.144705,-75733.5072649,-225822.910479,-317978.056032,102103.844752,-344280.482099
2495,-168971.547531,164134.77185,164109.013897,242560.874275,-231699.859582,-215363.532361,90390.4164299,-379531.015214
2496,-258739.528302,2034.95888974,251826.899985,114653.625778,-246607.30467,-175927.997463,-45935.9064489,-460558.49894
2497,-220793.45392,22324.4894151,2893.77827041,-16113.2632317,-299181.844992,-353704.613088,182020.589145,-504392.637326
2498,-268478.682972,-16938.3120699,91202.4520702,25749.3555038,-356718.377862,-149746.610397,217587.154353,-587527.852805
2499,-366017.411521,15960.1630956,115100.82028,-86762.6039396,-192705.87868,-223477.274999,152909.472372,-602732.662947
2500,-225498.952037,-67965.7878399,252982.39714,-78529.3342998,-190503.267055,-402907.366706,166735.843338,-356829.424538
2501,-142097.47631,-53847.5246585,147160.827805,-46214.774331,-189099.625164,-261674.4053,203908.332462,-258959.654418
2502,-237611.501157,35473.7158392,211642.871233,-201707.620842,-235966.851355,-132039.088203,134982.875281,-77843.4865216
2503,-442651.330834,-91462.3260865,317249.465425,-170444.396829,-217628.595355,-124755.600206,62432.2604674,-46550.9256909
2504,-309709.129448,73683.6508024,337771.743833,-353991.219951,-156649.098918,-253912.359558,110892.330125,92132.2625999
2505,-60037.9462121,-68723.2129314,195888.528943,-208076.794065,-96912.9809234,34018.8941946,-12981.0736133,-106514.43585
2506,152982.257072,-59889.3068645,46322.9298137,-94903.8707468,-152600.184298,-121704.162312,-166249.152022,-154468.655671
2507,260950.496232,65488.7969416,11325.1098202,-132334.829673,-105183.983248,-182535.795796,-70122.5034472,-329740.700292
2508,348138.350479,-10790.7712305,134895.51687,-166121.572689,-39652.4009993,-357841.63528,-14331.8925344,-432140.140746
2509,363217.213337,46231.2406191,183459.143099,-199536.646171,-99119.3587553,-294210.301191,50114.1199963,-279123.101601
2510,341829.079251,112532.013274,150315.183203,-165785.429034,13758.3855088,-83806.2449558,-11512.5692403,-435131.062093
2511,459766.292215,115026.990663,-3244.14271673,-4752.74345738,4679.6064409,-128987.657814,-65386.1496146,-547251.992261
2512,363386.009333,193128.553063,-174204.516419,113327.869856,-830.281410977,-280117.815813,-50131.1537846,-423824.088076
2513,296905.961,113053.969975,-211490.455755,252347.401626,80437.6100475,-271680.025062,-165420.151742,-236940.011615
2514,233535.865587,58517.1104166,-142356.890995,323643.759833,265929.039512,-239601.794702,-126140.11184,-342999.773036
2515,441203.615704,344755.853939,-114463.472534,306202.224348,401697.665771,72175.5016937,74734.5504504,-241337.668634
2516,466350.477643,325259.918064,-82942.842128,353135.420626,329019.399881,172822.997713,62279.0652358,-318476.645242
2517,322139.786283,238926.812635,131085.944701,337174.505704,336339.839162,9628.54061975,188242.420999,-169882.13957
2518,400408.918646,266792.954454,366469.430607,92744.4854586,372002.045565,62214.7466076,225445.645274,-64321.8642619
2519,536502.48466,311101.415125,384976.821828,108876.274867,538369.332609,256569.212919,279475.932011,-102802.487733
2520,240356.991159,251107.264985,286705.629608,156375.811404,513993.321192,129445.510639,273648.776192,-71205.215711
2521,108851.560931,175122.716198,260070.245386,298844.16868,400091.992985,-140491.427019,-23669.4266133,90537.8992411
2522,8150.52501244,68072.6166657,195959.774732,213294.617345,375004.573337,-36669.050731,75391.352565,82170.4252763
2523,59707.7197181,134241.514923,262144.023784,150939.261068,412419.215656,-3408.05821585,302255.564528,66261.469049
2524,-116999.460092,69531.681768,222808.633253,48205.9648205,347826.342896,257414.21129,178897.530489,-60997.4041767
2525,-117185.322725,121572.194744,107281.665424,118914.814252,127206.240391,379349.167291,139841.965179,-67008.0040431
2526,-256090.702097,-76696.965199,-219013.053428,52519.148434,84096.5450361,259461.62518,21376.3929706,274572.829062
2527,-157401.052555,189904.503072,-8976.47670673,-56298.4575352,113528.545427,201559.22734,-86130.1343044,298376.270163
2528,-130249.991875,239580.932052,55575.6500916,-115409.482707,213488.716718,43024.5737044,96506.816416,193502.938365
2529,-203730.920408,138285.840765,-130525.426382,-118585.358831,195763.582677,242317.259613,-30165.2214866,100235.187259
2530,-29113.7635887,179342.937947,-164180.50586,-31133.2734648,278487.507233,292139.707491,-111622.543391,-69032.982474
2531,174543.206887,7172.95745907,-323682.481329,-80901.3968104,-167346.169893,146470.278904,10633.4931362,26935.4215212
2532,202466.2488,-3169.58472538,-560072.693031,-237966.001224,-98077.8019497,160666.605682,2342.15834546,13397.1333391
2533,208815.624469,31905.0925112,-475008.123749,-340357.002642,-87066.3607656,1860.20720484,-79220.2531594,-37371.143052
2534,230577.677963,-128507.361322,-291410.177877,-577012.527207,33505.3753902,15116.1799945,-65852.6737399,20476.8851348
2535,169153.976771,-47834.1606017,-348259.830318,-336578.513509,56203.4844172,31670.2963603,-15246.005203,-38412.1013485
2536,-38330.8071218,146796.189635,-497514.678953,-288483.385961,-108206.753992,-134716.024982,-66664.376634,-227387.584421
2537,-45780.1232661,-50304.5835732,-516047.65064,-141944.762064,-350079.474021,-210156.413149,-124566.180689,-289995.723794
2538,-92929.7498945,-27160.4229731,-508081.084555,33086.0861699,-517794.780841,-51795.1302143,84614.2486241,-289344.66648
2539,-271682.220856,-44138.5206367,-367839.882978,171414.458219,-433727.430691,1169.66788678,146618.139875,-553826.978679
2540,-93632.9872272,-146141.994957,-557385.263635,172206.504098,-288741.667907,-152144.148696,96480.8812549,-396429.756915
2541,276252.614574,-297515.455815,-735543.750414,-17671.2240944,-61283.6204526,-102628.067156,4825.03037796,-152225.720726
2542,83575.2291827,-291187.890995,-672289.99832,-226862.118593,69027.4040697,105845.769148,186818.445566,-111642.612927
2543,-88491.1993889,-422048.649735,-608791.785726,-14594.4442696,38549.3412325,73887.530072,5226.19676134,-255612.871509
2544,-27668.7693868,-377622.373421,-517018.936348,51481.9978295,-51239.2016179,303346.370971,75981.550144,-207443.862724
2545,36919.8169319,-380539.725916,-452067.046872,45310.3911853,-34499.4888642,302418.959553,37471.9084905,31051.3154465
2546,-106072.203109,-130973.085,-485587.376297,-144972.762568,132571.135954,133899.92891,109169.68651,-142318.331242
2547,-8793.29675261,-311475.165822,-248595.851486,-30312.8271071,238811.889572,64392.3858542,284528.802791,-139546.835271
2548,-114804.847561,-179669.625716,-252635.890803,140370.599031,382552.36211,145130.308255,228817.193019,-221442.526714
2549,-207728.321062,-80116.3823154,-312402.894637,175580.67031,365982.036306,109267.608155,106518.835905,-199484.73173
2550,-345572.834752,-159311.872874,-230658.406907,-264980.245141,258167.99394,65346.3468404,111000.983243,-245284.605603
2551,-436398.996814,-185591.67848,-185421.414993,-70870.4368883,448654.398982,-43054.5667578,105518.993884,-197403.200043
2552,-352561.61283,-287328.245099,-259079.102569,-178319.398703,484297.307713,50118.6867835,167996.622414,-214548.236552
2553,-520873.811496,-525797.882278,-270629.267909,-121877.897896,448094.350616,168001.141486,7834.2522771,-44550.8204306
2554,-612173.030885,-497693.940277,-213019.218033,33843.6464711,496499.261603,219769.18142,-82860.9038699,-152953.015822
2555,-814682.791068,-353584.476029,-204771.61004,113665.196517,330022.033796,312308.194818,-231083.137032,119702.079568
2556,-826087.562907,-187392.910527,-155117.329573,65504.8878761,216463.058451,205114.084005,-95385.6950544,3943.29093728
2557,-941315.272374,-179618.001814,-241054.168954,-71791.2584193,-60583.9655644,10708.7733923,131455.804243,-10222.6063934
2558,-736492.674566,-13289.3533906,-458712.009442,11453.818305,-80677.4721704,13364.8956919,189944.820069,19865.8046318
2559,-893409.368944,18245.6626241,-567615.943308,199966.950386,-133651.897969,-39726.5698603,304176.366561,-14508.6627165
2560,-757233.552528,74315.0147477,-452149.714387,175692.724116,-221980.068424,-75023.8782575,195171.009278,-7305.91618006
2561,-773226.379431,-871.722220137,-606335.532251,196335.911938,-37486.6328048,-104408.800932,-93935.3273894,-135358.781866
2562,-614058.934741,19929.9704651,-502450.442761,311947.67353,-259085.946759,-52665.7100382,-36814.75749,-237964.859627
2563,-502653.07413,245382.557163,-414306.57579,334368.106857,-150758.203607,-72383.7152204,-122500.03573,-290784.806167
2564,-338276.781309,80735.251038,-416611.341508,462075.216007,-73827.9028517,-184070.342301,-124468.131826,-421524.095233
2565,-92233.7918674,-117243.090945,-333534.529983,201290.62514,-247508.596207,-176795.976598,-66093.1815417,-336048.403202
2566,-348400.455886,-134562.475459,-341400.30036,176736.100004,-13763.2490226,-303676.542187,-179920.282101,-246890.801999
2567,-239755.852678,-230407.657581,-294157.645188,286071.327415,142314.889745,25017.9982601,-159530.009974,46924.045403
2568,-246245.15285,-494185.661381,-275132.856679,121769.583107,-35936.0097629,20518.6269698,-279403.39053,-119322.949209
2569,-362796.597422,-564109.326711,-211868.9316,89078.513864,-193766.92392,-264351.463343,-51556.9129425,-199250.648485
2570,-387871.976494,-660785.793771,-218217.013173,256721.446858,-192253.18833,-276505.636801,-28165.3665539,-174681.227829
2571,-280868.342513,-537167.4637,-110458.362582,-37410.0587766,-128495.441599,-227648.812581,-97661.6189279,-143290.042937
2572,-86443.6370377,-470500.479046,-213129.220682,-120069.42858,111784.651843,-217554.896216,-34257.1681805,-59989.2501376
2573,-159879.995338,-409221.494075,-161887.027477,44360.4004789,44059.9242288,-162910.0148,-11821.7521187,-221039.076535
2574,-308314.251002,-288858.160952,-106559.402116,27690.7830417,119010.563039,-268136.198508,220772.91615,-164454.880811
2575,-402626.070826,-265559.987065,-138360.467734,91648.5437394,156965.020461,-38041.0267181,226095.480635,-288833.548237
2576,-578423.074487,-363865.669281,-308943.617936,188777.029366,190088.7392,-2317.6126179,89150.6755871,-179518.313688
2577,-469891.757288,-344886.549233,-273986.831201,237203.930127,135942.930032,-127280.820521,-10331.3612569,-34821.165561
2578,-359659.236253,-416450.517842,-64749.2417123,172944.891063,88816.1698943,-11899.0208674,15163.8855006,-60571.1897949
2579,19862.3834346,-274916.700114,-169683.172855,220913.633745,-36358.1375075,-93069.6922279,-28825.7498119,66273.4173791
2580,-196147.168088,-376480.356429,-10617.4481851,314041.664997,30661.1202498,-27440.7602584,-3812.81404619,-34985.6207501
2581,-341372.173379,-329065.787507,-120432.165276,185754.574757,108495.919469,-31509.1042845,-4625.03755412,-38906.2222143
2582,-374848.792838,-503623.625231,-339719.124933,243066.315764,100577.615084,-93087.517823,8807.03356522,22351.7229161
2583,-162305.90745,-535719.775652,-304591.458925,92989.011827,4629.45131366,-82380.0420931,8819.90563286,188544.474628
2584,-311884.226477,-433219.002383,-349241.738768,-224511.264501,-51395.5153399,-132961.775905,-78031.4622639,189841.514274
2585,-411116.556589,-504965.19196,-281757.216116,-289602.076073,-265456.980119,-140838.381381,26358.629829,355444.758024
2586,-376894.625516,-418842.052547,-360234.162023,-223675.350372,-373553.117961,-60895.7324794,-111726.333686,243939.613156
2587,-248878.171002,-341089.7717,-324532.972011,-157135.756463,-304067.826929,-119834.738495,32780.1428963,211460.3245
2588,-163039.995148,-458305.732601,-298526.830333,-76632.6012312,-234118.086479,-89505.9100279,-17501.9243061,90517.4922307
2589,-241949.531601,-341845.029959,-189852.707568,39543.9484761,-264590.223113,-129738.910326,-58081.9128375,-144618.367036
2590,-97844.0658893,-270818.178484,-176170.890404,44485.5974976,-204369.479069,-187056.754971,-154701.779512,-165337.931373
2591,-140436.552002,-319655.829489,-227103.332399,108404.906756,-294851.299388,-209863.336721,-290696.406343,-13405.2261611
2592,-38628.9349142,-130405.32133,-367578.479696,-40466.2730437,-198765.483847,-198113.932463,-206591.694633,109975.880289
2593,-183853.832899,-136623.733241,-230413.43746,4486.99866932,11348.6526063,-180031.627519,-204036.500684,325704.854205
2594,-157736.661949,-85037.3086454,-103304.806037,-210743.943711,21023.2058225,-199012.616047,-467289.118678,385189.311894
2595,47434.7115312,121106.91727,961.595851437,-103363.876245,78988.6611702,-60391.6443325,-262482.169469,530339.878299
2596,13012.1971522,-63144.63038,265561.161221,36570.7939182,-36779.697994,-118586.495262,-319039.220136,555666.874741
2597,-43939.0948437,78636.7244373,179972.223942,22544.7836271,118098.865863,-531452.962342,-352795.896537,444169.859825
2598,202076.480765,98742.471525,153142.598478,131158.514255,-70446.5385313,-655798.243483,-460495.50092,355497.761402
2599,265392.71407,142677.267142,62805.562026,178910.13943,-272.542229425,-457819.774387,-578027.855576,327467.204365
2600,351738.215002,85101.5362114,88333.0848086,167281.173777,-18401.0916977,-462582.398545,-547145.857057,500442.407052
2601,356174.590878,128354.783045,-21971.7558419,60341.5790345,-133223.863996,-561913.788495,-373315.069544,449726.982335
2602,329880.346803,105158.602174,180609.59523,40967.5381156,-298955.535026,-595385.702319,-238829.573904,297696.860895
2603,422099.242855,305364.364046,395391.272031,98949.1020569,-148440.887725,-444969.03703,-314687.650026,458386.608896
2604,448459.435245,234619.017245,367869.226793,54155.4249622,-222491.701812,-491253.127451,-431645.968602,256809.03678
2605,349412.898252,330136.374223,577832.832028,88670.1360562,-410717.673345,-521623.231921,-511598.890855,168302.44584
2606,293141.752228,305602.831255,394464.838035,-65014.5329404,-572004.219477,-642846.423688,-559824.365638,183709.09577
2607,-30013.9939912,-36109.211827,445250.725769,-279875.649784,-833183.877875,-631687.502896,-460615.094921,-64690.8378661
2608,-312504.242091,-162808.486688,363248.096688,-399003.386526,-672751.189674,-509895.532585,-394308.487114,-5672.70086271
2609,-35404.0038427,-168292.90652,168603.702137,-466149.645166,-878131.347115,-467156.886209,-145864.727219,-83416.4146593
2610,223270.731226,-19797.7877077,207479.047432,-385733.194238,-690842.697512,-431195.693381,7195.70743493,-238343.723034
2611,193343.782907,-32266.1107441,194854.355568,-445652.930596,-566595.89177,-438361.471586,28253.2631956,-54913.7305565
2612,241174.18997,-98682.5229383,144175.756724,-388782.016451,-702670.866653,-302479.453249,12963.2652168,-133607.10479
2613,164982.592942,-356958.565678,157174.053157,-469542.89059,-558823.47429,-279938.577136,51715.336433,-258647.131966
2614,87518.1596673,-116804.779856,344770.662879,-431219.951903,-681714.383869,-342060.45394,134301.77221,-22781.6927696
2615,96018.3789773,-228681.522993,382044.405328,-387619.327524,-622336.415008,-348136.654094,262599.615842,12446.6808314
2616,118084.112411,-153786.563302,491650.403083,-653594.324591,-785891.457708,-162151.509683,137013.013996,119496.422246
2617,349397.036762,-47619.9495825,373493.28015,-639028.872049,-615653.372681,-263877.401334,147620.010802,194729.672693
2618,305071.946138,-226698.413324,350761.840053,-858327.66588,-637004.946647,-371461.405936,266928.931763,145818.582259
2619,27685.6068594,-210968.836363,366333.153677,-750717.136155,-463500.686544,-497015.790288,125540.466842,180324.477658
2620,54747.6156638,-91444.7582907,324113.515226,-817242.440704,-487274.798598,-294582.055281,42724.0797153,62985.3119004
2621,11870.3241106,-92777.971733,243036.460139,-646762.333044,-803077.061699,-103025.275501,-120246.813654,-90567.8061177
2622,114051.057979,-17286.4771761,28671.9192074,-701392.399857,-683749.617417,115704.294786,-105590.137067,-45536.8634752
2623,304633.333118,-160159.240019,8111.97340734,-543633.595391,-808493.775073,209833.22659,-20086.8413644,168206.982236
2624,271044.650834,-138129.116682,73409.0746959,-394177.430542,-750547.929852,-4953.08866553,-26996.4490021,99280.0523256
2625,220497.923463,51646.7551315,308750.134228,-483955.287291,-508454.416261,-209794.07658,178584.923461,-22126.8947083
2626,-87582.0988006,-132796.837812,127518.325371,-382850.09729,-597603.120934,-132842.648237,337319.81169,111549.295947
2627,25179.9121457,-102121.734754,6881.21718679,-350506.129932,-698603.859291,-337929.800105,112118.532477,147258.054614
2628,-19974.0166991,-75136.3637283,61971.9409451,-320124.509427,-478947.823957,-45861.3498803,34863.171671,431039.837115
2629,-36670.8598568,-69068.0913608,-38459.5876663,-335508.947361,-613138.705602,4146.80351819,172391.686042,329149.522829
2630,-28360.294134,144398.753895,-221162.778172,-456242.143043,-690009.758392,-201390.266199,5513.36432667,285270.019037
2631,208008.932052,155637.756188,-71100.9332512,-360504.840474,-555591.003085,-188693.822516,-42058.5038636,258236.03374
2632,140906.456636,57997.4836113,166612.551522,-543672.515412,-457889.433615,-364.338763247,-207910.988391,273568.917068
2633,52114.6301412,78364.8584805,119755.077335,-414237.453421,-469729.913164,-207631.150583,-60501.3361223,380843.175403
2634,109028.439301,148886.218997,45200.103227,-310748.511038,-244768.098846,-300482.642805,-71635.0626148,367712.235414
2635,199804.013746,107588.941638,-165487.755006,-278366.210166,-71679.6695021,47266.0710934,-173757.761233,259528.264647
2636,233370.086497,1594.43409682,-327331.051011,-253923.926193,8809.08719763,-24237.0343105,-40430.4835632,239532.82437
2637,116350.86259,38176.1831876,-285760.950925,-219279.350658,-15013.7529506,17608.2326471,-284278.625708,337295.172654
2638,74431.8750291,-15631.5167054,-233234.823998,-296570.076121,-53714.6013506,120971.576286,-131916.757259,248569.722062
2639,190484.566666,155185.957891,-41202.1891512,-372763.934335,143618.16317,200584.327669,42229.2885258,308446.898297
2640,347265.375644,185891.465778,7299.6387191,-391090.223561,105391.014975,185177.267788,-12173.3617656,191734.373644
2641,608756.969134,231965.164002,-138247.548675,-453861.234385,22174.2582388,58219.3084909,-187093.184306,384007.496211
2642,415665.966496,262936.101757,-51590.8625162,-398868.717334,-73887.1521822,87845.4863384,-144219.400726,392523.452194
2643,461136.572171,252658.965451,18107.1426885,-523456.071292,-37967.1894132,182509.439062,-140922.68346,481259.009662
2644,480242.245161,323758.613174,-18506.2501543,-453988.311395,54911.8473507,183436.432097,-234904.058139,555782.816503
2645,661478.528822,186816.806165,1713.32646645,-267989.704196,100779.749026,150596.922394,-440169.974731,538792.917831
2646,422117.275416,106334.282099,103952.217221,-305670.346744,86307.9892935,158424.156446,-368952.445857,398319.59354
2647,257931.263676,54977.7658878,43111.1882052,-346968.277387,228757.85674,105302.749154,-237153.122332,292477.308979
2648,226021.250134,154574.924192,27476.3084371,-284131.364436,142369.045364,262611.676449,-326058.083267,139546.605266
2649,119968.098113,145629.787419,104871.439672,-231348.364179,181423.518117,307733.510879,-400291.954062,-71860.5797642
2650,196771.451062,249690.233105,295537.398841,-20217.2474462,188264.161221,318365.270007,-147073.683528,158152.746092
2651,208845.133388,172438.967166,193576.605068,47879.3162145,125130.973522,240841.561919,-110716.957083,236393.389987
2652,5009.03032147,19690.7946179,-10941.2343969,174082.894844,-148159.039063,198351.627917,86433.786477,352683.83381
2653,-25743.7392486,24023.7031929,51916.1017518,48725.1642951,-260196.219701,280130.838472,319356.871429,156894.732397
2654,41378.8445646,-5367.27537447,235545.347269,79933.2496974,-56143.026059,279662.144601,231498.75136,75910.8124089
2655,74215.3835276,3891.25926333,210587.814223,69616.8785524,45836.7072363,288757.330271,271122.764559,-152890.555751
2656,101278.837098,-222459.714868,516156.364634,262090.119033,-38788.3782444,278750.215676,79701.8838166,18876.2983971
2657,210337.64477,-371678.969823,378880.649704,-6472.69858343,-68572.7630566,139479.421732,89516.8578113,-331749.132614
2658,170865.017267,-422601.031411,225164.065331,149611.4813,-92683.341624,127168.385558,295258.439991,-324756.240133
2659,-21537.369061,-506235.845803,246039.626127,125061.666461,-160198.937324,8513.90550394,58757.1202266,-368851.075065
2660,-133369.834824,-342224.25006,-37516.3063291,91559.3609846,-103558.197118,-113949.500155,159574.83452,-192862.750538
2661,-101958.732623,-79867.0568446,73703.2173735,241207.658263,57668.244315,-203047.749433,141661.605734,-88766.7486734
2662,-138155.352908,159587.170482,62867.4803422,180861.403476,182240.864895,79162.6674056,98885.1484295,-67955.0803958
2663,-67326.4316007,128.501149002,221201.927856,173125.006256,38593.8111693,88.7974601147,180324.094861,-153795.346066
2664,79480.7544048,-51647.9722214,108583.162002,310124.056758,-220709.760824,-81442.5995028,415883.555405,-199297.552422
2665,-72408.9662886,160428.674596,-31234.1541871,80622.8754992,-157291.10027,-245280.110191,336826.728764,-276538.230543
2666,-72215.5014433,119908.245291,54224.0801179,223491.728004,-289589.919655,-273297.524838,283969.929659,-221736.291661
2667,-127542.180836,194818.251701,17527.6009969,-13081.6330825,-175352.658643,-185836.900801,360810.574209,91896.4008679
2668,-194909.033065,73997.2683083,-6009.77927194,-1054.38615554,-50402.0924765,-114828.586395,137395.757321,-97085.4837391
2669,-43309.3004245,70479.2404295,123337.104505,296598.62729,11392.2801968,-191104.654715,45303.7799078,-180753.498303
2670,151852.656447,177820.014374,-49927.7781966,223270.510857,768.338550293,-37893.9174194,-55566.6079921,154180.8667
2671,14144.8794198,-62731.7253171,-54822.373744,214024.227088,-12210.5053491,-26118.8780552,-49622.0377113,8536.52567319
2672,-13451.2064212,-5897.3211816,-257584.598375,242382.991721,-69729.0726039,-50345.8342015,-122588.273548,8122.45979295
2673,116588.635411,31146.774928,-274103.417802,142258.275202,-104045.680721,-115487.819267,-250813.473739,-57044.6386397
2674,167224.287096,92122.590154,-239019.142608,369421.889609,22558.0277245,-126045.72098,-426107.753787,15465.5394145
2675,22709.1257392,36404.5209061,-335687.904993,220537.538458,29606.0718805,-265663.531795,-365283.841064,-143353.005796
2676,-13577.5561055,-51908.3961941,-131830.675439,220402.776297,-45039.0666179,-160194.537517,-495362.950514,-246213.272309
2677,-84513.7517341,241748.448716,-150315.581007,3800.18432509,-48213.9346425,-25991.0187826,-444749.868164,-38436.0412593
2678,226227.480501,150976.641969,-248824.792585,-130496.295152,-59036.5893777,152030.890357,-100084.144332,15027.218816
2679,65236.3139997,184127.552144,-92757.5596935,-160373.564949,-63157.3830584,22517.5595067,-98381.8159487,-3195.21589687
2680,-8384.06404574,308178.024636,121900.365884,-141551.334842,72471.4196269,-19349.6689373,-59365.6348983,-31556.0502676
2681,124151.957426,214643.949301,41157.5759257,9894.90989145,190535.058756,-45022.4597641,-18391.5155138,-41133.986398
2682,48551.4579472,238310.478858,-138184.163131,39814.4653886,376007.843223,125200.327359,-230177.885055,-28124.9136219
2683,68131.9551116,173405.006438,-274836.470371,143649.371383,475282.206953,70137.5324968,-131578.15776,-7786.69085701
2684,138056.15623,233155.53118,-48753.8780386,166554.106634,386622.538085,72768.1118798,-193613.947379,-176420.297102
2685,121929.286762,155800.859342,126775.91864,-50430.0379752,190088.303519,-158453.611959,-190184.84887,-214694.923863
2686,374792.86196,337599.545768,-104896.045683,-69572.8557585,111799.517981,-88841.9251369,-165976.429372,-159028.689263
2687,295335.69971,219412.353751,-112232.702719,58684.6996225,1993.72413107,-93927.7348167,-221560.247324,-129389.687731
2688,206893.867557,155347.267072,-138186.947866,174996.809559,-255566.598928,-165680.788394,-121298.6673,-17065.8008604
2689,222166.754244,199091.552378,-367399.568925,362025.667383,-285420.095104,-198637.672486,-118149.992611,-34630.670958
2690,204661.319348,269092.828537,-305095.380131,97512.828104,-319125.036793,-148041.365485,-122911.217468,-208304.036441
2691,224666.494259,341922.806465,-206318.580808,550.310485014,-111924.633262,-184105.684879,-237331.796998,-326967.585087
2692,275164.943844,510815.322023,-243904.211427,99467.5645888,-236051.71455,-307538.282579,-176057.618953,-379857.639472
2693,274979.537853,485164.804572,-354024.021504,417473.796613,-96491.362805,-339079.977222,-227959.717435,-292647.312028
2694,292659.106652,171460.22099,-331023.555378,421726.459074,-116805.924606,-258609.752089,-309483.872046,-243842.004284
2695,157485.446752,87867.9476617,-398542.156343,230107.089341,-168423.98501,-201086.964519,-166972.324815,-206129.133297
2696,30232.0219393,345362.695701,-275762.477515,-87854.897976,-85851.4540342,-185330.966228,-171451.00511,-549921.247365
2697,44582.4344082,364794.241212,-265781.525221,-126149.895291,-106519.355656,-479470.162349,-124714.807947,-351832.894301
2698,117166.108305,411530.054927,-273335.006022,78642.275895,-79208.2421997,-518658.07577,-42030.9667666,-290324.696209
2699,273912.328182,120470.917257,-266756.324117,192187.777164,-75015.0892343,-523066.955198,110278.475605,-234034.006266
2700,196972.930216,88092.4668706,-234138.908559,126139.081239,-27619.1333917,-539373.616474,125439.464272,-374037.705307
2701,77266.3082092,-14305.8546585,-78107.1924319,-103245.060981,-1187.81474448,-641015.746451,147662.008351,-399490.893762
2702,-138004.669912,-23149.7750276,-113333.237271,70399.4998839,135806.559331,-545506.895713,102303.849778,-381392.514342
2703,-168388.946302,-63194.7026659,-54336.6456148,176188.841805,187153.671969,-262243.407861,-74321.4719137,-363415.522836
2704,-29676.5805552,-152782.202779,2037.45181046,-136838.119963,185220.643881,-115224.570375,-152894.916188,-147700.055788
2705,104959.336162,-67755.5580183,-177187.086025,-289691.042119,283952.158706,-227963.712658,-225292.488047,-195774.140397
2706,72076.4560745,-37398.6257164,-185647.121837,-246228.247756,149670.934622,-140256.206425,-80509.1858141,-109168.512894
2707,47533.8524134,-66404.185609,-158459.9169,-317460.381022,62220.357143,64610.7501739,-83632.3431472,-44232.6819162
2708,-36798.3119012,-274677.491503,-272747.526966,-489026.80285,80105.4531789,127578.196917,208790.136417,159439.20356
2709,-53352.8035331,-131240.479543,-172896.183546,-399317.094208,134500.671432,96656.898235,276169.024567,35042.6048553
2710,-43856.9440416,-63110.5835145,-195394.948571,-121083.712077,128105.384892,-122022.623737,45448.975263,43665.6185408
2711,-63411.6560198,145637.695845,-253348.880746,-114213.355625,256076.769224,35556.1751933,-81170.623527,48086.4098803
2712,-202629.032008,7966.26020943,-267675.50794,-185048.375963,324003.511152,-84116.0846072,-127104.656317,-186024.522584
2713,-84802.1388659,79279.8411932,-354849.599141,-145410.99533,250976.647307,-288279.444441,-178135.670728,-172963.248688
2714,-78430.6399759,106178.85232,7143.57236462,-64313.916558,240106.871377,-199554.525332,-368341.812272,-206894.906822
2715,-191643.722184,3712.01841153,8394.05936831,44137.4655507,290148.682213,-286314.901296,-357097.682187,-57135.540226
2716,-57516.5611062,43701.3377548,-316751.44749,119878.24628,256058.800139,-262989.082862,-104241.059643,-112916.214599
2717,-183740.624687,6119.9996146,-147564.266405,179500.237382,253760.514987,-264106.393817,245955.432933,-210796.407566
2718,-148919.653638,-46595.1967734,9865.14185411,16929.4246891,86640.7787611,-177830.995938,178459.429346,-338116.334207
2719,-146423.543199,-244671.089165,162031.264636,-144516.372823,68849.7521677,-10564.6957679,445778.665664,-320353.621881
2720,-139538.645002,-222709.791331,224120.281511,-3126.309509,125923.822785,40843.4580239,541110.760938,-173442.001689
2721,-189832.522756,-82983.8127157,176898.61752,-202007.59955,303029.592764,23504.2023729,505583.393536,-63940.3586416
2722,-222949.205083,-231416.123793,360073.595434,-148734.809442,96628.7937129,83880.7247278,412134.277395,19806.1446793
2723,-52251.923304,-160375.413411,423602.382243,392.454690141,-57856.6781106,237642.104623,219886.339996,-86113.0251444
2724,-172437.049771,-247906.793366,408728.560466,6347.39945358,-28907.3031268,250343.585746,367216.404007,-83168.3149588
2725,-33786.428346,-210020.596632,409089.097102,-47265.6486428,-137754.085688,267633.979246,578297.907944,-23126.9953969
2726,66156.9756246,-215102.549207,89924.5852423,-25988.1666613,14602.8258327,207028.703219,471871.983438,56006.0965337
2727,-349816.832991,-397994.013024,165441.467589,194924.282083,90510.8888328,104523.808514,468157.942398,261289.611937
2728,-288244.610862,-459813.819505,-155606.355068,192024.764061,21681.664195,-40660.9526516,552457.782258,37124.6000589
2729,-58398.8081732,-228311.601378,-163646.131281,335754.864924,-87925.9832073,103314.862619,472058.84313,22932.418152
2730,-78347.6739269,-343570.291484,-54232.4020549,196646.243908,-183496.006403,89096.3568498,424317.851588,138350.84077
2731,188220.811696,-180407.922811,-39751.0491557,19947.4674495,-154432.394153,-74642.9602694,490999.555745,41280.2812938
2732,63225.9032993,-215982.970861,-85719.011509,112299.379424,-104454.238238,-152671.21088,372901.193757,79687.9046056
2733,-162179.796488,-84508.549047,-271969.441804,-89306.1969898,-294785.075234,-166655.290654,351038.319205,219432.164809
2734,-140236.031583,302906.154358,-239374.826985,-149145.80539,-187415.022048,-43597.6581424,182525.118981,339018.446692
2735,20708.0732179,398582.487507,-128380.189909,-9012.24416024,-327771.257212,-68713.2853933,31645.1661084,251596.737106
2736,-256995.238729,177130.064635,-133522.609862,64847.7072485,-93490.9176886,-233718.606363,101552.574172,308177.13675
2737,-172031.945173,74738.5414214,9735.64633816,-73966.3172843,-153949.806528,-330072.788793,93133.5379752,264291.931341
2738,-189488.183321,184577.334464,-113913.883794,-32814.7744661,-287710.198373,-321795.43481,37955.7795989,229658.740592
2739,-376978.150501,170682.10727,72908.4051875,306612.784909,-98129.1822699,-276344.018425,246004.760357,108637.285497
2740,-457850.451218,280521.308618,159898.234725,135618.599084,-44577.1798883,-154302.273908,292509.132556,-51596.1151706
2741,-307179.265079,367301.880877,92094.9802551,161280.858358,-211171.392893,-43919.1658293,270183.940048,-114871.725057
2742,-225162.241766,313176.574171,-28067.8065621,120151.680065,-234808.794977,-140438.923433,68659.0084424,-75961.9485374
2743,-264530.666593,374548.423934,52981.024435,191026.515459,-188179.51267,-194323.138173,67597.980496,215489.128441
2744,-195191.163739,324248.431152,-130057.295271,234619.296751,60276.8414315,-191765.902785,-43274.8741944,188753.941339
2745,-233790.380239,321928.209867,-106185.633895,177687.938853,165696.883168,-289551.614182,62496.2498667,126066.695301
2746,-206732.060426,156213.419382,121337.51168,268658.196904,239421.09987,-290412.527936,-93901.0523747,-71279.8170025
2747,-120406.449229,-90009.9212607,99910.5668325,295610.918702,259880.362402,-219832.502619,-338069.590724,82084.7258603
2748,-152324.420699,-99673.8226208,66145.0974746,301319.218716,178463.362568,-246439.525092,-64270.5588109,-41011.7914519
2749,-249994.390017,118636.25109,233918.431219,436080.710958,172263.737453,-244694.724752,54155.974099,-40643.3142122
2750,-42079.0062389,-65678.6963858,41274.259302,340377.443745,12198.2539959,-139587.854625,113725.772529,-8556.6503874
2751,179553.150564,-7642.7942409,128446.145989,142399.791565,15691.2571883,-139948.509027,25246.887925,94957.6622639
2752,131978.778155,6314.9305962,33850.2455629,175217.62534,-190298.979235,-13055.9644588,24555.7809257,69757.6825168
2753,42327.0033653,78484.7405632,-31738.5242407,362647.966114,-94042.4077965,57383.5998524,236836.061424,236859.309525
2754,6385.34254102,323067.584846,-106957.22898,455257.646721,-94568.8512484,10990.5238372,423374.162655,111911.48391
2755,61183.1420833,309972.81633,88210.7550618,367365.783178,43512.586142,20714.1706784,449062.803441,-99670.8682534
2756,50590.1127205,350864.944835,9911.58480014,309689.7403,150690.201677,227407.47737,584124.75035,-32983.0193942
2757,15721.5065795,220813.264826,97537.9362045,81229.9848945,106700.717979,417649.748475,506792.064124,-66109.9446247
2758,-11996.8443676,125781.998914,609.251888665,134750.229999,157260.88769,431929.761164,376243.80374,-187680.776898
2759,-40184.8452608,394041.50291,39963.1754554,295254.97917,237926.308693,259305.22847,278344.21317,48449.5262677
2760,-283474.955144,29461.610642,328182.726767,435497.968194,294079.438849,271329.593376,226394.291339,43623.9534346
2761,-432269.840219,83277.8234248,368067.928832,303929.781961,202826.892735,176906.58332,325501.795814,-123474.176941
2762,-368344.394065,71349.9359069,401464.753381,188058.342843,50184.97807,309705.263078,175563.199653,71823.5555645
2763,-229935.864949,266853.374908,277278.285321,31456.5792661,142720.545529,328305.259529,195887.319397,107875.925647
2764,-100684.670074,367937.712441,216279.342009,39352.3573611,430236.080098,529271.371519,-34269.9322347,84060.1767049
2765,32821.9312248,297938.21642,141770.528601,-99903.0295091,580627.465048,521142.388314,-3095.986598,62014.8708882
2766,126430.941783,547310.294484,119856.186397,107843.125898,383408.634351,352900.813184,130232.809336,-22545.9473252
2767,-117571.694969,601310.550897,40262.0788519,100437.856962,460961.207292,613254.502248,169961.327785,-68923.265882
2768,-150853.635844,556216.848206,-74836.303065,36934.2835513,454690.454483,625065.014198,236071.556284,43959.480311
2769,167913.577158,380346.876633,-78487.8560931,119600.410962,394200.398916,630921.966278,-60771.3112685,-195154.193614
2770,390573.995213,307616.586647,-8431.05398046,159321.981669,235312.976147,645509.413231,-42381.2757576,-128702.839436
2771,241285.551241,348000.036457,-115113.411441,280578.627351,153169.681991,617682.554505,147914.487616,42281.8636768
2772,154848.95909,576347.910151,94620.3367344,357374.959076,174984.757755,554370.192091,247910.050559,207505.349101
2773,233773.014063,417217.344025,76464.369206,355829.09831,-79537.0638441,749716.160842,-40986.5530807,277693.423506
2774,217955.02456,48446.1290963,-30595.7977131,445367.249008,-38080.7778483,524716.623944,-171459.715523,21322.4889726
2775,184631.395081,154359.036116,1141.32818119,492571.140772,231733.596325,616315.441699,-272822.807755,117215.108706
2776,251197.355312,217594.318846,-181314.021364,301205.632034,298834.337056,701002.233202,-289385.44681,291030.749043
2777,359068.091569,213693.639274,-288771.117355,250965.475548,200591.369107,573959.469592,-186534.760567,192971.675515
2778,444214.060519,422407.147537,-163692.180946,169954.786071,275120.1426,506900.011337,-283843.229661,229613.669618
2779,587950.87332,212538.473759,59204.9207757,215565.438617,363330.466317,666302.049304,-226402.127764,204755.811115
2780,406866.074859,184901.485428,125469.94402,160031.460158,183594.577349,617660.59665,-159492.049768,167649.217361
2781,249133.547387,209148.480548,158853.124297,-17576.6966241,225423.791364,547266.310988,-313235.468954,248901.771907
2782,63745.6977417,266121.841055,343984.256563,107157.034632,358161.61928,314752.254787,-251067.524341,81926.568728
2783,25285.0289885,34991.142809,251661.509372,65391.3288055,402922.37725,324252.00964,-208174.436502,252641.510221
2784,300303.397669,-40949.0381029,281464.94895,19722.3962271,247117.756502,423093.486215,-151701.521646,107522.342054
2785,262915.871459,85388.7530265,268727.640389,-29079.7416774,405091.387263,558268.441036,-247850.56945,121761.216174
2786,271274.39041,33371.7603534,264462.430854,-318361.770635,528499.532751,586280.314734,-152693.750268,73416.9907543
2787,140604.705098,170928.983301,383100.118402,-367007.151211,588682.341609,507798.084311,-77153.0125665,113005.65419
2788,17778.3053195,326429.918753,421327.393772,-201320.408608,307072.0178,409770.740645,207820.918227,205298.389858
2789,-250135.990826,193116.512338,180642.094713,-132814.01836,206756.863398,362998.443145,67322.5338639,154191.089286
2790,-136320.3267,140195.091779,235161.840444,-90674.9235766,256960.237164,476862.642623,136541.131051,161224.627958
2791,-5739.31510717,106528.850198,361881.663632,-3136.43328944,256845.144209,544467.984562,-48312.1505307,251810.365945
2792,-80124.3401357,-39664.6880696,465170.34267,-216714.606036,176849.770592,500948.632242,-55619.9273195,172049.912992
2793,-221874.602141,-85446.2902449,438967.176357,-404289.378406,211513.289356,469402.093085,51503.1520184,-7420.90594232
2794,-250643.053232,20312.1221205,413145.498053,-181226.962518,204935.682443,250174.924097,-130474.382023,-47167.0535682
2795,-290845.795047,-233027.866353,314828.970505,-281092.248773,-132268.642296,240438.867787,-11573.1054493,113653.079515
2796,-84897.9530273,-51076.2868092,169194.666446,-73758.5168963,-136144.322672,328512.708337,241817.307952,234247.793115
2797,120422.582343,-67427.4343826,3585.51367922,-71945.7120155,-41474.5640513,543042.290262,166631.849655,355015.480422
2798,154824.785522,-262625.742192,45985.1185711,19919.7245389,-37271.8679864,350620.149039,139191.5047,306317.835305
2799,134060.394971,-354952.065617,-200704.043754,-66992.1135276,98047.779938,241443.330103,323163.410287,406540.176224
2800,154861.919603,-247602.507717,-83604.1972,168623.977253,145643.326038,343778.842267,350664.179069,302112.165027
2801,79396.6762977,-295495.908474,167316.931955,324748.893131,187645.567339,239503.884199,266075.70187,302366.756774
2802,-20074.9949349,-182769.184329,267457.160844,274848.046802,80104.5026399,153112.619573,67261.1871652,285260.82566
2803,-24805.9588296,-255262.487424,363772.450293,137861.78608,16715.6340367,330975.454123,-1728.61542543,99304.379079
2804,-96971.7446189,-180091.544258,214513.461233,-60593.638964,-104032.729122,379875.26927,232185.886881,179901.457112
2805,-208140.43746,-245145.922297,154555.128827,-326979.608077,15119.2490076,210035.776066,211486.213304,95877.0866854
2806,-224323.17554,-140802.816376,80956.0032067,-236791.678111,-39604.3557035,271894.642837,227122.705915,146716.922275
2807,-321582.737349,-67531.6958988,106908.542951,-281937.18466,37619.9152829,114370.295706,298564.372383,161275.690245
2808,-114900.725951,34434.1781759,44575.0948236,-64695.4265031,-37259.3162124,82494.8485252,406955.686161,289072.353416
2809,-138858.950716,111408.337853,57309.2618502,122569.038566,-9740.20263784,59795.9036619,245672.511833,327457.749288
2810,-24656.2044754,74218.9299508,47777.4787996,-94484.5030105,75508.4454346,360788.551845,57479.3201641,334576.582449
2811,136301.514485,83229.3694676,226158.907856,-144774.280575,-32373.7131964,173323.268228,158938.933104,393770.008746
2812,132610.030461,-104955.002402,204247.853029,-29007.3511337,218805.065272,245536.85926,185431.908396,33546.5287512
2813,-30504.5505533,-41381.2122364,153126.918894,-155963.466961,173459.049649,206072.254608,81925.6733772,121689.790558
2814,83368.1258043,-284916.377686,40762.7655549,-122924.491382,330230.89334,111651.64933,185722.692574,150850.062503
2815,-229063.560963,-212810.33079,43317.3115026,-90552.8957674,304410.099431,224830.14026,314849.394963,159140.802229
2816,-201685.519857,-230134.098653,54746.7101923,-139640.661215,259179.297301,15113.2906292,309099.795637,78783.1028565
2817,-253904.78069,-40039.7648132,-24958.717966,-105661.820699,176870.176141,-2369.10676772,281860.207029,337454.386338
2818,-184612.162585,69904.6207778,2257.07357774,-200729.058822,307267.508526,91654.1227363,546991.253624,274666.808894
2819,-318707.599986,3857.90231229,89856.0554599,-288725.952393,497333.403582,-18370.4402578,536430.465952,547541.179939
2820,-629555.737544,19897.3494474,46100.0196598,-169720.85501,579449.671834,-249796.693638,672185.793205,404390.887459
2821,-505942.785973,-162749.906886,43199.1500606,-13476.4426296,461914.544243,-150142.853558,641264.991012,239632.976397
2822,-445817.916856,-201423.682924,74389.0305752,100062.979709,387935.693536,-264863.111342,682034.858831,330661.616268
2823,-296385.737844,21864.9234051,251968.119726,197154.679084,298097.844439,-132252.387023,535919.851226,269217.793633
2824,-286984.924975,-6412.17942274,48989.3904673,109094.531015,319539.302039,-14454.9400683,658447.635729,189632.958208
2825,-389314.938076,-128049.15023,-40044.8196578,86417.9728232,253746.16559,157787.73013,418850.973435,-16457.4859355
2826,-110904.389723,-31522.5734102,116025.598993,130932.539312,294817.305687,-3719.61955713,531886.505437,15092.4799723
2827,-101350.403296,135340.857454,44503.9000476,137773.912087,105313.632287,-108834.70307,388817.117998,-43721.5540605
2828,-242810.476153,-257919.874276,-50360.6532933,171746.888137,129112.831893,-2099.98187346,490496.610303,67686.1437351
2829,-428652.822804,-236631.218529,-230383.466226,193461.931173,59258.9169144,218983.583096,448929.288796,94976.7797139
2830,-462170.00848,-301208.689641,-300580.056038,246481.322999,76108.4464356,182444.111757,352267.284378,53873.2328366
2831,-219633.477841,-399780.559153,-21679.3380586,271644.819786,134881.783769,145872.06363,476700.3218,-88387.4184706
2832,-118214.864993,-348688.226362,-26302.0517217,37017.8416607,115847.20864,260755.564354,401215.739717,-124880.382794
2833,-143590.293117,-324638.069261,58564.3676616,-111130.896748,170216.711407,247903.626607,172305.494098,22992.0446621
2834,-57298.1212226,-241306.335526,40764.0324367,-359409.613621,802.951476209,407281.007487,235977.12258,64724.855209
2835,37732.039126,-349779.16723,-37409.2905251,-255877.497652,12302.3949683,182638.605419,279262.512222,143580.148953
2836,108959.439725,-211034.423025,-200566.397588,-210092.715172,56008.8956549,65753.5052944,47403.5892589,124430.730807
2837,50786.9995071,-107358.532653,-297869.117812,-181940.307012,-6749.77325189,-18336.920829,245283.639544,62848.8408026
2838,-148447.598938,-143992.081869,-405259.649178,-343.930084872,-21478.4864128,-114592.768024,-2707.20878329,63568.9547735
2839,-12047.0283313,-169776.190409,-562310.301607,-92726.8404472,-5671.40176291,22107.7194436,56226.1816077,23914.0367606
2840,-274557.820493,-149076.209815,-366812.480932,-172146.896361,-87188.4323182,-169207.250157,5585.33156159,-10000.9814586
2841,-228044.206142,111696.241456,-342782.521128,-144634.701068,290757.815859,-81668.6168118,-36181.713849,172275.285754
2842,-243151.708506,135751.943453,-274793.65698,-7006.12736134,94604.3940177,-195533.153454,-1690.70003947,249284.830506
2843,-273955.690456,64521.7604468,-255412.598403,70062.6090826,237907.187238,-169659.784835,7432.68947415,199960.495099
2844,-277429.418514,341807.875742,-254779.43542,-164915.089314,217376.707363,-177735.154007,133497.801491,113936.919333
2845,-245950.058002,240251.307476,-264829.109706,-232170.898854,89896.3756435,-184315.599044,52885.5698816,45310.0918003
2846,-92401.4773677,27958.8231488,-12686.4260661,-162004.778717,245664.968143,-192535.578302,67488.0211177,59346.8735611
2847,-197662.862973,-2320.57091798,12030.1831187,24251.8050053,53071.2537087,-123853.040982,54711.9685911,244574.732721
2848,1311.97224751,137066.917273,-89426.9977945,215612.628179,-23344.9704509,-78690.8668953,160324.58833,135907.276969
2849,-48629.5144522,146728.795369,-140907.75469,403893.27633,266149.615085,43035.1832095,71110.7975482,247186.59576
2850,-31353.5194136,186309.666438,25833.2832499,522219.240555,207047.603767,-110448.301374,-40520.4536551,389121.288951
2851,13354.7901944,50998.5234417,63170.7117425,504546.065066,33218.7038467,-75308.6978714,-23358.9602082,494919.732563
2852,80968.5527575,-15003.960199,-158949.394246,594392.629628,-64226.7421423,2089.79478624,-182159.939625,372495.743809
2853,127283.751527,-127483.620982,-171340.097831,555833.955573,-162263.894327,-186175.411174,-281521.547246,305385.13524
2854,-51427.9488415,-256255.216979,-196222.007797,441413.671743,-208100.039079,-86448.9502295,-303855.796162,367611.29654
2855,31439.4815493,-278684.614196,-57916.4630824,423268.099442,11154.6300715,158590.798283,-349700.89895,530633.568155
2856,54237.7743401,-346432.196049,-206628.696548,151110.202535,21058.6932874,-111372.356494,-403722.572211,211755.281428
2857,85868.54466,-387583.990483,-257042.423067,150734.804278,18551.9791842,-87261.0454974,-275277.28102,110458.00792
2858,67612.905189,-610343.148108,-122465.076386,174114.628533,50131.4082375,-203887.796514,-210098.681592,205088.020256
2859,203264.877745,-322314.680262,-219888.382268,347475.772042,-72858.3959991,-231853.958489,-307336.739085,74706.1565975
2860,61777.6504515,-188556.385421,-103061.722269,441749.417704,-50534.5304066,-63727.4942125,-498999.328465,-108736.265527
2861,-31481.9352205,-131796.697715,-27482.9371264,56092.7159485,33841.0781858,-152422.51041,-254345.756952,-13213.093753
2862,115799.387192,-16975.7752474,-5965.09929885,-36063.9020489,5354.57205863,-222563.571749,-238684.906872,-70353.2326842
2863,32022.6795141,-9841.56553135,-139832.870873,278178.90282,25254.9717763,-31950.6746262,-215217.580991,-174843.933986
2864,193766.985055,-101175.99079,-253291.643317,176528.35139,56330.1176362,-53552.6935518,-242252.205088,-282909.909421
2865,387871.246003,-194263.4633,-192071.061918,120485.2581,125936.852567,-43047.0774315,-263961.959213,-170454.487486
2866,591188.116828,-227572.188434,-146373.809093,151271.049476,45358.5536495,-53954.4601636,-379388.004333,-120361.431919
2867,422522.872426,-59624.9474421,-124882.716556,104397.570287,49702.7327554,-301303.57145,-380595.825783,-98239.9089516
2868,497454.627636,-126232.585199,-210541.352208,-28479.4170204,-140694.062019,-300574.802701,-344195.764212,-20065.2649156
2869,369433.825374,-109662.973308,-175950.184476,33010.5002458,-376871.586439,-244186.811717,-254829.034507,-29865.2590601
2870,295220.647184,-271479.115365,12240.1033848,-207990.454039,-475169.686467,-37391.9318647,-262116.003245,88679.4829817
2871,219048.303453,-295837.07811,-82089.6959377,-282037.993707,-390890.448359,-53400.859618,-28960.1841669,17528.9421557
2872,238164.590533,-135583.150874,-435.996045463,-333440.735426,-389225.967451,-20545.3808882,-22244.0864134,-205657.385258
2873,203190.086313,-95237.97811,105514.630662,-185074.268301,-364184.46196,-32368.237195,105665.832693,-101819.233207
2874,212936.23317,-20434.7932568,222601.19594,-206035.816995,-168177.135111,82577.0974628,49625.4163631,-171789.762011
2875,186983.673934,-187592.778634,145383.338277,-173887.182156,-204784.006432,113576.752863,186360.720909,-202583.452959
2876,49145.8377759,-314034.907996,68400.108697,-133977.561156,-179404.321388,56464.7273006,223298.102749,-213177.719198
2877,151665.415063,-312159.564649,15961.9691597,-204844.679273,-60724.5081016,72006.8922634,200760.688804,6409.7364113
2878,300727.7946,-193333.997493,70533.7074079,17883.2946569,231358.743605,172158.200911,70853.0951529,-101755.325723
2879,298226.502187,-349240.244261,122489.352072,-28607.8236641,256984.915301,228656.184589,150878.564999,-205032.152385
2880,260307.915819,-335847.938047,97119.4034032,-79234.7748597,105637.226148,379771.949178,164643.232619,13705.3796845
2881,172080.88411,-129568.25688,37619.6779402,16627.6187406,337525.801685,307206.108147,110358.645304,-128659.872455
2882,178172.838652,-178184.910278,-39758.0818208,23142.3188795,305317.69418,141064.913405,231718.184613,-192126.020872
2883,71185.4318839,21701.1774405,94606.6746079,-241697.49488,196843.285225,268234.147536,74911.9732157,-214084.371537
2884,112198.869904,186614.452648,81756.8065936,-297780.19478,271192.048816,225922.889135,51224.9337599,-290498.563836
2885,256163.95807,114424.09184,30738.0079474,-415176.456494,264717.76297,180586.910548,33593.9596107,-153528.987275
2886,260420.604985,89937.7096503,126411.026529,-268431.541458,180470.733001,122994.21924,16377.8827982,-152641.489792
2887,336241.191554,-53762.3865149,133508.11487,-74124.0345413,71232.7039281,104439.078107,-79314.4953683,-503403.208888
2888,465865.542534,-42765.2617521,262673.350907,66118.1928963,23279.775839,66347.7834752,-32535.2686458,-559470.869771
2889,496103.937509,107803.146204,324901.040217,33495.549536,19230.8708439,96507.6424777,-133898.564054,-235543.079119
2890,143973.664562,283446.153701,327561.943079,-56502.0282795,60584.6567979,-403.757216483,-108594.304531,-149839.927722
2891,-104746.964993,126266.512276,322578.65914,-61119.7951122,32160.742233,1690.94010108,-36043.4997713,-133524.552519
2892,19453.0008082,243946.074392,223996.212263,-68091.6973505,90824.6651118,82105.092007,-211727.254248,-61081.3320469
2893,-9227.91972574,36963.2105203,183180.585131,-197442.033822,226054.751771,158880.29922,-144796.537724,10113.9326815
2894,-13724.4881965,269586.29888,221146.069782,-250154.040712,117460.457073,72693.2659506,-370028.69909,-147963.295706
2895,18099.3018,280208.810702,193516.516768,-350022.898858,137459.711528,119551.253121,-196401.58761,-209843.425833
2896,-81306.1507889,165069.015505,166255.866697,-242814.823323,126804.106212,141387.068002,-262827.338027,-113539.732392
2897,-195944.817949,91971.5788911,163870.336416,-371202.881037,263541.891774,35711.6777254,-138159.755314,22821.6909462
2898,-109304.389797,142711.195791,149923.849156,-586698.99252,314942.976263,63626.1577728,-170058.753818,224703.313899
2899,-67808.320797,178833.369902,291914.957772,-635534.722276,237118.338904,-107330.434309,-276331.642744,217810.880969
2900,-48715.1206217,285814.879372,198721.328109,-422283.565817,190720.590039,-279000.520163,-242416.870958,324496.128822
2901,142873.624807,230888.384182,110032.849546,-173080.194001,17470.5055147,-324806.801978,-270087.825879,260498.542464
2902,48501.7783085,105436.488322,113695.049081,-47321.0666288,55245.0705044,11055.276503,-249851.610951,363230.311143
2903,93059.1726695,-65798.7027793,14020.4458232,41374.9516677,120229.177111,120257.911613,-354117.446185,392114.686154
2904,119548.319017,-119556.416096,352393.246363,-4850.0613351,-34402.0369465,4679.94662886,-216131.63407,384417.446211
2905,198523.058385,-278298.547474,151556.716287,-255890.92004,-47546.9222672,-86503.4408936,-119754.21961,257025.297224
2906,352649.922275,-147415.800643,61294.4227288,-197310.375827,-7954.3135426,-217392.021538,-88585.2521519,268139.515431
2907,412114.822517,-159361.174039,-65205.0562378,22984.1311307,-36438.4669618,-261880.02676,-52879.76093,323622.91793
2908,346650.172741,-227785.819167,-92905.1443256,148540.918446,85623.7501964,-311593.652743,112469.244473,271664.044763
2909,328757.960723,-96888.123013,32513.585531,62725.6089204,142013.222679,-345224.501607,60866.3512547,141966.764005
2910,290441.777199,125264.110647,121902.680193,311847.2429,115025.202749,-167606.544582,114459.519748,189687.285283
2911,257559.909715,114121.254139,194652.954543,118207.064392,62652.1244096,-149102.835318,-51224.6668032,234203.913547
2912,117393.380168,-94421.5818533,229355.759985,-129975.799211,36405.5517936,-33886.5676621,8463.19432564,187993.153626
2913,145814.126256,-19881.8358408,338912.943491,-167069.731428,46791.1328056,-229841.57194,76021.9504457,-136543.639082
2914,106796.040549,300512.544422,503896.988055,-195711.079383,-86164.6528725,-427778.300987,199903.70316,-53639.4277288
2915,111134.207526,191765.857705,368612.573401,-112100.616503,-115585.616281,-308075.043799,103212.899567,20101.3326545
2916,-1799.32175489,-166417.88994,372758.901666,68106.5889838,117733.603216,-471707.110102,179617.967585,14164.7939789
2917,-58591.3528834,-60539.9167874,439716.859947,59795.7034089,193121.887618,-483009.421627,90130.6035327,-20942.9262284
2918,-26309.5061238,48048.8070223,482464.670944,61643.1089276,286091.372385,-303901.204942,84522.0789991,-158505.343924
2919,10105.0711353,43547.2447917,423327.48574,152814.853262,332108.989704,-169522.983367,140930.736871,-181848.653048
2920,-2161.19927634,137704.918401,349317.295182,186432.417597,291596.60993,-18939.4229715,6581.86802819,-144842.760451
2921,-79480.066935,37176.340365,350965.712778,191717.173216,240198.828584,-87414.4530466,134909.781657,-362420.870495
2922,-64260.9474691,38485.9757037,394882.36977,114232.305519,254646.982395,-332389.616121,202637.322823,-594534.634258
2923,-151114.03147,89608.6738016,528328.061318,-137461.462464,33565.1327108,-427200.251631,216454.8639,-663196.860657
2924,-180235.080051,235363.276972,127851.734447,-33037.9919275,25334.6223888,-345049.292772,105129.352212,-481684.032026
2925,-280564.419261,147419.774339,-41221.8317957,-71885.4942301,114588.338516,-211538.051128,8193.64136088,-283664.558416
2926,10291.7842255,246098.338326,49373.8826515,-1944.1362438,-137797.865782,-180291.169771,194163.572556,-268947.536479
2927,-92447.2010403,288071.35548,-40524.2414765,27922.6843393,-92022.1850474,-248007.647588,111053.337803,-14328.9665314
2928,-225609.477821,381274.607534,-145393.559426,235475.381634,-70125.1280271,-176281.516023,10975.9363391,-185421.392459
2929,-29451.625598,161050.835058,-121938.216457,167520.101369,-115347.103979,-489389.480232,81089.4073269,-18647.6019662
2930,7387.65401717,66711.3549832,-257577.761098,388342.9641,-58646.5464651,-467583.313601,19395.5934828,-50318.8785369
2931,-158113.557997,174540.706018,-295256.113146,383363.557386,3599.37214822,-401073.845084,-150273.527301,-85210.6584365
2932,-322301.881803,112192.545072,-413833.204742,343208.526415,44168.35848,-308357.697999,-205337.605876,21454.3703807
2933,-228036.103078,-80645.291635,-265499.45641,526769.196087,74010.1391101,-137179.650248,-2330.01217388,14878.773986
2934,-374131.337097,127978.454299,-68346.7217122,369366.810762,-39466.6192424,-404179.622023,145071.553713,99877.5845065
2935,-221012.268771,41745.7695744,-50569.5570755,197172.859416,-104787.792027,-197490.910343,106187.633185,38129.4705075
2936,-299170.265706,189125.204125,93595.600874,276500.008871,-159200.837229,101494.383911,47749.5446246,1990.79098908
2937,-235230.71519,386477.805707,10513.4566483,275693.632885,-251773.98007,-109010.259442,124613.431841,-21931.5074574
2938,-220710.571106,394163.167874,-1020.63783214,98063.8873004,-377604.749142,-66227.4604223,300947.856898,182665.96252
2939,-162995.035554,524405.596582,82428.7496568,-83571.7984519,-411628.843293,203232.185529,286227.403178,124376.562523
2940,-168535.404802,335268.55327,66939.7172976,63053.8702947,-406685.418682,217053.374785,-87211.2675587,187368.11345
2941,22545.7829831,249881.727816,-60108.7005167,24353.7223243,-207276.706942,214232.307571,-1227.8120161,200177.769975
2942,-55530.8249007,223123.426324,-29403.8874974,-104086.010515,-396149.649782,42834.3137775,-26033.4282286,207546.54263
2943,116407.390927,440565.161639,-99053.2970203,-200100.845453,-313748.05814,96663.6645416,89536.5246794,290529.460289
2944,122182.750302,508744.373145,-102267.964701,-140889.309,-226610.707764,-37023.0527969,84279.7276429,340902.123123
2945,128387.801702,302862.802476,-50737.8229755,-33852.7940396,-240855.935866,-147294.747254,139844.025321,446063.028746
2946,-31694.6976148,302960.893072,82410.6751622,-217216.758113,27473.7747785,-248624.483608,121312.15909,265366.174968
2947,-6252.05249441,103128.003891,-117370.436425,-31153.4840451,-171819.457599,-261957.342752,147522.146275,377429.905222
2948,-58629.9478114,115409.235516,-197085.597678,36859.1750329,-189536.463408,-667917.407524,183514.730474,371401.232901
2949,-235478.203774,195023.714666,-28251.5165437,-53519.3760236,70250.4355376,-468541.534021,122701.140332,193546.170155
2950,-315606.417697,23465.4291672,-153565.098984,-220710.762684,-132478.172558,-419704.820593,134323.582494,114514.08699
2951,-350396.633033,91619.3904988,-232125.162953,-196728.109603,-284019.004521,-390546.159936,-19190.9940494,-97186.6522984
2952,-357071.934157,70590.8179993,-179920.052816,-107476.483025,-97127.1791004,-383037.401908,100780.420562,-118770.674361
2953,-327766.773287,99639.9941684,-395844.565153,-300215.301845,-70812.695863,-302030.067777,52844.5622926,-114104.060918
2954,-382749.231932,-48308.0254267,-309016.757252,-439734.443871,-24537.0275981,-222678.314394,-14045.995822,-81121.0952383
2955,-314590.036008,-162097.233669,-273383.98659,-274040.359466,51026.8595854,-270379.327941,-35221.1605603,57126.4867312
2956,-456655.591367,-279695.500253,-241123.400533,-156512.190877,-38583.6946618,-233966.767938,-89941.6104757,-3089.49319043
2957,-531454.440037,-291793.031572,-364750.954614,-221346.853871,7237.15421559,-255329.127706,-137005.667674,-15465.2787897
2958,-519271.150342,-42508.7192922,-281797.575399,-301350.256028,78425.8738927,-141302.344587,-288200.624732,130610.174232
2959,-687086.846751,-3708.44440727,-278906.551299,-364897.628662,198680.492191,-102644.399748,-151554.93189,-72339.3174312
2960,-291412.054946,-97306.0421196,-110715.585542,-421871.645572,415991.219466,-46558.9997313,-6694.64601198,-91352.7003339
2961,16732.6322562,-119142.758563,-29771.1086906,-324415.145929,367701.412961,-123919.596565,52410.3734262,-264394.544932
2962,-85274.921086,-170447.151339,182203.651683,4331.83293587,216614.220403,-156101.151386,-57118.6727306,-333073.599462
2963,108875.631979,-313626.562403,155107.566689,61109.7442005,135363.941754,145502.794859,-276111.568501,-347433.695087
2964,159736.196336,-424054.420656,241368.049777,108576.33684,225418.090385,-45375.0065142,-262872.062834,-221140.146139
2965,19259.8344192,-438549.937419,202255.290021,164826.284412,26874.6553986,6339.11346857,-191828.459445,-283440.434729
2966,109741.870017,-304893.882225,72847.8955318,202483.918896,29230.3510999,-223204.527248,-199352.1663,-192971.410603
2967,83389.7011681,-317963.019713,-4414.64837989,26810.0368115,286722.703465,-98538.0978979,-360829.155607,-206116.378638
2968,213821.241793,-328611.659718,370110.234068,-117098.717846,202509.878828,-184625.41378,-347579.121766,-217002.064306
2969,434574.870208,-493279.115597,175665.223072,-92084.924521,-22513.9597839,-187220.583365,-193867.352988,-175674.859397
2970,284328.144735,-634662.295937,88594.0930921,-23454.2551367,-327297.807786,-87949.4873624,-29201.121635,-119695.704968
2971,261123.555148,-660275.755289,141976.152364,2679.08145364,-199462.046912,-89940.1376964,-38143.8540812,-192317.393507
2972,236151.524316,-512393.525902,92889.8317168,399.201514501,-70367.6821904,-222236.997437,-6844.21687605,-55835.123464
2973,279861.711814,-454391.722484,67319.4502076,4074.97636073,-37632.2860022,-338728.163029,-84190.3924775,182915.427963
2974,592807.189891,-504036.998164,22998.6113621,-79113.4942364,-150266.460553,-138409.012244,86944.5024279,117378.435828
2975,346415.702991,-359540.293642,-25992.1589245,95770.624291,122313.402454,-199379.945663,42183.2315932,82567.9353279
2976,329722.34831,-346473.585065,-172777.188103,204139.424114,19296.1628776,-193303.901376,36836.8874897,102219.906571
2977,139870.217882,-329546.928864,-141812.583971,45546.841175,253986.3858,80325.5464479,389481.305441,202413.907284
2978,111967.265069,-428354.436009,-123707.131609,10136.0744108,15299.7486633,-44177.458384,383245.986383,132783.338353
2979,157944.131346,-105994.759651,-111588.328522,33381.4817873,37950.3036156,-11033.7568416,93178.8333662,176636.947785
2980,125056.826301,-167027.645877,-53540.4191843,-119567.139492,261750.761445,10025.2162946,47718.9773056,156960.396253
2981,119278.453689,-336380.040236,-258512.567304,-25719.1323083,176629.478028,-77272.5536711,-80489.0049505,-150264.846933
2982,-53643.31941,-234742.75165,-162042.082231,50929.6312271,168935.30493,-150606.165245,-205624.935986,-135333.555868
2983,-148365.705527,-333735.087295,-227659.110292,69575.4783745,108872.71188,-187860.200886,-270284.643686,-76899.7336798
2984,-284217.084783,-19767.5468917,-6107.60432815,214118.591243,-3882.32823612,-56915.7166942,-173080.565812,130623.531663
2985,-352230.1513,176488.356518,-153197.935312,211550.200676,61705.9737712,-331052.306307,-22740.7281417,96821.467388
2986,-336576.65377,227175.130903,-152269.398599,86593.1839184,-63825.4097614,-394823.179743,217054.120137,-112561.805211
2987,-399737.459246,83412.8956533,-17501.8127087,-68722.8859899,-77296.088302,-170842.505927,440104.232907,-157282.432754
2988,-277887.001742,-144858.649537,24409.604034,-249768.526632,-67262.6458967,-188054.864282,237077.447701,-272893.634302
2989,-286859.472155,-227125.221299,-32661.177618,-153009.275817,-272233.132739,-303779.033538,85014.6390272,-441452.251911
2990,-281800.949383,-64766.2267647,-24129.201222,-63137.4022564,-324503.718513,-160495.174306,62076.2063488,-332033.927896
2991,-144391.096408,-321231.906616,6588.34142465,82484.7629133,-322459.19401,-69195.3593483,-5233.77725689,-253490.041807
2992,-329739.467741,-339949.506048,29563.2730901,110147.175469,-472915.39461,-64353.840842,-150613.714487,-194908.471147
2993,-282765.531318,-140538.209925,-189173.688312,32556.6604649,-372327.028123,-100314.414905,-277676.537135,126424.585043
2994,-468715.132439,-321569.044577,-224355.574135,9214.54056546,-357148.693714,-142929.982521,-304431.073185,68331.303961
2995,-385790.52066,-221798.297007,-134416.402512,-53830.2260236,-303968.140708,-96125.9378265,-178236.478,-16068.3601411
2996,-355888.147094,-544953.835169,-176574.59255,-165809.444575,-199139.278387,-47855.8429342,62528.1257546,-108536.021224
2997,-491446.992446,-450134.376008,-124689.063156,-138279.95742,-133514.665537,-57933.1494596,97913.5710933,-191235.131798
2998,-372374.846341,-253473.446347,-378571.675119,-102702.941138,-276618.486652,-254498.71895,31304.3483729,-303489.52439
2999,-454763.189907,-67172.1972623,-287814.756068,-60734.7336331,-330059.596773,-185839.459339,12724.6256729,-274491.944838
3000,-459258.017032,-196238.97782,-403391.715935,-191528.752412,-171923.530561,-310585.900673,84863.9330987,-80411.305718
3001,-376601.886082,-325886.35603,-449796.629807,-259117.004599,181163.467617,2525.40520232,55975.7431834,39337.1559609
3002,-397689.497726,-361129.094341,-320011.329948,18862.4870736,253825.427095,-29662.7514023,-145026.828953,-332301.829792
3003,-314316.416745,-208803.361923,-498119.784937,-136643.785267,176834.766607,-235139.303459,-34230.1910175,-320221.156526
3004,-74710.6971055,-122390.961841,-268104.823166,-140776.285913,36423.2275101,-237182.09986,86119.2690778,-295720.105996
3005,27487.8694012,-19389.7986413,-150919.637746,-198787.635082,-283127.927102,-320588.434555,153804.891906,-123299.427645
3006,-223250.095458,85653.0556952,-238233.430295,-39178.4108288,-272549.08732,-354605.538415,88234.1409208,-249047.335192
3007,49304.8574869,-156114.695329,-161059.176676,-122414.757388,-116008.582984,-338410.752526,86599.8031664,-228178.746555
3008,-108870.873086,-334187.732784,-218830.769925,37841.9835036,-2255.34145318,-266379.388969,-40091.0368889,-149977.787636
3009,17763.4230194,-310831.928127,-261558.753055,295399.711249,-245231.527003,-337664.393993,-31603.9703461,-145439.358101
3010,98048.5764949,-396878.484184,-195935.590443,167955.543248,-67630.9102593,-144316.651084,40860.2111237,81083.7145938
3011,45099.4238327,-217204.248756,-166769.73787,210477.924085,-127417.903794,-121022.104995,107950.821654,-84558.8441987
3012,-95742.5081795,-72041.0081928,-258113.711595,518559.977439,-94556.7288831,-233178.578208,5956.76259706,-54395.3345907
3013,-128828.678913,-284349.046891,-181205.472881,181576.274578,-6779.09186102,-176898.827703,-7136.32821896,-145276.125544
3014,-18691.3493013,-337105.275267,-221608.02088,-463.841690296,39789.8608153,-104656.359159,191155.712039,-235136.200075
3015,94076.958173,-346235.08109,-245986.614302,-76972.3204991,-17069.9105811,-82256.8539598,388473.898877,-219848.123758
3016,156552.054463,-430080.541857,-269213.149969,-86392.5550442,-341508.647699,-102542.936975,14037.9411677,-88166.4964149
3017,197129.405759,-497519.682986,-223642.325887,174172.259839,-282331.384585,-149763.951924,-69892.3188494,-140154.76107
3018,140900.657355,-581044.234068,49698.0385953,320095.996368,-62301.759946,-337939.454821,-250358.776971,-205220.973159
3019,147115.793669,-559484.860245,133792.192924,282726.057005,-43835.852942,-382990.36745,-379097.26612,-413038.266809
3020,150809.63601,-533041.465184,206844.641936,374946.697191,-129626.34735,-466101.970629,-447268.58801,-216911.481157
3021,38126.1061554,-533187.898855,199900.286764,419603.940467,-235702.926471,-184296.294213,-437714.397537,-208812.008286
3022,-124925.377021,-382258.888592,168523.641548,285141.417282,-439698.1593,-144989.877599,-338623.42284,51642.5265225
3023,-84138.5212155,-493609.181204,328312.03382,297681.323214,-659131.073295,-366214.881014,-487954.530179,153176.043203
3024,-93595.1911965,-307618.879648,322431.545792,180860.516246,-330399.792294,-136732.673464,-267824.202356,-34390.2042591
3025,-195537.276238,-296435.382631,460696.270421,-54867.4467675,-273195.612701,49726.0946681,-400215.295256,6269.41658939
3026,-251666.606708,-240067.325592,189712.915241,-237449.896483,-283103.855096,325072.73821,-593551.03287,157070.76384
3027,-276611.599389,-136075.279448,160380.600929,-112963.817386,-180628.098558,166330.745107,-552514.689151,44064.5212945
3028,-279436.430762,-121515.624324,211950.622088,57351.9429431,-40870.0960785,150019.324834,-465453.885564,146238.077191
3029,-51340.0222062,-178077.122941,-58676.0002471,55976.977571,-123810.317874,207616.68819,-297685.3313,160351.597135
3030,-18413.9309246,-47974.3178163,-95669.9805208,40797.1080338,-194018.376085,133308.720594,-405420.901566,308893.211392
3031,-256168.489555,-152220.754604,17540.7192537,141523.418568,-106924.317055,359823.578637,-362595.489153,268276.858291
3032,-141946.670884,-77137.4768192,-6087.09328115,-21477.9476011,-204590.639594,275354.381527,-446272.004811,186572.674221
3033,-195648.075159,13383.4173946,-122915.877415,-158427.887536,-136227.631892,325864.432764,-391554.487131,119281.911469
3034,-49429.6105135,-84978.9628266,-78282.3466853,-331297.666212,-14062.0012624,318898.295059,-305510.565528,203991.83696
3035,9304.87173576,115986.22659,122570.019994,-224340.563414,-204334.301022,467130.64171,-218264.695115,198214.327137
3036,-69132.4425476,41370.7555036,45643.4002518,-181496.843793,-130011.240619,522016.518122,-68365.1514031,112515.254433
3037,-173194.468721,67412.2252311,-164325.79413,29218.6519759,-95223.4335516,171425.213265,-237091.494616,-145906.667739
3038,-178672.468708,135193.946189,-364929.87142,-8973.32467152,55916.4335281,40074.2137701,-297200.715131,-235897.236693
3039,-140022.585865,-12671.6599174,-66268.0668962,-175268.492962,-120834.476395,-114681.186326,-221136.158828,-24719.1863735
3040,-95789.4131015,-222289.244231,-4037.9361699,-212522.013753,-221290.545418,-256145.130704,-208306.434767,-16520.7335992
3041,-36489.8373552,-97988.3839481,82531.8576493,-169916.097835,-458808.416464,-158567.385907,-272893.795038,-70603.2422077
3042,-70802.3794229,9581.8824941,-22726.1974044,-210991.912588,-382672.15054,-49770.4107498,-354136.395939,-396122.792584
3043,-161116.176665,275751.753501,142211.357159,-290136.052477,-460141.934111,-117361.615779,-415391.470509,-407865.754629
3044,-90297.0951372,228214.612583,82753.0202333,-318054.415199,-274395.002907,85245.4011012,-279512.45726,-470065.37097
3045,-184694.769112,-53399.6552868,12146.8266182,-457923.162985,-458848.533147,324469.229324,-200038.908089,-632904.783315
3046,-314088.091752,-54625.4513253,-141681.379818,-476645.176811,-534887.352925,144406.275493,-59813.3467627,-666513.540353
3047,-317491.914762,-159113.986907,-209279.843465,-544256.083127,-452601.735898,228263.945181,33779.3690311,-482607.570021
3048,-208151.53193,-102828.00379,-109227.686625,-474776.032081,-507632.231847,-41006.4625376,-67311.4784209,-281534.122796
3049,-69948.7525426,-87072.0278719,-173018.962435,-373261.043723,-451680.103874,-185004.52206,20996.4707723,-108952.344592
3050,-205928.600696,-13212.8113541,-35663.3851232,-487425.98731,-563338.523082,-47198.0491013,-4530.78963266,17285.3082437
3051,-142425.205404,122551.338848,-97098.8737505,-448457.24678,-488232.523096,-65590.8774273,-158194.481158,74028.3027079
3052,-79837.5472405,-10757.4373491,-86992.4559439,-572724.081241,-384849.014609,18719.7409902,68943.3743952,-223896.077235
3053,11348.5028415,-32827.9570168,67014.3892117,-583926.801142,-362522.894001,-16663.8414372,30349.6197563,-346120.626091
3054,-10970.2831665,84682.0541384,-3880.33979938,-511963.258341,-315792.418732,-27131.3418183,72384.5768374,-286771.579228
3055,-46274.6459019,1257.14580361,66154.8144252,-376149.504875,-155038.826378,104457.315162,208120.944308,-407599.809949
3056,-40076.2279174,-144616.614339,345519.205946,-303965.226987,-159252.181436,114918.854437,198328.217861,-320290.971756
3057,-201792.726391,-161865.661203,61316.92773,-277734.212172,-147255.262191,97334.5385922,227757.565482,-275737.885917
3058,-168468.239197,-105606.719121,67086.0135911,-183193.527868,-404777.425532,68208.2660196,63471.0860291,-292902.834989
3059,-235376.042611,63801.087249,120050.019193,-257320.376934,-483651.89458,219429.296153,-96806.4296746,-248108.711272
3060,-156094.796689,36690.568897,40426.4881245,-267895.651361,-331399.161425,-67588.5840848,-183186.987792,-159624.963556
3061,-49185.039471,171337.091343,124407.447974,-306524.775972,-277121.156694,-117120.256411,-190769.988629,-261068.365489
3062,-13256.6413669,344380.433874,144138.402386,-160343.110991,-236543.076536,-140907.806074,-152630.856316,-110450.985584
3063,-3835.00264548,242204.246776,222579.783209,-150159.126846,-105943.320607,-21292.0592683,10281.985749,-25259.2452913
3064,-173085.893886,311077.791264,383483.584651,-61491.202097,-44184.5629806,-25535.8824625,-82260.2746793,126879.336184
3065,-220742.806696,185350.510936,333781.7997,-222224.311014,156976.62979,260622.978363,-11212.7352556,215437.386047
3066,-298398.755065,269145.584464,169529.022324,-239816.475444,18208.9020918,257894.923635,-101547.717118,212145.878112
3067,-247632.410273,246143.992585,320632.353168,-71594.5999721,-15727.4569413,237432.274566,-179928.002105,234800.298451
3068,-200540.312966,216042.03023,102203.976834,84099.8458944,-154109.477909,247496.8043,-76199.4971173,339572.79297
3069,1055.54027674,100374.023075,114579.875523,-132735.667336,-22424.1691915,244863.96632,163665.7934,183113.523552
3070,8721.39259712,114372.766285,381400.699221,-134378.242157,-115560.504002,67994.0415285,135267.584002,190714.809399
3071,72919.714826,-4479.96345779,338549.816312,-152190.636556,-82681.6542521,32398.2102776,114266.825706,253613.658761
3072,144144.819104,118033.038696,115085.43511,-312799.603937,-33978.4327358,-129874.415826,-27796.8137971,-8703.53378777
3073,244999.304746,78853.0302294,36727.2785833,-213961.988083,71801.6120639,29105.5587326,104838.906985,-85236.1391035
3074,120313.902296,234929.186846,33023.1095256,27607.5139176,229510.275055,176278.038855,210106.818631,-33162.8006934
3075,79146.0100666,43618.364679,112661.986562,107564.153047,134979.479648,241789.8933,248490.288679,-16161.2819497
3076,58391.4548034,29168.6185117,365929.849478,109603.051575,175366.392889,267563.021383,388889.423425,230801.783857
3077,40299.582526,141596.428776,492292.386941,33324.5191741,201514.391981,322915.007883,458176.469974,300559.211459
3078,139245.496617,-203907.382365,373661.227444,63161.8461768,135272.465413,342334.785569,218805.766176,244191.394295
3079,292072.696015,-102134.711815,369804.943762,-21237.7432921,122226.239604,235738.593884,51766.5914789,255263.405916
3080,138150.862699,-39250.1942934,427116.932419,63301.3058869,215387.208956,183561.161602,293513.630442,107544.933572
3081,53579.0957172,24332.0053778,370920.133519,-137235.494475,96745.0331897,168702.411943,258472.199058,161206.41009
3082,37880.4716691,390012.539682,337661.174475,-189786.661107,10195.8398656,219308.239765,228564.026162,221090.636783
3083,-24715.0854557,342920.872591,227363.305491,-215016.608528,-46060.9969929,168313.655398,378009.74477,156999.934232
3084,-69502.2741144,333017.341347,315219.366743,-308761.129232,-170530.91263,166886.791184,366319.503057,-11949.7463318
3085,-56868.6981026,217952.774997,237515.738331,-146657.002349,-128792.919788,161324.38489,358424.949217,36250.6130289
3086,41462.5456996,260878.042443,292133.153017,68572.085181,-143444.741253,342991.319772,196140.98759,33553.276708
3087,50943.3390914,-35544.3953287,333125.897996,177973.403974,6872.84999054,430773.882132,73857.4851641,21133.7811655
3088,13891.8949104,-117778.170607,317581.966555,-34152.8272683,-75204.3712533,215444.440671,124993.348508,-28977.7433492
3089,-52416.721197,173382.322317,234814.119039,-248349.852007,-129157.819173,272621.217641,-51627.1432918,50354.5104303
3090,-135874.036874,215474.958757,175988.825088,-131222.088112,52160.3194618,363838.507414,-179038.72055,312175.906033
3091,-115890.32343,153953.469395,146128.229619,-159944.467026,46486.5129268,306228.358988,30077.8903274,238786.313546
3092,-134135.95319,175170.739281,81537.4528056,-146746.143185,109716.142259,6543.9655111,-18672.3937605,104175.301062
3093,-143795.940059,-7571.84913198,29536.8287498,105564.994111,-65753.3755261,-48033.8818297,-228392.675671,137760.53048
3094,-116231.630745,-116567.140501,-179315.879521,-188600.821182,24061.3432843,83392.4154129,-80261.2853234,-29098.2595567
3095,-443229.858773,-204027.584312,-125049.652422,-165432.299302,125771.544273,390953.405363,-236665.085739,-159309.053693
3096,-372087.983186,-159241.809408,-265021.000564,-199379.115014,83801.047561,583172.861847,-388737.346948,-89662.1322084
3097,-138604.757109,-404978.153868,-348758.691524,-192959.799834,44055.8761618,492981.812044,-222854.529573,-318247.49205
3098,-167050.463313,-114341.49971,-202510.853774,1858.46789931,100180.87255,300248.88659,-368592.465396,-285286.251809
3099,-176508.547894,-42394.7951218,-212559.042812,-142621.796855,280947.129341,103853.518797,-153834.946393,-178248.836043
3100,-234562.884611,78149.0703651,-281556.808103,-35789.3105257,93046.1281433,-9673.41978669,46282.6494362,-168982.938734
3101,-272848.185845,254021.619678,-364900.034541,-25920.3748765,108294.071737,-135113.104121,2516.75695484,-238068.1487
3102,-157941.496025,143927.289554,-400486.057518,52740.4917034,350351.918325,-266907.972376,-216384.465724,-171138.508374
3103,-77108.0187805,203474.609771,-403133.701595,718.49400893,487882.124502,-316790.259042,-304197.977864,-162307.918407
3104,-45346.3468719,230026.650113,-450577.18697,-165425.354866,339148.452348,-398350.956938,-251329.506613,-171248.294064
3105,140700.314756,222492.168566,-392653.557026,-409468.02177,343857.944347,-454443.407199,-317919.209887,-17447.5218888
3106,126150.624369,47446.9086435,-526641.886589,-419502.070428,413808.529683,-323544.497926,-128184.76308,56562.8408183
3107,-22163.5062147,283989.929188,-587920.205721,-345659.263303,479152.440555,-338954.351336,-44330.3389818,156739.892155
3108,-122431.572814,313879.208041,-597329.671033,-204881.943353,371205.51502,-60306.063423,60255.9093699,83915.0853289
3109,13026.2398502,385749.28942,-561012.860661,-81701.2279546,290319.692729,-147604.089216,47877.8701387,64835.8839932
3110,188069.321448,349272.170905,-600099.974583,231921.670923,262014.253733,-286507.254966,-72670.1196338,-36585.1675012
3111,235389.655234,426335.70956,-383009.535023,288089.776148,398915.552187,-47914.9056943,165964.621807,103689.313751
3112,201709.438305,324464.329457,-394028.557749,281366.017951,277226.858699,131075.711062,112404.519104,-43320.5221271
3113,411209.384041,372988.272531,-287105.595476,296182.02064,324621.803763,152475.342,111110.416101,-223678.3922
3114,208247.853483,513788.607973,-127652.397229,156171.096636,380595.26237,309385.341921,-49537.3508625,-185449.600575
3115,100456.620542,542765.97115,-99489.7948662,155964.494894,323070.681283,193532.708646,-111942.612326,18791.6280652
3116,42815.3611538,466374.093793,-119319.978912,-10133.7913659,252875.428812,97928.1989496,-36764.8273897,81460.1759948
3117,68934.8206496,423132.739665,-195819.043593,45337.863325,309400.196628,-16393.7362383,-189630.210208,-145722.768435
3118,175586.094026,381304.015359,-305558.76229,-101172.080712,434206.724004,37446.3900134,-212214.36979,-127167.09413
3119,-6042.39758033,445985.972144,-138435.336677,-82097.063815,443324.880066,-122571.64285,-311188.694523,-5306.15396488
3120,37719.3256751,336482.153205,-128363.610017,-68621.2428604,360034.89984,-162934.812452,-261289.424951,-80044.9265165
3121,1291.69148956,369502.469616,-193135.579635,-138671.945389,89104.1556117,-63277.6901845,-88640.2989525,89869.6341105
3122,-11592.7094282,396912.665958,-104249.587172,-74832.1762498,122827.301191,-59713.8392017,44203.0428343,172537.800532
3123,-7081.39712344,578790.016838,125149.785167,181635.807949,-25357.7747592,88377.3644119,64958.1273192,140788.530788
3124,-2206.6372915,386495.844617,221761.717749,266609.509785,-59097.4485124,-130178.272441,-178719.417667,-110460.304735
3125,135621.129048,425877.969936,146444.418774,-37854.0078834,-181355.362674,-40538.3660702,-240315.159726,-239728.389748
3126,184963.558916,342663.79802,46555.9621805,109657.347459,-349014.006691,-49932.237735,50060.1278557,-452297.506691
3127,256501.598143,290701.210645,-9016.17144042,153594.148682,-513462.767167,26265.4675024,-198064.039451,-442979.291818
3128,289635.670562,316577.76849,54423.1696638,-94108.7824867,-261035.863215,-84206.2038898,-169215.329023,-299162.475872
3129,403720.692158,212677.522119,152506.592145,-128143.309591,-123918.520635,17517.0478994,-329169.475334,-299953.549707
3130,355617.575027,13924.7244257,161822.055164,1357.57689156,87465.543576,10119.4458545,-452588.569918,-336550.874798
3131,296346.700739,4280.81420795,98111.4620015,286588.391401,93626.5916635,-190467.046948,-537725.906834,-335488.493691
3132,308313.682383,-77144.0845762,42049.5634215,319347.40175,-122918.515772,-113583.769593,-463110.10315,-252410.930251
3133,202667.624949,-178419.143882,217604.562513,434625.221788,-27840.9759436,-88777.9925418,-395083.768245,-196212.598882
3134,364751.60341,-164165.787167,310789.99177,302722.123221,-7896.16499865,-59902.0027476,-342470.08775,-280492.546815
3135,482156.697112,-203660.410214,208670.277706,314845.704071,-99456.3430395,-79060.4544343,-213199.067017,-340123.405816
3136,133091.905375,-229491.721823,180119.527313,111831.626547,-142622.353231,-95276.9426471,-287162.560805,-232777.803994
3137,29110.8208704,-272723.594479,116037.272691,-84990.7076776,-266873.818731,-242535.127594,-282643.481721,-133673.846262
3138,92890.0864218,-221910.686711,128134.509503,55118.6285447,-225893.324199,-337670.572963,-181703.097724,-190637.88195
3139,201118.57417,-236094.625451,53840.924031,97350.006104,-274461.945627,-267464.419946,-298284.437724,17319.2621701
3140,32030.1066497,-336739.190576,-2325.83985795,96904.5646434,-278304.504396,-83318.5985069,-10583.287128,-94901.3067004
3141,235632.165798,-394547.832131,-56435.6715073,139276.663863,-234144.814996,-115910.718097,-29287.435397,-56961.0643332
3142,167733.164452,-472301.192555,-1298.03686004,43402.6156576,-203635.066732,-331230.460723,-141043.046102,-130892.540212
3143,126948.612796,-388877.402608,-21434.0244216,65363.7648461,-121066.064241,-233981.787544,-204082.428852,-36644.4236953
3144,92905.8301076,-391961.274536,106316.473149,163477.545454,-333840.30576,-100440.759835,-428213.905167,-81981.7643613
3145,118449.187267,-394539.065796,88097.0622749,261636.539761,-181962.51545,-66630.5733912,-398674.642147,-82612.6443485
3146,68403.4483171,-561629.057705,-107421.383153,107784.110973,-277861.777107,32350.3561824,-478608.879918,-269965.9715
3147,213721.325306,-216172.274034,-27969.229292,-122735.231682,-353599.835857,15223.806143,-417236.59733,-283511.904099
3148,363721.919579,-266834.608744,13245.862088,-72019.8936098,-469779.165258,-111134.085804,-411654.90332,-287483.152124
3149,431027.587261,-305888.259847,114093.875696,211840.793338,-423110.385386,-100289.224852,-267252.69908,-377033.217547
3150,554561.389474,-415755.563022,7833.64340909,263480.014931,-404958.45202,797.630016405,-27699.1491134,-36526.1447966
3151,367153.362078,-226175.893281,-179295.405124,337052.633575,-425011.894219,54914.4238569,206050.790164,26728.4938387
3152,140974.112339,-130105.111278,-163088.15769,299280.870234,-226348.927662,878.464311007,285030.822118,-93340.6355053
3153,-108626.489442,-160383.529163,-98864.6465683,351880.51732,-326819.583551,-142558.475329,284559.081341,47894.8673464
3154,-13209.6535942,43552.9128195,-44773.1132694,520648.55448,-251150.728714,-284819.453312,275353.256424,196550.639737
3155,25087.8001426,76585.5877665,173606.569585,362515.764146,-357341.265716,-303031.387103,329560.879487,168430.508521
3156,3935.16339355,-168565.872324,188069.533074,115412.430018,-303495.112415,-207481.878319,208207.156434,-94261.3931453
3157,-224652.061781,-115358.291425,56370.3355614,-147800.994383,-256610.997225,-94829.5460345,132655.015,6902.41850686
3158,-175776.076134,-76340.0536731,3107.33631572,-37372.1654697,-231440.608945,18725.1414793,143620.82122,134163.948503
3159,-313586.010837,-225736.814105,19428.5648448,-87939.0061418,-251798.529757,-28419.5425978,249635.871673,121449.635159
3160,-254097.820556,-44302.0485675,101220.848059,-281915.804723,-185055.249312,-178601.085538,223443.531889,84336.4662593
3161,-183868.001195,-304371.531474,150222.100288,-200234.752889,-186874.830886,-264817.66005,139513.930513,9711.51058274
3162,-76814.2462306,-78985.3236156,244619.619522,-138467.595034,-125972.315174,-53536.4345121,99780.0951305,-141141.637065
3163,-85947.2565742,84332.576188,32990.0375536,-154716.877102,-201972.887783,-180302.945375,-20966.8914056,14116.3821405
3164,38271.6579153,108611.474634,-117062.212304,-164464.054175,-346526.127606,-71120.0010569,-45639.6979065,50825.6444457
3165,213151.828818,142972.912997,-189724.331241,58714.2237133,-379696.792827,51919.1624911,61162.3075021,-131572.368217
3166,393599.270987,263717.840129,-39124.8330339,-49733.1666721,-317203.530242,-47828.6256624,59534.7003827,-203364.289611
3167,355964.243819,46325.3700655,-50142.2596178,-390587.800498,-426364.138987,-211768.468326,5487.27339507,-300973.067619
3168,143868.306042,108271.391341,-106685.612001,-289176.552865,-254354.146543,-152438.121131,343016.043384,-332035.315484
3169,67712.3045328,-196920.857669,-123782.668541,-317008.605561,-108571.167358,168193.690114,389002.015989,-336071.477657
3170,-33356.7644839,-234049.025437,-38967.6196576,-198206.586906,-170002.163568,88205.5703322,126686.6969,-376316.76867
3171,13078.6763212,-174997.244549,34500.1504485,-256530.331754,-156922.795309,207041.777658,109684.3251,-211016.242331
3172,135841.548743,38600.8767239,-200418.867915,-327642.476064,-92249.2755996,-22189.7279169,22352.5807777,-22786.7005766
3173,50630.799879,154416.79984,-242854.82534,-601228.03388,-113872.244755,60981.1920435,-171074.550065,45175.0511782
3174,142536.388005,245675.330168,-258874.233373,-654192.820014,-347002.187986,111342.183656,-188687.708708,9522.96753227
3175,79550.0836303,161908.998489,-304611.658019,-524303.565464,-346591.952554,105791.046764,-151992.874541,-103660.966065
3176,-32409.7547112,-4774.0591024,-437902.902971,-578911.10254,-220976.628317,141655.916971,-253871.223746,88712.2016193
3177,3974.6285999,-50962.5577711,-178683.653366,-653530.537743,-255099.67374,206304.048648,-129691.866256,67829.4434189
3178,-122820.019987,-215544.790203,-49461.1637464,-445257.84033,-335073.506617,56996.7147168,-330706.205362,14543.3800028
3179,104827.915908,-32905.384782,-165264.016784,-637113.416393,-383931.984579,120635.028087,-311119.917852,170420.002587
3180,-165599.072179,145404.180375,-25224.3351553,-759428.989471,-255605.084469,33208.2496027,-251777.048537,-46685.3958628
3181,-289682.325151,114811.485681,90758.044905,-642851.003159,-354924.286641,139110.883577,-13726.3107981,-254480.265392
3182,-102855.396436,71378.2617971,57776.4219451,-403757.605156,-35104.0633133,317402.119461,129773.332018,-185881.161792
3183,-186429.796535,-97798.240631,-320687.306312,-404223.615815,22917.3169714,181872.080026,135233.433099,-62390.1452327
3184,-187283.173965,-279343.962134,-287268.734659,-322680.138899,167327.785952,185133.564577,172968.351731,-82621.2549444
3185,-298875.355363,-341843.539645,-375594.303608,-269569.830368,248426.422836,216651.040917,249523.603911,-3434.97132121
3186,-405440.799108,-269851.370428,-382194.034749,-251741.954994,214818.344936,102919.100375,-107906.37364,-80789.1502646
3187,-420324.69695,-68830.5999695,-228541.923533,-131166.556398,188035.052964,-117334.992384,-127636.481097,-174472.375327
3188,-175281.903795,-31291.0862278,-290920.990857,53102.8080919,173417.199148,-339222.419957,-41148.102568,-201037.221885
3189,-322512.562095,-90883.2207437,-374943.589246,-98399.7554027,120595.894196,-221037.877634,181028.011183,-67974.4440973
3190,-177320.746541,-62527.2531865,-262151.078708,-214991.502811,93780.324874,-201462.246912,350619.254007,-66890.0524354
3191,-252275.098516,131392.904411,-331327.429536,-97219.7211088,394421.261284,-137100.021613,171863.505305,-25934.689793
3192,-136692.744152,24410.8325613,-19973.3806702,-93146.1589532,102093.689981,83982.8310824,86583.4545997,31098.5650538
3193,-228427.441602,6808.0998098,27891.0507274,-62262.0317453,-39863.4225635,40775.985882,3035.85153569,298.653520611
3194,-249541.893234,-86847.7165833,7286.53454542,-146260.983235,-65073.0203264,-182392.445471,92391.9195951,-155745.216048
3195,-307828.125059,57567.6081437,-130054.242608,-41554.4757452,28272.100643,-42449.8224862,23735.3872246,-161847.7159
3196,-314155.704543,101080.7275,-129455.622983,-266525.443923,-188772.137276,-71992.7281554,-38539.914137,-102758.452027
3197,-416164.697941,69047.9380574,67465.6717332,-184551.299727,-121025.807186,95987.6423314,-36252.8039185,-95679.1552623
3198,-290387.037573,-55228.0081253,24952.2967425,-127032.09254,132950.245777,101643.522383,-47409.6024922,-92618.9649714
3199,-189817.185909,-30425.6249474,-212511.876435,10929.4341042,97082.8347857,195270.43256,-22411.8275158,-99468.4968657
3200,-183567.881945,52586.1936805,-187129.87723,-154403.686375,127505.183009,88903.9864168,-25113.5496398,-169235.656237
3201,-217812.767385,181082.785333,-127357.171383,-244569.622525,292149.436439,80907.5849743,210269.457533,-222745.820029
3202,-82295.8210461,-44961.8201034,-208253.216575,-222637.331248,239198.969626,91905.2986989,79338.0493981,-36077.7622001
3203,47265.4303593,55669.1037297,-1588.82979846,-20750.7243606,286682.42307,127554.516539,175040.033747,89891.2294218
3204,-86463.5623729,134119.845142,156597.305332,68077.2605255,219631.177601,144513.83282,113106.155084,159970.541761
3205,-16632.5607894,346410.469572,-132461.118054,112072.885452,182602.487283,-116217.839939,-97184.2353754,52177.2717563
3206,-10375.4147429,396971.837632,-151647.259755,31740.0005709,158232.632726,-344184.853518,-211685.04258,191451.467121
3207,-106446.036311,560253.176537,-69855.2535149,63763.0100705,430508.621396,-108734.886264,21752.2478811,273669.270402
3208,231703.030024,259404.491093,-201905.695644,127584.387589,205173.039783,-24867.176295,71970.8731044,55678.7705961
3209,179359.334987,50435.0824243,-270327.488775,241176.682742,395291.623824,98649.1126275,-28708.5994719,-25943.4230547
3210,125128.330166,-80636.9753552,-344859.347891,207253.118128,234233.684451,-14071.9656799,-209262.504791,-6706.18452057
3211,-117319.377393,230696.590732,-393012.869896,186079.095088,261003.462859,46737.9822554,-364857.64613,169730.077863
3212,-173162.979567,97818.4728106,-431868.677495,175416.193284,228031.411467,76745.0290549,-423877.072203,231800.67258
3213,-239269.271847,-76606.3706715,-262388.943491,153926.268782,292934.525671,36372.7088455,-331532.6351,175615.061194
3214,28570.3576921,-140563.982077,-325290.714909,171493.894831,230501.975936,-14164.552288,-84886.0301641,29696.8984926
3215,93635.9140462,-114415.753164,-275434.326304,108269.757174,363025.74306,-40025.1134859,-27728.2560864,258852.451101
3216,43927.386521,-203571.852901,-287783.283855,-106097.555505,324425.778758,-105981.166553,14820.720702,-42272.0140424
3217,43704.5916777,-395232.288155,-324423.744146,-270349.449503,185309.971178,98533.0727041,8117.5132549,-44226.0283243
3218,35900.0097243,-470999.409105,-353549.370917,185339.147462,338846.20659,60491.1543505,10614.9563609,-107654.628381
3219,-69808.1058311,-423082.008416,-369056.395952,289192.953086,63533.933108,123200.619318,-128147.037087,-37107.6177274
3220,110678.857113,-190794.28916,-218187.280028,179551.00107,6015.69815181,23007.4276122,-57139.6525903,-222451.131262
3221,248235.477445,-307726.699543,-207184.420286,105416.273898,-144953.147095,-73576.0473636,163127.742321,18676.6971159
3222,58820.9622646,-462215.76046,-55020.6335347,23204.1642767,-167575.919041,-25768.9530328,-194066.451141,236739.420745
3223,-130857.253068,-89389.3123743,-93283.2122391,-12419.100422,-47871.6412879,28592.6150838,-213493.676531,136232.229348
3224,4936.39183111,-248743.500002,-292785.429549,-66258.0220054,128804.915519,28647.1771202,43552.4244558,191484.181825
3225,-13462.7569829,-181782.556731,-228859.219283,-152490.83287,364721.60383,-69943.7098619,195343.946493,199439.766459
3226,-200272.138768,-183183.933875,-180795.557558,-114877.110013,-13028.4407132,95276.1245844,244313.308964,429498.252545
3227,-10044.7330052,-268424.673926,-122344.883968,-101505.236804,-282734.32174,-43856.9033117,17800.7183632,247317.404305
3228,-137237.262824,-215485.159828,-195311.324821,27812.9290004,-95844.6959157,-162914.404156,-79489.9444739,163447.001659
3229,-268425.185229,-190527.912017,-133667.079426,133917.943914,-19165.5118827,-284936.854209,-176183.928492,282901.128137
3230,-134746.41196,-286459.672464,-133620.141094,-13272.3082288,40212.2207617,-259872.047402,-81056.5789141,353404.127358
3231,-239421.99112,-95709.4355707,-100754.755884,-61916.6473434,148505.080907,-169877.800584,-91861.9890265,445117.865725
3232,-78963.022838,1806.44197735,-173410.495886,-175673.909464,75423.7752655,-248474.023267,39521.2720495,256388.730724
3233,94608.7892625,79176.571982,-151508.956554,-2835.07553719,-2082.72444513,-14045.9741708,-241195.55087,449684.968951
3234,40147.4285512,1877.62167399,-258642.698197,66879.249787,109527.662783,-67471.621036,-215707.79466,376161.94633
3235,79538.6336563,-351972.996334,-212141.774963,89779.2499754,403741.422815,-18527.4309062,-284497.21709,422313.358634
3236,-1166.38463242,-311428.791609,-318830.904796,130609.68037,195169.729736,131921.82233,-285075.716437,388240.809216
3237,-37700.3011075,-154089.440895,-323043.707454,137021.530321,81317.9386631,252689.850102,-349860.463166,211139.730828
3238,68056.3687525,-100065.653885,-382316.902446,71972.6382638,75466.8295738,252710.290473,-497549.262615,179221.404096
3239,24731.262927,-78332.7929894,-175274.762213,224443.186876,127875.617568,111597.558359,-312534.481799,20175.1329191
3240,-105009.980749,-281194.535934,-101036.344891,166378.478811,144552.758509,170436.825639,-270223.58165,124353.719848
3241,-146627.274694,-147384.761239,-114950.682885,255213.787906,179065.524268,-32672.828526,-264532.945226,339669.764474
3242,-34341.8216679,-138993.651566,-41581.7061846,315040.92397,145176.506661,-170067.528458,-148264.428737,482710.999017
3243,-114708.573323,-104690.172463,199874.109722,182432.487244,225626.568668,-328198.141715,-169682.33278,380212.290798
3244,-109813.553305,-89366.0610989,368339.091945,310296.952058,407357.972305,-442300.158043,-146586.64751,504712.095634
3245,-174310.530046,-7889.10435839,345765.835349,340758.188233,313395.398746,-283228.099584,-136121.324169,383619.179712
3246,-108467.631003,135481.702705,240863.189002,285025.699524,272397.33946,-169694.794421,-139577.270182,240288.711583
3247,-19907.7823141,42621.7884185,305573.414076,345721.343109,203140.006886,50032.1546323,-189813.65428,112545.989917
3248,-158818.10392,188993.185027,232315.672256,187257.402893,149977.097425,-15339.5655734,-107630.300856,129274.784337
3249,-205186.444537,293598.647053,120338.347285,156176.408861,111499.224222,16664.7701878,-237217.695654,101346.894318
3250,-224512.957417,334477.082979,73749.0772373,-11988.4224283,85681.4919968,8374.51190756,-180295.991068,139273.419812
3251,-112769.72322,249005.246601,-38731.7663975,57576.4336377,145860.219243,34641.7759004,-153055.721397,292514.946534
3252,-85147.72351,127598.989945,-33081.750307,105980.946925,-130627.538141,-40068.5538145,-213810.543749,312630.808685
3253,-222029.197131,148292.193935,-221826.897272,144013.748518,-128367.892893,-104774.797363,-38451.553603,279980.430327
3254,-256170.347626,-106525.546135,-98985.632495,53445.0338963,-3708.71316181,-30888.8886463,137971.84489,370599.899289
3255,-126657.307877,-278336.099566,-113717.040575,151633.900427,-107581.699665,-107553.121501,-38228.7656885,310032.476272
3256,-195094.053349,-224118.920298,-134736.266523,146631.241371,-93734.2170081,-101717.965493,-202566.466227,387232.20337
3257,70267.4541321,-258639.345232,-152765.991101,114977.743113,79586.2515838,-42060.3653108,-20329.9072389,237398.193187
3258,74724.1593598,-73629.0631274,-216499.748916,293350.118288,110838.683965,168945.502466,4220.62977689,131502.101025
3259,35351.745868,-271167.539442,-95195.4439313,215651.529264,156402.855564,157927.855551,2705.16777459,90464.5157335
3260,25107.1005946,-157104.591173,52783.6048465,320530.291805,181433.690631,219114.934148,-104895.903579,171580.737007
3261,2104.18216762,-93847.3117132,97293.5473034,438471.730795,264334.818714,72952.2675644,226703.89015,253156.395259
3262,-263048.350664,-205513.674475,215163.256663,453023.763279,215365.089645,280572.97908,206030.931165,195744.977452
3263,-520531.568668,-171458.03357,89926.9383096,306433.328465,193956.201789,356462.361687,268184.377968,25406.2234526
3264,-422933.662218,-186521.139334,107812.357076,344131.769598,170397.05137,304134.19803,191256.814724,-123948.180261
3265,-272586.938563,-208063.598074,393433.261253,417744.360975,27995.6117711,341577.193217,55784.3054535,40298.2902639
3266,-128727.72388,-212458.426811,344701.669147,304099.944354,-60992.0171935,279683.603612,232291.28052,-117422.053829
3267,5638.50028918,-227166.47373,208802.024993,341787.786731,-175838.542914,153094.818327,108861.160693,17702.0936648
3268,43911.1769956,-219794.220155,82739.6055486,67553.0544095,-498278.990979,200622.091022,164629.070149,-45363.5022564
3269,125254.615765,-154789.804424,-160115.72503,34004.4135484,-476430.491483,318367.185764,364692.195689,7251.29231517
3270,53897.8483182,-13969.6002009,-108196.29766,-66392.972671,-188005.997841,63265.1405246,602941.407198,-30897.1134936
3271,-25849.377794,32363.3763047,-67570.081901,-43758.8370832,-150531.127371,184170.8518,406459.410048,105375.898783
3272,17243.8286424,-44803.989739,2296.53605726,-218576.982688,-23114.2379968,165994.89713,312837.993239,321996.675136
3273,-126245.699819,27958.2758154,-124618.825146,-326915.981573,-15514.2918279,118502.74116,368141.79758,183446.946953
3274,-210118.812409,142529.3037,-271110.214422,-239733.017612,-49807.5033904,316651.239426,399511.124413,5302.67295091
3275,-325334.471144,311156.871515,-194977.92487,37902.4704637,-290566.92653,227552.237632,318736.833206,-17783.8654145
3276,-232298.426189,496433.010791,-88959.2451441,-137615.124701,-177137.400518,136811.984471,610435.730538,-108047.81936
3277,1284.14267601,416041.577956,20179.4348856,28294.0715051,-68545.4351711,130859.532453,603026.123499,-201385.082331
3278,74063.4655647,297448.487642,-11979.3882636,166762.801,-137972.195407,142411.149936,395590.319061,-306609.968768
3279,5422.77899359,385944.259916,-162257.192192,112200.42418,-190233.477035,170910.857424,375217.815144,-285051.961011
3280,283772.664827,281176.637111,-160519.232753,360766.675689,-113070.23952,-17228.6132004,598894.735264,-323875.444883
3281,303347.563827,110819.698701,70383.1603545,328178.805108,-189924.122009,-231499.862014,555346.552856,-108148.240453
3282,226353.675586,177092.279853,33022.435948,377622.8291,-276031.813462,-132128.475735,561316.208336,38245.9801066
3283,269161.218411,21612.3812475,20560.2726274,413887.143586,-232782.202916,-45115.3321593,458488.893906,258745.291637
3284,353509.181116,99013.4726624,-41825.2450977,551521.795545,-191657.852246,94705.5578311,341096.530414,352447.876566
3285,479523.05828,310679.441038,-34215.5509099,430451.301661,-286167.913879,28456.5443251,358437.817533,386454.052928
3286,296558.911367,91614.89023,39725.4922979,493408.112827,-208527.27283,12539.6308896,463958.091712,391570.610685
3287,152771.440028,26853.5420256,73880.8280987,190002.208054,-104169.552007,-11318.1879011,360964.376583,-7337.98551916
3288,278786.841658,145737.200564,193894.316075,81288.056252,-23841.2451015,100753.901258,408451.646598,136424.41155
3289,240353.487331,-78564.8383743,307316.930429,322747.05802,-95844.6414326,274625.964696,358899.037724,163780.928056
3290,148979.476391,-122100.955621,206171.39683,285740.115497,-99327.0948228,450522.537024,421529.773395,137908.356993
3291,148262.934255,-36478.8770255,107144.020502,329658.184488,87772.786233,306201.585271,433563.416454,200258.561331
3292,289719.737064,181634.082585,93276.3445681,371924.535492,70680.2534309,248444.31254,542478.148177,119985.001449
3293,236797.036534,178185.056882,202441.478511,152531.48662,140168.98829,231829.176523,495603.643755,155312.753947
3294,218200.763947,81422.7575087,283985.270837,106443.551945,85747.3980393,222201.84061,359304.310262,123101.624009
3295,293371.216914,302189.101364,189655.22295,-43101.5734367,-15312.8275076,103956.520843,426678.207891,-44242.35018
3296,216194.002527,411834.889381,316773.541495,29344.7761354,83278.2187798,40375.9344954,386228.260941,260088.646419
3297,-113044.333083,264322.823807,136533.486511,-41543.9821597,338468.097462,62591.2579704,378322.793714,226132.392188
3298,-162616.433167,264394.892141,320519.960379,-147631.14127,392607.698588,-65615.4165281,133375.510527,256543.423349
3299,-124050.798439,104497.746866,440545.927916,-22737.0127437,210749.307132,25092.4549971,-150308.754728,555392.07906
3300,168984.575301,167191.59376,493499.531196,142284.908594,256602.779499,38175.4393774,-184130.132886,604076.857188
3301,-118059.802196,240283.689081,510142.499899,-7633.72552613,371749.638008,112240.792764,20280.1801331,643720.288582
3302,-347273.009258,221059.794204,391149.761234,-27920.3691586,441703.112729,266837.610369,29261.2340354,875241.056946
3303,-239055.172356,281950.81286,190425.441445,-99117.4156634,293909.544404,361928.942882,-131710.148926,741696.723809
3304,-150520.181729,186665.450496,152292.709593,-171078.531934,373785.414306,328471.222222,-36903.3731267,599128.074861
3305,-110435.471512,115806.16321,118132.689467,-357783.732612,206482.853142,581734.473563,113263.796558,458136.525774
3306,61434.2289946,241170.742704,151521.022494,-57756.5101107,363411.611797,490346.390355,98522.7613961,441981.336953
3307,17859.6887356,316259.469582,223586.857871,88992.9494891,385504.861906,525543.293159,225713.243402,486533.911676
3308,112392.839624,339443.919439,209459.045415,246305.483324,370006.164344,427122.69111,115041.308546,426450.953192
3309,233932.958082,570566.691097,72671.693971,229296.164624,305532.219765,441413.614764,109639.829242,323632.854562
3310,329786.626193,668437.638076,11362.1459799,358405.474275,374739.253181,435009.3548,-175541.304392,177517.455658
3311,218868.716825,483651.398661,119612.384783,172817.943322,173144.044973,378313.502851,36669.6432186,314847.286784
3312,73793.9296788,292893.45657,193715.843967,22823.9559973,196132.867222,436210.158319,53453.8061676,380307.261337
3313,235290.432897,336378.85968,232314.033379,-43058.93009,289621.984058,552151.474911,239209.969157,142135.051158
3314,394193.831775,239868.167717,404879.868296,68747.7471274,290252.269322,570993.574028,85551.8904074,147890.25136
3315,229584.067222,514212.839261,260332.98214,196553.662175,248317.730652,525092.667497,117451.347432,201081.27141
3316,272188.890958,417882.534047,304934.787629,183456.248684,82937.8622983,726602.96007,154156.466497,13714.5167485
3317,462228.915704,285666.465235,141857.668963,-54514.2749616,291188.570813,424300.168701,268112.204325,169934.781734
3318,221138.974121,347678.14044,175801.46386,-117502.077375,278732.462175,497068.168819,12108.5548441,98070.9066457
3319,254050.915003,484800.444991,135161.208481,63961.721829,64921.4337575,360006.945199,-111172.291362,329942.779177
3320,-5903.89759041,476270.836162,-26437.3373602,-109411.357984,113199.564457,213078.498927,-47925.3366099,293233.183183
3321,-58506.7555576,648232.642431,45430.1220085,-87773.5956516,259069.236953,189946.272577,-181563.117419,299678.501937
3322,367017.68711,375310.500325,168395.646664,-253705.379619,306639.849287,58562.2127857,-167201.923367,380275.471794
3323,311145.859986,134834.168225,196405.667946,-150889.89665,359604.627724,145574.442107,-44429.9594228,271277.084915
3324,191776.90313,179940.341547,91463.0829236,-47915.874239,169495.947277,137624.14217,150918.346781,254775.929823
3325,103043.536525,217500.063724,-31978.7913879,-199566.830163,274731.736274,126378.667791,223616.223211,226447.663285
3326,-30672.1438111,23511.6515739,-79946.9000675,-170934.584227,503909.721014,-18716.518281,237809.416197,51418.900176
3327,138457.984028,33457.2949086,169497.948661,-366762.016578,219757.830473,-233573.082027,147945.98762,-60331.6234442
3328,248306.621595,-41680.3880201,241849.197835,-475883.31063,271134.095809,-332733.693621,274623.879519,-156927.493803
3329,343560.624567,-42421.8512175,358610.90945,-435173.353675,315735.316713,-164460.662564,145993.046434,-272698.6821
3330,357093.457933,40939.1028518,325397.504047,-161986.547407,225531.648828,-89397.7248478,-209333.071184,-254597.543138
3331,259418.489258,172587.134989,215864.146162,-83380.7100065,211757.079545,-53447.0946688,-279722.696452,-335068.124687
3332,265302.035522,279208.369386,38226.4558183,-116481.393727,21217.9941225,-93716.485476,-351539.611257,-413833.959294
3333,320807.268123,268785.308806,111735.46961,-359638.37656,-133219.794914,-176458.039896,-445024.271461,-497100.895414
3334,313025.354688,93264.5917068,331018.386365,-378751.698737,-448573.375274,-414693.711151,-338050.014932,-391661.543432
3335,117634.179534,270261.119936,408795.248632,-385474.815373,-411263.575486,-502075.558322,-506549.629551,-483842.970498
3336,-30668.4161013,552137.379601,374102.607734,-310729.005466,-553378.258422,-552831.448103,-589518.388708,-428816.557046
3337,-79555.4032865,421878.539995,170824.345985,-212406.566568,-730450.805325,-359367.450802,-867796.27073,-337895.945704
3338,6355.36278041,260771.272239,273373.809332,-115702.805745,-627565.298362,-268562.374008,-711968.899817,-374665.772392
3339,201307.788271,133662.903263,309739.09571,130674.410148,-458065.605597,-282345.334428,-721713.976327,-340785.346739
3340,251912.097269,55730.9462236,420628.055987,134636.036146,-461764.73582,-409696.552036,-668945.158273,-241738.89547
3341,234442.820245,39482.5413047,308483.208395,274214.604832,-506388.502692,-336269.685396,-660667.904606,-222949.298085
3342,191143.029014,34070.4013409,377395.864428,189111.766967,-481548.306458,-339042.23422,-715772.235653,-196719.771358
3343,139534.232472,-62220.329343,308056.455324,67292.0946482,-232488.896093,-509812.265014,-656993.390831,-126908.44308
3344,78958.6826145,-149097.487732,201438.125546,10625.1175554,-197107.515738,-482647.035443,-635392.505128,-149278.269135
3345,285098.155038,-319806.111115,172759.0253,18796.5844323,-90716.382298,-150409.554138,-337654.49172,-194118.832137
3346,473245.090679,-183011.796857,390300.782631,171980.188592,-26497.0351777,-1425.04512938,-195762.323191,-265570.389651
3347,550764.336001,-40158.6755804,338240.535262,225930.739965,-118299.153661,73775.5792673,-331734.637977,-131073.500883
3348,540655.844411,-85904.8532711,57735.1372861,391933.795287,77505.0560359,11221.1482713,-366702.710456,-248335.908713
3349,750383.236117,-19248.5580113,126888.696362,432533.991805,79855.4113506,29739.6365775,-489386.767565,-270725.097472
3350,850533.764637,167125.395012,80325.6613742,380465.435103,13405.7804744,-10679.6238244,-422386.984843,-52331.9119275
3351,682312.681704,27656.2864807,175289.774046,127239.503026,-17800.3372486,-12801.0460346,-515253.508057,-197020.498108
3352,475392.752981,101156.545067,112691.962274,117742.126786,144584.261951,-274788.522938,-381501.738959,-177046.130932
3353,519987.281724,185306.26953,8360.33776137,98046.5584663,277192.436248,-35501.8203642,-346502.943451,87062.2966517
3354,660547.781549,58369.4348415,61924.2831693,121757.610676,194829.44968,71407.1361009,-177216.264972,-54628.5201232
3355,558660.514301,32330.6641755,37538.9401109,-14632.7908833,214307.922098,80129.7011601,-86336.8450588,-188981.93478
3356,643857.184813,-73825.6460096,76214.1883082,59082.9077095,-11695.4195572,45132.5644216,223317.56225,-209911.114156
3357,521294.188254,-26534.953692,101676.8232,164862.468716,-30695.0664799,-102608.851521,156911.939249,-67688.5071604
3358,378996.20292,10754.1998109,281881.201335,216838.82836,182856.665105,-67462.900294,5182.80761682,-147843.410385
3359,515117.244536,-82212.5531507,134622.124672,365048.718325,119900.434924,-45799.3770787,-119639.624003,-294815.228368
3360,428179.478652,-162325.836129,62654.9089682,341533.856035,-34801.291961,-29872.3039618,-294606.394042,-234422.955944
3361,508960.230804,-207712.771906,213251.074485,217782.904093,104162.312354,128224.020717,-410581.25575,-182157.932861
3362,381473.138615,-116833.936064,187080.822364,240290.434911,112782.449342,374848.248535,-198828.483678,-31103.0075127
3363,283926.844756,-185096.816959,-13755.4188252,190113.701696,96927.6617391,386687.854025,-274189.991292,-80161.0972014
3364,38305.6646453,-117652.368418,-58655.1255509,157767.28076,258082.961652,335075.470895,-316553.822657,113291.974401
3365,34519.8284368,-55496.1684665,-15713.8114165,156776.947347,368675.201125,84196.8225922,-305870.717173,65633.1566187
3366,59554.1649013,-356918.681476,95233.6209367,127457.199908,90438.2139513,152891.499946,-185758.767972,-32206.2711901
3367,142701.19925,-299254.900114,62142.7930345,238743.171081,155025.123426,278527.722698,-194234.039543,54344.6823426
3368,125537.273696,-83240.1386892,178498.475545,443056.945285,54911.3696414,174286.576911,-65224.1069673,91241.0349045
3369,83595.1248911,-49284.9511022,51579.2586811,99948.3455074,72167.5352276,112167.654383,-82345.3605585,-161858.243358
3370,1722.66914152,-53365.447541,60618.5885198,-6289.74789445,163722.730834,181126.75648,-9910.25531485,-88131.4210516
3371,-199192.260884,-190970.751116,129836.697277,110710.424581,174760.067803,198191.536112,-130233.877096,-257148.868101
3372,-30775.2043051,-290552.946794,228490.381842,103785.645761,8206.1576663,214338.701768,-131011.842552,-95290.2999151
3373,-100774.850974,-235850.983883,208160.522546,39891.7219832,-277020.273072,202452.271315,28001.7613442,-70800.6134941
3374,-187131.399632,-91672.5972327,224793.214504,12022.2059145,-288271.770071,-10992.541704,107056.868026,-91110.8260388
3375,-126962.995083,-186200.642025,315103.275351,171242.860825,-415608.590063,-118818.738727,224142.405431,-94178.0785189
3376,-259944.356133,-73176.5393282,185575.480705,227036.723813,-326311.078438,-87092.4689101,302589.594019,-216645.054544
3377,-196184.023554,-80306.9714551,-34142.9406605,198588.898638,114241.247958,70750.9558487,294004.632828,131291.529959
3378,-481206.106903,-91657.4661482,-3204.20975566,-48261.3627227,-48256.9041879,8509.0622664,302429.634765,48316.4261626
3379,-511840.75418,81579.531536,-208421.100795,96920.3845852,-22807.9786277,-214555.013342,368066.478155,-72966.8946271
3380,-522357.939146,-71081.3597917,-246425.823536,-92234.6304072,-97855.2835479,-379138.187037,246076.195001,13857.4140475
3381,-434876.403608,-297154.568762,-131176.607676,-251633.400178,-100974.344622,-357507.203374,142663.831887,-200314.883155
3382,-298991.199181,-37965.7803048,-186498.584036,-424012.553276,-70226.3803013,-361493.304011,138991.480564,-345025.481169
3383,-388962.729234,5685.33118237,-180613.226551,-405358.919127,-186301.828094,-359002.450626,97920.6240016,-488686.8576
3384,-470831.859691,54380.4512298,-193566.168788,-348895.969848,-126055.552142,-330104.779879,177495.921787,-227623.481833
3385,-395251.243381,216574.527629,-223938.427155,-491510.580004,-209249.68684,-345819.521251,347111.783298,-110365.932118
3386,-412205.44734,127528.633465,-205606.914304,-323354.110183,-116149.50584,-390237.706597,420173.363221,-135777.270825
3387,-270432.592932,33493.237381,-291615.940801,-174391.65648,-96524.1663074,-487631.298893,601890.571358,-149011.950732
3388,-303929.621925,83751.6797698,-190189.952777,-243298.933608,73827.984587,-480520.918881,286437.427203,-200828.888626
3389,-464203.181157,160916.169232,-47381.2028997,-478497.158468,101206.200509,-415301.613318,314952.48037,-344428.501183
3390,-387537.519676,238710.920151,-116678.130078,-342402.036111,7653.52873464,-629080.202096,407254.433679,-246048.457427
3391,-284607.77829,40272.0728847,-24905.1124337,-375867.846488,-133121.45629,-548216.271777,458500.494834,-312194.796387
3392,-272503.42817,180432.976839,150966.404967,-457408.133174,-99223.1006785,-437665.841123,174457.116527,-165662.446061
3393,-327999.007835,110643.940221,5125.9431665,-551959.892145,-169459.245438,-516260.750455,209306.515738,84678.2378886
3394,-496295.428043,130074.716809,-197212.334667,-499866.074263,-202132.901804,-304970.469051,301484.253571,180296.052043
3395,-358175.958834,144744.333726,-219881.745956,-533913.630925,-65705.7615445,-217536.322664,310398.719247,266837.775392
3396,-119340.85272,72766.3385875,-252740.831132,-342900.240226,-110939.734567,-72817.0942033,397322.648841,13550.958399
3397,-153839.159395,125983.287594,-131885.378442,-410022.830502,-126282.33103,92470.4948029,348800.913434,61808.6907355
3398,-280415.010252,161683.30016,-12191.7084342,-400002.627716,-127558.528191,-20535.9295498,358574.787226,44378.7194661
3399,-190128.631812,14780.8456401,93600.3865237,-396846.917237,-104747.709242,-106619.511817,334452.798139,-304105.597888
3400,-105060.373001,70654.1913742,-114295.225627,-376390.306762,83233.3301957,-183839.736268,214844.532367,-195525.786584
3401,-129211.761738,160775.204614,-34089.4769271,-303064.942029,155112.996778,-252992.954502,-66200.6237389,107038.452498
3402,-274949.870144,105762.37942,-125709.482893,-366378.976176,222667.801107,-323781.701304,-276849.022302,225937.546408
3403,-270988.173528,31052.8467309,-6467.91487568,-192244.168348,364795.465205,-289414.438023,-191516.768127,218193.632725
3404,-232415.072887,-36290.1415797,-14349.685546,-79631.2542676,407730.406881,-299268.671441,-198144.219649,318905.142708
3405,-155310.588457,150990.003726,-187794.441181,-166528.786496,-139991.679352,-505011.208189,-78987.8111889,325084.751458
3406,-162699.294096,131693.328091,-76546.6790658,-173452.050247,2980.80708096,-590067.735646,-93351.3605912,343615.88441
3407,-139677.137887,-27891.7204812,-120461.649377,87149.8274218,115244.480491,-457037.033613,-41439.1766351,411138.109898
3408,-176025.743915,9137.48850698,-40880.3537529,7151.68418048,173340.132682,-582088.751371,251291.562471,436026.369582
3409,-105719.212528,128665.657991,-133107.866896,9523.68888397,214078.931522,-384455.464074,191489.89113,349857.763201
3410,-29538.4006764,-78276.4449613,-11846.4387162,51092.3461355,179811.522607,-93853.0003927,-48822.6922338,251142.917128
3411,135681.968096,24244.2994568,63248.1611967,88101.2421381,127517.949031,-300455.119652,-209807.264379,287382.410818
3412,195540.844337,46335.0308515,148219.234137,7873.06062898,297645.773126,-349597.012174,-94142.8821412,311699.444857
3413,252822.78175,-17585.4878725,54197.6353796,303497.355316,53492.0605257,-105780.788387,120186.709396,545702.57393
3414,118127.455178,-458382.753246,-300863.836544,92026.2656412,162044.268846,-229908.604101,226304.518332,581678.841162
3415,146340.666221,-596742.382495,-289655.249527,-131502.758324,200954.764386,79827.6112618,307930.261448,473415.268466
3416,119850.213646,-584132.939459,-313592.852142,-51205.0262485,220849.00375,148976.185705,375914.547282,573296.85897
3417,140259.71258,-368702.48938,-374621.46908,35082.8399147,150424.291996,-47839.7134993,401046.987699,636509.598185
3418,166195.313398,-593189.03566,-276513.735906,-62611.2332807,130360.440233,-43683.2080571,495900.36714,503018.14146
3419,219557.386379,-803370.906717,-256386.001318,-160577.500861,101532.047326,20533.5682295,284479.44589,399409.384615
3420,168220.085931,-760957.28224,-214449.419146,-198023.811068,4292.827834,42459.6865721,125834.404047,192190.851237
3421,-8606.40761957,-604657.467558,-213941.557866,32038.3200133,57940.9515515,-57834.5809793,132836.295477,285616.755802
3422,-2716.98905863,-613364.580618,-212587.616192,64634.6362795,109472.445042,221136.455038,364148.347173,244977.935709
3423,65742.840582,-443852.156494,-188604.937225,32278.7564044,352987.079325,333035.47886,297359.419448,110008.177951
3424,-4568.12224698,-412570.27617,-174518.469147,190630.364461,493830.430185,44253.2582357,292494.306018,18931.1672685
3425,50249.3238239,-453340.93656,-219963.780599,84797.2253982,180130.537111,62123.9409298,359543.447803,55797.0953068
3426,138965.227773,-426480.038464,-284771.459109,-117568.311064,143225.323142,89618.4474167,561960.948363,143309.761961
3427,220119.276841,-353412.830794,-284338.985982,5721.80395109,32281.5113993,102388.200716,471883.778062,-205962.775822
3428,151978.724018,-502806.436591,-307827.818582,108972.820139,-118633.052951,118096.949148,350840.628706,-346511.21473
3429,238158.896989,-274021.196425,-393166.498925,216282.116957,-62454.0837032,254578.541627,355752.895533,-363868.369975
3430,278813.857581,-291260.073665,-280797.014972,224200.583176,270648.717896,165824.029499,279846.663085,-108503.658358
3431,183398.227448,-145646.612805,-196114.18578,134673.064985,331156.378839,386179.387517,233111.801641,49775.0349654
3432,249271.920716,-13609.9476976,-69043.5547363,37240.2209026,243719.88604,264238.967947,277599.073172,-39583.9045364
3433,329039.269709,-178172.857371,-87656.9087821,39554.0162209,169829.584535,243179.006223,250206.709721,-81109.5537587
3434,236820.473569,-10674.7478701,-196112.594044,154049.713576,6395.20857244,153570.663632,-41488.7890954,31509.2419153
3435,247203.080343,176514.490448,-49028.7978411,455132.629705,-119660.767057,153606.846387,-85398.9559653,95288.3552636
3436,347593.039845,69832.1845398,-18081.5923805,278685.993367,44447.3197983,220257.810412,16208.4429767,207595.702939
3437,296059.497219,91465.0206997,95552.2513276,158374.152811,-13306.6384898,115056.075594,56245.0708486,269369.267759
3438,184403.881401,125098.842213,103488.166355,-25909.8444486,8955.39227929,295636.689856,477332.058448,400165.393981
3439,35920.7578651,108841.903486,-32067.7799541,236618.444284,-38671.9973535,327360.0861,518125.377721,444324.512325
3440,159141.216851,-7624.45169173,-155066.58279,114014.55033,-44498.7038188,306356.188473,234971.393304,361971.70644
3441,169436.492247,637.788180842,-50819.18567,260147.635176,-72400.4293387,313990.349582,170099.202119,292561.832374
3442,223152.609002,-236702.28363,82102.2356099,262306.477429,-203586.745959,195835.295077,172256.440977,346110.74115
3443,113703.738404,-155783.688598,75629.3292138,463766.727386,-69091.958189,253762.22974,36440.7901376,293513.539033
3444,-229540.029017,12221.1924445,40213.2912501,414970.056921,-149252.507925,403453.064095,97193.6669563,193400.50318
3445,-161633.51843,-118632.760879,45512.4889738,202573.395894,-139237.879598,549787.009634,-31859.2515495,83452.2486595
3446,-42543.9817689,-211272.5997,147303.656602,237661.398691,34875.1087574,452960.767446,-62930.7566964,121716.049982
3447,-157689.599157,-140282.535918,249583.720796,167932.072922,-35285.7478334,427374.863954,-144275.161813,118062.697261
3448,-88821.5251773,5933.61611618,417257.877544,148605.60616,-206475.605068,511597.220584,-53348.7969236,83109.1964165
3449,-144861.368975,-113009.189859,398618.464416,12958.8571358,-61106.4608896,529264.272936,26214.5295895,152247.215934
3450,-245852.429773,-21561.5776398,432780.353794,-153994.670532,-192661.447966,305351.268759,-22558.0021937,37071.9453301
3451,-182845.34028,88788.5592409,241180.036979,-97685.6832806,-77946.677054,407442.438951,70318.6079026,-96302.2786849
3452,-240160.653583,164175.109816,195106.312081,-40543.5533386,209143.166089,367694.051606,230475.745705,-77760.7512328
3453,-337498.542835,128419.912322,258905.831983,-111020.457522,222415.461569,171988.703709,141456.64601,-36849.7017741
3454,-414179.021945,82240.8945455,261726.51284,-52688.6370922,346895.209515,154679.351682,91340.8050592,79496.9292561
3455,-394501.192365,118319.914173,229488.523378,-49058.4941027,361936.960552,279292.384182,109697.698807,341131.398911
3456,-448845.93665,32916.1027829,123769.440719,-74561.1424772,180696.134016,142248.166306,152608.381275,130789.725174
3457,-393062.758648,145201.52204,-63963.4995578,47603.3020842,-53767.577495,191363.018228,288533.78601,81026.3626807
3458,-323444.00744,1270.66572849,164797.456063,196684.477734,6216.05794363,236077.888295,331490.907096,132941.996224
3459,-107907.41493,22317.8917256,202375.006142,67866.2684603,-133007.345973,145617.197113,514643.481668,-77415.0093045
3460,-44467.643978,-48088.3694755,67128.3488255,67286.8324099,19831.2866196,189017.120144,582114.691396,133883.891632
3461,-144708.076042,55744.3423405,-191160.332876,118712.172624,129832.140629,-56686.7756828,288753.752894,53128.6775243
3462,-380733.463234,85299.7090334,-142523.155606,-113094.346526,168011.911177,156310.574063,404791.570326,-77235.7844992
3463,-322640.840139,118092.637154,39420.4753173,-94531.0131606,281556.742809,101542.122965,370093.417443,-56330.5610828
3464,-53678.6217357,-202973.663693,-13659.4146206,-100495.158251,295399.704322,18047.972291,141623.333313,-68522.4515973
3465,24987.515881,-441844.645153,-280031.171158,-226073.453091,322058.761132,158115.246695,-33551.4461224,-7563.57439788
3466,37275.204744,-319139.294007,-301631.573399,-192204.32425,491685.664139,106113.837387,57534.2851602,96071.7945791
3467,113712.921671,-387685.912178,-161281.804718,-124986.187403,285135.247624,-101191.878665,-62603.0485854,221721.369723
3468,-208565.801381,-344399.000285,-89993.3854159,-158272.66672,333660.233629,-77080.7361469,-214731.366313,132497.139731
3469,-220396.441707,-103999.112244,-37960.3414588,-46286.8304057,395922.550469,-144896.818832,-180346.998425,299757.033789
3470,-169971.234343,-19271.4781439,-15187.6664915,-73257.5766727,228468.597208,-238883.275571,65605.561045,196825.838539
3471,120399.433562,-182821.207114,-52483.8783476,19309.8978782,-26619.2285364,-276118.027834,36220.3662553,144942.848825
3472,233658.347009,1497.80163018,-39536.5999258,12162.5756445,14496.0616324,-111971.311728,141212.046706,105632.872975
3473,231024.90748,-107328.652913,-106733.765502,37640.9328571,-99833.3991385,-270308.034523,282464.540827,89050.8195702
3474,235836.907967,-23702.825714,24769.4321819,-12985.6041718,-218973.028245,-188187.355681,212506.502357,93579.9101616
3475,248782.597652,9602.80003084,75120.10042,433755.243011,-331512.081941,185014.317484,123120.20764,-87909.9093635
3476,520197.588312,-54278.9008381,55564.7900108,474185.334566,-195435.551242,317411.124715,60554.6700422,134980.015172
3477,385644.183678,-73395.4641419,54861.1651645,474781.436317,3884.18177084,298902.75927,-21236.3497702,116217.22953
3478,285291.044863,-58943.3048134,191380.09846,371126.68817,35342.8003989,334652.688498,-4976.40574215,124662.017204
3479,396272.064833,-170603.264117,-101591.365575,548230.09438,58213.2535922,360004.159791,77178.2706757,60791.9267038
3480,433332.657426,-180009.255173,-116113.017956,607912.784108,-223178.639898,225502.335547,87721.2047325,-14693.5201444
3481,376238.283218,-112131.100406,-138668.095359,753026.596658,10311.5259149,275019.770807,-168012.212167,3900.24838328
3482,230352.388707,-152891.974023,-95956.113135,694259.001614,-20490.9543496,160357.356084,-53148.6042626,-244271.175549
3483,542550.947869,-161526.750384,-88472.4720114,591987.244865,16029.0882334,106301.083579,69203.1959831,-240876.407121
3484,367752.463682,-237819.210957,-173670.430091,343784.149844,-17769.1927686,120933.155656,266832.724351,-209377.432258
3485,346711.420962,-294229.713665,-182915.655792,61496.3114675,-44726.1608651,151134.746321,62545.2423345,-131536.292975
3486,435166.189936,-302264.45727,-193015.890503,321593.226614,-192391.519765,100170.919516,-70875.3414443,-208470.260597
3487,378858.571751,-52556.2255206,-144211.586509,484872.84115,-111750.690792,-260786.06083,-125774.59226,-282276.698832
3488,393842.978529,-250200.954069,-113885.480479,181650.147889,-334070.548311,-44183.6589181,-149780.474389,-539082.230428
3489,286140.737729,-112637.645339,-25660.3311388,-11945.0964828,-419725.110793,227655.179488,-209128.084344,-585626.08853
3490,294639.353377,109638.965334,75605.1621345,134976.316716,-597180.266448,120230.758528,-158587.261314,-397830.356224
3491,288454.164269,72310.0378982,303291.001499,-72331.5871269,-366563.421935,188494.066872,-57431.944616,-397636.702793
3492,346591.880451,47111.3471312,120097.352292,-568.37539254,-387199.95612,148399.535558,1118.29992607,-844728.755938
3493,431355.421693,165312.853897,352857.548557,54735.7179334,-4694.91344236,-138729.464022,9805.22055397,-662099.333438
3494,526345.69027,14269.0449363,404271.391836,183876.250539,-112642.017084,28590.3941947,37336.6360221,-459883.033512
3495,221480.328089,228718.313186,348856.339776,-107224.290843,36532.3958474,-7070.29796529,-206156.430962,-395946.031892
3496,244085.835827,183417.706524,307008.368783,-42828.533171,-84788.3051841,12025.7229118,-451484.490982,-483357.587412
3497,405420.990464,230271.764307,285359.381193,42713.5547527,-200745.615715,89208.8519374,-352406.489038,-434163.820835
3498,311696.528832,420573.220052,383549.073084,174991.969569,-98135.4933347,41881.6759589,-295484.439599,-388719.320598
3499,184107.147107,430134.148665,611061.975684,114445.019869,-86366.9024358,380988.303077,-320229.606504,-607789.640521
3500,107421.421478,366033.029697,543090.713216,270122.639887,-281049.04383,268623.836697,-300806.194376,-409887.162816
3501,165263.589221,375595.7209,416786.121734,305682.381717,-115811.352499,277828.992171,-478106.88315,-418295.072133
3502,70884.0278639,260209.211385,298380.13118,355900.388288,48567.0006905,326808.703709,-509270.955421,-584065.355988
3503,246643.402444,269279.738853,175853.569048,201145.447861,-110970.52997,138512.070736,-329847.17168,-462477.130482
3504,324801.916762,223998.161393,-73782.0873933,209206.981717,6232.75726801,56865.8206854,-268655.312317,-299959.385811
3505,176687.0872,155413.417471,36113.7211873,56967.2193536,197268.140411,120937.867724,-60704.939168,-312300.243851
3506,347121.81067,194355.572781,-214051.063306,209306.760472,409884.949324,99605.3534002,81672.8310965,-277533.059331
3507,315043.18917,354000.996625,-100250.866192,376820.686529,309048.080695,-114441.885904,87556.331705,-427011.258517
3508,260918.335956,471404.273249,-40313.668222,280047.818618,144001.0453,-175782.040421,101755.148614,-285135.815505
3509,121723.19641,316504.292573,8049.3573202,384764.154317,83586.2979309,-189235.509479,-143099.293451,-455846.27907
3510,-22228.1527052,183464.62845,252871.559954,321895.992251,285985.508548,-359065.937949,-182129.933911,-507389.143347
3511,-23931.5541367,252889.203937,10186.5804876,248688.521991,304147.549775,-210537.387325,-181575.058171,-373426.759918
3512,120667.400369,54948.6891882,-264386.010242,171559.768599,180670.796451,-114453.78215,-183036.743874,-211355.434607
3513,134745.532543,186030.195821,-214419.403235,140482.371666,132898.305547,-386094.229398,-259237.589386,-193544.699503
3514,142491.692887,281046.592539,-292052.311587,168451.497445,222690.431448,-332093.154271,-333945.833639,-111928.072962
3515,-78113.1865005,176697.025546,-375029.198406,349534.189428,446674.938705,-367278.825296,-174641.247808,-118631.879995
3516,129342.401852,139029.984437,-310033.145844,274533.804214,466075.250789,-326261.28934,-269970.651791,100523.864633
3517,235964.232397,319912.436327,53356.8773644,248464.522791,434539.714817,-395700.686704,-268652.521237,-202822.957188
3518,233854.410605,-63078.1546805,-72744.9473851,367104.670022,422858.380663,-242237.752513,-370225.618374,-128432.299298
3519,287941.083404,-52486.3986995,44931.638678,52114.1156419,488913.595511,-27111.4185216,-489711.50743,-49859.8575173
3520,423824.892885,-135777.352796,216900.336062,-6704.0201599,585055.708629,194820.256019,-431046.299183,-238289.819882
3521,358463.097899,-201849.554031,28182.6528083,169929.076291,398079.428824,111080.900018,-640320.835751,-336402.543439
3522,278834.416715,-139636.225999,-13825.9591599,261357.360359,287880.235616,-55999.9254036,-690619.676519,-420452.684864
3523,43815.4740022,84043.202851,-13991.6238307,250455.40045,377.160374574,-144990.645897,-434001.639842,-277508.899342
3524,256377.869839,-64853.3863692,130982.627167,264857.66225,196903.883212,-156859.704388,-413181.501122,-132399.693537
3525,419615.236315,-159958.470309,204640.559083,411197.04205,297116.398727,-231044.174906,-245775.436762,108286.235057
3526,362558.946158,-166623.673777,381495.143325,358115.272531,333856.167234,-92044.9535449,-182934.264398,-215038.213873
3527,455015.836718,-247762.613382,259983.204009,331299.206507,254207.937255,-68611.8860555,-318178.345443,-241598.085275
3528,269686.327997,-240816.110534,186454.635734,156252.980355,345877.475113,-3267.79193292,-305811.869456,-359480.06115
3529,156304.171785,-41022.581428,151929.211553,236537.722707,150793.848479,92018.7143472,-186237.211723,-338058.25923
3530,28555.6372605,65478.355494,29768.4211452,196155.798231,39017.1090463,-70162.9233455,4971.16732669,-252778.806449
3531,-226467.929614,162740.968876,57169.8521815,364190.475264,-65502.5629409,88091.6043585,56626.1573549,-85683.0941184
3532,-229739.288824,262584.290209,113575.215013,202580.545436,-29222.1115838,-111603.580663,-4383.85507907,-221879.365024
3533,-360199.590881,456201.498934,51319.3837551,86518.1523391,-223383.57562,-174540.757389,306731.872683,-367081.774032
3534,-368913.120307,536132.76294,-56234.9075844,34441.6131586,-277830.298265,-200167.647316,263022.382088,-259592.017977
3535,-389958.272362,504705.766862,4424.6507729,85241.1921507,-139816.605046,-266658.348693,226479.054938,-148985.566298
3536,-354902.895123,446768.296116,173184.489617,18639.3323786,-27976.9695574,-248467.083811,231150.372181,-3934.85611399
3537,-435879.740687,312215.711802,51015.0312046,89430.1827623,34065.3096962,-183366.179169,210525.363473,-28146.5908105
3538,-475798.164881,280512.250529,-164306.564018,-3764.74207467,35041.4031734,-224129.55282,181467.280429,-77733.9937113
3539,-471504.845324,456059.841178,-55463.2188613,-118190.306195,155532.387623,-136530.703882,145555.937432,-257889.20368
3540,-467812.566435,450260.114928,146208.714078,-44313.7650588,108505.068656,-211688.226589,157072.177925,-388369.920339
3541,-605176.388285,352543.180795,226018.622715,89218.4709979,78107.656948,-213909.04747,228765.943377,-460456.558852
3542,-494308.959784,276318.627932,279335.538219,62697.7733778,77003.7540685,-23781.7767076,141352.824973,-431325.217812
3543,-456434.634441,381837.189337,103060.781947,-212140.72025,218562.162746,25583.7356965,73873.9101345,-440768.338679
3544,-434000.376066,371779.698094,-143359.808905,-239901.083766,285411.977639,-177288.931192,9407.91705708,-254200.857609
3545,-375729.443566,401171.210859,15439.7036931,-139761.123591,217243.29986,-198130.48856,-15176.9500944,-297869.813409
3546,-461861.529315,498626.401005,63500.5852555,114164.96245,18708.0295881,-170445.68195,-51638.1379165,-432011.716204
3547,-391884.860525,315647.190209,58836.946795,184141.427797,62694.3159756,-290296.939063,-165656.364403,-60776.2190968
3548,-285202.156364,166599.398379,279511.774478,386494.201266,41163.135958,-119898.833464,-324400.374996,73032.4702728
3549,-322378.375152,351122.239688,298027.431125,333303.99685,-53711.0142336,-8875.56614813,-182049.723074,-80635.1000071
3550,-462092.220539,492517.716873,286435.533435,155611.531244,-8739.48682384,152084.488896,29980.0544618,32631.1289223
3551,-456598.309591,477996.851346,30588.5322776,262064.730125,-165990.445713,8689.02446847,-80711.4989089,122540.321445
3552,-385574.032983,350381.055629,132608.052301,-29703.2144856,-198051.563551,176012.468548,-278241.024086,169577.026445
3553,-336775.396282,365179.201303,194324.73424,30779.6570975,-239535.391307,217597.63151,-193574.051278,78677.1061396
3554,-169559.695427,581658.19266,227414.803951,86200.1419765,-120254.978961,277635.17755,-344109.575106,98363.5617279
3555,-262908.088642,480148.479626,206447.101043,149167.032223,-203318.571704,358520.406216,-330613.607978,64407.9872525
3556,-313961.806924,392636.275469,60126.2554414,253730.583964,-34918.8281398,273994.045702,-226122.54371,14019.433159
3557,-341625.189428,205215.074544,72570.3726506,-38791.6282883,90255.5538012,184378.479044,-35153.1981664,-76202.1824298
3558,-311950.586228,207446.621157,21876.3286217,46335.2932473,35980.8610033,29306.8686886,22464.1530516,-13192.1402898
3559,-196643.307333,56877.157872,-1801.56772518,-158802.251173,-160256.180014,46793.5354967,-6282.29492922,181055.016596
3560,-165925.596818,32723.6324006,-105159.821349,-291592.457171,-156346.189581,44333.7555131,-28209.7523717,212343.595808
3561,-304991.988351,3737.33280323,-70653.1511489,-259859.282326,-207411.812481,45457.0335992,-35729.4400868,-50114.5288283
3562,-157395.85181,-167272.813866,65850.9532274,-241907.398313,-275660.151679,13774.6046599,-109749.086903,-33920.8426932
3563,-296068.42321,-135101.310226,246012.143893,-173598.961257,-247181.84065,-132971.770071,71605.0254524,82250.7832662
3564,-130853.689219,-10041.0270101,260920.338769,-64390.9130962,-424567.872541,138128.708034,173052.500973,-26325.3905707
3565,23328.9881826,61576.2915971,366833.419698,89488.5696234,-169161.547537,235573.875687,-23615.3208919,-21917.7642402
3566,50162.8453791,-117109.16716,457642.384613,196801.63881,-368941.422747,54617.4582308,138175.32524,127014.003893
3567,-83235.5449129,62097.4334196,247246.131194,165263.832672,-249084.947376,-40883.9062769,328271.05595,258293.684146
3568,-104686.953209,-12583.2875815,145595.282682,200341.536713,-314838.212796,235023.219182,402472.434568,144636.613255
3569,-262813.677241,-53236.8678457,159337.878134,174755.671426,-270014.45922,126745.995166,322929.351919,213020.481944
3570,-431597.261002,16018.0389423,104034.177906,43991.313908,-380668.902692,101816.481668,339053.023659,275012.94535
3571,-192708.613988,-15562.2134541,152200.403719,306961.174685,-394574.129225,-53185.5851431,184506.092118,244982.91865
3572,-157642.902172,-264180.286999,131992.243279,246005.64238,-382829.456486,-185444.443851,119159.34134,307581.324847
3573,-38602.7678685,7904.65458015,28309.497148,267113.809256,-281768.354266,46816.9570369,282853.863927,-14422.0257633
3574,-9650.28439278,-63317.4611111,210319.49139,377291.520644,-159217.69817,-5537.33403315,415400.521852,49282.9685523
3575,241838.433885,-73207.195011,152379.294189,381737.496119,-133375.575968,114451.142742,461175.454644,6734.98038351
3576,311370.341768,-48262.9604937,123073.92357,300001.35332,-337626.628016,43338.100435,383186.716759,-9297.4243133
3577,203948.239113,-102778.710805,212982.463902,165396.959515,-544997.687034,6740.01295833,298058.650207,-78749.5882507
3578,105121.827974,-47173.8464051,112415.08608,206564.128749,-349005.703238,94639.7279151,189246.167738,-37675.7444749
3579,106694.206127,-80988.9209129,135516.258992,144080.165461,-274646.646614,210445.984452,151538.807027,-2369.29793442
3580,95140.8267787,-117214.288106,-26580.9593488,70977.7458355,-434703.333604,114599.331664,47515.2235354,244762.952356
3581,206706.839104,14753.5067438,-79920.1610591,70250.4839291,-442530.778927,-22870.8574471,36344.4919094,173645.386328
3582,211746.913885,81505.0453397,18979.4155795,-51530.9363788,-387494.707943,31652.6771936,-7899.26215333,121939.962327
3583,-16855.8843362,242985.55637,124250.787557,-97594.9080336,-487374.791301,55632.2348046,-8212.81553573,72630.98765
3584,98942.6284193,111050.715443,401589.891549,-284819.340896,-427449.394626,101081.725186,45834.9741036,145264.506109
3585,96799.0425951,71487.8592201,404691.636643,-134500.602364,-424023.077512,112052.24812,63240.0146953,138407.397228
3586,74184.5801494,16946.3411208,241097.528797,238134.615927,-305509.789509,109603.205481,37257.7240176,167217.727808
3587,91927.3358218,121687.846374,17186.4814595,135855.192098,-49681.0501487,111191.33955,-213003.625544,135157.635151
3588,344269.127114,94473.7865798,5505.58088842,-24113.4790976,77536.3286615,34474.3196431,51511.1606899,100983.485658
3589,445949.817638,3310.34150811,96435.5995458,-41143.1686852,3517.87218913,-75707.3446088,-73202.8446269,63367.5429148
3590,316304.189083,-71352.0353568,446.885246424,-129639.473565,866.699065237,-69232.1937412,9042.81576114,143766.928488
3591,384237.614831,-92820.8745443,112253.791848,-114619.556942,-50373.9809507,-48220.39221,-109621.623735,279177.516778
3592,542922.727866,-151091.295181,10381.311371,-62666.1488686,77204.6186625,65941.1357871,81494.6516379,183698.212529
3593,663435.98773,-124032.520256,145180.430593,-217850.126212,82327.7430929,49484.7700679,125198.238549,72879.3184106
3594,660181.70616,-128603.97429,205438.52224,-314025.620366,51404.3679462,82086.3006907,-19398.6658121,-31085.9217287
3595,646036.157947,-148116.338774,384006.49657,-272289.936679,-74530.7710789,140056.319533,-100021.722759,-94160.936303
3596,501465.079121,-172783.127814,240879.412867,-407761.613328,-105777.078237,335056.64003,-285780.195757,-131028.940004
3597,507512.689574,-165587.375586,189017.527301,-370159.938724,161145.501725,349655.851447,-40656.1789747,106706.616119
3598,226838.913367,-236561.054965,109428.211658,-565623.74783,153245.40787,398520.669452,63053.845264,113937.632363
3599,110699.245602,-221351.542858,44390.4948684,-707519.61524,22517.4810096,359209.296436,20500.2816688,244404.000781
3600,-22081.589074,-107780.260636,172015.095495,-800537.479034,109331.463609,343872.62064,-119965.489374,108174.027791
