Time,Damp2000_UX,Damp2010_UX,Damp3000_UX,Damp3010_UX
1,4.354373998E-02,4.355717395E-02,-4.354373999E-02,-4.355717396E-02
2,7.189939384E-02,7.194627354E-02,-7.153375025E-02,-7.158021565E-02
2.01,7.202794392E-02,7.207536011E-02,-7.165497199E-02,-7.170196565E-02
2.02,7.215013668E-02,7.219809564E-02,-7.176985778E-02,-7.181738636E-02
2.03,7.226585959E-02,7.231437084E-02,-7.187838993E-02,-7.192646369E-02
2.04,7.237509563E-02,7.242416859E-02,-7.19804336E-02,-7.202906272E-02
2.05,7.247777223E-02,7.252741921E-02,-7.207552434E-02,-7.212472031E-02
2.06,7.257351248E-02,7.262375172E-02,-7.216295969E-02,-7.221273732E-02
2.07,7.266133973E-02,7.271219221E-02,-7.22420834E-02,-7.229245984E-02
2.08,7.273995322E-02,7.279143902E-02,-7.231210415E-02,-7.236309948E-02
2.09,7.280843062E-02,7.286056806E-02,-7.237148036E-02,-7.242311461E-02
2.1,7.286613116E-02,7.291893987E-02,-7.241811036E-02,-7.247039749E-02
2.11,7.291181819E-02,7.296531795E-02,-7.245029128E-02,-7.250323764E-02
2.12,7.294346466E-02,7.299766879E-02,-7.246698874E-02,-7.252059766E-02
2.13,7.295925972E-02,7.30141715E-02,-7.246689671E-02,-7.252117044E-02
2.14,7.295789788E-02,7.301351446E-02,-7.244820849E-02,-7.250314302E-02
2.15,7.293788427E-02,7.299419856E-02,-7.240936442E-02,-7.246494689E-02
2.16,7.28968989E-02,7.295389505E-02,-7.23497353E-02,-7.24059479E-02
2.17,7.283212319E-02,7.288977131E-02,-7.226933732E-02,-7.232616238E-02
2.18,7.274182884E-02,7.280008529E-02,-7.216727972E-02,-7.222469952E-02
2.19,7.262497999E-02,7.268379695E-02,-7.20421938E-02,-7.21001812E-02
2.2,7.248025002E-02,7.253957594E-02,-7.189324261E-02,-7.195176108E-02
2.21,7.230746121E-02,7.236723741E-02,-7.171870292E-02,-7.177771059E-02
2.22,7.21066581E-02,7.216682792E-02,-7.151690925E-02,-7.157635051E-02
2.23,7.187661226E-02,7.19371165E-02,-7.128776194E-02,-7.134757289E-02
2.24,7.161623647E-02,7.167700347E-02,-7.103132208E-02,-7.109144141E-02
2.25,7.132524878E-02,7.138620146E-02,-7.074715242E-02,-7.080751547E-02
2.26,7.100443342E-02,7.106549429E-02,-7.04340582E-02,-7.049459305E-02
2.27,7.065497615E-02,7.071607188E-02,-7.009075003E-02,-7.015137406E-02
2.28,7.027675051E-02,7.033781001E-02,-6.971755287E-02,-6.977817588E-02
2.29,6.986885638E-02,6.992979902E-02,-6.931586001E-02,-6.937639719E-02
2.3,6.943138082E-02,6.949211732E-02,-6.888636228E-02,-6.894673446E-02
2.31,6.896466678E-02,6.902510838E-02,-6.842976712E-02,-6.848989279E-02
2.32,6.846842865E-02,6.852848473E-02,-6.79476691E-02,-6.800746786E-02
2.33,6.794266634E-02,6.800224009E-02,-6.744162011E-02,-6.750101817E-02
2.34,6.73882919E-02,6.744728616E-02,-6.691248582E-02,-6.697141114E-02
2.35,6.680784245E-02,6.686616618E-02,-6.635971476E-02,-6.641809154E-02
2.36,6.620652942E-02,6.62641084E-02,-6.578027026E-02,-6.583800919E-02
2.37,6.559021922E-02,6.564700869E-02,-6.517063042E-02,-6.522761685E-02
2.38,6.496110952E-02,6.501708441E-02,-6.453109222E-02,-6.458719676E-02
2.39,6.43194101E-02,6.437453539E-02,-6.386407095E-02,-6.391917972E-02
2.4,6.366522278E-02,6.371945215E-02,-6.317220056E-02,-6.322621724E-02
2.41,6.299643055E-02,6.304971035E-02,-6.246042532E-02,-6.251326763E-02
2.42,6.231122042E-02,6.236347468E-02,-6.173345803E-02,-6.178507327E-02
2.43,6.161014836E-02,6.166129388E-02,-6.099369683E-02,-6.104404712E-02
2.44,6.089373838E-02,6.094370043E-02,-6.02436087E-02,-6.029265561E-02
2.45,6.01626701E-02,6.021137405E-02,-5.948552522E-02,-5.953323834E-02
2.46,5.941880641E-02,5.946618223E-02,-5.872059925E-02,-5.876695188E-02
2.47,5.866543059E-02,5.871142171E-02,-5.794855317E-02,-5.799351353E-02
2.48,5.790790584E-02,5.795247567E-02,-5.716700583E-02,-5.721053059E-02
2.49,5.715115791E-02,5.719429851E-02,-5.637397758E-02,-5.641600313E-02
2.5,5.639729956E-02,5.643901729E-02,-5.557025461E-02,-5.561071132E-02
2.51,5.564541939E-02,5.568571318E-02,-5.475959013E-02,-5.479842392E-02
2.52,5.489220659E-02,5.493105527E-02,-5.394807074E-02,-5.398525551E-02
2.53,5.413548252E-02,5.417283963E-02,-5.314057718E-02,-5.317611979E-02
2.54,5.337596521E-02,5.341177928E-02,-5.233901336E-02,-5.237293299E-02
2.55,5.261486824E-02,5.264910005E-02,-5.154470231E-02,-5.157701294E-02
2.56,5.185386298E-02,5.188647988E-02,-5.075842021E-02,-5.078913578E-02
2.57,5.109579049E-02,5.112677026E-02,-4.997968176E-02,-5.000881199E-02
2.58,5.034445235E-02,5.037379022E-02,-4.920694842E-02,-4.923449126E-02
2.59,4.960447352E-02,4.963218347E-02,-4.843776632E-02,-4.846370611E-02
2.6,4.887897749E-02,4.890509269E-02,-4.767109448E-02,-4.769540092E-02
2.61,4.816877465E-02,4.819333036E-02,-4.690812369E-02,-4.693076825E-02
2.62,4.747352418E-02,4.749654504E-02,-4.615112997E-02,-4.61720978E-02
2.63,4.679352697E-02,4.681502799E-02,-4.540171984E-02,-4.542100811E-02
2.64,4.612846073E-02,4.614845556E-02,-4.466226452E-02,-4.467987608E-02
2.65,4.547520849E-02,4.54936919E-02,-4.393816776E-02,-4.395411975E-02
2.66,4.48293296E-02,4.484622297E-02,-4.323560183E-02,-4.324994387E-02
2.67,4.418835349E-02,4.420353325E-02,-4.255815229E-02,-4.257095836E-02
2.68,4.355485719E-02,4.356823834E-02,-4.190465552E-02,-4.191598529E-02
2.69,4.293194717E-02,4.29435003E-02,-4.127303383E-02,-4.128287782E-02
2.7,4.232251172E-02,4.233223485E-02,-4.066073803E-02,-4.066905278E-02
2.71,4.173066451E-02,4.173858014E-02,-4.006410784E-02,-4.007086531E-02
2.72,4.115558838E-02,4.116174405E-02,-3.948452484E-02,-3.948970054E-02
2.73,4.059473459E-02,4.059915924E-02,-3.892506509E-02,-3.892866986E-02
2.74,4.005084448E-02,4.005355955E-02,-3.838349494E-02,-3.838556213E-02
2.75,3.952870762E-02,3.952977075E-02,-3.785549178E-02,-3.785602967E-02
2.76,3.903256568E-02,3.903206158E-02,-3.733724433E-02,-3.733624391E-02
2.77,3.856495864E-02,3.856298823E-02,-3.682660235E-02,-3.682404657E-02
2.78,3.812217225E-02,3.811883547E-02,-3.632763138E-02,-3.632351133E-02
2.79,3.769584421E-02,3.769119683E-02,-3.584900638E-02,-3.584336358E-02
2.8,3.728234159E-02,3.727639219E-02,-3.539463626E-02,-3.53875648E-02
2.81,3.688455763E-02,3.687732338E-02,-3.496186738E-02,-3.495345741E-02
2.82,3.650406225E-02,3.649559491E-02,-3.454933347E-02,-3.453964452E-02
2.83,3.614193871E-02,3.613229411E-02,-3.41561198E-02,-3.414521064E-02
2.84,3.580199671E-02,3.579123999E-02,-3.377855134E-02,-3.376647418E-02
2.85,3.548700606E-02,3.547522969E-02,-3.341395983E-02,-3.34007418E-02
2.86,3.51964512E-02,3.51837505E-02,-3.306293007E-02,-3.304859715E-02
2.87,3.493058405E-02,3.49170418E-02,-3.272524791E-02,-3.270983989E-02
2.88,3.469292561E-02,3.467863023E-02,-3.239739939E-02,-3.238095119E-02
2.89,3.448317716E-02,3.446823686E-02,-3.207965963E-02,-3.206218673E-02
2.9,3.429649031E-02,3.428099115E-02,-3.177682311E-02,-3.17583631E-02
2.91,3.412908749E-02,3.41130779E-02,-3.149258373E-02,-3.147321147E-02
2.92,3.397593723E-02,3.395945182E-02,-3.123185976E-02,-3.121166312E-02
2.93,3.383194722E-02,3.381499264E-02,-3.099960065E-02,-3.097869438E-02
2.94,3.369764027E-02,3.368020862E-02,-3.079511105E-02,-3.077362307E-02
2.95,3.357636988E-02,3.355848166E-02,-3.061483481E-02,-3.059286293E-02
2.96,3.347372341E-02,3.345542787E-02,-3.045295102E-02,-3.043056234E-02
2.97,3.339541377E-02,3.337679385E-02,-3.030348177E-02,-3.028070757E-02
2.98,3.333828436E-02,3.331944051E-02,-3.016928677E-02,-3.014613845E-02
2.99,3.329631631E-02,3.327729954E-02,-3.005605611E-02,-3.003259207E-02
3,3.326846245E-02,3.324929233E-02,-2.996447656E-02,-2.994078402E-02
3.01,3.325410434E-02,3.323481323E-02,-2.989477397E-02,-2.987092465E-02
3.02,3.325179074E-02,3.323240549E-02,-2.984797426E-02,-2.982404252E-02
3.03,3.326000037E-02,3.324054075E-02,-2.982514043E-02,-2.98012048E-02
3.04,3.32792716E-02,3.325975501E-02,-2.982524272E-02,-2.980138109E-02
3.05,3.331397638E-02,3.329443398E-02,-2.984338442E-02,-2.981965788E-02
3.06,3.336822946E-02,3.334872597E-02,-2.987489219E-02,-2.98513252E-02
3.07,3.344234958E-02,3.342296159E-02,-2.991885468E-02,-2.989545668E-02
3.08,3.353383163E-02,3.351462069E-02,-2.997715062E-02,-2.995394305E-02
3.09,3.364233042E-02,3.362333906E-02,-3.004946568E-02,-3.002648597E-02
3.1,3.377077882E-02,3.375205677E-02,-3.013217453E-02,-3.010944987E-02
3.11,3.391815595E-02,3.389977072E-02,-3.022557271E-02,-3.020310947E-02
3.12,3.407862882E-02,3.406062293E-02,-3.033473544E-02,-3.031256205E-02
3.13,3.424961331E-02,3.423199104E-02,-3.046145794E-02,-3.043963816E-02
3.14,3.443127441E-02,3.441404393E-02,-3.060475596E-02,-3.058334678E-02
3.15,3.461934143E-02,3.460251596E-02,-3.076805097E-02,-3.074710151E-02
3.16,3.480939506E-02,3.479295554E-02,-3.095488417E-02,-3.093447302E-02
3.17,3.500391564E-02,3.498783505E-02,-3.116186976E-02,-3.114208075E-02
3.18,3.520672052E-02,3.519101141E-02,-3.138425805E-02,-3.136513271E-02
3.19,3.541742326E-02,3.540211625E-02,-3.162147672E-02,-3.160303586E-02
3.2,3.56341681E-02,3.56192791E-02,-3.187439796E-02,-3.185667446E-02
3.21,3.585929958E-02,3.584483969E-02,-3.213967064E-02,-3.212269971E-02
3.22,3.609537713E-02,3.60813822E-02,-3.241370688E-02,-3.239749651E-02
3.23,3.634114458E-02,3.632765904E-02,-3.269671347E-02,-3.268126066E-02
3.24,3.659721211E-02,3.658426319E-02,-3.298701193E-02,-3.297232855E-02
3.25,3.686622068E-02,3.685384891E-02,-3.328087585E-02,-3.326695824E-02
3.26,3.714620505E-02,3.713446281E-02,-3.357916895E-02,-3.35659994E-02
3.27,3.743128986E-02,3.742019988E-02,-3.388665105E-02,-3.387423941E-02
3.28,3.771926934E-02,3.770882065E-02,-3.420440121E-02,-3.419278896E-02
3.29,3.800931722E-02,3.799950419E-02,-3.45321097E-02,-3.452133105E-02
3.3,3.829593876E-02,3.828675299E-02,-3.487412725E-02,-3.486421721E-02
3.31,3.857255223E-02,3.856394634E-02,-3.523588617E-02,-3.522691681E-02
3.32,3.883550637E-02,3.882741009E-02,-3.561988613E-02,-3.561195055E-02
3.33,3.908387246E-02,3.907621769E-02,-3.602590391E-02,-3.601909122E-02
3.34,3.932274755E-02,3.931548368E-02,-3.64476914E-02,-3.644207121E-02
3.35,3.956357878E-02,3.955671139E-02,-3.687265123E-02,-3.686823501E-02
3.36,3.981499828E-02,3.980860632E-02,-3.729100073E-02,-3.72877246E-02
3.37,4.00774659E-02,4.007164824E-02,-3.770112948E-02,-3.769890779E-02
3.38,4.034930264E-02,4.034412956E-02,-3.810356918E-02,-3.810234336E-02
3.39,4.063270603E-02,4.062823505E-02,-3.849498125E-02,-3.849470416E-02
3.4,4.093059537E-02,4.092690252E-02,-3.887131096E-02,-3.887191576E-02
3.41,4.124086995E-02,4.123803561E-02,-3.923352676E-02,-3.923494117E-02
3.42,4.156309882E-02,4.156117579E-02,-3.958092823E-02,-3.958310677E-02
3.43,4.190037236E-02,4.189941794E-02,-3.990928629E-02,-3.991217846E-02
3.44,4.225073371E-02,4.225082283E-02,-4.021937877E-02,-4.022291589E-02
3.45,4.26060047E-02,4.260717418E-02,-4.051796271E-02,-4.052210956E-02
3.46,4.295450106E-02,4.295672729E-02,-4.081527751E-02,-4.082007282E-02
3.47,4.329032381E-02,4.329352737E-02,-4.111633085E-02,-4.112190109E-02
3.48,4.361618591E-02,4.36202919E-02,-4.141782523E-02,-4.1424293E-02
3.49,4.39405735E-02,4.394556106E-02,-4.171056034E-02,-4.171797178E-02
3.5,4.427361985E-02,4.427952901E-02,-4.1983623E-02,-4.199195002E-02
3.51,4.461497977E-02,4.462189525E-02,-4.223658318E-02,-4.224574495E-02
3.52,4.496011683E-02,4.496808166E-02,-4.247321633E-02,-4.248316744E-02
3.53,4.531374416E-02,4.53227761E-02,-4.268807026E-02,-4.269878551E-02
3.54,4.568399488E-02,4.569416677E-02,-4.287229591E-02,-4.288369051E-02
3.55,4.607100065E-02,4.608241619E-02,-4.302508012E-02,-4.303703464E-02
3.56,4.646272967E-02,4.647544948E-02,-4.315781495E-02,-4.317024939E-02
3.57,4.684050222E-02,4.685448265E-02,-4.32885708E-02,-4.33015052E-02
3.58,4.718940972E-02,4.720450437E-02,-4.34316483E-02,-4.344520055E-02
3.59,4.750112896E-02,4.751714787E-02,-4.359472339E-02,-4.360905013E-02
3.6,4.777458343E-02,4.779133085E-02,-4.377794942E-02,-4.379320178E-02
3.61,4.801902698E-02,4.803637131E-02,-4.397122985E-02,-4.398751107E-02
3.62,4.824124842E-02,4.825917862E-02,-4.416751907E-02,-4.41848432E-02
3.63,4.843964389E-02,4.845815931E-02,-4.436827463E-02,-4.438663399E-02
3.64,4.861539964E-02,4.863445404E-02,-4.457203509E-02,-4.459144798E-02
3.65,4.877233303E-02,4.879189931E-02,-4.47747149E-02,-4.479517254E-02
3.66,4.891873162E-02,4.893880678E-02,-4.496777278E-02,-4.498923526E-02
3.67,4.906403453E-02,4.908466345E-02,-4.514155069E-02,-4.516392578E-02
3.68,4.920750807E-02,4.922876709E-02,-4.529659186E-02,-4.531975145E-02
3.69,4.934588138E-02,4.936779673E-02,-4.543600635E-02,-4.545986883E-02
3.7,4.947424663E-02,4.949681437E-02,-4.556456421E-02,-4.558907466E-02
3.71,4.958595274E-02,4.960913468E-02,-4.568880562E-02,-4.571394089E-02
3.72,4.968027884E-02,4.970399976E-02,-4.580936698E-02,-4.583513876E-02
3.73,4.976057719E-02,4.978478605E-02,-4.59228407E-02,-4.594923506E-02
3.74,4.983429825E-02,4.985897392E-02,-4.602175303E-02,-4.604872503E-02
3.75,4.99043345E-02,4.992949718E-02,-4.610322191E-02,-4.613068457E-02
3.76,4.996119227E-02,4.998684614E-02,-4.617678368E-02,-4.620466538E-02
3.77,4.999612729E-02,5.00221898E-02,-4.625125354E-02,-4.627956889E-02
3.78,5.000975413E-02,5.003611935E-02,-4.632611353E-02,-4.635490024E-02
3.79,5.000780471E-02,5.003440593E-02,-4.639575731E-02,-4.642501412E-02
3.8,4.999453629E-02,5.002134703E-02,-4.645608437E-02,-4.64857704E-02
3.81,4.996496683E-02,4.999196741E-02,-4.65122642E-02,-4.654233249E-02
3.82,4.991182681E-02,4.993894384E-02,-4.657178144E-02,-4.660223945E-02
3.83,4.983034736E-02,4.985747131E-02,-4.663964547E-02,-4.667053773E-02
3.84,4.971531444E-02,4.974232704E-02,-4.672133633E-02,-4.675271732E-02
3.85,4.95715576E-02,4.95983279E-02,-4.681231629E-02,-4.684425454E-02
3.86,4.941488541E-02,4.944135695E-02,-4.689709503E-02,-4.692958617E-02
3.87,4.925896791E-02,4.928519215E-02,-4.696234886E-02,-4.699528234E-02
3.88,4.91124445E-02,4.91385178E-02,-4.69998116E-02,-4.703303366E-02
3.89,4.89823539E-02,4.900839026E-02,-4.700284163E-02,-4.703618243E-02
3.9,4.887389864E-02,4.890002735E-02,-4.69666554E-02,-4.699993141E-02
3.91,4.878975482E-02,4.881610648E-02,-4.688901658E-02,-4.692204461E-02
3.92,4.872699609E-02,4.875368553E-02,-4.677331093E-02,-4.68059253E-02
3.93,4.867838771E-02,4.870548195E-02,-4.662725117E-02,-4.665933577E-02
3.94,4.863061755E-02,4.865811958E-02,-4.646464452E-02,-4.649614909E-02
3.95,4.85657646E-02,4.859358901E-02,-4.630392264E-02,-4.633488718E-02
3.96,4.848170648E-02,4.850968823E-02,-4.614773199E-02,-4.617827803E-02
3.97,4.838778905E-02,4.841582448E-02,-4.598726363E-02,-4.601745332E-02
3.98,4.828298591E-02,4.831104549E-02,-4.582409475E-02,-4.585391825E-02
3.99,4.815900482E-02,4.818701406E-02,-4.566708121E-02,-4.569657572E-02
4,4.8014661E-02,4.804250457E-02,-4.551798142E-02,-4.554722704E-02
4.01,4.785672051E-02,4.788431518E-02,-4.537061216E-02,-4.53996589E-02
4.02,4.769047912E-02,4.771779913E-02,-4.522027005E-02,-4.524911257E-02
4.03,4.751726033E-02,4.754429673E-02,-4.506623296E-02,-4.509485117E-02
4.04,4.733952825E-02,4.736626911E-02,-4.490664535E-02,-4.49350241E-02
4.05,4.7160435E-02,4.718688475E-02,-4.473896966E-02,-4.476707934E-02
4.06,4.697708163E-02,4.70032518E-02,-4.456672451E-02,-4.459453027E-02
4.07,4.678454402E-02,4.681040886E-02,-4.439545724E-02,-4.442296327E-02
4.08,4.658279611E-02,4.660830586E-02,-4.422581894E-02,-4.425305518E-02
4.09,4.637237056E-02,4.639749329E-02,-4.405790314E-02,-4.408488339E-02
4.1,4.61503661E-02,4.617506858E-02,-4.38952378E-02,-4.392197884E-02
4.11,4.591459038E-02,4.593881799E-02,-4.374064123E-02,-4.376718283E-02
4.12,4.566895138E-02,4.569265192E-02,-4.359082949E-02,-4.361721061E-02
4.13,4.542321671E-02,4.544638363E-02,-4.343665681E-02,-4.346287228E-02
4.14,4.518352682E-02,4.5206212E-02,-4.327260225E-02,-4.329858994E-02
4.15,4.494570954E-02,4.496796734E-02,-4.310345401E-02,-4.312915079E-02
4.16,4.470497315E-02,4.472680195E-02,-4.293461455E-02,-4.296001448E-02
4.17,4.44677688E-02,4.448915466E-02,-4.276023666E-02,-4.278534739E-02
4.18,4.424179259E-02,4.426278524E-02,-4.257322141E-02,-4.25979881E-02
4.19,4.402654902E-02,4.404722258E-02,-4.23746544E-02,-4.239899901E-02
4.2,4.382347225E-02,4.384386905E-02,-4.216368317E-02,-4.218756055E-02
4.21,4.36335796E-02,4.365375294E-02,-4.193986267E-02,-4.196321771E-02
4.22,4.34494366E-02,4.346942784E-02,-4.171118977E-02,-4.173398026E-02
4.23,4.326319587E-02,4.328297836E-02,-4.148606327E-02,-4.150831601E-02
4.24,4.307096403E-02,4.309048089E-02,-4.126891595E-02,-4.129068879E-02
4.25,4.286898434E-02,4.288817452E-02,-4.106403126E-02,-4.108538715E-02
4.26,4.264928329E-02,4.266806608E-02,-4.087989634E-02,-4.090091871E-02
4.27,4.240781767E-02,4.242607457E-02,-4.072105412E-02,-4.074186505E-02
4.28,4.21599708E-02,4.21776065E-02,-4.057260691E-02,-4.059330612E-02
4.29,4.192620687E-02,4.194327136E-02,-4.04145632E-02,-4.043510596E-02
4.3,4.170986998E-02,4.172650263E-02,-4.024403896E-02,-4.026429196E-02
4.31,4.150757281E-02,4.15238598E-02,-4.006486695E-02,-4.008475073E-02
4.32,4.132056911E-02,4.133656371E-02,-3.987622283E-02,-3.989569135E-02
4.33,4.114621575E-02,4.116198054E-02,-3.9681163E-02,-3.97001615E-02
4.34,4.097628929E-02,4.099184573E-02,-3.948830803E-02,-3.950682339E-02
4.35,4.081446323E-02,4.08297885E-02,-3.929436499E-02,-3.931242891E-02
4.36,4.068145899E-02,4.069660359E-02,-3.907897637E-02,-3.909654771E-02
4.37,4.059725073E-02,4.061240862E-02,-3.88225155E-02,-3.883941016E-02
4.38,4.057098417E-02,4.05864131E-02,-3.851616882E-02,-3.853213934E-02
4.39,4.059357879E-02,4.060951006E-02,-3.816933716E-02,-3.818416302E-02
4.4,4.064391963E-02,4.066045801E-02,-3.780344967E-02,-3.781703725E-02
4.41,4.070145353E-02,4.071855351E-02,-3.743937055E-02,-3.745177648E-02
4.42,4.074236535E-02,4.075988384E-02,-3.710122074E-02,-3.71125986E-02
4.43,4.074366177E-02,4.076133643E-02,-3.681228627E-02,-3.682290755E-02
4.44,4.070031109E-02,4.071781117E-02,-3.657786218E-02,-3.658806483E-02
4.45,4.062469992E-02,4.064176996E-02,-3.638578337E-02,-3.639582827E-02
4.46,4.051929343E-02,4.053579778E-02,-3.623377314E-02,-3.624380078E-02
4.47,4.038506071E-02,4.040085948E-02,-3.612102014E-02,-3.613117543E-02
4.48,4.024258813E-02,4.025757795E-02,-3.602704742E-02,-3.603743882E-02
4.49,4.011219268E-02,4.012644464E-02,-3.59316377E-02,-3.594220148E-02
4.5,3.999610941E-02,4.000976171E-02,-3.583272038E-02,-3.584332986E-02
4.51,3.988659882E-02,3.989973519E-02,-3.573839868E-02,-3.57489898E-02
4.52,3.978877327E-02,3.980140613E-02,-3.564383297E-02,-3.565439855E-02
4.53,3.972279524E-02,3.973498633E-02,-3.552877361E-02,-3.553923446E-02
4.54,3.969729321E-02,3.970923336E-02,-3.538452483E-02,-3.539468226E-02
4.55,3.969386836E-02,3.970571316E-02,-3.522949503E-02,-3.523919449E-02
4.56,3.969361269E-02,3.970533943E-02,-3.508253064E-02,-3.509179593E-02
4.57,3.9702246E-02,3.971377172E-02,-3.493782001E-02,-3.494673895E-02
4.58,3.973768296E-02,3.974904677E-02,-3.477735688E-02,-3.478589956E-02
4.59,3.980619894E-02,3.981754263E-02,-3.459478704E-02,-3.460282495E-02
4.6,3.98929026E-02,3.990433474E-02,-3.440491217E-02,-3.441235204E-02
4.61,3.997942491E-02,3.999091467E-02,-3.422599272E-02,-3.423288238E-02
4.62,4.005945843E-02,4.007089529E-02,-3.406421114E-02,-3.407067983E-02
4.63,4.013068072E-02,4.014197501E-02,-3.392175786E-02,-3.392791608E-02
4.64,4.019200227E-02,4.020307222E-02,-3.379958463E-02,-3.380553674E-02
4.65,4.024625167E-02,4.02570305E-02,-3.369471872E-02,-3.37005555E-02
4.66,4.028942231E-02,4.029987313E-02,-3.361101495E-02,-3.361679839E-02
4.67,4.031820586E-02,4.032825985E-02,-3.355162266E-02,-3.355744751E-02
4.68,4.034348561E-02,4.035308461E-02,-3.350549279E-02,-3.351144374E-02
4.69,4.036216905E-02,4.037134399E-02,-3.347554414E-02,-3.348161716E-02
4.7,4.035320448E-02,4.036190766E-02,-3.348264647E-02,-3.348891628E-02
4.71,4.030887913E-02,4.031692961E-02,-3.353432876E-02,-3.35410035E-02
4.72,4.022561017E-02,4.023285768E-02,-3.36339925E-02,-3.364124958E-02
4.73,4.010677967E-02,4.011308447E-02,-3.377807822E-02,-3.378608388E-02
4.74,3.997399769E-02,3.99792868E-02,-3.394480738E-02,-3.395366007E-02
4.75,3.984530004E-02,3.984967171E-02,-3.411598611E-02,-3.412561134E-02
4.76,3.973168002E-02,3.973528829E-02,-3.428047727E-02,-3.42907423E-02
4.77,3.963762803E-02,3.964064539E-02,-3.443369295E-02,-3.444444412E-02
4.78,3.955972012E-02,3.956230422E-02,-3.457977681E-02,-3.459091182E-02
4.79,3.949439454E-02,3.949664426E-02,-3.472239039E-02,-3.473380263E-02
4.8,3.944156989E-02,3.94435657E-02,-3.486019033E-02,-3.487170755E-02
4.81,3.941049197E-02,3.94123237E-02,-3.498325802E-02,-3.499477538E-02
4.82,3.941140259E-02,3.941322542E-02,-3.508117068E-02,-3.509255197E-02
4.83,3.944834903E-02,3.945035255E-02,-3.514950321E-02,-3.516056914E-02
4.84,3.952012305E-02,3.952247533E-02,-3.518916191E-02,-3.519976357E-02
4.85,3.962153233E-02,3.962436756E-02,-3.520499442E-02,-3.521501476E-02
4.86,3.974833133E-02,3.975173395E-02,-3.520092555E-02,-3.52103005E-02
4.87,3.989092375E-02,3.989494877E-02,-3.518621642E-02,-3.519491103E-02
4.88,4.003808983E-02,4.004272405E-02,-3.517176093E-02,-3.517981012E-02
4.89,4.018578869E-02,4.019096835E-02,-3.516127567E-02,-3.516876531E-02
4.9,4.032916745E-02,4.033483962E-02,-3.515930076E-02,-3.516630686E-02
4.91,4.04630292E-02,4.046911736E-02,-3.51707246E-02,-3.517734665E-02
4.92,4.058489573E-02,4.059130994E-02,-3.519773036E-02,-3.520408147E-02
4.93,4.069126797E-02,4.069792517E-02,-3.524353202E-02,-3.524971778E-02
4.94,4.078012681E-02,4.078693196E-02,-3.530987491E-02,-3.531601202E-02
4.95,4.085456521E-02,4.086143468E-02,-3.539340029E-02,-3.539959257E-02
4.96,4.092421944E-02,4.093111496E-02,-3.548420648E-02,-3.549051047E-02
4.97,4.099436706E-02,4.100131388E-02,-3.557673837E-02,-3.558314489E-02
4.98,4.107108692E-02,4.107812432E-02,-3.566462944E-02,-3.567111374E-02
4.99,4.117277261E-02,4.117997994E-02,-3.57291936E-02,-3.573568989E-02
5,4.130554399E-02,4.131310878E-02,-3.576400542E-02,-3.577033891E-02
5.01,4.146188331E-02,4.146995132E-02,-3.577626022E-02,-3.578229748E-02
5.02,4.163076665E-02,4.163938982E-02,-3.577665802E-02,-3.578236025E-02
5.03,4.179260601E-02,4.180176514E-02,-3.578446722E-02,-3.578986785E-02
5.04,4.194936573E-02,4.195893783E-02,-3.579742015E-02,-3.580265771E-02
5.05,4.212403182E-02,4.213400032E-02,-3.579223788E-02,-3.579734515E-02
5.06,4.231623994E-02,4.232673735E-02,-3.576892066E-02,-3.577377954E-02
5.07,4.250908093E-02,4.252013374E-02,-3.574358025E-02,-3.574816654E-02
5.08,4.268820557E-02,4.269972077E-02,-3.573007358E-02,-3.573451292E-02
5.09,4.284501783E-02,4.28568591E-02,-3.573730053E-02,-3.574179668E-02
5.1,4.300338096E-02,4.301542517E-02,-3.574144652E-02,-3.574615701E-02
5.11,4.320413487E-02,4.321649959E-02,-3.570145554E-02,-3.570627682E-02
5.12,4.344804471E-02,4.346104101E-02,-3.561634945E-02,-3.56209827E-02
5.13,4.370257073E-02,4.371633088E-02,-3.551841712E-02,-3.55227387E-02
5.14,4.394152162E-02,4.395592982E-02,-3.543368252E-02,-3.543781987E-02
5.15,4.415083209E-02,4.416569031E-02,-3.537607617E-02,-3.538023697E-02
5.16,4.432195921E-02,4.433704691E-02,-3.535401653E-02,-3.535842774E-02
5.17,4.444516918E-02,4.446025615E-02,-3.53771099E-02,-3.538200419E-02
5.18,4.451913469E-02,4.453397296E-02,-3.544656335E-02,-3.545218803E-02
5.19,4.45606751E-02,4.457507627E-02,-3.554544118E-02,-3.55519807E-02
5.2,4.458468205E-02,4.459860957E-02,-3.565873485E-02,-3.566621876E-02
5.21,4.458826519E-02,4.460172964E-02,-3.578921113E-02,-3.579761892E-02
5.22,4.456400029E-02,4.457694353E-02,-3.594417456E-02,-3.595355246E-02
5.23,4.451561655E-02,4.452795226E-02,-3.611978777E-02,-3.613020863E-02
5.24,4.445028698E-02,4.4461987E-02,-3.630877933E-02,-3.632025611E-02
5.25,4.436910748E-02,4.438017954E-02,-3.650995885E-02,-3.652246672E-02
5.26,4.42794306E-02,4.428987479E-02,-3.671588662E-02,-3.67294068E-02
5.27,4.41956604E-02,4.420554013E-02,-3.691207886E-02,-3.692652772E-02
5.28,4.412514424E-02,4.41345989E-02,-3.70911067E-02,-3.710632299E-02
5.29,4.406789062E-02,4.407705064E-02,-3.72528731E-02,-3.726870317E-02
5.3,4.401891391E-02,4.402787449E-02,-3.740227416E-02,-3.741859909E-02
5.31,4.397338786E-02,4.398219756E-02,-3.754405322E-02,-3.756080081E-02
5.32,4.392376026E-02,4.393243363E-02,-3.768569346E-02,-3.770282597E-02
5.33,4.386833854E-02,4.387685267E-02,-3.782884062E-02,-3.78463582E-02
5.34,4.382018195E-02,4.382853642E-02,-3.796041713E-02,-3.797829747E-02
5.35,4.377512221E-02,4.378340807E-02,-3.808458046E-02,-3.810270862E-02
5.36,4.371442724E-02,4.372263899E-02,-3.822007935E-02,-3.82384361E-02
5.37,4.363713232E-02,4.364515301E-02,-3.836819067E-02,-3.838687654E-02
5.38,4.355344375E-02,4.35612343E-02,-3.851887337E-02,-3.853789284E-02
5.39,4.348080376E-02,4.348840933E-02,-3.865433183E-02,-3.867358066E-02
5.4,4.343904811E-02,4.344661894E-02,-3.875449224E-02,-3.877378001E-02
5.41,4.343542635E-02,4.344319638E-02,-3.881201074E-02,-3.883107734E-02
5.42,4.346134062E-02,4.346950152E-02,-3.883536789E-02,-3.88539992E-02
5.43,4.349541005E-02,4.35040399E-02,-3.884586944E-02,-3.886397211E-02
5.44,4.352942695E-02,4.35384691E-02,-3.885166523E-02,-3.886928463E-02
5.45,4.357081898E-02,4.358023273E-02,-3.884530166E-02,-3.886247157E-02
5.46,4.361529299E-02,4.362510993E-02,-3.883103297E-02,-3.884771673E-02
5.47,4.36570052E-02,4.366719106E-02,-3.881461908E-02,-3.883084803E-02
5.48,4.369747651E-02,4.37079822E-02,-3.879434764E-02,-3.881016884E-02
5.49,4.372140897E-02,4.373220239E-02,-3.878546174E-02,-3.88009185E-02
5.5,4.371141048E-02,4.372233196E-02,-3.880560848E-02,-3.882088585E-02
5.51,4.36731045E-02,4.368394527E-02,-3.88494378E-02,-3.886476201E-02
5.52,4.361756012E-02,4.362823378E-02,-3.890609217E-02,-3.892155697E-02
5.53,4.354858328E-02,4.355906427E-02,-3.897199381E-02,-3.898762698E-02
5.54,4.347056771E-02,4.348083444E-02,-3.904317401E-02,-3.905900024E-02
5.55,4.340676137E-02,4.341684395E-02,-3.90966535E-02,-3.911262791E-02
5.56,4.338609135E-02,4.339618732E-02,-3.910330742E-02,-3.911919644E-02
5.57,4.341525257E-02,4.342567617E-02,-3.905629725E-02,-3.907176599E-02
5.58,4.34923604E-02,4.35033515E-02,-3.89574209E-02,-3.89722214E-02
5.59,4.362460131E-02,4.363635917E-02,-3.879912407E-02,-3.881304766E-02
5.6,4.381780787E-02,4.383056868E-02,-3.857543523E-02,-3.858826249E-02
5.61,4.405198811E-02,4.40659526E-02,-3.83067621E-02,-3.831833628E-02
5.62,4.428919978E-02,4.43043582E-02,-3.803140509E-02,-3.804176467E-02
5.63,4.450404179E-02,4.452016061E-02,-3.777498159E-02,-3.778437468E-02
5.64,4.468793774E-02,4.470473754E-02,-3.754629403E-02,-3.755501076E-02
5.65,4.483680794E-02,4.485403866E-02,-3.734960961E-02,-3.735790483E-02
5.66,4.49454117E-02,4.496283751E-02,-3.719035616E-02,-3.719846843E-02
5.67,4.502402878E-02,4.504142883E-02,-3.70584306E-02,-3.706658103E-02
5.68,4.508849721E-02,4.510577276E-02,-3.693817069E-02,-3.6946457E-02
5.69,4.513068873E-02,4.514782029E-02,-3.683787394E-02,-3.68463131E-02
5.7,4.513722999E-02,4.515408098E-02,-3.677108244E-02,-3.677980763E-02
5.71,4.511175633E-02,4.512814774E-02,-3.673432864E-02,-3.674351459E-02
5.72,4.506310336E-02,4.507894341E-02,-3.671894427E-02,-3.672867776E-02
5.73,4.499744408E-02,4.501269489E-02,-3.671892097E-02,-3.672923407E-02
5.74,4.492518415E-02,4.493983975E-02,-3.672401646E-02,-3.673490878E-02
5.75,4.487261201E-02,4.488674922E-02,-3.670810394E-02,-3.67194918E-02
5.76,4.486427353E-02,4.48781311E-02,-3.664679765E-02,-3.665843503E-02
5.77,4.489646841E-02,4.49103468E-02,-3.654395633E-02,-3.655553524E-02
5.78,4.495541094E-02,4.496947023E-02,-3.641352428E-02,-3.642487694E-02
5.79,4.503468446E-02,4.504898616E-02,-3.626207716E-02,-3.627313428E-02
5.8,4.513374056E-02,4.514833496E-02,-3.609032235E-02,-3.610102571E-02
5.81,4.524705584E-02,4.526198698E-02,-3.590394124E-02,-3.591423878E-02
5.82,4.536451728E-02,4.53797829E-02,-3.571320381E-02,-3.57230897E-02
5.83,4.547478379E-02,4.549031525E-02,-3.552960668E-02,-3.553914144E-02
5.84,4.555630661E-02,4.557197711E-02,-3.537485243E-02,-3.538415479E-02
5.85,4.559099235E-02,4.560655265E-02,-3.526718622E-02,-3.527649742E-02
5.86,4.557827635E-02,4.559344289E-02,-3.52073222E-02,-3.521691798E-02
5.87,4.552381208E-02,4.553838344E-02,-3.518975408E-02,-3.519982828E-02
5.88,4.54448231E-02,4.545867054E-02,-3.519740339E-02,-3.520807747E-02
5.89,4.536919036E-02,4.538232851E-02,-3.520253225E-02,-3.52137847E-02
5.9,4.529885709E-02,4.531144184E-02,-3.520333897E-02,-3.521500738E-02
5.91,4.521828226E-02,4.523036958E-02,-3.521550435E-02,-3.522752667E-02
5.92,4.51227049E-02,4.513423372E-02,-3.524392672E-02,-3.525635838E-02
5.93,4.500765163E-02,4.501857995E-02,-3.52932142E-02,-3.530609199E-02
5.94,4.486400527E-02,4.48742556E-02,-3.537261617E-02,-3.538601286E-02
5.95,4.469369754E-02,4.470315509E-02,-3.548033036E-02,-3.549435651E-02
5.96,4.450852859E-02,4.451714251E-02,-3.560468325E-02,-3.561938601E-02
5.97,4.431359899E-02,4.432139987E-02,-3.574069849E-02,-3.575604411E-02
5.98,4.411664333E-02,4.412366678E-02,-3.588076334E-02,-3.589671361E-02
5.99,4.394052715E-02,4.394687082E-02,-3.600213167E-02,-3.601858687E-02
6,4.380741428E-02,4.381332405E-02,-3.608275736E-02,-3.609947007E-02
6.01,4.372064201E-02,4.372642284E-02,-3.611941974E-02,-3.613608398E-02
6.02,4.36679207E-02,4.367379774E-02,-3.612452332E-02,-3.614091331E-02
6.03,4.364699259E-02,4.365307964E-02,-3.61004372E-02,-3.611643881E-02
6.04,4.366291161E-02,4.366933511E-02,-3.604221466E-02,-3.60577014E-02
6.05,4.370402886E-02,4.371092854E-02,-3.596160771E-02,-3.597644015E-02
6.06,4.375637955E-02,4.376376944E-02,-3.587267974E-02,-3.588684443E-02
6.07,4.38041488E-02,4.381196976E-02,-3.579133939E-02,-3.580489644E-02
6.08,4.383020016E-02,4.383831753E-02,-3.573481286E-02,-3.574789832E-02
6.09,4.384392105E-02,4.385214639E-02,-3.56937991E-02,-3.57066032E-02
6.1,4.385961898E-02,4.38679163E-02,-3.565407368E-02,-3.566663464E-02
6.11,4.388228862E-02,4.38906969E-02,-3.561072128E-02,-3.56230027E-02
6.12,4.392399751E-02,4.393255557E-02,-3.555174947E-02,-3.556371542E-02
6.13,4.398082642E-02,4.398964414E-02,-3.54811479E-02,-3.54926917E-02
6.14,4.402588728E-02,4.403496833E-02,-3.542587037E-02,-3.543699188E-02
6.15,4.403816514E-02,4.404732127E-02,-3.540699444E-02,-3.541788582E-02
6.16,4.402816937E-02,4.403718473E-02,-3.541407157E-02,-3.542495291E-02
6.17,4.402595011E-02,4.403478193E-02,-3.541710945E-02,-3.542802798E-02
6.18,4.403019123E-02,4.403896772E-02,-3.541747649E-02,-3.542830856E-02
6.19,4.401735689E-02,4.402607401E-02,-3.543875526E-02,-3.544950959E-02
6.2,4.399890286E-02,4.400742269E-02,-3.546953454E-02,-3.548035399E-02
6.21,4.399677889E-02,4.400514895E-02,-3.548790623E-02,-3.549874838E-02
6.22,4.400258148E-02,4.401093754E-02,-3.550230838E-02,-3.551304251E-02
6.23,4.400757499E-02,4.401590676E-02,-3.552150558E-02,-3.553214714E-02
6.24,4.400446437E-02,4.401273296E-02,-3.555281953E-02,-3.556341286E-02
6.25,4.398030942E-02,4.398843919E-02,-3.560921477E-02,-3.561984104E-02
6.26,4.393513406E-02,4.394297953E-02,-3.569069075E-02,-3.570150113E-02
6.27,4.38732072E-02,4.388068748E-02,-3.579300144E-02,-3.580408246E-02
6.28,4.381029673E-02,4.381737795E-02,-3.590039953E-02,-3.591179048E-02
6.29,4.376220995E-02,4.376896968E-02,-3.599709366E-02,-3.600872203E-02
6.3,4.370879301E-02,4.371534749E-02,-3.610324508E-02,-3.611499921E-02
6.31,4.36281557E-02,4.363440042E-02,-3.624074986E-02,-3.625273874E-02
6.32,4.351916326E-02,4.352492124E-02,-3.641076144E-02,-3.642316673E-02
6.33,4.338454758E-02,4.33897175E-02,-3.661058421E-02,-3.662351154E-02
6.34,4.324141139E-02,4.324592689E-02,-3.682318337E-02,-3.683670254E-02
6.35,4.312613225E-02,4.313008885E-02,-3.701234282E-02,-3.70263611E-02
6.36,4.306854539E-02,4.307225703E-02,-3.714856587E-02,-3.716277075E-02
6.37,4.305747887E-02,4.306131248E-02,-3.724309504E-02,-3.725709934E-02
6.38,4.306140203E-02,4.306550269E-02,-3.732710252E-02,-3.734072502E-02
6.39,4.305886257E-02,4.306315982E-02,-3.742182081E-02,-3.74351144E-02
6.4,4.303395251E-02,4.303831468E-02,-3.754308518E-02,-3.75561759E-02
6.41,4.298109492E-02,4.298533707E-02,-3.769638815E-02,-3.770945693E-02
6.42,4.290172792E-02,4.290569539E-02,-3.788021149E-02,-3.789341159E-02
6.43,4.280294896E-02,4.280653889E-02,-3.808734059E-02,-3.810077391E-02
6.44,4.269919984E-02,4.270237767E-02,-3.830318625E-02,-3.831688853E-02
6.45,4.261192509E-02,4.261476945E-02,-3.85061239E-02,-3.852002063E-02
6.46,4.256309591E-02,4.256580389E-02,-3.867398248E-02,-3.868788517E-02
6.47,4.256099845E-02,4.256385299E-02,-3.879827832E-02,-3.881191807E-02
6.48,4.260256869E-02,4.260582022E-02,-3.888196385E-02,-3.889511125E-02
6.49,4.266857525E-02,4.267239121E-02,-3.894449136E-02,-3.895700388E-02
6.5,4.274201379E-02,4.274639973E-02,-3.900309569E-02,-3.901498473E-02
6.51,4.282264808E-02,4.282752906E-02,-3.905784545E-02,-3.906919009E-02
6.52,4.290243869E-02,4.29077921E-02,-3.911661154E-02,-3.912744034E-02
6.53,4.297875954E-02,4.298450394E-02,-3.918194925E-02,-3.919235396E-02
6.54,4.306409331E-02,4.307017662E-02,-3.924127116E-02,-3.925131278E-02
6.55,4.316116913E-02,4.316764619E-02,-3.929177271E-02,-3.93014072E-02
6.56,4.327212809E-02,4.327902586E-02,-3.933125692E-02,-3.934046841E-02
6.57,4.341163465E-02,4.341900589E-02,-3.934499908E-02,-3.935374457E-02
6.58,4.358763824E-02,4.359563268E-02,-3.932499704E-02,-3.933313571E-02
6.59,4.379976554E-02,4.380852293E-02,-3.927157647E-02,-3.927897624E-02
6.6,4.4046389E-02,4.405600823E-02,-3.918628642E-02,-3.919285356E-02
6.61,4.430842671E-02,4.431896835E-02,-3.90880971E-02,-3.909377482E-02
6.62,4.454760097E-02,4.455895004E-02,-3.901514821E-02,-3.902005542E-02
6.63,4.474572676E-02,4.475755991E-02,-3.898547579E-02,-3.898994121E-02
6.64,4.492684081E-02,4.493888158E-02,-3.897491363E-02,-3.897922177E-02
6.65,4.511194702E-02,4.512417722E-02,-3.896235097E-02,-3.896652988E-02
6.66,4.528335028E-02,4.529580227E-02,-3.89653752E-02,-3.896940259E-02
6.67,4.54232456E-02,4.543575751E-02,-3.900168591E-02,-3.900573389E-02
6.68,4.555168328E-02,4.556407368E-02,-3.905114586E-02,-3.905540657E-02
6.69,4.569592445E-02,4.570823939E-02,-3.908640931E-02,-3.909084672E-02
6.7,4.585319825E-02,4.586559215E-02,-3.911014057E-02,-3.911460872E-02
6.71,4.599525898E-02,4.600774639E-02,-3.91504687E-02,-3.915496122E-02
6.72,4.609861333E-02,4.611101178E-02,-3.923078873E-02,-3.923549708E-02
6.73,4.616061473E-02,4.617267679E-02,-3.935367938E-02,-3.935886041E-02
6.74,4.617914941E-02,4.619069326E-02,-3.952119762E-02,-3.952704124E-02
6.75,4.614746034E-02,4.615830264E-02,-3.974002886E-02,-3.974672405E-02
6.76,4.606661493E-02,4.60765535E-02,-4.000901086E-02,-4.001676342E-02
6.77,4.593799066E-02,4.594687736E-02,-4.032663663E-02,-4.033559687E-02
6.78,4.577176964E-02,4.577948552E-02,-4.068254273E-02,-4.069283137E-02
6.79,4.559170968E-02,4.559823839E-02,-4.105270987E-02,-4.106434596E-02
6.8,4.542702744E-02,4.543252183E-02,-4.140742057E-02,-4.142025437E-02
6.81,4.530485104E-02,4.530961505E-02,-4.171897685E-02,-4.173272065E-02
6.82,4.523469373E-02,4.523914998E-02,-4.197778995E-02,-4.199206821E-02
6.83,4.523402077E-02,4.523856711E-02,-4.216666086E-02,-4.218113045E-02
6.84,4.532998549E-02,4.533508314E-02,-4.225857601E-02,-4.227281088E-02
6.85,4.553117686E-02,4.553737956E-02,-4.224501299E-02,-4.225848202E-02
6.86,4.582250523E-02,4.583026001E-02,-4.214114143E-02,-4.215341297E-02
6.87,4.616871441E-02,4.617826997E-02,-4.198231572E-02,-4.199314899E-02
6.88,4.653550799E-02,4.654685346E-02,-4.180303251E-02,-4.181244074E-02
6.89,4.690209934E-02,4.691507064E-02,-4.162456931E-02,-4.163271733E-02
6.9,4.725362166E-02,4.72679775E-02,-4.146194728E-02,-4.146904494E-02
6.91,4.756588937E-02,4.758130633E-02,-4.133881969E-02,-4.134512818E-02
6.92,4.783110202E-02,4.784718922E-02,-4.126259026E-02,-4.126846191E-02
6.93,4.808265213E-02,4.809912479E-02,-4.119968097E-02,-4.120538085E-02
6.94,4.835077761E-02,4.836766585E-02,-4.111967486E-02,-4.112515761E-02
6.95,4.862727545E-02,4.864470222E-02,-4.103063462E-02,-4.103576764E-02
6.96,4.890456018E-02,4.892249634E-02,-4.093998795E-02,-4.094479195E-02
6.97,4.92040825E-02,4.922250871E-02,-4.082612141E-02,-4.083060995E-02
6.98,4.953476342E-02,4.955383315E-02,-4.06799096E-02,-4.068392502E-02
6.99,4.987599983E-02,4.989581859E-02,-4.052157429E-02,-4.052500699E-02
7,5.01935232E-02,5.021398781E-02,-4.038485218E-02,-4.038780829E-02
7.01,5.045259318E-02,5.047341289E-02,-4.030433387E-02,-4.030713515E-02
7.02,5.065209666E-02,5.067286362E-02,-4.028140608E-02,-4.02845055E-02
7.03,5.083785836E-02,5.085834397E-02,-4.027041309E-02,-4.02740662E-02
7.04,5.104911858E-02,5.106946311E-02,-4.023213306E-02,-4.023621229E-02
7.05,5.127669696E-02,5.129714602E-02,-4.017572071E-02,-4.017998785E-02
7.06,5.150404453E-02,5.152463711E-02,-4.011768174E-02,-4.012210256E-02
7.07,5.173508126E-02,5.175578343E-02,-4.005407657E-02,-4.005868971E-02
7.08,5.196382409E-02,5.19846682E-02,-3.999086754E-02,-3.999564373E-02
7.09,5.218490897E-02,5.220585436E-02,-3.993339385E-02,-3.993837539E-02
7.1,5.240953312E-02,5.243053927E-02,-3.987043442E-02,-3.987566232E-02
7.11,5.26345017E-02,5.265562411E-02,-3.980515756E-02,-3.98105756E-02
7.12,5.284504685E-02,5.286625767E-02,-3.975230087E-02,-3.975793507E-02
7.13,5.304669092E-02,5.306788705E-02,-3.970631655E-02,-3.971226755E-02
7.14,5.325166339E-02,5.327284839E-02,-3.965495078E-02,-3.966121168E-02
7.15,5.345190272E-02,5.347312974E-02,-3.960623687E-02,-3.961275021E-02
7.16,5.364254774E-02,5.366377135E-02,-3.956500778E-02,-3.957181405E-02
7.17,5.383082826E-02,5.385201185E-02,-3.952400886E-02,-3.953113923E-02
7.18,5.401296637E-02,5.403413656E-02,-3.948699315E-02,-3.949441499E-02
7.19,5.417689478E-02,5.419800798E-02,-3.946600323E-02,-3.947375359E-02
7.2,5.432026667E-02,5.434121891E-02,-3.946336413E-02,-3.947154007E-02
7.21,5.443534363E-02,5.445605061E-02,-3.948679464E-02,-3.949547321E-02
7.22,5.45066913E-02,5.452701332E-02,-3.955171082E-02,-3.9561024E-02
7.23,5.454097297E-02,5.456070709E-02,-3.96514338E-02,-3.96615765E-02
7.24,5.45428635E-02,5.45619245E-02,-3.978127462E-02,-3.979232368E-02
7.25,5.450985179E-02,5.452816835E-02,-3.99437301E-02,-3.995574807E-02
7.26,5.444723739E-02,5.446471393E-02,-4.013348754E-02,-4.014656101E-02
7.27,5.434814869E-02,5.436474793E-02,-4.035740684E-02,-4.037156393E-02
7.28,5.420560525E-02,5.422121223E-02,-4.062245836E-02,-4.063780475E-02
7.29,5.402739077E-02,5.404188666E-02,-4.092085164E-02,-4.093749683E-02
7.3,5.38218042E-02,5.383516389E-02,-4.124428344E-02,-4.126224312E-02
7.31,5.359967278E-02,5.361190987E-02,-4.158192393E-02,-4.160117495E-02
7.32,5.338357592E-02,5.339477986E-02,-4.191119321E-02,-4.193163647E-02
7.33,5.319551512E-02,5.320591231E-02,-4.221008947E-02,-4.223148878E-02
7.34,5.304061403E-02,5.305049586E-02,-4.247348515E-02,-4.249553918E-02
7.35,5.290712502E-02,5.291671595E-02,-4.271311984E-02,-4.273559426E-02
7.36,5.278916204E-02,5.279857083E-02,-4.293487174E-02,-4.295764835E-02
7.37,5.270284288E-02,5.271217906E-02,-4.312261825E-02,-4.314557865E-02
7.38,5.264761207E-02,5.265709615E-02,-4.327690404E-02,-4.329981912E-02
7.39,5.260447234E-02,5.261423251E-02,-4.341670549E-02,-4.343943896E-02
7.4,5.258517508E-02,5.259521537E-02,-4.353025501E-02,-4.355279602E-02
7.41,5.261675645E-02,5.262725414E-02,-4.35905009E-02,-4.361266647E-02
7.42,5.270948141E-02,5.272074613E-02,-4.358714433E-02,-4.360861967E-02
7.43,5.286039257E-02,5.287268984E-02,-4.352310959E-02,-4.354362589E-02
7.44,5.306507339E-02,5.307860159E-02,-4.340281003E-02,-4.342216827E-02
7.45,5.331642165E-02,5.333132566E-02,-4.323336932E-02,-4.32514253E-02
7.46,5.359301392E-02,5.360936515E-02,-4.303624029E-02,-4.305292321E-02
7.47,5.386192628E-02,5.387962714E-02,-4.284437722E-02,-4.285978472E-02
7.48,5.410890336E-02,5.412769463E-02,-4.26720647E-02,-4.268645547E-02
7.49,5.433446556E-02,5.435411102E-02,-4.25188094E-02,-4.253241866E-02
7.5,5.452263483E-02,5.454294746E-02,-4.240061459E-02,-4.241362802E-02
7.51,5.466115141E-02,5.4681836E-02,-4.232976462E-02,-4.234247591E-02
7.52,5.474687136E-02,5.476762857E-02,-4.230942748E-02,-4.232213441E-02
7.53,5.477603694E-02,5.479660916E-02,-4.234338442E-02,-4.235634298E-02
7.54,5.476911347E-02,5.478926252E-02,-4.241119304E-02,-4.242463987E-02
7.55,5.475523068E-02,5.477492656E-02,-4.248374643E-02,-4.249770998E-02
7.56,5.473618073E-02,5.475552968E-02,-4.255927608E-02,-4.257364873E-02
7.57,5.469034206E-02,5.470934005E-02,-4.265942816E-02,-4.267421268E-02
7.58,5.461157331E-02,5.463007017E-02,-4.279036816E-02,-4.280571345E-02
7.59,5.451343325E-02,5.45313216E-02,-4.293856012E-02,-4.295457235E-02
7.6,5.43960986E-02,5.44133837E-02,-4.310384982E-02,-4.312052267E-02
7.61,5.425625264E-02,5.427288799E-02,-4.328957624E-02,-4.330695527E-02
7.62,5.410753518E-02,5.412347622E-02,-4.34821202E-02,-4.350024919E-02
7.63,5.396945817E-02,5.398478823E-02,-4.366198946E-02,-4.368078448E-02
7.64,5.386005104E-02,5.3874948E-02,-4.381117591E-02,-4.383045885E-02
7.65,5.378921557E-02,5.380391807E-02,-4.391980347E-02,-4.393933575E-02
7.66,5.374861842E-02,5.376335098E-02,-4.399623736E-02,-4.401579474E-02
7.67,5.371991427E-02,5.373477471E-02,-4.405885848E-02,-4.40783433E-02
7.68,5.368486478E-02,5.369982334E-02,-4.412593848E-02,-4.414538025E-02
7.69,5.362960411E-02,5.364454775E-02,-4.421137051E-02,-4.423088163E-02
7.7,5.353905901E-02,5.355382267E-02,-4.433024813E-02,-4.43499928E-02
7.71,5.341993892E-02,5.343432266E-02,-4.447587265E-02,-4.449605001E-02
7.72,5.328674338E-02,5.330066576E-02,-4.463374515E-02,-4.465443617E-02
7.73,5.314144613E-02,5.315492444E-02,-4.480188417E-02,-4.482307196E-02
7.74,5.299658577E-02,5.300961243E-02,-4.496772457E-02,-4.498941795E-02
7.75,5.284709687E-02,5.285975596E-02,-4.51362599E-02,-4.515837692E-02
7.76,5.267910008E-02,5.26913783E-02,-4.532097623E-02,-4.534352872E-02
7.77,5.250195323E-02,5.251378798E-02,-4.55122382E-02,-4.553530683E-02
7.78,5.2332057E-02,5.23435584E-02,-4.569403259E-02,-4.571755339E-02
7.79,5.21784826E-02,5.218981356E-02,-4.585772213E-02,-4.588156391E-02
7.8,5.203703899E-02,5.20483483E-02,-4.600778512E-02,-4.603181034E-02
7.81,5.191387103E-02,5.192524551E-02,-4.613858915E-02,-4.616271838E-02
7.82,5.182319204E-02,5.183477198E-02,-4.623617157E-02,-4.626024423E-02
7.83,5.175741728E-02,5.176940027E-02,-4.630781883E-02,-4.633159276E-02
7.84,5.171588048E-02,5.172834271E-02,-4.635402443E-02,-4.637739713E-02
7.85,5.170887458E-02,5.172191924E-02,-4.636449235E-02,-4.638734749E-02
7.86,5.172359894E-02,5.173737633E-02,-4.635197511E-02,-4.637414959E-02
7.87,5.173675844E-02,5.175125208E-02,-4.633973878E-02,-4.636124053E-02
7.88,5.173519582E-02,5.175026657E-02,-4.634093377E-02,-4.636189584E-02
7.89,5.172415158E-02,5.173965688E-02,-4.635035421E-02,-4.637091532E-02
7.9,5.171930341E-02,5.173519511E-02,-4.635236049E-02,-4.637256425E-02
7.91,5.173211623E-02,5.174845603E-02,-4.633550329E-02,-4.635528203E-02
7.92,5.177897043E-02,5.179586202E-02,-4.628338864E-02,-4.630263197E-02
7.93,5.186888448E-02,5.18865128E-02,-4.618695923E-02,-4.620547616E-02
7.94,5.198294313E-02,5.200146913E-02,-4.606504089E-02,-4.608266548E-02
7.95,5.209218419E-02,5.211156463E-02,-4.594638652E-02,-4.596315894E-02
7.96,5.218860899E-02,5.220866134E-02,-4.583874898E-02,-4.58548558E-02
7.97,5.22814735E-02,5.230206516E-02,-4.573288673E-02,-4.574848088E-02
7.98,5.237100317E-02,5.239209226E-02,-4.562878225E-02,-4.564393154E-02
7.99,5.245084997E-02,5.247236378E-02,-4.553291957E-02,-4.554771248E-02
8,5.252607373E-02,5.254791364E-02,-4.544032694E-02,-4.545487137E-02
8.01,5.259466798E-02,5.261679548E-02,-4.535308836E-02,-4.536742853E-02
8.02,5.26430376E-02,5.266537155E-02,-4.528485499E-02,-4.529907437E-02
8.03,5.26643889E-02,5.268675973E-02,-4.524246974E-02,-4.52567385E-02
8.04,5.267234593E-02,5.269461563E-02,-4.521234622E-02,-4.522680124E-02
8.05,5.269606649E-02,5.27182442E-02,-4.516535687E-02,-4.517998693E-02
8.06,5.272796881E-02,5.275021136E-02,-4.510910781E-02,-4.512375323E-02
8.07,5.273196652E-02,5.275424391E-02,-4.507970464E-02,-4.509439204E-02
8.08,5.269569595E-02,5.271774687E-02,-4.508953014E-02,-4.510451717E-02
8.09,5.262059017E-02,5.264221038E-02,-4.513717776E-02,-4.515266486E-02
8.1,5.248489203E-02,5.250590001E-02,-4.524446059E-02,-4.526062553E-02
8.11,5.227236628E-02,5.229243502E-02,-4.542778374E-02,-4.544495062E-02
8.12,5.201817523E-02,5.203700614E-02,-4.565266174E-02,-4.567113673E-02
8.13,5.175599952E-02,5.177364466E-02,-4.588576659E-02,-4.590546865E-02
8.14,5.149818846E-02,5.151482529E-02,-4.61141851E-02,-4.613486485E-02
8.15,5.12673427E-02,5.12831402E-02,-4.631500012E-02,-4.633644945E-02
8.16,5.107156172E-02,5.108681616E-02,-4.64800742E-02,-4.650197898E-02
8.17,5.091825323E-02,5.093321603E-02,-4.660190528E-02,-4.662399675E-02
8.18,5.081998476E-02,5.083492128E-02,-4.666787742E-02,-4.668987942E-02
8.19,5.07767154E-02,5.079193854E-02,-4.667797157E-02,-4.669956168E-02
8.2,5.078881404E-02,5.080455476E-02,-4.663177314E-02,-4.665271384E-02
8.21,5.084940138E-02,5.086587716E-02,-4.653611507E-02,-4.655618383E-02
8.22,5.095882161E-02,5.097618006E-02,-4.639061357E-02,-4.640965969E-02
8.23,5.112477583E-02,5.114317802E-02,-4.618752716E-02,-4.620538785E-02
8.24,5.132128641E-02,5.134090957E-02,-4.595279212E-02,-4.596928993E-02
8.25,5.148862353E-02,5.150935927E-02,-4.574609497E-02,-4.576133949E-02
8.26,5.15760378E-02,5.159742052E-02,-4.561815712E-02,-4.563261717E-02
8.27,5.155333568E-02,5.157474312E-02,-4.5599175E-02,-4.561347784E-02
8.28,5.140683491E-02,5.142762678E-02,-4.570286696E-02,-4.571765843E-02
8.29,5.1163157E-02,5.118277196E-02,-4.590265638E-02,-4.591850202E-02
8.3,5.087285379E-02,5.089106244E-02,-4.614801206E-02,-4.616514288E-02
8.31,5.057239604E-02,5.058929505E-02,-4.640244972E-02,-4.642076874E-02
8.32,5.029075117E-02,5.030655678E-02,-4.663697504E-02,-4.665626585E-02
8.33,5.004835226E-02,5.006338315E-02,-4.683112891E-02,-4.685107363E-02
8.34,4.984257223E-02,4.985716675E-02,-4.698751416E-02,-4.700777621E-02
8.35,4.966661967E-02,4.968099376E-02,-4.711290029E-02,-4.713326637E-02
8.36,4.950876772E-02,4.952306602E-02,-4.721899547E-02,-4.723932427E-02
8.37,4.934604292E-02,4.936030988E-02,-4.732875657E-02,-4.734900746E-02
8.38,4.916554632E-02,4.917967806E-02,-4.745506863E-02,-4.747534967E-02
8.39,4.895975834E-02,4.897363691E-02,-4.760543958E-02,-4.762587308E-02
8.4,4.872867552E-02,4.874217601E-02,-4.777986223E-02,-4.780057751E-02
8.41,4.849651477E-02,4.850956774E-02,-4.79541093E-02,-4.797518013E-02
8.42,4.828125941E-02,4.829398893E-02,-4.811018622E-02,-4.813149277E-02
8.43,4.807994515E-02,4.809250772E-02,-4.825104479E-02,-4.827243465E-02
8.44,4.789779396E-02,4.791026769E-02,-4.837145076E-02,-4.839284993E-02
8.45,4.773350092E-02,4.774600733E-02,-4.847269748E-02,-4.849398845E-02
8.46,4.757787084E-02,4.759048217E-02,-4.856396882E-02,-4.858508329E-02
8.47,4.745124608E-02,4.746398684E-02,-4.862491179E-02,-4.864582905E-02
8.48,4.7370816E-02,4.738389765E-02,-4.86383265E-02,-4.865883873E-02
8.49,4.73251602E-02,4.733881196E-02,-4.861562209E-02,-4.863550352E-02
8.5,4.73103087E-02,4.73246069E-02,-4.856075771E-02,-4.857993526E-02
8.51,4.732173449E-02,4.733676495E-02,-4.84782503E-02,-4.84966413E-02
8.52,4.734330416E-02,4.735910212E-02,-4.838422371E-02,-4.840179581E-02
8.53,4.73619835E-02,4.737846655E-02,-4.829170331E-02,-4.830854162E-02
8.54,4.738168729E-02,4.739875623E-02,-4.819676654E-02,-4.821297273E-02
8.55,4.740245761E-02,4.742007713E-02,-4.8099364E-02,-4.811497557E-02
8.56,4.739889431E-02,4.741699862E-02,-4.802488877E-02,-4.80399734E-02
8.57,4.736500983E-02,4.738336099E-02,-4.797932237E-02,-4.799411961E-02
8.58,4.732926551E-02,4.734771958E-02,-4.793419854E-02,-4.794885366E-02
8.59,4.73165177E-02,4.733517606E-02,-4.786465573E-02,-4.787906833E-02
8.6,4.733249508E-02,4.73515283E-02,-4.776495916E-02,-4.77789593E-02
8.61,4.737119267E-02,4.739072817E-02,-4.764110751E-02,-4.765456817E-02
8.62,4.741892102E-02,4.743900578E-02,-4.750678455E-02,-4.751965891E-02
8.63,4.746659898E-02,4.748719091E-02,-4.737106657E-02,-4.738339668E-02
8.64,4.751052146E-02,4.753155198E-02,-4.723765475E-02,-4.7249509E-02
8.65,4.753771284E-02,4.75591069E-02,-4.71195216E-02,-4.71309746E-02
8.66,4.753369071E-02,4.755528344E-02,-4.703114735E-02,-4.704236335E-02
8.67,4.74991017E-02,4.752068828E-02,-4.697188451E-02,-4.698306748E-02
8.68,4.743853742E-02,4.7459982E-02,-4.693714152E-02,-4.694842627E-02
8.69,4.734147705E-02,4.736266937E-02,-4.693743978E-02,-4.694893526E-02
8.7,4.719819345E-02,4.721893937E-02,-4.698250776E-02,-4.699440662E-02
8.71,4.70206894E-02,4.704079402E-02,-4.706034516E-02,-4.70728406E-02
8.72,4.683467321E-02,4.685409474E-02,-4.71452466E-02,-4.715837848E-02
8.73,4.66635421E-02,4.668239729E-02,-4.721381749E-02,-4.722746696E-02
8.74,4.652435976E-02,4.654285621E-02,-4.724899653E-02,-4.726295376E-02
8.75,4.643368287E-02,4.645207649E-02,-4.723422961E-02,-4.724823632E-02
8.76,4.640453993E-02,4.642313921E-02,-4.715649106E-02,-4.717023637E-02
8.77,4.643449744E-02,4.645361779E-02,-4.701821759E-02,-4.703138372E-02
8.78,4.651729045E-02,4.653715691E-02,-4.682567802E-02,-4.683803756E-02
8.79,4.665509425E-02,4.667587965E-02,-4.657670186E-02,-4.658807965E-02
8.8,4.682848974E-02,4.68503631E-02,-4.629071374E-02,-4.630093852E-02
8.81,4.701270205E-02,4.703565239E-02,-4.599249505E-02,-4.600157559E-02
8.82,4.721876591E-02,4.724268654E-02,-4.56710191E-02,-4.567906E-02
8.83,4.744940226E-02,4.747435277E-02,-4.532357402E-02,-4.533051364E-02
8.84,4.768232045E-02,4.770830804E-02,-4.497245983E-02,-4.497828897E-02
8.85,4.78980683E-02,4.792492408E-02,-4.463713931E-02,-4.464202495E-02
8.86,4.809483993E-02,4.812236195E-02,-4.431943088E-02,-4.43235732E-02
8.87,4.829372311E-02,4.832178183E-02,-4.399826083E-02,-4.400178765E-02
8.88,4.849685253E-02,4.852548113E-02,-4.367150883E-02,-4.367438527E-02
8.89,4.869076235E-02,4.871993138E-02,-4.33526551E-02,-4.335490897E-02
8.9,4.887099744E-02,4.890057887E-02,-4.304617037E-02,-4.304792815E-02
8.91,4.902425453E-02,4.905414059E-02,-4.276537508E-02,-4.276674316E-02
8.92,4.913391521E-02,4.916389739E-02,-4.252690665E-02,-4.252809223E-02
8.93,4.919972722E-02,4.922954819E-02,-4.233103955E-02,-4.23322988E-02
8.94,4.923843431E-02,4.926792479E-02,-4.216105524E-02,-4.216255628E-02
8.95,4.927530277E-02,4.930444278E-02,-4.199171328E-02,-4.199347482E-02
8.96,4.931710957E-02,4.934600842E-02,-4.181626106E-02,-4.181817235E-02
8.97,4.93410137E-02,4.936972073E-02,-4.165756275E-02,-4.165957299E-02
8.98,4.934277281E-02,4.93711577E-02,-4.151988636E-02,-4.152212455E-02
8.99,4.93422425E-02,4.937024641E-02,-4.138340547E-02,-4.138592922E-02
9,4.935184046E-02,4.937956444E-02,-4.123573091E-02,-4.123843785E-02
9.01,4.935786944E-02,4.93854008E-02,-4.109058612E-02,-4.109338757E-02
9.02,4.932776553E-02,4.935503541E-02,-4.098056256E-02,-4.098352611E-02
9.03,4.924686867E-02,4.927361583E-02,-4.092035431E-02,-4.09237402E-02
9.04,4.911516182E-02,4.914114625E-02,-4.091001965E-02,-4.091406697E-02
9.05,4.892040502E-02,4.894543006E-02,-4.096184241E-02,-4.096674656E-02
9.06,4.864989216E-02,4.867367899E-02,-4.108857368E-02,-4.109461179E-02
9.07,4.83229828E-02,4.834525895E-02,-4.127089979E-02,-4.127834224E-02
9.08,4.798185655E-02,4.800258526E-02,-4.146668316E-02,-4.147556406E-02
9.09,4.764906555E-02,4.766846043E-02,-4.165340651E-02,-4.166350913E-02
9.1,4.732583861E-02,4.734412212E-02,-4.182987252E-02,-4.184097132E-02
9.11,4.702750991E-02,4.704485219E-02,-4.198077968E-02,-4.199270169E-02
9.12,4.677024086E-02,4.678691374E-02,-4.20900002E-02,-4.210247103E-02
9.13,4.657125335E-02,4.658758117E-02,-4.214034538E-02,-4.215303833E-02
9.14,4.645254571E-02,4.646890564E-02,-4.210984988E-02,-4.212238568E-02
9.15,4.639410005E-02,4.64109218E-02,-4.201856413E-02,-4.203051121E-02
9.16,4.636724366E-02,4.638468146E-02,-4.189519389E-02,-4.19063965E-02
9.17,4.637187642E-02,4.638994092E-02,-4.17398746E-02,-4.175032095E-02
9.18,4.640065265E-02,4.641943633E-02,-4.155998848E-02,-4.156958521E-02
9.19,4.643309523E-02,4.645259071E-02,-4.137604945E-02,-4.138480326E-02
9.2,4.644546269E-02,4.646553394E-02,-4.121183732E-02,-4.121988387E-02
9.21,4.643260689E-02,4.645303278E-02,-4.107254139E-02,-4.108010163E-02
9.22,4.641411131E-02,4.64347402E-02,-4.09386216E-02,-4.094584715E-02
9.23,4.639109001E-02,4.641193623E-02,-4.080900723E-02,-4.081588378E-02
9.24,4.6351061E-02,4.637207117E-02,-4.069622306E-02,-4.070280398E-02
9.25,4.629948159E-02,4.632053382E-02,-4.059485608E-02,-4.060126344E-02
9.26,4.624355091E-02,4.626462312E-02,-4.049775269E-02,-4.050400875E-02
9.27,4.618023786E-02,4.620132776E-02,-4.040798882E-02,-4.041409607E-02
9.28,4.609958051E-02,4.612063516E-02,-4.033557151E-02,-4.034158314E-02
9.29,4.600275256E-02,4.602367335E-02,-4.027937374E-02,-4.028538867E-02
9.3,4.591428974E-02,4.593504424E-02,-4.021490749E-02,-4.022095852E-02
9.31,4.583488436E-02,4.585560355E-02,-4.014152621E-02,-4.014748261E-02
9.32,4.57455449E-02,4.57662577E-02,-4.007826512E-02,-4.008409823E-02
9.33,4.564947173E-02,4.567007755E-02,-4.002196964E-02,-4.002778048E-02
9.34,4.554265256E-02,4.556314255E-02,-3.997669957E-02,-3.998249752E-02
9.35,4.541347219E-02,4.543377329E-02,-3.995411745E-02,-3.995997612E-02
9.36,4.526551846E-02,4.528550053E-02,-3.995068475E-02,-3.995673483E-02
9.37,4.509560803E-02,4.5115216E-02,-3.996963516E-02,-3.997593224E-02
9.38,4.490842192E-02,4.492756758E-02,-4.00063377E-02,-4.001297037E-02
9.39,4.472850772E-02,4.474717932E-02,-4.003629462E-02,-4.004327489E-02
9.4,4.454923566E-02,4.456756966E-02,-4.006618262E-02,-4.007337413E-02
9.41,4.434796074E-02,4.436593332E-02,-4.01186918E-02,-4.012611842E-02
9.42,4.413921737E-02,4.415669428E-02,-4.017933575E-02,-4.018713196E-02
9.43,4.394739828E-02,4.396445356E-02,-4.022376996E-02,-4.02318619E-02
9.44,4.377933459E-02,4.379614676E-02,-4.02452073E-02,-4.025341647E-02
9.45,4.36390062E-02,4.365571755E-02,-4.023970938E-02,-4.024789356E-02
9.46,4.35330923E-02,4.354985734E-02,-4.020063792E-02,-4.020864287E-02
9.47,4.345294981E-02,4.346992661E-02,-4.013667565E-02,-4.01443437E-02
9.48,4.337462059E-02,4.33918487E-02,-4.007181989E-02,-4.007911216E-02
9.49,4.328670161E-02,4.330406893E-02,-4.001751484E-02,-4.002454436E-02
9.5,4.317999182E-02,4.319738094E-02,-3.998300516E-02,-3.998989053E-02
9.51,4.304516975E-02,4.306243206E-02,-3.997765732E-02,-3.998454836E-02
9.52,4.291119379E-02,4.29281855E-02,-3.997255927E-02,-3.997960098E-02
9.53,4.281696777E-02,4.283382869E-02,-3.992885137E-02,-3.9935905E-02
9.54,4.276883805E-02,4.278587507E-02,-3.984022469E-02,-3.984698419E-02
9.55,4.277315535E-02,4.279058267E-02,-3.970036142E-02,-3.970661349E-02
9.56,4.283438563E-02,4.285244138E-02,-3.95048263E-02,-3.951033407E-02
9.57,4.292691653E-02,4.294579872E-02,-3.927925821E-02,-3.928382527E-02
9.58,4.301362983E-02,4.303328283E-02,-3.906079947E-02,-3.906448355E-02
9.59,4.307291526E-02,4.309310116E-02,-3.887108749E-02,-3.887412933E-02
9.6,4.310614468E-02,4.312660562E-02,-3.870878345E-02,-3.871144437E-02
9.61,4.31216399E-02,4.314221565E-02,-3.856560267E-02,-3.856804667E-02
9.62,4.312478012E-02,4.314538328E-02,-3.843620317E-02,-3.843852145E-02
9.63,4.311878198E-02,4.313935041E-02,-3.831740433E-02,-3.831966276E-02
9.64,4.309292919E-02,4.311340777E-02,-3.821995761E-02,-3.822221503E-02
9.65,4.303088014E-02,4.305111922E-02,-3.81602442E-02,-3.816265409E-02
9.66,4.29378661E-02,4.295765751E-02,-3.813308598E-02,-3.81358605E-02
9.67,4.282983285E-02,4.284908754E-02,-3.812259767E-02,-3.812582933E-02
9.68,4.27184723E-02,4.273720934E-02,-3.811713833E-02,-3.812081021E-02
9.69,4.260956806E-02,4.262784041E-02,-3.811096333E-02,-3.811502358E-02
9.7,4.249813414E-02,4.251599806E-02,-3.810909178E-02,-3.811348488E-02
9.71,4.237140863E-02,4.238884723E-02,-3.812431854E-02,-3.812906209E-02
9.72,4.221523282E-02,4.223214554E-02,-3.817084087E-02,-3.817603626E-02
9.73,4.202865825E-02,4.204489316E-02,-3.82496519E-02,-3.825545178E-02
9.74,4.18309382E-02,4.184640952E-02,-3.834154226E-02,-3.834803251E-02
9.75,4.16445127E-02,4.165929814E-02,-3.842410468E-02,-3.843120684E-02
9.76,4.148402795E-02,4.149830626E-02,-3.848271303E-02,-3.849024708E-02
9.77,4.136476509E-02,4.137875221E-02,-3.850210003E-02,-3.850984892E-02
9.78,4.131136086E-02,4.132534376E-02,-3.845763926E-02,-3.846531536E-02
9.79,4.134131418E-02,4.135569119E-02,-3.833183538E-02,-3.833904014E-02
9.8,4.14374384E-02,4.14525969E-02,-3.814186887E-02,-3.814821531E-02
9.81,4.156312289E-02,4.157921035E-02,-3.792433602E-02,-3.7929678E-02
9.82,4.169300758E-02,4.170993811E-02,-3.770457822E-02,-3.77090043E-02
9.83,4.181822222E-02,4.183584434E-02,-3.749144123E-02,-3.749510695E-02
9.84,4.193125292E-02,4.19494237E-02,-3.72923978E-02,-3.729545146E-02
9.85,4.202081272E-02,4.203936652E-02,-3.711864948E-02,-3.712126319E-02
9.86,4.20902083E-02,4.210894652E-02,-3.696631125E-02,-3.696868935E-02
9.87,4.215336756E-02,4.217218441E-02,-3.68212251E-02,-3.682351017E-02
9.88,4.220306056E-02,4.222193549E-02,-3.669130854E-02,-3.669357979E-02
9.89,4.221770143E-02,4.223650344E-02,-3.65984671E-02,-3.660087657E-02
9.9,4.219003615E-02,4.220851939E-02,-3.654998486E-02,-3.655278233E-02
9.91,4.213070266E-02,4.21486727E-02,-3.65353136E-02,-3.653869866E-02
9.92,4.206948655E-02,4.208688576E-02,-3.652469162E-02,-3.652872175E-02
9.93,4.202657001E-02,4.204353777E-02,-3.649798542E-02,-3.650252226E-02
9.94,4.1987922E-02,4.20046261E-02,-3.646924987E-02,-3.647412478E-02
9.95,4.193028154E-02,4.194669406E-02,-3.646176562E-02,-3.64670055E-02
9.96,4.184408777E-02,4.186006609E-02,-3.648511967E-02,-3.649086609E-02
9.97,4.173566812E-02,4.175108599E-02,-3.653303197E-02,-3.653941009E-02
9.98,4.162362292E-02,4.163845046E-02,-3.658697873E-02,-3.659401649E-02
9.99,4.152258634E-02,4.153692023E-02,-3.663246364E-02,-3.664006103E-02
10,4.141484386E-02,4.142879875E-02,-3.668744666E-02,-3.669548455E-02
10.01,4.127743727E-02,4.129093575E-02,-3.677503196E-02,-3.678357112E-02
10.02,4.112714721E-02,4.114003526E-02,-3.687835127E-02,-3.688751587E-02
10.03,4.098562393E-02,4.099796644E-02,-3.697563912E-02,-3.698533821E-02
10.04,4.085557347E-02,4.086751844E-02,-3.706408193E-02,-3.707414684E-02
10.05,4.073685512E-02,4.074849264E-02,-3.714373412E-02,-3.715405938E-02
10.06,4.062990893E-02,4.064132695E-02,-3.721410754E-02,-3.722459483E-02
10.07,4.054217956E-02,4.055346124E-02,-3.72677121E-02,-3.72782699E-02
10.08,4.048009789E-02,4.049137391E-02,-3.729807581E-02,-3.730856701E-02
10.09,4.044671912E-02,4.045813411E-02,-3.730210005E-02,-3.731237494E-02
10.1,4.042629233E-02,4.043795762E-02,-3.729549345E-02,-3.730543721E-02
10.11,4.037032057E-02,4.038217795E-02,-3.732671704E-02,-3.733638592E-02
10.12,4.024929549E-02,4.02609759E-02,-3.742526683E-02,-3.743502976E-02
10.13,4.006962692E-02,4.008074927E-02,-3.758474571E-02,-3.759498449E-02
10.14,3.984388851E-02,3.985424637E-02,-3.779258819E-02,-3.780350913E-02
10.15,3.959739615E-02,3.960688459E-02,-3.802346553E-02,-3.803517222E-02
10.16,3.935295332E-02,3.936164761E-02,-3.825454792E-02,-3.826696367E-02
10.17,3.912067433E-02,3.912873849E-02,-3.847568822E-02,-3.848864825E-02
10.18,3.891146841E-02,3.89190597E-02,-3.867594446E-02,-3.868929178E-02
10.19,3.872849037E-02,3.873580875E-02,-3.88521309E-02,-3.886566691E-02
10.2,3.855647552E-02,3.856366606E-02,-3.901948212E-02,-3.903306402E-02
10.21,3.836689621E-02,3.837394831E-02,-3.920649817E-02,-3.92201397E-02
10.22,3.814866046E-02,3.815540676E-02,-3.94242472E-02,-3.943811959E-02
10.23,3.790198219E-02,3.790827339E-02,-3.967249369E-02,-3.96867506E-02
10.24,3.762767438E-02,3.763340934E-02,-3.995040265E-02,-3.996514985E-02
10.25,3.733546141E-02,3.734055329E-02,-4.024822689E-02,-4.026355608E-02
10.26,3.704178324E-02,3.704624673E-02,-4.054950281E-02,-4.056540439E-02
10.27,3.677302704E-02,3.677697868E-02,-4.082781838E-02,-4.084418109E-02
10.28,3.6558641E-02,3.656235064E-02,-4.105369922E-02,-4.107025874E-02
10.29,3.642977686E-02,3.643364495E-02,-4.119596626E-02,-4.121232782E-02
10.3,3.639631661E-02,3.640083763E-02,-4.124470906E-02,-4.126038416E-02
10.31,3.642790089E-02,3.643347425E-02,-4.123025811E-02,-4.12448535E-02
10.32,3.648341118E-02,3.649011897E-02,-4.119370379E-02,-4.120714381E-02
10.33,3.654930203E-02,3.65570268E-02,-4.114856521E-02,-4.11609739E-02
10.34,3.664181183E-02,3.665048434E-02,-4.10785787E-02,-4.109003196E-02
10.35,3.675321113E-02,3.676290042E-02,-4.099144798E-02,-4.100188336E-02
10.36,3.684269602E-02,3.685332389E-02,-4.092795079E-02,-4.093745297E-02
10.37,3.69057661E-02,3.691701352E-02,-4.089256267E-02,-4.09014571E-02
10.38,3.697309064E-02,3.698479975E-02,-4.085459066E-02,-4.086304146E-02
10.39,3.705536173E-02,3.70676094E-02,-4.08033178E-02,-4.081125406E-02
10.4,3.714961341E-02,3.716244147E-02,-4.07416836E-02,-4.074906917E-02
10.41,3.72599072E-02,3.727332401E-02,-4.066559975E-02,-4.067243172E-02
10.42,3.739000505E-02,3.740406132E-02,-4.057127715E-02,-4.057751003E-02
10.43,3.753688595E-02,3.755162971E-02,-4.046170891E-02,-4.046729964E-02
10.44,3.767711635E-02,3.769253551E-02,-4.036030023E-02,-4.036526563E-02
10.45,3.776951674E-02,3.778540915E-02,-4.030820283E-02,-4.031274955E-02
10.46,3.779528172E-02,3.781123392E-02,-4.032419638E-02,-4.032874219E-02
10.47,3.776554441E-02,3.7781186E-02,-4.039712402E-02,-4.040204332E-02
10.48,3.770076494E-02,3.771590441E-02,-4.050650166E-02,-4.051198946E-02
10.49,3.762392268E-02,3.763850807E-02,-4.062932405E-02,-4.063543531E-02
10.5,3.754104336E-02,3.755513653E-02,-4.075953758E-02,-4.076621302E-02
10.51,3.744830863E-02,3.746193817E-02,-4.090093151E-02,-4.090814474E-02
10.52,3.736576061E-02,3.737893004E-02,-4.103343427E-02,-4.104118373E-02
10.53,3.7303422E-02,3.731629172E-02,-4.1146993E-02,-4.115511993E-02
10.54,3.722741641E-02,3.724009616E-02,-4.127545284E-02,-4.128384893E-02
10.55,3.711445712E-02,3.712676293E-02,-4.144206974E-02,-4.14509202E-02
10.56,3.697611872E-02,3.698784766E-02,-4.163523934E-02,-4.164474814E-02
10.57,3.68221904E-02,3.683330594E-02,-4.184514233E-02,-4.185534681E-02
10.58,3.66735061E-02,3.668401664E-02,-4.205091367E-02,-4.2061806E-02
10.59,3.657045801E-02,3.658053368E-02,-4.221212945E-02,-4.222353985E-02
10.6,3.653765989E-02,3.654769811E-02,-4.230414325E-02,-4.231567448E-02
10.61,3.656359487E-02,3.65739833E-02,-4.233843858E-02,-4.234970305E-02
10.62,3.660800214E-02,3.661891174E-02,-4.235524304E-02,-4.236606981E-02
10.63,3.663679159E-02,3.664810889E-02,-4.238861444E-02,-4.239911693E-02
10.64,3.66282381E-02,3.663972085E-02,-4.246024641E-02,-4.247066681E-02
10.65,3.655725452E-02,3.656860569E-02,-4.259519531E-02,-4.260583043E-02
10.66,3.642748846E-02,3.643833013E-02,-4.278978304E-02,-4.280101053E-02
10.67,3.62786612E-02,3.628879667E-02,-4.3004258E-02,-4.301627414E-02
10.68,3.614850209E-02,3.61580507E-02,-4.320085997E-02,-4.321354488E-02
10.69,3.606168737E-02,3.607091608E-02,-4.335488127E-02,-4.336796737E-02
10.7,3.602000903E-02,3.602923031E-02,-4.346449842E-02,-4.347767259E-02
10.71,3.601024521E-02,3.60196769E-02,-4.354290205E-02,-4.355594575E-02
10.72,3.603172248E-02,3.604146417E-02,-4.359073477E-02,-4.360354777E-02
10.73,3.609278937E-02,3.610297861E-02,-4.359961771E-02,-4.361206179E-02
10.74,3.618863764E-02,3.619944247E-02,-4.357432906E-02,-4.358623548E-02
10.75,3.629865536E-02,3.631015062E-02,-4.353545104E-02,-4.35467443E-02
10.76,3.639461816E-02,3.640672194E-02,-4.351117886E-02,-4.352194021E-02
10.77,3.645035687E-02,3.646284112E-02,-4.352765308E-02,-4.353810991E-02
10.78,3.646283083E-02,3.647538939E-02,-4.358788623E-02,-4.359834402E-02
10.79,3.644201043E-02,3.64544297E-02,-4.368188015E-02,-4.369255182E-02
10.8,3.63844646E-02,3.639662236E-02,-4.381303839E-02,-4.382404546E-02
10.81,3.628311267E-02,3.629483658E-02,-4.398841438E-02,-4.399992852E-02
10.82,3.615151044E-02,3.616263103E-02,-4.419442544E-02,-4.420661543E-02
10.83,3.600628004E-02,3.601677063E-02,-4.441442286E-02,-4.442731471E-02
10.84,3.585317908E-02,3.586309061E-02,-4.464262283E-02,-4.465616494E-02
10.85,3.571271847E-02,3.572210697E-02,-4.485848867E-02,-4.487262436E-02
10.86,3.560936698E-02,3.56184368E-02,-4.50375263E-02,-4.505205062E-02
10.87,3.554653931E-02,3.555557971E-02,-4.51762963E-02,-4.519091939E-02
10.88,3.55287956E-02,3.553802189E-02,-4.527021434E-02,-4.528472032E-02
10.89,3.556674182E-02,3.557638904E-02,-4.530865087E-02,-4.532280413E-02
10.9,3.565004558E-02,3.566037133E-02,-4.530191529E-02,-4.531545767E-02
10.91,3.575929203E-02,3.577040392E-02,-4.526940004E-02,-4.528222338E-02
10.92,3.588455401E-02,3.589644437E-02,-4.522101041E-02,-4.523312179E-02
10.93,3.600850005E-02,3.602113531E-02,-4.517405642E-02,-4.518548886E-02
10.94,3.611679142E-02,3.613003245E-02,-4.514285584E-02,-4.515374789E-02
10.95,3.621652604E-02,3.62302106E-02,-4.512029012E-02,-4.513080341E-02
10.96,3.632765362E-02,3.634175088E-02,-4.508638939E-02,-4.509655415E-02
10.97,3.648342031E-02,3.649804527E-02,-4.500788796E-02,-4.501758859E-02
10.98,3.669360586E-02,3.670904165E-02,-4.487498734E-02,-4.488394011E-02
10.99,3.692090209E-02,3.69373426E-02,-4.472497788E-02,-4.473298829E-02
11,3.713331944E-02,3.715062766E-02,-4.458983176E-02,-4.459703614E-02
11.01,3.73268843E-02,3.734483736E-02,-4.447350531E-02,-4.448012583E-02
11.02,3.749714824E-02,3.751559491E-02,-4.43804299E-02,-4.438661705E-02
11.03,3.763791272E-02,3.765667986E-02,-4.431678741E-02,-4.432271356E-02
11.04,3.774321128E-02,3.776211277E-02,-4.428852786E-02,-4.429437835E-02
11.05,3.780361069E-02,3.782245032E-02,-4.430506824E-02,-4.431103849E-02
11.06,3.783264753E-02,3.785121181E-02,-4.435285591E-02,-4.435915863E-02
11.07,3.784544215E-02,3.786367194E-02,-4.441675481E-02,-4.442344836E-02
11.08,3.782676546E-02,3.784465237E-02,-4.451197908E-02,-4.451907111E-02
11.09,3.777817988E-02,3.779556589E-02,-4.463695171E-02,-4.464459952E-02
11.1,3.772676743E-02,3.774360309E-02,-4.476457629E-02,-4.477282862E-02
11.11,3.768211095E-02,3.76985325E-02,-4.488525648E-02,-4.489397639E-02
11.12,3.76463186E-02,3.766242493E-02,-4.499687162E-02,-4.500595956E-02
11.13,3.761320414E-02,3.762907411E-02,-4.510559598E-02,-4.511497243E-02
11.14,3.755473178E-02,3.757036143E-02,-4.523945381E-02,-4.524912204E-02
11.15,3.746222875E-02,3.747742556E-02,-4.540710633E-02,-4.541725814E-02
11.16,3.735221272E-02,3.736684678E-02,-4.559202422E-02,-4.560278881E-02
11.17,3.723828273E-02,3.725238143E-02,-4.578059745E-02,-4.579194671E-02
11.18,3.71337817E-02,3.714741672E-02,-4.5959473E-02,-4.597133462E-02
11.19,3.70582838E-02,3.707160318E-02,-4.610906742E-02,-4.61212927E-02
11.2,3.702416944E-02,3.703741223E-02,-4.621699188E-02,-4.622934113E-02
11.21,3.701894178E-02,3.703233678E-02,-4.629573574E-02,-4.630797951E-02
11.22,3.701812096E-02,3.703173214E-02,-4.636977184E-02,-4.638184542E-02
11.23,3.700719892E-02,3.702094327E-02,-4.645360107E-02,-4.646558673E-02
11.24,3.699251139E-02,3.70062951E-02,-4.654088053E-02,-4.655287124E-02
11.25,3.69855053E-02,3.69993311E-02,-4.662015638E-02,-4.66321486E-02
11.26,3.698694958E-02,3.700088172E-02,-4.669065353E-02,-4.67025822E-02
11.27,3.700063523E-02,3.701470803E-02,-4.674857537E-02,-4.676040535E-02
11.28,3.703863024E-02,3.705291995E-02,-4.678184875E-02,-4.679350294E-02
11.29,3.711997219E-02,3.713463824E-02,-4.677143158E-02,-4.678274971E-02
11.3,3.724279188E-02,3.725806557E-02,-4.671918957E-02,-4.672993947E-02
11.31,3.737550596E-02,3.739150305E-02,-4.665670331E-02,-4.666676832E-02
11.32,3.749027501E-02,3.750686243E-02,-4.661180932E-02,-4.662132152E-02
11.33,3.758566481E-02,3.760263606E-02,-4.65859383E-02,-4.659510311E-02
11.34,3.766868615E-02,3.768592096E-02,-4.65720757E-02,-4.658101232E-02
11.35,3.772713463E-02,3.774455924E-02,-4.65824226E-02,-4.659120373E-02
11.36,3.776154336E-02,3.777899171E-02,-4.661644265E-02,-4.662523332E-02
11.37,3.778983135E-02,3.78072157E-02,-4.665621352E-02,-4.666510043E-02
11.38,3.781294686E-02,3.78303108E-02,-4.670078432E-02,-4.67097229E-02
11.39,3.781101042E-02,3.782831309E-02,-4.677003255E-02,-4.677906272E-02
11.4,3.777114185E-02,3.7788211E-02,-4.687683616E-02,-4.688612924E-02
11.41,3.770540433E-02,3.772206381E-02,-4.700912922E-02,-4.701886044E-02
11.42,3.76359304E-02,3.765215933E-02,-4.714477678E-02,-4.715496618E-02
11.43,3.758906282E-02,3.760497627E-02,-4.725743482E-02,-4.726796656E-02
11.44,3.756773595E-02,3.758355367E-02,-4.734416906E-02,-4.73548227E-02
11.45,3.754797016E-02,3.756381693E-02,-4.742896008E-02,-4.743961015E-02
11.46,3.752766419E-02,3.754347713E-02,-4.751390981E-02,-4.752461848E-02
11.47,3.750482411E-02,3.752060592E-02,-4.760101259E-02,-4.761177636E-02
11.48,3.745940779E-02,3.747512211E-02,-4.771031115E-02,-4.772116567E-02
11.49,3.740435163E-02,3.741984331E-02,-4.78288695E-02,-4.783996918E-02
11.5,3.736495048E-02,3.738026273E-02,-4.79313932E-02,-4.794269411E-02
11.51,3.734106876E-02,3.735636435E-02,-4.801801947E-02,-4.80293582E-02
11.52,3.731965265E-02,3.73349839E-02,-4.810180454E-02,-4.811312815E-02
11.53,3.730518629E-02,3.732053859E-02,-4.817826645E-02,-4.818958892E-02
11.54,3.732274522E-02,3.733819089E-02,-4.822233195E-02,-4.823358029E-02
11.55,3.738096842E-02,3.739673679E-02,-4.822536535E-02,-4.823630962E-02
11.56,3.748606682E-02,3.75023543E-02,-4.818116013E-02,-4.819160328E-02
11.57,3.763521612E-02,3.765221842E-02,-4.809254559E-02,-4.810229125E-02
11.58,3.781476529E-02,3.783262076E-02,-4.797317829E-02,-4.798208734E-02
11.59,3.803633695E-02,3.805508545E-02,-4.78114412E-02,-4.781947294E-02
11.6,3.829820107E-02,3.831800884E-02,-4.760907043E-02,-4.761605771E-02
11.61,3.856294689E-02,3.858386939E-02,-4.740348382E-02,-4.740937017E-02
11.62,3.880497939E-02,3.88267952E-02,-4.722028277E-02,-4.722528848E-02
11.63,3.90256549E-02,3.904811635E-02,-4.705811549E-02,-4.706248695E-02
11.64,3.921948139E-02,3.924242876E-02,-4.692247776E-02,-4.692637336E-02
11.65,3.937946782E-02,3.940270513E-02,-4.682036403E-02,-4.682397849E-02
11.66,3.952858848E-02,3.955193614E-02,-4.672880251E-02,-4.673231411E-02
11.67,3.96944174E-02,3.971792279E-02,-4.662022212E-02,-4.662358232E-02
11.68,3.987614094E-02,3.989995698E-02,-4.649544198E-02,-4.649849682E-02
11.69,4.00536898E-02,4.007784954E-02,-4.637453847E-02,-4.637725388E-02
11.7,4.021090457E-02,4.023529886E-02,-4.627367709E-02,-4.627616106E-02
11.71,4.032659829E-02,4.035104937E-02,-4.621404886E-02,-4.621647794E-02
11.72,4.037762653E-02,4.040184872E-02,-4.621879964E-02,-4.622145823E-02
11.73,4.037856811E-02,4.040221772E-02,-4.627334814E-02,-4.627657871E-02
11.74,4.036435539E-02,4.038732537E-02,-4.634275821E-02,-4.634666686E-02
11.75,4.036816619E-02,4.039058201E-02,-4.639385189E-02,-4.639831268E-02
11.76,4.041549745E-02,4.043761516E-02,-4.640113706E-02,-4.640589376E-02
11.77,4.049913078E-02,4.052126559E-02,-4.637184083E-02,-4.637657824E-02
11.78,4.059281086E-02,4.061509201E-02,-4.63322289E-02,-4.633681761E-02
11.79,4.066279318E-02,4.068514915E-02,-4.631605391E-02,-4.632056505E-02
11.8,4.068458136E-02,4.070677151E-02,-4.634781599E-02,-4.635248954E-02
11.81,4.065897881E-02,4.068070403E-02,-4.642671032E-02,-4.643184467E-02
11.82,4.058392886E-02,4.060499568E-02,-4.655478954E-02,-4.656057765E-02
11.83,4.046179842E-02,4.048200988E-02,-4.672968258E-02,-4.673632128E-02
11.84,4.032443498E-02,4.034367294E-02,-4.691953799E-02,-4.692714567E-02
11.85,4.020890913E-02,4.022732041E-02,-4.708728479E-02,-4.709571533E-02
11.86,4.011832795E-02,4.013619623E-02,-4.722982163E-02,-4.723879246E-02
11.87,4.003569883E-02,4.005318323E-02,-4.736414934E-02,-4.737350243E-02
11.88,3.995589953E-02,3.997302117E-02,-4.749539659E-02,-4.750511172E-02
11.89,3.98828834E-02,3.989968251E-02,-4.761961497E-02,-4.762965268E-02
11.9,3.982348064E-02,3.984003077E-02,-4.772997964E-02,-4.774026717E-02
11.91,3.978565905E-02,3.980206905E-02,-4.781852911E-02,-4.782895839E-02
11.92,3.977969885E-02,3.979611636E-02,-4.787499047E-02,-4.788541458E-02
11.93,3.981120769E-02,3.982781725E-02,-4.789376464E-02,-4.790399968E-02
11.94,3.98604123E-02,3.987737124E-02,-4.789463454E-02,-4.790452371E-02
11.95,3.988567282E-02,3.990292993E-02,-4.791924878E-02,-4.792884359E-02
11.96,3.98521225E-02,3.986937587E-02,-4.800247832E-02,-4.801208071E-02
11.97,3.974537351E-02,3.976222109E-02,-4.815870923E-02,-4.816872111E-02
11.98,3.957296676E-02,3.95890508E-02,-4.838039521E-02,-4.839117436E-02
11.99,3.936147466E-02,3.93765873E-02,-4.864095866E-02,-4.865271335E-02
12,3.913053258E-02,3.914466523E-02,-4.892076242E-02,-4.893350212E-02
12.01,3.888578155E-02,3.889899039E-02,-4.921416738E-02,-4.922783712E-02
12.02,3.863947279E-02,3.865180592E-02,-4.950892572E-02,-4.952347869E-02
12.03,3.839618819E-02,3.840776477E-02,-4.980045974E-02,-4.981577808E-02
12.04,3.81423674E-02,3.81532708E-02,-5.010233485E-02,-5.011833646E-02
12.05,3.788055698E-02,3.78907578E-02,-5.041200899E-02,-5.042872442E-02
12.06,3.763480941E-02,3.764436691E-02,-5.070543363E-02,-5.072280471E-02
12.07,3.739675918E-02,3.740586337E-02,-5.099097948E-02,-5.100881726E-02
12.08,3.713369228E-02,3.714235101E-02,-5.13013662E-02,-5.13196638E-02
12.09,3.686255379E-02,3.687060298E-02,-5.16196524E-02,-5.163857471E-02
12.1,3.663061123E-02,3.663816649E-02,-5.189857373E-02,-5.19180059E-02
12.11,3.645233484E-02,3.645976956E-02,-5.212366548E-02,-5.214323492E-02
12.12,3.631866521E-02,3.632626307E-02,-5.230399412E-02,-5.232341786E-02
12.13,3.621326616E-02,3.62211838E-02,-5.245590226E-02,-5.247502416E-02
12.14,3.611799048E-02,3.612626948E-02,-5.25975424E-02,-5.26163212E-02
12.15,3.6029669E-02,3.603826041E-02,-5.273208789E-02,-5.275057271E-02
12.16,3.595367729E-02,3.596257583E-02,-5.285416657E-02,-5.287236275E-02
12.17,3.588410707E-02,3.589334284E-02,-5.296969005E-02,-5.298756749E-02
12.18,3.58046519E-02,3.581418025E-02,-5.309496779E-02,-5.311257111E-02
12.19,3.570766227E-02,3.571734897E-02,-5.323765142E-02,-5.325511472E-02
12.2,3.561455438E-02,3.562429876E-02,-5.337632594E-02,-5.339374975E-02
12.21,3.555291746E-02,3.556281938E-02,-5.348340363E-02,-5.350068797E-02
12.22,3.551522175E-02,3.55254854E-02,-5.356641683E-02,-5.358335739E-02
12.23,3.54736389E-02,3.548429053E-02,-5.36531966E-02,-5.366976701E-02
12.24,3.542044175E-02,3.543134309E-02,-5.375147158E-02,-5.376780987E-02
12.25,3.539299888E-02,3.540409501E-02,-5.382387359E-02,-5.38400344E-02
12.26,3.54240114E-02,3.543554587E-02,-5.383770267E-02,-5.385344222E-02
12.27,3.549806158E-02,3.551035194E-02,-5.380837929E-02,-5.382337984E-02
12.28,3.559777111E-02,3.561088831E-02,-5.375328462E-02,-5.376747492E-02
12.29,3.571186306E-02,3.572580585E-02,-5.368369731E-02,-5.369707824E-02
12.3,3.581330658E-02,3.582801303E-02,-5.362664923E-02,-5.363928225E-02
12.31,3.588977411E-02,3.590501457E-02,-5.359446783E-02,-5.360658209E-02
12.32,3.594337299E-02,3.595894536E-02,-5.35850443E-02,-5.359684139E-02
12.33,3.59615862E-02,3.597733997E-02,-5.36108937E-02,-5.362252366E-02
12.34,3.593343982E-02,3.594913018E-02,-5.368298738E-02,-5.369469464E-02
12.35,3.587308649E-02,3.588847874E-02,-5.378716914E-02,-5.379918809E-02
12.36,3.58237618E-02,3.583881576E-02,-5.38801998E-02,-5.389257046E-02
12.37,3.582996557E-02,3.584493259E-02,-5.391757749E-02,-5.393004851E-02
12.38,3.588822358E-02,3.590350317E-02,-5.390277654E-02,-5.39149485E-02
12.39,3.596706558E-02,3.598283787E-02,-5.3867268E-02,-5.387896086E-02
12.4,3.606374574E-02,3.607997854E-02,-5.381379734E-02,-5.382504331E-02
12.41,3.617024383E-02,3.618697165E-02,-5.375038353E-02,-5.376114801E-02
12.42,3.625760953E-02,3.627477386E-02,-5.370597543E-02,-5.371631686E-02
12.43,3.631633601E-02,3.633369648E-02,-5.369007719E-02,-5.370023586E-02
12.44,3.635770871E-02,3.637509625E-02,-5.36913994E-02,-5.37015443E-02
12.45,3.639732636E-02,3.641469317E-02,-5.369433929E-02,-5.370451824E-02
12.46,3.644744454E-02,3.646483271E-02,-5.368663785E-02,-5.369680891E-02
12.47,3.651650866E-02,3.653400859E-02,-5.365984681E-02,-5.366991976E-02
12.48,3.660536696E-02,3.662308413E-02,-5.36131154E-02,-5.362298501E-02
12.49,3.670770473E-02,3.672571249E-02,-5.355275594E-02,-5.356234913E-02
12.5,3.681058604E-02,3.68288898E-02,-5.34917017E-02,-5.350101328E-02
12.51,3.690391123E-02,3.692244013E-02,-5.344004901E-02,-5.344915007E-02
12.52,3.700267595E-02,3.702134794E-02,-5.338279816E-02,-5.339177096E-02
12.53,3.713950253E-02,3.715840923E-02,-5.328732283E-02,-5.329607599E-02
12.54,3.732443037E-02,3.734383675E-02,-5.314358103E-02,-5.31518499E-02
12.55,3.752988162E-02,3.754997281E-02,-5.297914929E-02,-5.298674907E-02
12.56,3.772335378E-02,3.774405775E-02,-5.282652814E-02,-5.283353107E-02
12.57,3.789090437E-02,3.791200803E-02,-5.269965612E-02,-5.270627537E-02
12.58,3.801404717E-02,3.803533161E-02,-5.261701383E-02,-5.262346836E-02
12.59,3.806988116E-02,3.809103294E-02,-5.260149519E-02,-5.260809851E-02
12.6,3.805883483E-02,3.807947076E-02,-5.265266259E-02,-5.265979801E-02
12.61,3.800368071E-02,3.802355376E-02,-5.274773322E-02,-5.275564807E-02
12.62,3.792546253E-02,3.794451483E-02,-5.28656541E-02,-5.287440679E-02
12.63,3.781886579E-02,3.783711454E-02,-5.301173217E-02,-5.302130627E-02
12.64,3.768152411E-02,3.769889311E-02,-5.318832676E-02,-5.319879931E-02
12.65,3.753445979E-02,3.755090218E-02,-5.337440822E-02,-5.338582702E-02
12.66,3.738642509E-02,3.74020573E-02,-5.356121779E-02,-5.357346741E-02
12.67,3.72429401E-02,3.725785843E-02,-5.37432299E-02,-5.375621507E-02
12.68,3.712957923E-02,3.714391542E-02,-5.389486489E-02,-5.39084549E-02
12.69,3.705717187E-02,3.707121632E-02,-5.400528873E-02,-5.401919417E-02
12.7,3.701235122E-02,3.702634236E-02,-5.408786429E-02,-5.41018477E-02
12.71,3.698806986E-02,3.700209903E-02,-5.414963471E-02,-5.416360559E-02
12.72,3.697891109E-02,3.699305408E-02,-5.419601174E-02,-5.420989502E-02
12.73,3.697974454E-02,3.699404173E-02,-5.423212051E-02,-5.424587648E-02
12.74,3.698728834E-02,3.700175005E-02,-5.426123736E-02,-5.427485629E-02
12.75,3.698177341E-02,3.699638822E-02,-5.430312552E-02,-5.431661937E-02
12.76,3.695006692E-02,3.696468422E-02,-5.437091144E-02,-5.438443129E-02
12.77,3.690892321E-02,3.69233981E-02,-5.444783363E-02,-5.446152484E-02
12.78,3.686894647E-02,3.688331088E-02,-5.452328084E-02,-5.453711192E-02
12.79,3.681365767E-02,3.682793805E-02,-5.46137255E-02,-5.462767045E-02
12.8,3.673437919E-02,3.674845615E-02,-5.472783837E-02,-5.474201699E-02
12.81,3.665698789E-02,3.667077957E-02,-5.483973521E-02,-5.485422974E-02
12.82,3.659753966E-02,3.661118062E-02,-5.493335308E-02,-5.494802935E-02
12.83,3.65439225E-02,3.655755085E-02,-5.502079753E-02,-5.503551779E-02
12.84,3.650430127E-02,3.651792539E-02,-5.509389715E-02,-5.510865335E-02
12.85,3.649146533E-02,3.650520802E-02,-5.51398558E-02,-5.515452539E-02
12.86,3.649486374E-02,3.650887935E-02,-5.51692179E-02,-5.518364674E-02
12.87,3.650596513E-02,3.652026929E-02,-5.519050818E-02,-5.520468083E-02
12.88,3.651085338E-02,3.652543239E-02,-5.521763578E-02,-5.523156605E-02
12.89,3.649336028E-02,3.650811051E-02,-5.526676162E-02,-5.528055318E-02
12.9,3.647467317E-02,3.648945058E-02,-5.531669068E-02,-5.533048762E-02
12.91,3.648515231E-02,3.650005283E-02,-5.533705506E-02,-5.535076147E-02
12.92,3.652504645E-02,3.654029294E-02,-5.532759893E-02,-5.534099196E-02
12.93,3.657990156E-02,3.659559274E-02,-5.530276938E-02,-5.53157503E-02
12.94,3.664874762E-02,3.666489171E-02,-5.526352923E-02,-5.527608977E-02
12.95,3.674000277E-02,3.675664534E-02,-5.520145293E-02,-5.521354742E-02
12.96,3.684107879E-02,3.685830257E-02,-5.512912134E-02,-5.514066693E-02
12.97,3.694447288E-02,3.696223493E-02,-5.505402985E-02,-5.506506932E-02
12.98,3.706947345E-02,3.708774455E-02,-5.495688235E-02,-5.496744475E-02
12.99,3.722357822E-02,3.724249534E-02,-5.483017352E-02,-5.484012171E-02
13,3.739868489E-02,3.741834603E-02,-5.468199829E-02,-5.469123408E-02
13.01,3.759091934E-02,3.761134146E-02,-5.451622329E-02,-5.45247295E-02
13.02,3.779502412E-02,3.78162209E-02,-5.433809833E-02,-5.434586106E-02
13.03,3.799836784E-02,3.802030576E-02,-5.41602471E-02,-5.416729962E-02
13.04,3.818783187E-02,3.821039805E-02,-5.399578031E-02,-5.400223526E-02
13.05,3.837094425E-02,3.83939946E-02,-5.383716179E-02,-5.384316301E-02
13.06,3.855967248E-02,3.85831736E-02,-5.367241581E-02,-5.367799645E-02
13.07,3.873887975E-02,3.876284327E-02,-5.351667104E-02,-5.352181928E-02
13.08,3.886999653E-02,3.889425021E-02,-5.340848876E-02,-5.341337665E-02
13.09,3.892701621E-02,3.895117208E-02,-5.337386693E-02,-5.337888224E-02
13.1,3.893500885E-02,3.895867475E-02,-5.338772656E-02,-5.339326131E-02
13.11,3.89347443E-02,3.895784382E-02,-5.340928928E-02,-5.341541981E-02
13.12,3.893993849E-02,3.896261245E-02,-5.342483131E-02,-5.34314168E-02
13.13,3.89353335E-02,3.895766422E-02,-5.3449603E-02,-5.345656112E-02
13.14,3.889314764E-02,3.891505621E-02,-5.351137847E-02,-5.351878816E-02
13.15,3.882088263E-02,3.884215725E-02,-5.360264876E-02,-5.361072182E-02
13.16,3.875309587E-02,3.87737071E-02,-5.368884963E-02,-5.369761556E-02
13.17,3.86910938E-02,3.871121897E-02,-5.376866795E-02,-5.377794943E-02
13.18,3.862110299E-02,3.864078982E-02,-5.385587037E-02,-5.386561969E-02
13.19,3.855463017E-02,3.857385039E-02,-5.393894362E-02,-5.394918905E-02
13.2,3.850830508E-02,3.852717117E-02,-5.400125154E-02,-5.401188058E-02
13.21,3.848277846E-02,3.85014564E-02,-5.404213667E-02,-5.405298329E-02
13.22,3.846871542E-02,3.848730442E-02,-5.407092688E-02,-5.408189183E-02
13.23,3.846682737E-02,3.84853606E-02,-5.408690382E-02,-5.409795388E-02
13.24,3.848235848E-02,3.850089963E-02,-5.408481642E-02,-5.409588786E-02
13.25,3.850309244E-02,3.852171855E-02,-5.407687377E-02,-5.408788955E-02
13.26,3.851525595E-02,3.853392151E-02,-5.407684202E-02,-5.408784763E-02
13.27,3.851657508E-02,3.853518515E-02,-5.408698863E-02,-5.409807907E-02
13.28,3.850671942E-02,3.852521307E-02,-5.410763818E-02,-5.411887446E-02
13.29,3.847816703E-02,3.849647835E-02,-5.41463072E-02,-5.41577553E-02
13.3,3.841792712E-02,3.843593843E-02,-5.421598189E-02,-5.422775953E-02
13.31,3.832731928E-02,3.834486141E-02,-5.431533955E-02,-5.432761594E-02
13.32,3.822738145E-02,3.824437163E-02,-5.442334024E-02,-5.443619812E-02
13.33,3.812603905E-02,3.8142546E-02,-5.453205575E-02,-5.454542617E-02
13.34,3.799829551E-02,3.801434539E-02,-5.466647862E-02,-5.468033505E-02
13.35,3.783494973E-02,3.785037221E-02,-5.483580715E-02,-5.485031955E-02
13.36,3.765795302E-02,3.767263094E-02,-5.501808919E-02,-5.503337427E-02
13.37,3.74844241E-02,3.749844158E-02,-5.519620413E-02,-5.521217713E-02
13.38,3.732448555E-02,3.733796752E-02,-5.536002536E-02,-5.537656057E-02
13.39,3.717485656E-02,3.718794212E-02,-5.551282886E-02,-5.55297863E-02
13.4,3.701440824E-02,3.702715289E-02,-5.567573873E-02,-5.569306206E-02
13.41,3.682315328E-02,3.683544823E-02,-5.586873864E-02,-5.588653585E-02
13.42,3.660257379E-02,3.661425439E-02,-5.60903446E-02,-5.610877954E-02
13.43,3.637516831E-02,3.638616897E-02,-5.631805659E-02,-5.633719398E-02
13.44,3.616436444E-02,3.61747957E-02,-5.652844434E-02,-5.654817264E-02
13.45,3.599232113E-02,3.600239784E-02,-5.669934454E-02,-5.671944781E-02
13.46,3.587345193E-02,3.588346965E-02,-5.681633813E-02,-5.68365197E-02
13.47,3.580546482E-02,3.581572702E-02,-5.688171077E-02,-5.69016661E-02
13.48,3.579822272E-02,3.580895631E-02,-5.688559288E-02,-5.690509414E-02
13.49,3.586263658E-02,3.587413391E-02,-5.68170665E-02,-5.68358205E-02
13.5,3.598378265E-02,3.599633761E-02,-5.669104702E-02,-5.670875919E-02
13.51,3.614823938E-02,3.616196541E-02,-5.652094678E-02,-5.653750313E-02
13.52,3.632607639E-02,3.634100774E-02,-5.633668659E-02,-5.63520526E-02
13.53,3.645799065E-02,3.647393183E-02,-5.619756017E-02,-5.621193129E-02
13.54,3.651309419E-02,3.652951556E-02,-5.613445035E-02,-5.614835653E-02
13.55,3.651308151E-02,3.652950265E-02,-5.612566484E-02,-5.613958712E-02
13.56,3.64736516E-02,3.648987503E-02,-5.61555103E-02,-5.616964663E-02
13.57,3.637846963E-02,3.639433805E-02,-5.624032628E-02,-5.625483409E-02
13.58,3.623474526E-02,3.62499781E-02,-5.637290948E-02,-5.638806922E-02
13.59,3.608136116E-02,3.60958544E-02,-5.651438481E-02,-5.653030008E-02
13.6,3.596132066E-02,3.597525996E-02,-5.662175175E-02,-5.663823598E-02
13.61,3.589405453E-02,3.5907792E-02,-5.667557589E-02,-5.669227573E-02
13.62,3.586022995E-02,3.587408422E-02,-5.669518304E-02,-5.671177864E-02
13.63,3.583278716E-02,3.58468285E-02,-5.670762665E-02,-5.672404675E-02
13.64,3.580765548E-02,3.582182281E-02,-5.671697429E-02,-5.673327932E-02
13.65,3.579774633E-02,3.581203974E-02,-5.671031314E-02,-5.672650251E-02
13.66,3.579862924E-02,3.581313121E-02,-5.669207126E-02,-5.670806197E-02
13.67,3.579874056E-02,3.581344842E-02,-5.667380907E-02,-5.668960332E-02
13.68,3.580905786E-02,3.582391799E-02,-5.664454737E-02,-5.666019843E-02
13.69,3.583724307E-02,3.585232852E-02,-5.659662255E-02,-5.661205707E-02
13.7,3.586696408E-02,3.588233282E-02,-5.654636285E-02,-5.656152256E-02
13.71,3.588041717E-02,3.589597383E-02,-5.651156897E-02,-5.652654909E-02
13.72,3.586293747E-02,3.587851424E-02,-5.650690706E-02,-5.652187547E-02
13.73,3.580008738E-02,3.581546626E-02,-5.654682084E-02,-5.656199569E-02
13.74,3.570142412E-02,3.571635816E-02,-5.662176432E-02,-5.663739259E-02
13.75,3.559029139E-02,3.560469049E-02,-5.67084062E-02,-5.672457763E-02
13.76,3.547804447E-02,3.549196752E-02,-5.679539855E-02,-5.681205327E-02
13.77,3.537050432E-02,3.538401667E-02,-5.687692315E-02,-5.689399448E-02
13.78,3.526144841E-02,3.527461843E-02,-5.695920415E-02,-5.69766223E-02
13.79,3.512948939E-02,3.514229702E-02,-5.7063631E-02,-5.708141463E-02
13.8,3.497410239E-02,3.498640021E-02,-5.719073369E-02,-5.720902888E-02
13.81,3.483173042E-02,3.484348465E-02,-5.7304076E-02,-5.732291516E-02
13.82,3.474676061E-02,3.475822859E-02,-5.735927296E-02,-5.737839703E-02
13.83,3.473007337E-02,3.474168583E-02,-5.734543894E-02,-5.736441532E-02
13.84,3.477021939E-02,3.478230854E-02,-5.727401428E-02,-5.72925091E-02
13.85,3.486441523E-02,3.487717629E-02,-5.714777365E-02,-5.716559049E-02
13.86,3.499680015E-02,3.501041163E-02,-5.69825683E-02,-5.699952789E-02
13.87,3.515053023E-02,3.516502835E-02,-5.679523085E-02,-5.681129665E-02
13.88,3.532041696E-02,3.533575851E-02,-5.659093779E-02,-5.660615318E-02
13.89,3.54809269E-02,3.549706819E-02,-5.639520795E-02,-5.640961734E-02
13.9,3.559604127E-02,3.561273541E-02,-5.624404472E-02,-5.625789634E-02
13.91,3.564873606E-02,3.56655819E-02,-5.615446867E-02,-5.616816597E-02
13.92,3.565310665E-02,3.566974855E-02,-5.611240417E-02,-5.612630596E-02
13.93,3.562744581E-02,3.564371505E-02,-5.609959316E-02,-5.611387098E-02
13.94,3.557079294E-02,3.558662312E-02,-5.611702719E-02,-5.613174887E-02
13.95,3.550132164E-02,3.551661493E-02,-5.614655921E-02,-5.616182278E-02
13.96,3.545772041E-02,3.547256469E-02,-5.614952081E-02,-5.616523751E-02
13.97,3.545863209E-02,3.547333285E-02,-5.610726739E-02,-5.612312964E-02
13.98,3.550477303E-02,3.551961225E-02,-5.601906263E-02,-5.603478621E-02
13.99,3.560114991E-02,3.56163509E-02,-5.587987268E-02,-5.589523286E-02
14,3.575579425E-02,3.577159823E-02,-5.568162058E-02,-5.569637558E-02
14.01,3.594977033E-02,3.59664066E-02,-5.544313425E-02,-5.545705467E-02
14.02,3.613204673E-02,3.614951523E-02,-5.521473981E-02,-5.522782122E-02
14.03,3.626711655E-02,3.628509013E-02,-5.503164168E-02,-5.504424426E-02
14.04,3.63590631E-02,3.637715688E-02,-5.489061187E-02,-5.490318628E-02
14.05,3.642731559E-02,3.644531968E-02,-5.477270404E-02,-5.478548071E-02
14.06,3.64860047E-02,3.650385641E-02,-5.466403623E-02,-5.467707667E-02
14.07,3.655444852E-02,3.657214603E-02,-5.454555579E-02,-5.455885102E-02
14.08,3.664908854E-02,3.666672345E-02,-5.440071206E-02,-5.441413675E-02
14.09,3.674130274E-02,3.675898974E-02,-5.425803918E-02,-5.427145263E-02
14.1,3.67927461E-02,3.681031302E-02,-5.415582743E-02,-5.416938163E-02
14.11,3.67998923E-02,3.681700741E-02,-5.409751393E-02,-5.41115229E-02
14.12,3.677225677E-02,3.67887278E-02,-5.407351813E-02,-5.408816188E-02
14.13,3.672965868E-02,3.674539147E-02,-5.406398194E-02,-5.407934621E-02
14.14,3.668952334E-02,3.670456632E-02,-5.40514554E-02,-5.406748572E-02
14.15,3.666009034E-02,3.66745669E-02,-5.402769157E-02,-5.404426018E-02
14.16,3.667117828E-02,3.668523493E-02,-5.396287914E-02,-5.3979836E-02
14.17,3.673365573E-02,3.674762105E-02,-5.384617887E-02,-5.386319227E-02
14.18,3.68088664E-02,3.682297958E-02,-5.371629162E-02,-5.373311871E-02
14.19,3.687664786E-02,3.689080629E-02,-5.359339615E-02,-5.361013356E-02
14.2,3.694937629E-02,3.696348876E-02,-5.346510182E-02,-5.348183367E-02
14.21,3.703684759E-02,3.705097434E-02,-5.332160579E-02,-5.333826591E-02
14.22,3.713417082E-02,3.714837817E-02,-5.316780274E-02,-5.318431993E-02
14.23,3.721821797E-02,3.723249678E-02,-5.302682312E-02,-5.304320191E-02
14.24,3.726300336E-02,3.727717695E-02,-5.292464895E-02,-5.294106166E-02
14.25,3.725859283E-02,3.727238641E-02,-5.287120471E-02,-5.288792226E-02
14.26,3.720468431E-02,3.721785621E-02,-5.286678091E-02,-5.288404191E-02
14.27,3.709499785E-02,3.710734606E-02,-5.291764707E-02,-5.293565142E-02
14.28,3.693577174E-02,3.69470821E-02,-5.301755341E-02,-5.303651409E-02
14.29,3.675011489E-02,3.676028191E-02,-5.314337738E-02,-5.316339951E-02
14.3,3.653679139E-02,3.654585887E-02,-5.329634179E-02,-5.331738224E-02
14.31,3.628408917E-02,3.629200672E-02,-5.348814346E-02,-5.35102542E-02
14.32,3.599076491E-02,3.599741608E-02,-5.371999529E-02,-5.3743295E-02
14.33,3.566711423E-02,3.567244003E-02,-5.39815359E-02,-5.400608656E-02
14.34,3.536065338E-02,3.536471097E-02,-5.422506397E-02,-5.425081157E-02
14.35,3.510240191E-02,3.510557421E-02,-5.441918311E-02,-5.444574919E-02
14.36,3.487086722E-02,3.487358022E-02,-5.458533523E-02,-5.461232242E-02
14.37,3.466309488E-02,3.466551602E-02,-5.472692135E-02,-5.475420781E-02
14.38,3.450405265E-02,3.450640378E-02,-5.481936486E-02,-5.484675385E-02
14.39,3.440975875E-02,3.441240963E-02,-5.484690712E-02,-5.487403515E-02
14.4,3.438434666E-02,3.438765581E-02,-5.48054089E-02,-5.483190652E-02
14.41,3.439897351E-02,3.440322374E-02,-5.472298013E-02,-5.474855353E-02
14.42,3.442193985E-02,3.44271464E-02,-5.46309652E-02,-5.465562286E-02
14.43,3.446358356E-02,3.446963314E-02,-5.451967551E-02,-5.454356811E-02
14.44,3.454717699E-02,3.455415631E-02,-5.436617366E-02,-5.438922126E-02
14.45,3.46752563E-02,3.468335396E-02,-5.416802553E-02,-5.419003309E-02
14.46,3.48201085E-02,3.482942824E-02,-5.395357537E-02,-5.397444796E-02
14.47,3.49562055E-02,3.496659553E-02,-5.374867172E-02,-5.376853617E-02
14.48,3.509250765E-02,3.510370511E-02,-5.354388767E-02,-5.356294446E-02
14.49,3.523749251E-02,3.524943094E-02,-5.33304872E-02,-5.33487687E-02
14.5,3.537167622E-02,3.538431159E-02,-5.312795439E-02,-5.314548969E-02
14.51,3.547065633E-02,3.548376952E-02,-5.296063255E-02,-5.297762534E-02
14.52,3.552938649E-02,3.554268113E-02,-5.283354046E-02,-5.285027672E-02
14.53,3.556801303E-02,3.558127424E-02,-5.272649314E-02,-5.274317833E-02
14.54,3.560699497E-02,3.56201954E-02,-5.261901437E-02,-5.263566915E-02
14.55,3.564259451E-02,3.565578515E-02,-5.251482888E-02,-5.253139658E-02
14.56,3.566655649E-02,3.567969278E-02,-5.242218707E-02,-5.243870768E-02
14.57,3.568136613E-02,3.56943716E-02,-5.233859623E-02,-5.23551421E-02
14.58,3.56844278E-02,3.569726808E-02,-5.226664807E-02,-5.228325022E-02
14.59,3.567780484E-02,3.569041898E-02,-5.220427606E-02,-5.222099272E-02
14.6,3.566750455E-02,3.567986439E-02,-5.214547223E-02,-5.216232949E-02
14.61,3.565618025E-02,3.566830135E-02,-5.208758384E-02,-5.210456466E-02
14.62,3.563038721E-02,3.564225914E-02,-5.204405876E-02,-5.206117268E-02
14.63,3.556621313E-02,3.557771267E-02,-5.203881155E-02,-5.205618131E-02
14.64,3.547347101E-02,3.548436873E-02,-5.206202953E-02,-5.20798845E-02
14.65,3.537023757E-02,3.538048266E-02,-5.209563559E-02,-5.211402711E-02
14.66,3.526688089E-02,3.527652679E-02,-5.212926517E-02,-5.214814098E-02
14.67,3.517587114E-02,3.51849881E-02,-5.215045434E-02,-5.216974594E-02
14.68,3.510408935E-02,3.511282329E-02,-5.215233104E-02,-5.217189463E-02
14.69,3.505921475E-02,3.506770245E-02,-5.212722756E-02,-5.214692882E-02
14.7,3.504927354E-02,3.505768765E-02,-5.206713154E-02,-5.208680037E-02
14.71,3.50657521E-02,3.507426747E-02,-5.198057219E-02,-5.20000364E-02
14.72,3.509439791E-02,3.510307817E-02,-5.188181783E-02,-5.190101635E-02
14.73,3.514035154E-02,3.514918993E-02,-5.176574128E-02,-5.178468332E-02
14.74,3.521025264E-02,3.521932738E-02,-5.162571587E-02,-5.164432566E-02
14.75,3.529850546E-02,3.53079068E-02,-5.146735145E-02,-5.148554124E-02
14.76,3.538445607E-02,3.539418599E-02,-5.131131591E-02,-5.132908621E-02
14.77,3.545317133E-02,3.546310602E-02,-5.117255429E-02,-5.119003129E-02
14.78,3.549164918E-02,3.550161391E-02,-5.10640788E-02,-5.108143959E-02
14.79,3.547865701E-02,3.548843561E-02,-5.10071313E-02,-5.102459453E-02
14.8,3.542473842E-02,3.543403104E-02,-5.099117649E-02,-5.100904455E-02
14.81,3.534421046E-02,3.535290219E-02,-5.100190536E-02,-5.102029585E-02
14.82,3.52172614E-02,3.522528977E-02,-5.105913923E-02,-5.107811747E-02
14.83,3.503532841E-02,3.504244776E-02,-5.117144996E-02,-5.119126451E-02
14.84,3.483016091E-02,3.483620119E-02,-5.130709518E-02,-5.132791901E-02
14.85,3.463545001E-02,3.46405208E-02,-5.143239155E-02,-5.145411812E-02
14.86,3.447012497E-02,3.44744738E-02,-5.152842096E-02,-5.155080599E-02
14.87,3.434345464E-02,3.43473488E-02,-5.158592893E-02,-5.160870839E-02
14.88,3.425224651E-02,3.425594419E-02,-5.160812485E-02,-5.163104366E-02
14.89,3.420262169E-02,3.420630876E-02,-5.158890574E-02,-5.16117809E-02
14.9,3.420274235E-02,3.420664617E-02,-5.152012837E-02,-5.154273504E-02
14.91,3.42466335E-02,3.425098994E-02,-5.140778791E-02,-5.142989238E-02
14.92,3.431958414E-02,3.43245194E-02,-5.12666152E-02,-5.128809299E-02
14.93,3.439335848E-02,3.439888516E-02,-5.11248632E-02,-5.114570297E-02
14.94,3.443785425E-02,3.444380031E-02,-5.101264805E-02,-5.103302268E-02
14.95,3.443781066E-02,3.444388359E-02,-5.094524092E-02,-5.096544352E-02
14.96,3.439569722E-02,3.440162114E-02,-5.092018071E-02,-5.094048769E-02
14.97,3.433633997E-02,3.434194738E-02,-5.091264962E-02,-5.093322908E-02
14.98,3.427028561E-02,3.427559628E-02,-5.091211048E-02,-5.09329433E-02
14.99,3.418026919E-02,3.418528693E-02,-5.093583914E-02,-5.095692222E-02
15,3.40680056E-02,3.407258997E-02,-5.098213085E-02,-5.100360527E-02
15.01,3.394972529E-02,3.395383871E-02,-5.103476406E-02,-5.105666794E-02
15.02,3.383320784E-02,3.383691955E-02,-5.108596903E-02,-5.110823374E-02
15.03,3.371423859E-02,3.371760356E-02,-5.11399714E-02,-5.116254256E-02
15.04,3.360191088E-02,3.360495205E-02,-5.118768875E-02,-5.121054396E-02
15.05,3.35232175E-02,3.352604947E-02,-5.120213952E-02,-5.122516464E-02
15.06,3.348569736E-02,3.348859125E-02,-5.117579852E-02,-5.11987229E-02
15.07,3.34715612E-02,3.347470585E-02,-5.112647113E-02,-5.114910629E-02
15.08,3.345354294E-02,3.345694786E-02,-5.108143852E-02,-5.110377504E-02
15.09,3.342867228E-02,3.343221543E-02,-5.104368289E-02,-5.106584259E-02
15.1,3.34180927E-02,3.342173501E-02,-5.099207097E-02,-5.101409258E-02
15.11,3.343441329E-02,3.343828446E-02,-5.09140052E-02,-5.093575873E-02
15.12,3.348782713E-02,3.349207088E-02,-5.079930599E-02,-5.082064742E-02
15.13,3.359386967E-02,3.359867718E-02,-5.063245191E-02,-5.065318967E-02
15.14,3.375102844E-02,3.375664747E-02,-5.041497011E-02,-5.043485591E-02
15.15,3.394820536E-02,3.395479127E-02,-5.01579729E-02,-5.017685067E-02
15.16,3.417649818E-02,3.418411376E-02,-4.987037486E-02,-4.988818093E-02
15.17,3.442330473E-02,3.443197092E-02,-4.95647888E-02,-4.958150121E-02
15.18,3.46738568E-02,3.468350951E-02,-4.925599241E-02,-4.927167422E-02
15.19,3.49089533E-02,3.491945611E-02,-4.896319522E-02,-4.897798188E-02
15.2,3.51160938E-02,3.512722425E-02,-4.869890534E-02,-4.871301839E-02
15.21,3.529559766E-02,3.530712535E-02,-4.846281057E-02,-4.84764796E-02
15.22,3.544532126E-02,3.545707627E-02,-4.825706173E-02,-4.827045599E-02
15.23,3.555239408E-02,3.556418867E-02,-4.809453665E-02,-4.81078434E-02
15.24,3.560393359E-02,3.561550889E-02,-4.798812505E-02,-4.800160276E-02
15.25,3.560601814E-02,3.561709821E-02,-4.793175536E-02,-4.794567971E-02
15.26,3.557903454E-02,3.558946661E-02,-4.790504759E-02,-4.791957124E-02
15.27,3.554067088E-02,3.555045039E-02,-4.789032098E-02,-4.79054485E-02
15.28,3.550272269E-02,3.55119149E-02,-4.787578785E-02,-4.789145417E-02
15.29,3.546510513E-02,3.547380065E-02,-4.786154133E-02,-4.787765608E-02
15.3,3.541793045E-02,3.542616632E-02,-4.785747755E-02,-4.787400403E-02
15.31,3.534832554E-02,3.535605158E-02,-4.787647781E-02,-4.789346658E-02
15.32,3.525000127E-02,3.525710819E-02,-4.792483909E-02,-4.794239987E-02
15.33,3.512501163E-02,3.513138968E-02,-4.80005149E-02,-4.801875792E-02
15.34,3.498389596E-02,3.498948912E-02,-4.809297329E-02,-4.811195517E-02
15.35,3.486055127E-02,3.486540521E-02,-4.816832482E-02,-4.818800054E-02
15.36,3.47822233E-02,3.478660624E-02,-4.819933187E-02,-4.821943396E-02
15.37,3.473033165E-02,3.473455182E-02,-4.820458392E-02,-4.822480496E-02
15.38,3.467279425E-02,3.467689304E-02,-4.821617212E-02,-4.823647151E-02
15.39,3.460333541E-02,3.460719393E-02,-4.824038026E-02,-4.826087766E-02
15.4,3.454346587E-02,3.454704638E-02,-4.825570512E-02,-4.827643903E-02
15.41,3.45285488E-02,3.453200476E-02,-4.822679129E-02,-4.824760905E-02
15.42,3.457368317E-02,3.457734618E-02,-4.813854835E-02,-4.815911923E-02
15.43,3.465983455E-02,3.466398959E-02,-4.801001984E-02,-4.803005969E-02
15.44,3.474882615E-02,3.475352485E-02,-4.787939122E-02,-4.789884919E-02
15.45,3.480094607E-02,3.480600041E-02,-4.778638193E-02,-4.780544674E-02
15.46,3.481012567E-02,3.481519809E-02,-4.773706696E-02,-4.775607688E-02
15.47,3.479645529E-02,3.480133013E-02,-4.771136184E-02,-4.773053321E-02
15.48,3.475779258E-02,3.476242249E-02,-4.771141488E-02,-4.773079581E-02
15.49,3.468071317E-02,3.468496497E-02,-4.775065644E-02,-4.777038091E-02
15.5,3.455293906E-02,3.455660665E-02,-4.784137012E-02,-4.786164505E-02
15.51,3.435513231E-02,3.435797068E-02,-4.800289892E-02,-4.802397015E-02
15.52,3.409115819E-02,3.409284393E-02,-4.823138207E-02,-4.825357388E-02
15.53,3.379885217E-02,3.379921875E-02,-4.848898809E-02,-4.851246792E-02
15.54,3.351051304E-02,3.350968164E-02,-4.874342228E-02,-4.876806991E-02
15.55,3.323214929E-02,3.323033748E-02,-4.898868072E-02,-4.901427964E-02
15.56,3.296919827E-02,3.296656434E-02,-4.92193309E-02,-4.92457239E-02
15.57,3.273731462E-02,3.27340435E-02,-4.941972297E-02,-4.944672618E-02
15.58,3.254759629E-02,3.254395332E-02,-4.95787641E-02,-4.96061133E-02
15.59,3.240998916E-02,3.240624756E-02,-4.968651416E-02,-4.971393719E-02
15.6,3.233930787E-02,3.233576936E-02,-4.972816481E-02,-4.975536099E-02
15.61,3.233583881E-02,3.233284816E-02,-4.97034366E-02,-4.973006212E-02
15.62,3.237869166E-02,3.237649627E-02,-4.963322702E-02,-4.965903535E-02
15.63,3.245375325E-02,3.245242338E-02,-4.953165554E-02,-4.955657711E-02
15.64,3.256078568E-02,3.256035372E-02,-4.939896508E-02,-4.942296807E-02
15.65,3.270501668E-02,3.270555419E-02,-4.922993231E-02,-4.925294564E-02
15.66,3.288042919E-02,3.288202463E-02,-4.903057833E-02,-4.905251402E-02
15.67,3.30478007E-02,3.305044472E-02,-4.884012919E-02,-4.886099698E-02
15.68,3.31775087E-02,3.318091846E-02,-4.868820993E-02,-4.870829304E-02
15.69,3.327565233E-02,3.327949633E-02,-4.856872298E-02,-4.858835326E-02
15.7,3.33427009E-02,3.334680728E-02,-4.848120041E-02,-4.850055011E-02
15.71,3.338387153E-02,3.338806326E-02,-4.842042652E-02,-4.843967312E-02
15.72,3.342977673E-02,3.343396903E-02,-4.83557901E-02,-4.837501886E-02
15.73,3.350315734E-02,3.350749585E-02,-4.826455171E-02,-4.828361749E-02
15.74,3.360110545E-02,3.36057729E-02,-4.814962081E-02,-4.816834141E-02
15.75,3.369820675E-02,3.370326284E-02,-4.803641314E-02,-4.805472939E-02
15.76,3.377585737E-02,3.378118129E-02,-4.794353349E-02,-4.79615667E-02
15.77,3.384079337E-02,3.384622365E-02,-4.786424631E-02,-4.788215846E-02
15.78,3.391134782E-02,3.391685598E-02,-4.778021886E-02,-4.779803895E-02
15.79,3.399602474E-02,3.400168478E-02,-4.76829474E-02,-4.770060198E-02
15.8,3.407618708E-02,3.408205579E-02,-4.759106917E-02,-4.760850201E-02
15.81,3.413380632E-02,3.413976937E-02,-4.752261264E-02,-4.753993864E-02
15.82,3.417568979E-02,3.418158505E-02,-4.747077008E-02,-4.748815195E-02
15.83,3.419863023E-02,3.420440302E-02,-4.743874824E-02,-4.745624122E-02
15.84,3.418518046E-02,3.41907112E-02,-4.744399357E-02,-4.746171788E-02
15.85,3.414767448E-02,3.415276372E-02,-4.747417125E-02,-4.749232694E-02
15.86,3.41095227E-02,3.411415276E-02,-4.750586984E-02,-4.752447522E-02
15.87,3.406900592E-02,3.407327245E-02,-4.754080743E-02,-4.755976752E-02
15.88,3.402122103E-02,3.402512146E-02,-4.758388596E-02,-4.760320397E-02
15.89,3.396969318E-02,3.397321376E-02,-4.763157888E-02,-4.765126922E-02
15.9,3.390496909E-02,3.390812039E-02,-4.769333794E-02,-4.771339072E-02
15.91,3.382235051E-02,3.382505791E-02,-4.777385972E-02,-4.779435022E-02
15.92,3.372742729E-02,3.372962526E-02,-4.786755255E-02,-4.788854697E-02
15.93,3.361771144E-02,3.361939282E-02,-4.797690248E-02,-4.799840866E-02
15.94,3.349445426E-02,3.34955706E-02,-4.810065614E-02,-4.812272322E-02
15.95,3.335977202E-02,3.33603051E-02,-4.823669511E-02,-4.825934196E-02
15.96,3.320132537E-02,3.320125478E-02,-4.839735644E-02,-4.842060415E-02
15.97,3.300361181E-02,3.300280989E-02,-4.859814029E-02,-4.862211719E-02
15.98,3.276768778E-02,3.276597734E-02,-4.883798791E-02,-4.886287183E-02
15.99,3.251882097E-02,3.251611837E-02,-4.909162937E-02,-4.911750461E-02
16,3.229862282E-02,3.229506004E-02,-4.931745107E-02,-4.934418625E-02
16.01,3.213183301E-02,3.212776142E-02,-4.949071095E-02,-4.951795528E-02
16.02,3.202449415E-02,3.202029088E-02,-4.960536354E-02,-4.96327404E-02
16.03,3.197516822E-02,3.197114557E-02,-4.966284331E-02,-4.969004093E-02
16.04,3.197248103E-02,3.196889284E-02,-4.967452026E-02,-4.970128527E-02
16.05,3.199773923E-02,3.199471284E-02,-4.965908305E-02,-4.968528856E-02
16.06,3.203073227E-02,3.202827289E-02,-4.96367374E-02,-4.966237875E-02
16.07,3.208432378E-02,3.2082367E-02,-4.959461511E-02,-4.961975725E-02
16.08,3.217218678E-02,3.217082959E-02,-4.951903837E-02,-4.954358486E-02
16.09,3.226538816E-02,3.226474724E-02,-4.94389348E-02,-4.946276954E-02
16.1,3.233097366E-02,3.233087809E-02,-4.938725328E-02,-4.941054778E-02
16.11,3.235289697E-02,3.235305918E-02,-4.938003573E-02,-4.940307823E-02
16.12,3.233508127E-02,3.233522575E-02,-4.941335522E-02,-4.943642188E-02
16.13,3.230004098E-02,3.230000597E-02,-4.946469382E-02,-4.948794701E-02
16.14,3.226551806E-02,3.226532293E-02,-4.951630573E-02,-4.953972663E-02
16.15,3.222995151E-02,3.222966385E-02,-4.956974751E-02,-4.9593269E-02
16.16,3.219500636E-02,3.21946367E-02,-4.962334937E-02,-4.964696135E-02
16.17,3.218391427E-02,3.218351496E-02,-4.965387484E-02,-4.967752537E-02
16.18,3.220867015E-02,3.220845119E-02,-4.964932318E-02,-4.967280262E-02
16.19,3.226195151E-02,3.226210307E-02,-4.96170094E-02,-4.964012789E-02
16.2,3.235199578E-02,3.235261686E-02,-4.954868793E-02,-4.957134684E-02
16.21,3.248741996E-02,3.248869178E-02,-4.943573322E-02,-4.945775179E-02
16.22,3.264217761E-02,3.264426188E-02,-4.930418237E-02,-4.932539941E-02
16.23,3.277651067E-02,3.277930762E-02,-4.919378488E-02,-4.921430083E-02
16.24,3.288742945E-02,3.289066338E-02,-4.910752438E-02,-4.912761576E-02
16.25,3.299159255E-02,3.299512098E-02,-4.902873719E-02,-4.904854733E-02
16.26,3.30918371E-02,3.309564845E-02,-4.895458022E-02,-4.897412143E-02
16.27,3.320408379E-02,3.320815123E-02,-4.886912613E-02,-4.888842593E-02
16.28,3.333555128E-02,3.333996955E-02,-4.876514917E-02,-4.87841135E-02
16.29,3.344657202E-02,3.345138684E-02,-4.868230913E-02,-4.870089292E-02
16.3,3.350327715E-02,3.350820054E-02,-4.865446808E-02,-4.867296001E-02
16.31,3.352134387E-02,3.35260317E-02,-4.866594417E-02,-4.868468914E-02
16.32,3.354488593E-02,3.354926947E-02,-4.867261927E-02,-4.869168668E-02
16.33,3.360946402E-02,3.361375434E-02,-4.863892648E-02,-4.865810577E-02
16.34,3.371322289E-02,3.371772709E-02,-4.856671242E-02,-4.858569688E-02
16.35,3.383493538E-02,3.383980283E-02,-4.847719446E-02,-4.849583517E-02
16.36,3.396379607E-02,3.396901698E-02,-4.838116908E-02,-4.839947633E-02
16.37,3.409400224E-02,3.409955053E-02,-4.828443094E-02,-4.830243146E-02
16.38,3.421684704E-02,3.422266966E-02,-4.81956792E-02,-4.821342667E-02
16.39,3.433731072E-02,3.434332399E-02,-4.810992618E-02,-4.812750494E-02
16.4,3.446743288E-02,3.447363321E-02,-4.80151249E-02,-4.803253916E-02
16.41,3.460376263E-02,3.461021051E-02,-4.791471831E-02,-4.793190817E-02
16.42,3.474211206E-02,3.474879726E-02,-4.78128861E-02,-4.78298624E-02
16.43,3.487556945E-02,3.488246345E-02,-4.77165321E-02,-4.773332393E-02
16.44,3.500717592E-02,3.501422517E-02,-4.762260748E-02,-4.7639269E-02
16.45,3.516932807E-02,3.517655044E-02,-4.749870794E-02,-4.751522186E-02
16.46,3.53801452E-02,3.53877927E-02,-4.732670548E-02,-4.734282031E-02
16.47,3.562437235E-02,3.563267705E-02,-4.71218451E-02,-4.713732929E-02
16.48,3.586766275E-02,3.587664859E-02,-4.691846391E-02,-4.693329411E-02
16.49,3.607725198E-02,3.608673239E-02,-4.674931806E-02,-4.67636815E-02
16.5,3.624353277E-02,3.625319713E-02,-4.66240078E-02,-4.663821581E-02
16.51,3.637993825E-02,3.638955066E-02,-4.652909354E-02,-4.654338264E-02
16.52,3.649658198E-02,3.650604857E-02,-4.645445488E-02,-4.646891953E-02
16.53,3.65831219E-02,3.65923786E-02,-4.641042661E-02,-4.642513133E-02
16.54,3.664399375E-02,3.66528935E-02,-4.639256572E-02,-4.640765799E-02
16.55,3.669254594E-02,3.670103298E-02,-4.638751669E-02,-4.640305264E-02
16.56,3.672857054E-02,3.673667174E-02,-4.639547996E-02,-4.641143302E-02
16.57,3.674544235E-02,3.675312203E-02,-4.642307298E-02,-4.643947906E-02
16.58,3.673410773E-02,3.67412948E-02,-4.647934179E-02,-4.649627221E-02
16.59,3.670906507E-02,3.671566194E-02,-4.654978073E-02,-4.656733328E-02
16.6,3.670406774E-02,3.671014363E-02,-4.660062903E-02,-4.66187346E-02
16.61,3.675223127E-02,3.675806934E-02,-4.659876262E-02,-4.66171381E-02
16.62,3.68724999E-02,3.687849315E-02,-4.6525227E-02,-4.654347937E-02
16.63,3.705493001E-02,3.706146892E-02,-4.638995421E-02,-4.640769303E-02
16.64,3.727936452E-02,3.728665769E-02,-4.621308956E-02,-4.623010636E-02
16.65,3.753071927E-02,3.753883784E-02,-4.600970637E-02,-4.602593027E-02
16.66,3.780055208E-02,3.780950731E-02,-4.578823686E-02,-4.580365697E-02
16.67,3.80777624E-02,3.808753124E-02,-4.555977211E-02,-4.55744119E-02
16.68,3.83400319E-02,3.835052445E-02,-4.534662143E-02,-4.536057123E-02
16.69,3.8578769E-02,3.858977715E-02,-4.515736792E-02,-4.51708363E-02
16.7,3.880736996E-02,3.881873168E-02,-4.497860733E-02,-4.499175677E-02
16.71,3.903316042E-02,3.904485106E-02,-4.480300583E-02,-4.481586136E-02
16.72,3.924349589E-02,3.925548575E-02,-4.464319935E-02,-4.465579102E-02
16.73,3.94185162E-02,3.943065924E-02,-4.451903964E-02,-4.453151382E-02
16.74,3.955530775E-02,3.95673771E-02,-4.443343237E-02,-4.444601624E-02
16.75,3.967399046E-02,3.968583687E-02,-4.436624991E-02,-4.437909299E-02
16.76,3.977286715E-02,3.978449074E-02,-4.431918141E-02,-4.43322838E-02
16.77,3.98155372E-02,3.982682805E-02,-4.432861923E-02,-4.434209103E-02
16.78,3.98017697E-02,3.981239245E-02,-4.439478657E-02,-4.440896331E-02
16.79,3.978049255E-02,3.979030531E-02,-4.446874835E-02,-4.448377205E-02
16.8,3.977198588E-02,3.978119763E-02,-4.453021654E-02,-4.454587824E-02
16.81,3.975367191E-02,3.976243034E-02,-4.460176005E-02,-4.461791203E-02
16.82,3.971002481E-02,3.971825087E-02,-4.469889597E-02,-4.471561726E-02
16.83,3.964278046E-02,3.965037444E-02,-4.481988031E-02,-4.483727057E-02
16.84,3.957003887E-02,3.957697221E-02,-4.494660502E-02,-4.496469279E-02
16.85,3.950665339E-02,3.95130223E-02,-4.506420844E-02,-4.50828974E-02
16.86,3.944487346E-02,3.945080995E-02,-4.518043232E-02,-4.519959031E-02
16.87,3.938047787E-02,3.93859979E-02,-4.529948888E-02,-4.531909982E-02
16.88,3.931002065E-02,3.931513678E-02,-4.542481541E-02,-4.544486659E-02
16.89,3.922566546E-02,3.923036661E-02,-4.556423961E-02,-4.558474199E-02
16.9,3.913692641E-02,3.914116168E-02,-4.570823898E-02,-4.572924328E-02
16.91,3.905110866E-02,3.905493323E-02,-4.584949993E-02,-4.587095083E-02
16.92,3.895710951E-02,3.896057716E-02,-4.599911645E-02,-4.602095996E-02
16.93,3.88497063E-02,3.885276438E-02,-4.616230258E-02,-4.618459117E-02
16.94,3.873394778E-02,3.873655902E-02,-4.633400143E-02,-4.635677216E-02
16.95,3.861523737E-02,3.861741803E-02,-4.650880146E-02,-4.653203784E-02
16.96,3.850789493E-02,3.850969304E-02,-4.667237448E-02,-4.669602823E-02
16.97,3.843854313E-02,3.844011589E-02,-4.679808904E-02,-4.682200268E-02
16.98,3.843171558E-02,3.843336898E-02,-4.686140149E-02,-4.688526871E-02
16.99,3.849641902E-02,3.849852728E-02,-4.685329337E-02,-4.687673963E-02
17,3.861303638E-02,3.861591051E-02,-4.679336884E-02,-4.681608293E-02
17.01,3.875907615E-02,3.876282269E-02,-4.670410693E-02,-4.672598224E-02
17.02,3.893544254E-02,3.894006332E-02,-4.658459229E-02,-4.660562712E-02
17.03,3.912946462E-02,3.913502019E-02,-4.64474854E-02,-4.646761947E-02
17.04,3.931298195E-02,3.931940121E-02,-4.632093661E-02,-4.634024131E-02
17.05,3.9487137E-02,3.949420907E-02,-4.620379455E-02,-4.622248116E-02
17.06,3.966602207E-02,3.967366966E-02,-4.608195871E-02,-4.61001049E-02
17.07,3.984091879E-02,3.984914462E-02,-4.596413878E-02,-4.598174219E-02
17.08,4.000729821E-02,4.001600151E-02,-4.585485501E-02,-4.587201675E-02
17.09,4.018053947E-02,4.018965116E-02,-4.573872002E-02,-4.575550951E-02
17.1,4.037239479E-02,4.038198164E-02,-4.560397314E-02,-4.562032393E-02
17.11,4.058454595E-02,4.059469554E-02,-4.544892366E-02,-4.546474845E-02
17.12,4.079602133E-02,4.080677386E-02,-4.529453418E-02,-4.530979307E-02
17.13,4.097270854E-02,4.098392278E-02,-4.51749086E-02,-4.518974313E-02
17.14,4.110741067E-02,4.111877875E-02,-4.509723634E-02,-4.51119547E-02
17.15,4.120549015E-02,4.121679056E-02,-4.505614806E-02,-4.507097207E-02
17.16,4.126421203E-02,4.127528798E-02,-4.505437174E-02,-4.506945841E-02
17.17,4.128078774E-02,4.129145439E-02,-4.509468897E-02,-4.511022328E-02
17.18,4.125956582E-02,4.126966048E-02,-4.51727444E-02,-4.518888915E-02
17.19,4.121653741E-02,4.122595982E-02,-4.527254014E-02,-4.528939561E-02
17.2,4.118042229E-02,4.118920648E-02,-4.53653494E-02,-4.53828815E-02
17.21,4.117798478E-02,4.118633233E-02,-4.542440016E-02,-4.544240717E-02
17.22,4.120734001E-02,4.121552734E-02,-4.545156872E-02,-4.546977403E-02
17.23,4.126901667E-02,4.127720758E-02,-4.544631737E-02,-4.546455701E-02
17.24,4.137959038E-02,4.138795955E-02,-4.539206153E-02,-4.541016066E-02
17.25,4.153224515E-02,4.154105654E-02,-4.529560792E-02,-4.531330243E-02
17.26,4.171721096E-02,4.172658586E-02,-4.51667171E-02,-4.518388559E-02
17.27,4.193408448E-02,4.194409544E-02,-4.500578339E-02,-4.502235326E-02
17.28,4.216232591E-02,4.217304645E-02,-4.483333785E-02,-4.484923556E-02
17.29,4.237564647E-02,4.238696751E-02,-4.46756609E-02,-4.469099554E-02
17.3,4.25496315E-02,4.256132007E-02,-4.455715967E-02,-4.457216422E-02
17.31,4.264943244E-02,4.26611544E-02,-4.451267586E-02,-4.452768448E-02
17.32,4.266437073E-02,4.2675642E-02,-4.455288192E-02,-4.45683787E-02
17.33,4.262837188E-02,4.263882358E-02,-4.464384688E-02,-4.46602006E-02
17.34,4.257048759E-02,4.25800714E-02,-4.475651326E-02,-4.477377206E-02
17.35,4.249298116E-02,4.250174539E-02,-4.488861132E-02,-4.490672658E-02
17.36,4.240839639E-02,4.241633744E-02,-4.502759053E-02,-4.504656552E-02
17.37,4.234073312E-02,4.2347961E-02,-4.514944428E-02,-4.516916861E-02
17.38,4.230116892E-02,4.230791264E-02,-4.524298769E-02,-4.526323192E-02
17.39,4.229458533E-02,4.230105645E-02,-4.530333137E-02,-4.532388348E-02
17.4,4.232772987E-02,4.233413474E-02,-4.532371967E-02,-4.534437286E-02
17.41,4.238920357E-02,4.239574628E-02,-4.531554322E-02,-4.533609302E-02
17.42,4.245249333E-02,4.245923222E-02,-4.530530688E-02,-4.532569455E-02
17.43,4.2513964E-02,4.252080434E-02,-4.529663819E-02,-4.531695813E-02
17.44,4.259569917E-02,4.260263426E-02,-4.526744639E-02,-4.528770504E-02
17.45,4.27124126E-02,4.271960376E-02,-4.52030103E-02,-4.522304601E-02
17.46,4.285497118E-02,4.286258705E-02,-4.511245507E-02,-4.513209891E-02
17.47,4.300869413E-02,4.301677874E-02,-4.50104536E-02,-4.502966128E-02
17.48,4.316095935E-02,4.316947195E-02,-4.490962066E-02,-4.492843269E-02
17.49,4.328675465E-02,4.329558967E-02,-4.483496156E-02,-4.485348333E-02
17.5,4.335950816E-02,4.336840542E-02,-4.481304189E-02,-4.483153339E-02
17.51,4.338971745E-02,4.339835125E-02,-4.483335856E-02,-4.485214534E-02
17.52,4.34048269E-02,4.34130764E-02,-4.486846194E-02,-4.488766461E-02
17.53,4.339282613E-02,4.340071837E-02,-4.493035671E-02,-4.494994794E-02
17.54,4.33369622E-02,4.334434264E-02,-4.503579005E-02,-4.505592408E-02
17.55,4.325238344E-02,4.325906224E-02,-4.516960848E-02,-4.519047481E-02
17.56,4.314980127E-02,4.315576997E-02,-4.532109557E-02,-4.53427023E-02
17.57,4.302906816E-02,4.30343287E-02,-4.549039359E-02,-4.551273835E-02
17.58,4.289112882E-02,4.289565782E-02,-4.567655254E-02,-4.569965827E-02
17.59,4.273600403E-02,4.273979313E-02,-4.587954657E-02,-4.590342115E-02
17.6,4.257720063E-02,4.258024566E-02,-4.608586387E-02,-4.611051097E-02
17.61,4.243439498E-02,4.243680401E-02,-4.627582301E-02,-4.630113402E-02
17.62,4.23273873E-02,4.232937194E-02,-4.642961816E-02,-4.645538089E-02
17.63,4.226022643E-02,4.226205214E-02,-4.654319414E-02,-4.656914252E-02
17.64,4.221293078E-02,4.221479717E-02,-4.663652563E-02,-4.666245949E-02
17.65,4.218523804E-02,4.218717503E-02,-4.670986834E-02,-4.673575723E-02
17.66,4.218339222E-02,4.218549495E-02,-4.675697206E-02,-4.678272038E-02
17.67,4.219029307E-02,4.219266802E-02,-4.679493062E-02,-4.682043147E-02
17.68,4.218318533E-02,4.21857621E-02,-4.684649315E-02,-4.687181655E-02
17.69,4.214865839E-02,4.21512732E-02,-4.692506521E-02,-4.695037461E-02
17.7,4.209372338E-02,4.209620444E-02,-4.702363152E-02,-4.704909841E-02
17.71,4.202688643E-02,4.202916997E-02,-4.713368199E-02,-4.715936984E-02
17.72,4.194497663E-02,4.194704034E-02,-4.725838348E-02,-4.72843142E-02
17.73,4.186226823E-02,4.186406078E-02,-4.738345774E-02,-4.740968227E-02
17.74,4.18043286E-02,4.180594458E-02,-4.748333335E-02,-4.750975664E-02
17.75,4.176610468E-02,4.176775038E-02,-4.756305831E-02,-4.75894736E-02
17.76,4.170851957E-02,4.171022903E-02,-4.766170393E-02,-4.76880767E-02
17.77,4.159597269E-02,4.15975008E-02,-4.78148667E-02,-4.784144168E-02
17.78,4.142690658E-02,4.142790507E-02,-4.802410252E-02,-4.80512276E-02
17.79,4.123091469E-02,4.123118335E-02,-4.825981792E-02,-4.828769295E-02
17.8,4.102853779E-02,4.102811111E-02,-4.850147215E-02,-4.853006205E-02
17.81,4.081969569E-02,4.08186595E-02,-4.874914467E-02,-4.877836287E-02
17.82,4.061736746E-02,4.061575931E-02,-4.898985596E-02,-4.901966404E-02
17.83,4.04477107E-02,4.044568873E-02,-4.91974483E-02,-4.922768713E-02
17.84,4.031582303E-02,4.031366704E-02,-4.936682204E-02,-4.939721066E-02
17.85,4.020779709E-02,4.020570137E-02,-4.951188011E-02,-4.954222296E-02
17.86,4.012394484E-02,4.012198464E-02,-4.963230592E-02,-4.966252648E-02
17.87,4.007852175E-02,4.007682469E-02,-4.97138394E-02,-4.974380892E-02
17.88,4.00800907E-02,4.007887016E-02,-4.974791016E-02,-4.977741405E-02
17.89,4.01148765E-02,4.011432288E-02,-4.974828169E-02,-4.977712844E-02
17.9,4.016645007E-02,4.01666105E-02,-4.973137094E-02,-4.975951265E-02
17.91,4.024012097E-02,4.024097173E-02,-4.969185953E-02,-4.971931958E-02
17.92,4.034479592E-02,4.0346412E-02,-4.962083291E-02,-4.964753622E-02
17.93,4.047165435E-02,4.047412902E-02,-4.952710199E-02,-4.955295536E-02
17.94,4.060141587E-02,4.0604733E-02,-4.942993844E-02,-4.945495832E-02
17.95,4.074096644E-02,4.074502193E-02,-4.93224516E-02,-4.934674274E-02
17.96,4.089707922E-02,4.09018846E-02,-4.919786506E-02,-4.922141669E-02
17.97,4.105846006E-02,4.10640414E-02,-4.90674684E-02,-4.909025514E-02
17.98,4.123686626E-02,4.124315598E-02,-4.891950065E-02,-4.894159089E-02
17.99,4.143042161E-02,4.143748396E-02,-4.875583526E-02,-4.877716556E-02
18,4.160153914E-02,4.160933745E-02,-4.861405592E-02,-4.863466379E-02
18.01,4.173915645E-02,4.174739539E-02,-4.850522474E-02,-4.85254064E-02
18.02,4.187756009E-02,4.188605929E-02,-4.839505765E-02,-4.841499439E-02
18.03,4.204158928E-02,4.205045839E-02,-4.825871582E-02,-4.827829863E-02
18.04,4.223726849E-02,4.224667672E-02,-4.8090172E-02,-4.81092321E-02
18.05,4.247603299E-02,4.248612148E-02,-4.787798748E-02,-4.789638419E-02
18.06,4.273297787E-02,4.274391695E-02,-4.764706396E-02,-4.766462744E-02
18.07,4.295309225E-02,4.296476987E-02,-4.745241031E-02,-4.74692532E-02
18.08,4.312581055E-02,4.313781542E-02,-4.730459348E-02,-4.732112774E-02
18.09,4.327325827E-02,4.32853371E-02,-4.718149108E-02,-4.719797057E-02
18.1,4.340770518E-02,4.341980281E-02,-4.707083523E-02,-4.708731545E-02
18.11,4.353555637E-02,4.354764202E-02,-4.696622153E-02,-4.69827334E-02
18.12,4.36527522E-02,4.366481742E-02,-4.687171005E-02,-4.688826209E-02
18.13,4.376276024E-02,4.377475608E-02,-4.678383369E-02,-4.680047479E-02
18.14,4.389278042E-02,4.390472247E-02,-4.667539296E-02,-4.669210745E-02
18.15,4.407164679E-02,4.408375671E-02,-4.651755346E-02,-4.653411947E-02
18.16,4.430224933E-02,4.431483468E-02,-4.630742351E-02,-4.632353322E-02
18.17,4.455906943E-02,4.457232548E-02,-4.607051964E-02,-4.60859775E-02
18.18,4.481998723E-02,4.483389156E-02,-4.582896066E-02,-4.584378891E-02
18.19,4.506817515E-02,4.508261518E-02,-4.559957437E-02,-4.561388541E-02
18.2,4.528804818E-02,4.530285308E-02,-4.539794663E-02,-4.541191113E-02
18.21,4.548351527E-02,4.549846994E-02,-4.522016977E-02,-4.523400255E-02
18.22,4.565524954E-02,4.567023811E-02,-4.5065572E-02,-4.507938861E-02
18.23,4.579357431E-02,4.580847218E-02,-4.494383119E-02,-4.49577558E-02
18.24,4.589037E-02,4.590498764E-02,-4.486306819E-02,-4.487728986E-02
18.25,4.593213618E-02,4.594627204E-02,-4.483678501E-02,-4.485150475E-02
18.26,4.592693051E-02,4.594033601E-02,-4.485692577E-02,-4.487239157E-02
18.27,4.590273738E-02,4.591531032E-02,-4.489550793E-02,-4.491182132E-02
18.28,4.588086772E-02,4.58927046E-02,-4.493122198E-02,-4.49482857E-02
18.29,4.58570192E-02,4.586825335E-02,-4.496837102E-02,-4.498605094E-02
18.3,4.581736153E-02,4.582802443E-02,-4.502078601E-02,-4.503904981E-02
18.31,4.578094491E-02,4.579100061E-02,-4.506941767E-02,-4.50883005E-02
18.32,4.577650189E-02,4.578611904E-02,-4.508553432E-02,-4.510486669E-02
18.33,4.581955941E-02,4.582903582E-02,-4.505360912E-02,-4.507309236E-02
18.34,4.591749178E-02,4.592712266E-02,-4.496626725E-02,-4.49856053E-02
18.35,4.606928901E-02,4.607936163E-02,-4.482451798E-02,-4.48434228E-02
18.36,4.627035698E-02,4.628109164E-02,-4.463295481E-02,-4.465120538E-02
18.37,4.6503353E-02,4.651490683E-02,-4.440892013E-02,-4.442635869E-02
18.38,4.674233269E-02,4.67547166E-02,-4.417835855E-02,-4.419497364E-02
18.39,4.696987562E-02,4.698295674E-02,-4.395869144E-02,-4.397461542E-02
18.4,4.717535057E-02,4.71889598E-02,-4.376055146E-02,-4.377595298E-02
18.41,4.736416232E-02,4.737812795E-02,-4.357853556E-02,-4.359358586E-02
18.42,4.755459507E-02,4.756884852E-02,-4.339436126E-02,-4.340912846E-02
18.43,4.775794614E-02,4.777254991E-02,-4.319673285E-02,-4.321115398E-02
18.44,4.798064037E-02,4.799567911E-02,-4.297922696E-02,-4.299321689E-02
18.45,4.823722665E-02,4.825281268E-02,-4.272729619E-02,-4.274074216E-02
18.46,4.851648409E-02,4.853278542E-02,-4.245216294E-02,-4.246489651E-02
18.47,4.877846696E-02,4.879547796E-02,-4.219377457E-02,-4.220580096E-02
18.48,4.902976382E-02,4.90472503E-02,-4.194554454E-02,-4.195709757E-02
18.49,4.930552044E-02,4.932347401E-02,-4.167232932E-02,-4.168341702E-02
18.5,4.961637073E-02,4.963500234E-02,-4.136349705E-02,-4.13739081E-02
18.51,4.994928013E-02,4.996872383E-02,-4.103208428E-02,-4.104168427E-02
18.52,5.026139224E-02,5.02816311E-02,-4.072094953E-02,-4.072975504E-02
18.53,5.050504128E-02,5.05257545E-02,-4.047776101E-02,-4.048609251E-02
18.54,5.06663192E-02,5.068700401E-02,-4.031642944E-02,-4.032478939E-02
18.55,5.07439737E-02,5.076421418E-02,-4.023820992E-02,-4.024701394E-02
18.56,5.072628928E-02,5.074571475E-02,-4.025482075E-02,-4.026443917E-02
18.57,5.063199453E-02,5.065021402E-02,-4.034753612E-02,-4.035835957E-02
18.58,5.051009774E-02,5.052697302E-02,-4.046735051E-02,-4.047951687E-02
18.59,5.038238718E-02,5.039808659E-02,-4.059247829E-02,-4.060581888E-02
18.6,5.024787989E-02,5.026254861E-02,-4.072390498E-02,-4.073827425E-02
18.61,5.011767701E-02,5.013140017E-02,-4.085053197E-02,-4.086584447E-02
18.62,5.000621582E-02,5.001916465E-02,-4.095792455E-02,-4.097400869E-02
18.63,4.991095502E-02,4.992333223E-02,-4.104862654E-02,-4.10652793E-02
18.64,4.982853836E-02,4.98404633E-02,-4.112599673E-02,-4.114309846E-02
18.65,4.97651624E-02,4.977673555E-02,-4.118384119E-02,-4.120129109E-02
18.66,4.972570485E-02,4.973707313E-02,-4.121728481E-02,-4.12349357E-02
18.67,4.972176508E-02,4.973308147E-02,-4.12147309E-02,-4.123242952E-02
18.68,4.976889584E-02,4.978038251E-02,-4.116062943E-02,-4.117815335E-02
18.69,4.986670807E-02,4.987863842E-02,-4.105537223E-02,-4.107244778E-02
18.7,5.000638864E-02,5.001895225E-02,-4.090777523E-02,-4.092421261E-02
18.71,5.017611008E-02,5.018941421E-02,-4.072966884E-02,-4.074536055E-02
18.72,5.033724434E-02,5.035129282E-02,-4.055968409E-02,-4.057462608E-02
18.73,5.045136956E-02,5.046589889E-02,-4.043624589E-02,-4.045070143E-02
18.74,5.050742985E-02,5.052204411E-02,-4.037041315E-02,-4.038477795E-02
18.75,5.050040963E-02,5.05147866E-02,-4.036720447E-02,-4.038180052E-02
18.76,5.043274478E-02,5.044657927E-02,-4.042418696E-02,-4.043931922E-02
18.77,5.031847077E-02,5.033153882E-02,-4.052732812E-02,-4.054322034E-02
18.78,5.017274623E-02,5.018495198E-02,-4.066147226E-02,-4.067822011E-02
18.79,5.001930215E-02,5.003064102E-02,-4.080289137E-02,-4.082049921E-02
18.8,4.988956868E-02,4.990018884E-02,-4.092015828E-02,-4.093847776E-02
18.81,4.979786315E-02,4.980805521E-02,-4.099895877E-02,-4.101769908E-02
18.82,4.974412387E-02,4.97541544E-02,-4.10393577E-02,-4.105825211E-02
18.83,4.97229178E-02,4.973298218E-02,-4.104679139E-02,-4.106564435E-02
18.84,4.972589085E-02,4.973612482E-02,-4.102961725E-02,-4.104829284E-02
18.85,4.974544716E-02,4.975591556E-02,-4.09954345E-02,-4.10138677E-02
18.86,4.976834166E-02,4.977906455E-02,-4.095749153E-02,-4.097566213E-02
18.87,4.978502898E-02,4.979594377E-02,-4.092533709E-02,-4.094330748E-02
18.88,4.979411423E-02,4.980513712E-02,-4.090036935E-02,-4.091822316E-02
18.89,4.978312104E-02,4.979418198E-02,-4.089506798E-02,-4.091287507E-02
18.9,4.975055591E-02,4.976150798E-02,-4.091092973E-02,-4.092883687E-02
18.91,4.97135495E-02,4.972430504E-02,-4.093082719E-02,-4.094892183E-02
18.92,4.967471568E-02,4.968532145E-02,-4.095214973E-02,-4.097038496E-02
18.93,4.963304321E-02,4.964349908E-02,-4.097591195E-02,-4.099428773E-02
18.94,4.960409816E-02,4.961441553E-02,-4.098655113E-02,-4.100505589E-02
18.95,4.960118954E-02,4.961150228E-02,-4.097076169E-02,-4.098926141E-02
18.96,4.960698941E-02,4.961743544E-02,-4.094587513E-02,-4.096423175E-02
18.97,4.959298525E-02,4.960350971E-02,-4.094040755E-02,-4.095867575E-02
18.98,4.954810161E-02,4.955850345E-02,-4.096543779E-02,-4.098381844E-02
18.99,4.947498842E-02,4.94850983E-02,-4.101831913E-02,-4.103698143E-02
19,4.938634018E-02,4.939605511E-02,-4.10863603E-02,-4.110540705E-02
19.01,4.930355729E-02,4.931288592E-02,-4.114816414E-02,-4.116758655E-02
19.02,4.924462998E-02,4.925370751E-02,-4.118574383E-02,-4.120540657E-02
19.03,4.922477244E-02,4.923379795E-02,-4.118388881E-02,-4.120359268E-02
19.04,4.925660533E-02,4.92658242E-02,-4.112998227E-02,-4.114948176E-02
19.05,4.933628283E-02,4.934595741E-02,-4.102787407E-02,-4.104690669E-02
19.06,4.943352078E-02,4.944379073E-02,-4.090785251E-02,-4.092627847E-02
19.07,4.951355317E-02,4.952432026E-02,-4.080468758E-02,-4.082260492E-02
19.08,4.957171734E-02,4.958274201E-02,-4.072304557E-02,-4.074069365E-02
19.09,4.961624289E-02,4.962738316E-02,-4.065470028E-02,-4.067222088E-02
19.1,4.965031266E-02,4.966150589E-02,-4.059647237E-02,-4.061392795E-02
19.11,4.968391706E-02,4.969511273E-02,-4.053837497E-02,-4.055581586E-02
19.12,4.97402025E-02,4.975145032E-02,-4.045726528E-02,-4.047464159E-02
19.13,4.984169655E-02,4.985318751E-02,-4.033061956E-02,-4.034774015E-02
19.14,4.999465092E-02,5.000665157E-02,-4.015219023E-02,-4.016878837E-02
19.15,5.019195525E-02,5.020467767E-02,-3.992909198E-02,-3.994495541E-02
19.16,5.042151405E-02,5.043507788E-02,-3.967342462E-02,-3.968843351E-02
19.17,5.066862418E-02,5.068306171E-02,-3.939989548E-02,-3.941401731E-02
19.18,5.092251728E-02,5.093778112E-02,-3.911927697E-02,-3.913255888E-02
19.19,5.118006043E-02,5.119607392E-02,-3.88347059E-02,-3.884722432E-02
19.2,5.142910722E-02,5.144579803E-02,-3.855833254E-02,-3.85701595E-02
19.21,5.16573115E-02,5.167452981E-02,-3.830250675E-02,-3.831379184E-02
19.22,5.18628549E-02,5.188041569E-02,-3.806905056E-02,-3.807997853E-02
19.23,5.204310707E-02,5.206086969E-02,-3.786059786E-02,-3.787130911E-02
19.24,5.219844106E-02,5.221625828E-02,-3.767677915E-02,-3.768742067E-02
19.25,5.233405342E-02,5.235181226E-02,-3.751240142E-02,-3.752308598E-02
19.26,5.244509032E-02,5.246271673E-02,-3.737232209E-02,-3.738312352E-02
19.27,5.250070674E-02,5.251804954E-02,-3.728738974E-02,-3.729845905E-02
19.28,5.247746653E-02,5.249417473E-02,-3.728104392E-02,-3.729273189E-02
19.29,5.240201399E-02,5.241772792E-02,-3.73266434E-02,-3.733930956E-02
19.3,5.232974463E-02,5.234444156E-02,-3.736879578E-02,-3.738246271E-02
19.31,5.229299898E-02,5.230697162E-02,-3.737516409E-02,-3.738953901E-02
19.32,5.228552811E-02,5.229909456E-02,-3.735200135E-02,-3.736676608E-02
19.33,5.228563144E-02,5.229893172E-02,-3.732101234E-02,-3.733602681E-02
19.34,5.227880987E-02,5.2291833E-02,-3.729670022E-02,-3.731197534E-02
19.35,5.226993644E-02,5.228263661E-02,-3.727419586E-02,-3.728977736E-02
19.36,5.225962151E-02,5.227202252E-02,-3.725289278E-02,-3.726875678E-02
19.37,5.223436992E-02,5.224646864E-02,-3.72462901E-02,-3.726243968E-02
19.38,5.218598478E-02,5.219767452E-02,-3.72625886E-02,-3.727913038E-02
19.39,5.210945159E-02,5.212062414E-02,-3.73068065E-02,-3.732384862E-02
19.4,5.198800861E-02,5.199852991E-02,-3.739570917E-02,-3.741338565E-02
19.41,5.180539455E-02,5.181502836E-02,-3.754556138E-02,-3.756410843E-02
19.42,5.157421967E-02,5.158270655E-02,-3.774375603E-02,-3.776343308E-02
19.43,5.13205665E-02,5.132782931E-02,-3.796421367E-02,-3.798509785E-02
19.44,5.107085426E-02,5.107698572E-02,-3.818051836E-02,-3.820251703E-02
19.45,5.085859083E-02,5.086380947E-02,-3.835916586E-02,-3.838206057E-02
19.46,5.06999879E-02,5.070466796E-02,-3.848394865E-02,-3.850736529E-02
19.47,5.05825133E-02,5.058698929E-02,-3.856740363E-02,-3.859100783E-02
19.48,5.048870868E-02,5.049313757E-02,-3.862699402E-02,-3.865062893E-02
19.49,5.041822834E-02,5.04226776E-02,-3.866307024E-02,-3.868666846E-02
19.5,5.038766249E-02,5.039225311E-02,-3.865904671E-02,-3.86824873E-02
19.51,5.040367919E-02,5.040863596E-02,-3.860826034E-02,-3.863131856E-02
19.52,5.046614376E-02,5.047166986E-02,-3.851085113E-02,-3.85333238E-02
19.53,5.057569731E-02,5.058196125E-02,-3.836618335E-02,-3.838790195E-02
19.54,5.070386151E-02,5.071099942E-02,-3.82027408E-02,-3.822356911E-02
19.55,5.082032059E-02,5.082822779E-02,-3.805084436E-02,-3.807088697E-02
19.56,5.093459495E-02,5.094307075E-02,-3.79009781E-02,-3.79204355E-02
19.57,5.107720022E-02,5.108625333E-02,-3.772263066E-02,-3.774149395E-02
19.58,5.127647368E-02,5.128630588E-02,-3.748746957E-02,-3.75055368E-02
19.59,5.154639939E-02,5.155731824E-02,-3.718151615E-02,-3.719847957E-02
19.6,5.188317905E-02,5.189548218E-02,-3.680857441E-02,-3.682413619E-02
19.61,5.225069776E-02,5.226455269E-02,-3.640476489E-02,-3.641875725E-02
19.62,5.259229336E-02,5.260756747E-02,-3.602675484E-02,-3.603931006E-02
19.63,5.288401778E-02,5.290028707E-02,-3.569849646E-02,-3.571003816E-02
19.64,5.313047533E-02,5.314736602E-02,-3.541538892E-02,-3.54262905E-02
19.65,5.334033502E-02,5.335760813E-02,-3.51687667E-02,-3.517926679E-02
19.66,5.353759732E-02,5.355510018E-02,-3.493463294E-02,-3.494488391E-02
19.67,5.374237842E-02,5.376014217E-02,-3.469287532E-02,-3.470284576E-02
19.68,5.395179173E-02,5.396990641E-02,-3.444638461E-02,-3.445598424E-02
19.69,5.415193341E-02,5.417038678E-02,-3.420906892E-02,-3.421830976E-02
19.7,5.432656516E-02,5.434525219E-02,-3.399717064E-02,-3.40061575E-02
19.71,5.447246153E-02,5.449120847E-02,-3.381391914E-02,-3.382282553E-02
19.72,5.458874569E-02,5.460741253E-02,-3.366019498E-02,-3.366916073E-02
19.73,5.467357727E-02,5.469203764E-02,-3.353784235E-02,-3.354699365E-02
19.74,5.473756848E-02,5.475570072E-02,-3.343625279E-02,-3.344571117E-02
19.75,5.47714736E-02,5.478923945E-02,-3.336467585E-02,-3.337447943E-02
19.76,5.475262579E-02,5.476986704E-02,-3.33457822E-02,-3.33560891E-02
19.77,5.468418685E-02,5.470063595E-02,-3.337641362E-02,-3.338749133E-02
19.78,5.457745343E-02,5.459297205E-02,-3.344527691E-02,-3.34572637E-02
19.79,5.443233807E-02,5.444685063E-02,-3.355246309E-02,-3.356543453E-02
19.8,5.425209819E-02,5.426550489E-02,-3.369471833E-02,-3.370877425E-02
19.81,5.405797059E-02,5.407023135E-02,-3.38508094E-02,-3.386598996E-02
19.82,5.387348531E-02,5.388471513E-02,-3.399721002E-02,-3.401340029E-02
19.83,5.369197898E-02,5.370236675E-02,-3.414058764E-02,-3.415759887E-02
19.84,5.349449123E-02,5.350407512E-02,-3.429990684E-02,-3.431770101E-02
19.85,5.327986581E-02,5.328857443E-02,-3.447632787E-02,-3.44949765E-02
19.86,5.306083148E-02,5.306866202E-02,-3.465712578E-02,-3.467663183E-02
19.87,5.286170032E-02,5.286875198E-02,-3.481799244E-02,-3.483825689E-02
19.88,5.270767019E-02,5.271418692E-02,-3.493373431E-02,-3.495451342E-02
19.89,5.261227359E-02,5.261859342E-02,-3.499082373E-02,-3.501177966E-02
19.9,5.259101752E-02,5.25974829E-02,-3.497375902E-02,-3.499454954E-02
19.91,5.264383801E-02,5.265082946E-02,-3.488260988E-02,-3.490285461E-02
19.92,5.273566844E-02,5.274345094E-02,-3.475244882E-02,-3.477188293E-02
19.93,5.284335479E-02,5.285190808E-02,-3.460643545E-02,-3.462507923E-02
19.94,5.29771395E-02,5.298641179E-02,-3.443433223E-02,-3.445223748E-02
19.95,5.314123617E-02,5.315131716E-02,-3.423193044E-02,-3.424900739E-02
19.96,5.33061854E-02,5.33171144E-02,-3.402869445E-02,-3.404490374E-02
19.97,5.344187493E-02,5.345346018E-02,-3.385474121E-02,-3.38702745E-02
19.98,5.353695909E-02,5.354890423E-02,-3.372142038E-02,-3.373657392E-02
19.99,5.357104221E-02,5.358306967E-02,-3.364913131E-02,-3.366418255E-02
20,5.353865149E-02,5.3550391E-02,-3.364335018E-02,-3.365866929E-02
20.01,5.345978234E-02,5.347094585E-02,-3.368408473E-02,-3.369995968E-02
20.02,5.333910945E-02,5.334959566E-02,-3.376666343E-02,-3.378319551E-02
20.03,5.319393339E-02,5.320363193E-02,-3.387378914E-02,-3.389108871E-02
20.04,5.30702902E-02,5.307926081E-02,-3.395942928E-02,-3.397743667E-02
20.05,5.29817746E-02,5.299034718E-02,-3.400999321E-02,-3.40283786E-02
20.06,5.289835096E-02,5.290673666E-02,-3.405552127E-02,-3.407407359E-02
20.07,5.279701815E-02,5.280515412E-02,-3.411901904E-02,-3.413780123E-02
20.08,5.267099644E-02,5.26787557E-02,-3.420727016E-02,-3.422640925E-02
20.09,5.251753399E-02,5.252480615E-02,-3.432303011E-02,-3.434263655E-02
20.1,5.233830159E-02,5.234497879E-02,-3.446463165E-02,-3.448481336E-02
20.11,5.213964333E-02,5.2145659E-02,-3.462573414E-02,-3.464655776E-02
20.12,5.193756602E-02,5.194291177E-02,-3.479033418E-02,-3.481180824E-02
20.13,5.174242722E-02,5.174719494E-02,-3.494807791E-02,-3.497011065E-02
20.14,5.154952819E-02,5.155382027E-02,-3.510366797E-02,-3.512615717E-02
20.15,5.137492985E-02,5.137879414E-02,-3.524104744E-02,-3.52639454E-02
20.16,5.123344685E-02,5.123706626E-02,-3.534540577E-02,-3.536852978E-02
20.17,5.110257644E-02,5.110614394E-02,-3.543925036E-02,-3.546240766E-02
20.18,5.097698494E-02,5.09804693E-02,-3.55279195E-02,-3.555114145E-02
20.19,5.08617387E-02,5.086515837E-02,-3.560635094E-02,-3.562961922E-02
20.2,5.076225123E-02,5.076567716E-02,-3.566913541E-02,-3.569237921E-02
20.21,5.070414539E-02,5.070767261E-02,-3.569065452E-02,-3.571377893E-02
20.22,5.068857523E-02,5.069246953E-02,-3.566975921E-02,-3.569249856E-02
20.23,5.069605864E-02,5.070046194E-02,-3.562593715E-02,-3.564814963E-02
20.24,5.071559382E-02,5.072049627E-02,-3.557019533E-02,-3.55918908E-02
20.25,5.074779662E-02,5.075318499E-02,-3.550192251E-02,-3.552311418E-02
20.26,5.080357709E-02,5.08094708E-02,-3.541021322E-02,-3.54308816E-02
20.27,5.08776173E-02,5.088410607E-02,-3.530039009E-02,-3.532044542E-02
20.28,5.095335564E-02,5.096043576E-02,-3.518901955E-02,-3.520846543E-02
20.29,5.102720055E-02,5.103477292E-02,-3.507969748E-02,-3.509863285E-02
20.3,5.110443545E-02,5.111244706E-02,-3.496714436E-02,-3.498562208E-02
20.31,5.116669021E-02,5.117510855E-02,-3.486973432E-02,-3.488778676E-02
20.32,5.118388754E-02,5.119251805E-02,-3.481754836E-02,-3.483536991E-02
20.33,5.118734176E-02,5.119589551E-02,-3.477927503E-02,-3.479715446E-02
20.34,5.123281846E-02,5.12413922E-02,-3.469915165E-02,-3.471699209E-02
20.35,5.131355889E-02,5.132250759E-02,-3.458394138E-02,-3.46013878E-02
20.36,5.140938121E-02,5.141879297E-02,-3.445383111E-02,-3.447079538E-02
20.37,5.15206049E-02,5.153046831E-02,-3.430850579E-02,-3.43249992E-02
20.38,5.16261008E-02,5.163644307E-02,-3.416909866E-02,-3.418509387E-02
20.39,5.171675511E-02,5.1727428E-02,-3.404472737E-02,-3.406037248E-02
20.4,5.180918306E-02,5.182007787E-02,-3.391878001E-02,-3.393418355E-02
20.41,5.189549995E-02,5.19066504E-02,-3.379914476E-02,-3.381427289E-02
20.42,5.195527945E-02,5.196657842E-02,-3.370625156E-02,-3.37212113E-02
20.43,5.198282797E-02,5.199407145E-02,-3.364579709E-02,-3.366079233E-02
20.44,5.199658329E-02,5.200763112E-02,-3.359934628E-02,-3.361451709E-02
20.45,5.202197628E-02,5.203285419E-02,-3.354147121E-02,-3.355679184E-02
20.46,5.205368893E-02,5.206453631E-02,-3.347749344E-02,-3.349282451E-02
20.47,5.20893894E-02,5.210021984E-02,-3.340974857E-02,-3.342507651E-02
20.48,5.215596423E-02,5.216682548E-02,-3.331135365E-02,-3.332663075E-02
20.49,5.227786093E-02,5.228901257E-02,-3.315786516E-02,-3.317283188E-02
20.5,5.245740805E-02,5.246915784E-02,-3.294695926E-02,-3.29613079E-02
20.51,5.2679015E-02,5.269158131E-02,-3.269423152E-02,-3.270774372E-02
20.52,5.292605164E-02,5.29395076E-02,-3.241631664E-02,-3.242891924E-02
20.53,5.318926559E-02,5.320360107E-02,-3.212247103E-02,-3.213417408E-02
20.54,5.344761604E-02,5.346278219E-02,-3.183373915E-02,-3.18445914E-02
20.55,5.367433462E-02,5.369014297E-02,-3.157689269E-02,-3.158708249E-02
20.56,5.38623341E-02,5.387848889E-02,-3.135902162E-02,-3.136884465E-02
20.57,5.401717829E-02,5.403345265E-02,-3.117456464E-02,-3.118424769E-02
20.58,5.414299037E-02,5.415923415E-02,-3.101940112E-02,-3.102909431E-02
20.59,5.424922106E-02,5.426532149E-02,-3.0884083E-02,-3.089389912E-02
20.6,5.435374478E-02,5.436967571E-02,-3.075073865E-02,-3.07607039E-02
20.61,5.445911489E-02,5.44749473E-02,-3.061681768E-02,-3.062686119E-02
20.62,5.455067264E-02,5.456642072E-02,-3.049698201E-02,-3.050708969E-02
20.63,5.461000893E-02,5.462556001E-02,-3.040964375E-02,-3.04199284E-02
20.64,5.463253528E-02,5.464770759E-02,-3.035939409E-02,-3.03700376E-02
20.65,5.462765764E-02,5.464230748E-02,-3.033682963E-02,-3.034797586E-02
20.66,5.459590145E-02,5.460997619E-02,-3.034142753E-02,-3.035312929E-02
20.67,5.45439527E-02,5.455738221E-02,-3.036650448E-02,-3.037883211E-02
20.68,5.448838249E-02,5.450116789E-02,-3.039549209E-02,-3.04084447E-02
20.69,5.444438539E-02,5.445663909E-02,-3.041319866E-02,-3.042666411E-02
20.7,5.442655001E-02,5.443843358E-02,-3.040503873E-02,-3.041885573E-02
20.71,5.443308436E-02,5.444480435E-02,-3.03728077E-02,-3.038676997E-02
20.72,5.444723171E-02,5.445890051E-02,-3.033326576E-02,-3.03472612E-02
20.73,5.44538082E-02,5.446540503E-02,-3.030160008E-02,-3.031564973E-02
20.74,5.44385781E-02,5.445001819E-02,-3.029204938E-02,-3.030623825E-02
20.75,5.438920609E-02,5.440034113E-02,-3.031695172E-02,-3.033142835E-02
20.76,5.431141503E-02,5.432207511E-02,-3.037058675E-02,-3.03855213E-02
20.77,5.422176159E-02,5.423188412E-02,-3.043640021E-02,-3.045185552E-02
20.78,5.41286535E-02,5.413828515E-02,-3.050598695E-02,-3.052191664E-02
20.79,5.402985526E-02,5.403904242E-02,-3.058158526E-02,-3.059794322E-02
20.8,5.393836101E-02,5.394712993E-02,-3.065020373E-02,-3.066696403E-02
20.81,5.389368041E-02,5.390218935E-02,-3.067233557E-02,-3.068934022E-02
20.82,5.390995136E-02,5.391858534E-02,-3.063384625E-02,-3.065071056E-02
20.83,5.39616452E-02,5.397070335E-02,-3.056026838E-02,-3.057669351E-02
20.84,5.402160155E-02,5.403111915E-02,-3.047876604E-02,-3.049471696E-02
20.85,5.408060791E-02,5.409051188E-02,-3.039855486E-02,-3.041410482E-02
20.86,5.414421519E-02,5.415444878E-02,-3.031408669E-02,-3.032929263E-02
20.87,5.421546572E-02,5.42260417E-02,-3.022232197E-02,-3.023717127E-02
20.88,5.429388283E-02,5.430481786E-02,-3.012374018E-02,-3.013821631E-02
20.89,5.438030802E-02,5.439160977E-02,-3.001750257E-02,-3.0031598E-02
20.9,5.446659065E-02,5.447826977E-02,-2.991176245E-02,-2.992546667E-02
20.91,5.452642592E-02,5.453840371E-02,-2.983282718E-02,-2.984621901E-02
20.92,5.451838004E-02,5.453039046E-02,-2.982213277E-02,-2.983547834E-02
20.93,5.443217776E-02,5.44437697E-02,-2.98899561E-02,-2.990370664E-02
20.94,5.430528936E-02,5.431614011E-02,-2.999882814E-02,-3.001330648E-02
20.95,5.41673485E-02,5.417747495E-02,-3.011911669E-02,-3.013430611E-02
20.96,5.402347706E-02,5.403298E-02,-3.024570181E-02,-3.026150171E-02
20.97,5.389285366E-02,5.390180525E-02,-3.035940692E-02,-3.03757454E-02
20.98,5.379772525E-02,5.380633639E-02,-3.043798732E-02,-3.045465369E-02
20.99,5.373225632E-02,5.374079809E-02,-3.04872811E-02,-3.050400453E-02
21,5.368515649E-02,5.369375346E-02,-3.051858135E-02,-3.05352375E-02
21.01,5.365224794E-02,5.3660957E-02,-3.053606841E-02,-3.055260061E-02
21.02,5.364132508E-02,5.365020905E-02,-3.053195025E-02,-3.054829585E-02
21.03,5.365779862E-02,5.36669719E-02,-3.050081856E-02,-3.051686334E-02
21.04,5.368607726E-02,5.369564817E-02,-3.045826707E-02,-3.047390288E-02
21.05,5.371007444E-02,5.371999728E-02,-3.042038464E-02,-3.043565729E-02
21.06,5.371673967E-02,5.372690552E-02,-3.040022364E-02,-3.041524219E-02
21.07,5.368870863E-02,5.369895539E-02,-3.041515002E-02,-3.043007669E-02
21.08,5.362275991E-02,5.363285345E-02,-3.046838658E-02,-3.048345559E-02
21.09,5.353290007E-02,5.354267587E-02,-3.054592792E-02,-3.056130395E-02
21.1,5.342530797E-02,5.343472386E-02,-3.064159644E-02,-3.06573218E-02
21.11,5.330435265E-02,5.3313375E-02,-3.075102445E-02,-3.076713294E-02
21.12,5.319313197E-02,5.320177051E-02,-3.085111542E-02,-3.08675975E-02
21.13,5.311189864E-02,5.312033001E-02,-3.092161815E-02,-3.09382974E-02
21.14,5.304194255E-02,5.305036854E-02,-3.098124461E-02,-3.099791944E-02
21.15,5.296786199E-02,5.297626972E-02,-3.10453983E-02,-3.10620818E-02
21.16,5.290930906E-02,5.291766069E-02,-3.109442856E-02,-3.111115874E-02
21.17,5.286820464E-02,5.287664544E-02,-3.112641598E-02,-3.114304777E-02
21.18,5.283589323E-02,5.28444861E-02,-3.115001774E-02,-3.116648841E-02
21.19,5.28193474E-02,5.282809996E-02,-3.115826276E-02,-3.117456486E-02
21.2,5.281745102E-02,5.28264519E-02,-3.115226858E-02,-3.116831364E-02
21.21,5.281635949E-02,5.282563072E-02,-3.114588123E-02,-3.116164736E-02
21.22,5.28047899E-02,5.281425782E-02,-3.115038481E-02,-3.116594582E-02
21.23,5.278547458E-02,5.279504169E-02,-3.116304798E-02,-3.11785015E-02
21.24,5.275380863E-02,5.276342727E-02,-3.118847656E-02,-3.120387038E-02
21.25,5.269684935E-02,5.270642545E-02,-3.123961414E-02,-3.125504246E-02
21.26,5.262270383E-02,5.263208495E-02,-3.130835443E-02,-3.132396985E-02
21.27,5.254796641E-02,5.255713244E-02,-3.13781039E-02,-3.139392666E-02
21.28,5.247726349E-02,5.248628174E-02,-3.14442371E-02,-3.146020005E-02
21.29,5.240669939E-02,5.241560972E-02,-3.151065077E-02,-3.152671419E-02
21.3,5.233929871E-02,5.234811017E-02,-3.157432134E-02,-3.159047632E-02
21.31,5.228422745E-02,5.229298635E-02,-3.162608388E-02,-3.164228425E-02
21.32,5.224793336E-02,5.225674204E-02,-3.165949176E-02,-3.167563529E-02
21.33,5.221791036E-02,5.22268595E-02,-3.168705214E-02,-3.170304823E-02
21.34,5.218147956E-02,5.219054294E-02,-3.17214449E-02,-3.173731986E-02
21.35,5.217296744E-02,5.218210622E-02,-3.17283447E-02,-3.174413743E-02
21.36,5.221817512E-02,5.222765057E-02,-3.168195131E-02,-3.169740057E-02
21.37,5.228556181E-02,5.229564519E-02,-3.16138053E-02,-3.162863981E-02
21.38,5.233767984E-02,5.2348287E-02,-3.156135354E-02,-3.157565744E-02
21.39,5.236707204E-02,5.23779798E-02,-3.153205332E-02,-3.154604987E-02
21.4,5.238120675E-02,5.239226497E-02,-3.151843729E-02,-3.153227673E-02
21.41,5.238131965E-02,5.239245627E-02,-3.151927106E-02,-3.153302551E-02
21.42,5.237608757E-02,5.23872382E-02,-3.15258794E-02,-3.15396133E-02
21.43,5.238768807E-02,5.239887787E-02,-3.151608674E-02,-3.152977493E-02
21.44,5.242014839E-02,5.24315328E-02,-3.148586691E-02,-3.149935382E-02
21.45,5.245730867E-02,5.246897048E-02,-3.145137904E-02,-3.146458171E-02
21.46,5.249551066E-02,5.250740613E-02,-3.141628079E-02,-3.142924277E-02
21.47,5.253506235E-02,5.254717626E-02,-3.138026462E-02,-3.139300106E-02
21.48,5.256233168E-02,5.257464216E-02,-3.135696319E-02,-3.136949582E-02
21.49,5.257100331E-02,5.258338702E-02,-3.135269432E-02,-3.136514639E-02
21.5,5.255032899E-02,5.256266552E-02,-3.137821349E-02,-3.139070534E-02
21.51,5.247954374E-02,5.249164799E-02,-3.145430341E-02,-3.146702004E-02
21.52,5.237315747E-02,5.238476436E-02,-3.156652609E-02,-3.157973312E-02
21.53,5.225952567E-02,5.227058739E-02,-3.168628651E-02,-3.17000279E-02
21.54,5.214601423E-02,5.215667929E-02,-3.180601882E-02,-3.182015127E-02
21.55,5.204018784E-02,5.205059762E-02,-3.191845678E-02,-3.19328559E-02
21.56,5.194428503E-02,5.195458043E-02,-3.202147147E-02,-3.203599656E-02
21.57,5.185125806E-02,5.186152937E-02,-3.212205044E-02,-3.213660492E-02
21.58,5.176086737E-02,5.177113906E-02,-3.222043351E-02,-3.223499115E-02
21.59,5.168124291E-02,5.169156493E-02,-3.230847053E-02,-3.232297896E-02
21.6,5.162758211E-02,5.16380643E-02,-3.237096199E-02,-3.23853108E-02
21.61,5.160960988E-02,5.16204381E-02,-3.239817625E-02,-3.241217903E-02
21.62,5.162634846E-02,5.163771259E-02,-3.239109071E-02,-3.240455766E-02
21.63,5.168205185E-02,5.169409202E-02,-3.234544905E-02,-3.235824008E-02
21.64,5.179351343E-02,5.180640934E-02,-3.224445808E-02,-3.225639372E-02
21.65,5.197082306E-02,5.198484348E-02,-3.20780284E-02,-3.208884007E-02
21.66,5.220280356E-02,5.221819718E-02,-3.185734089E-02,-3.186678008E-02
21.67,5.2469014E-02,5.248588069E-02,-3.160284171E-02,-3.161080863E-02
21.68,5.275033704E-02,5.276864467E-02,-3.133365669E-02,-3.134018332E-02
21.69,5.304575462E-02,5.306540051E-02,-3.10508167E-02,-3.105600529E-02
21.7,5.33388351E-02,5.335974629E-02,-3.077077956E-02,-3.077470243E-02
21.71,5.358896173E-02,5.361092409E-02,-3.053423333E-02,-3.053710395E-02
21.72,5.379793095E-02,5.382052198E-02,-3.033969573E-02,-3.034194245E-02
21.73,5.398802422E-02,5.401099991E-02,-3.016486863E-02,-3.016671969E-02
21.74,5.415481779E-02,5.417805884E-02,-3.001361165E-02,-3.001515215E-02
21.75,5.427390181E-02,5.429719078E-02,-2.99101858E-02,-2.991163385E-02
21.76,5.43258239E-02,5.434882593E-02,-2.987421326E-02,-2.987591959E-02
21.77,5.431604408E-02,5.433839418E-02,-2.990033601E-02,-2.990267256E-02
21.78,5.426027059E-02,5.428175377E-02,-2.997327591E-02,-2.99764641E-02
21.79,5.418014593E-02,5.420067669E-02,-3.007139548E-02,-3.007550167E-02
21.8,5.410732623E-02,5.412697979E-02,-3.01623123E-02,-3.01672297E-02
21.81,5.406176611E-02,5.408081633E-02,-3.022589712E-02,-3.023136149E-02
21.82,5.404277242E-02,5.406150602E-02,-3.026305521E-02,-3.026880514E-02
21.83,5.40453132E-02,5.406391069E-02,-3.027887887E-02,-3.028474626E-02
21.84,5.405771692E-02,5.407629259E-02,-3.028508307E-02,-3.02909633E-02
21.85,5.406175509E-02,5.408032121E-02,-3.029991379E-02,-3.030580081E-02
21.86,5.40501411E-02,5.406860448E-02,-3.033067329E-02,-3.033666539E-02
21.87,5.402392908E-02,5.404221145E-02,-3.037631134E-02,-3.038249065E-02
21.88,5.399746601E-02,5.401553669E-02,-3.042248652E-02,-3.042888735E-02
21.89,5.399137666E-02,5.40093211E-02,-3.044857861E-02,-3.045511876E-02
21.9,5.401283169E-02,5.403083917E-02,-3.04474257E-02,-3.045391902E-02
21.91,5.407031739E-02,5.408855372E-02,-3.041054986E-02,-3.041683323E-02
21.92,5.416420307E-02,5.418286118E-02,-3.033759078E-02,-3.03434735E-02
21.93,5.42623388E-02,5.428153708E-02,-3.026070704E-02,-3.026607252E-02
21.94,5.432914066E-02,5.434872517E-02,-3.021548869E-02,-3.02204921E-02
21.95,5.43649979E-02,5.43846903E-02,-3.020154376E-02,-3.020646411E-02
21.96,5.43993357E-02,5.441901654E-02,-3.018943973E-02,-3.019439695E-02
21.97,5.444480473E-02,5.446456752E-02,-3.016652206E-02,-3.017142336E-02
21.98,5.447041215E-02,5.449031116E-02,-3.016378485E-02,-3.016857681E-02
21.99,5.444668617E-02,5.446650396E-02,-3.021069714E-02,-3.021559776E-02
22,5.438652949E-02,5.440598062E-02,-3.029434575E-02,-3.029964071E-02
22.01,5.432067546E-02,5.433970348E-02,-3.038398687E-02,-3.038973313E-02
22.02,5.426478916E-02,5.428351651E-02,-3.046395244E-02,-3.047002844E-02
22.03,5.42220848E-02,5.42406481E-02,-3.053102904E-02,-3.053729907E-02
22.04,5.418733181E-02,5.420583273E-02,-3.059044787E-02,-3.05968109E-02
22.05,5.413982365E-02,5.415828876E-02,-3.066291479E-02,-3.066934467E-02
22.06,5.405615618E-02,5.407445529E-02,-3.077183128E-02,-3.077845834E-02
22.07,5.392432179E-02,5.394222592E-02,-3.092919945E-02,-3.093625266E-02
22.08,5.374717697E-02,5.376446706E-02,-3.113215615E-02,-3.113985454E-02
22.09,5.352818182E-02,5.354470973E-02,-3.137723529E-02,-3.138572709E-02
22.1,5.327833699E-02,5.329399877E-02,-3.165343172E-02,-3.166282101E-02
22.11,5.303335305E-02,5.304815401E-02,-3.19250314E-02,-3.193531304E-02
22.12,5.282619427E-02,5.284038767E-02,-3.215906817E-02,-3.216998906E-02
22.13,5.266332096E-02,5.267725402E-02,-3.234908127E-02,-3.236029426E-02
22.14,5.254241582E-02,5.255635151E-02,-3.249738754E-02,-3.250862954E-02
22.15,5.24588599E-02,5.247300304E-02,-3.260860465E-02,-3.261967059E-02
22.16,5.240195534E-02,5.241645226E-02,-3.269342875E-02,-3.270417186E-02
22.17,5.237344662E-02,5.238836702E-02,-3.275011305E-02,-3.276046309E-02
22.18,5.236489872E-02,5.238033891E-02,-3.278708992E-02,-3.279694996E-02
22.19,5.234571061E-02,5.236166432E-02,-3.283495745E-02,-3.284433309E-02
22.2,5.230983378E-02,5.232610337E-02,-3.28997603E-02,-3.290884841E-02
22.21,5.227770322E-02,5.22941905E-02,-3.29610587E-02,-3.296995671E-02
22.22,5.224829043E-02,5.226505028E-02,-3.301987671E-02,-3.302852898E-02
22.23,5.22112677E-02,5.222827025E-02,-3.308653783E-02,-3.309497355E-02
22.24,5.218075342E-02,5.219792996E-02,-3.31469191E-02,-3.315520626E-02
22.25,5.217345001E-02,5.219088653E-02,-3.318431347E-02,-3.319236538E-02
22.26,5.22085059E-02,5.222636274E-02,-3.31795685E-02,-3.318722421E-02
22.27,5.230105698E-02,5.231957571E-02,-3.311754486E-02,-3.312456218E-02
22.28,5.243519564E-02,5.245463487E-02,-3.30141473E-02,-3.3020267E-02
22.29,5.258169619E-02,5.260210037E-02,-3.289859867E-02,-3.290377564E-02
22.3,5.272124289E-02,5.274249133E-02,-3.279021109E-02,-3.27945653E-02
22.31,5.285413744E-02,5.287607328E-02,-3.268867834E-02,-3.269236592E-02
22.32,5.298531844E-02,5.300785257E-02,-3.258905697E-02,-3.25921663E-02
22.33,5.309455166E-02,5.311761525E-02,-3.251157637E-02,-3.251417561E-02
22.34,5.315218957E-02,5.317553767E-02,-3.248587872E-02,-3.248821217E-02
22.35,5.315193418E-02,5.317520465E-02,-3.25182551E-02,-3.252068428E-02
22.36,5.310385348E-02,5.312677196E-02,-3.259862952E-02,-3.260142827E-02
22.37,5.302042616E-02,5.304283403E-02,-3.271451544E-02,-3.271784203E-02
22.38,5.292119799E-02,5.294302597E-02,-3.284635998E-02,-3.285028347E-02
22.39,5.283243848E-02,5.285375212E-02,-3.296788733E-02,-3.297234214E-02
22.4,5.277920525E-02,5.28002095E-02,-3.305403472E-02,-3.305881597E-02
22.41,5.277383544E-02,5.279481956E-02,-3.309246092E-02,-3.309727947E-02
22.42,5.280834456E-02,5.282957379E-02,-3.309114693E-02,-3.309573768E-02
22.43,5.287225338E-02,5.289386791E-02,-3.306056852E-02,-3.306479139E-02
22.44,5.294551614E-02,5.296757227E-02,-3.302076763E-02,-3.302456636E-02
22.45,5.298851055E-02,5.301091186E-02,-3.301136215E-02,-3.301483319E-02
22.46,5.297981301E-02,5.300223368E-02,-3.305377002E-02,-3.305723917E-02
22.47,5.291860503E-02,5.294072431E-02,-3.314880264E-02,-3.315259066E-02
22.48,5.281840296E-02,5.283999727E-02,-3.328293618E-02,-3.328726674E-02
22.49,5.270135109E-02,5.27223245E-02,-3.343401932E-02,-3.343898855E-02
22.5,5.256968353E-02,5.259007368E-02,-3.359981175E-02,-3.360538236E-02
22.51,5.241425169E-02,5.243402913E-02,-3.37894564E-02,-3.379565822E-02
22.52,5.224945372E-02,5.226854815E-02,-3.398854931E-02,-3.399545307E-02
22.53,5.209728747E-02,5.21157809E-02,-3.4175087E-02,-3.418261113E-02
22.54,5.193840082E-02,5.195644452E-02,-3.436841667E-02,-3.43764104E-02
22.55,5.173970259E-02,5.175720424E-02,-3.460162458E-02,-3.461018071E-02
22.56,5.151069766E-02,5.152742496E-02,-3.486520008E-02,-3.487455136E-02
22.57,5.129430994E-02,5.131025988E-02,-3.511621335E-02,-3.512636323E-02
22.58,5.111665621E-02,5.113209556E-02,-3.532854263E-02,-3.533922485E-02
22.59,5.0988871E-02,5.100410865E-02,-3.549104924E-02,-3.55019554E-02
22.6,5.091989743E-02,5.093522863E-02,-3.559478609E-02,-3.560562141E-02
22.61,5.090534407E-02,5.092107097E-02,-3.564414071E-02,-3.565460342E-02
22.62,5.094581865E-02,5.096215086E-02,-3.563850145E-02,-3.564838229E-02
22.63,5.103586516E-02,5.105300813E-02,-3.558332033E-02,-3.55924141E-02
22.64,5.114068367E-02,5.115874979E-02,-3.551339322E-02,-3.552158773E-02
22.65,5.12340184E-02,5.125285984E-02,-3.545497144E-02,-3.546241464E-02
22.66,5.131735379E-02,5.133677339E-02,-3.540656537E-02,-3.541345449E-02
22.67,5.137827394E-02,5.13981616E-02,-3.538058547E-02,-3.538703065E-02
22.68,5.140437081E-02,5.142452107E-02,-3.538943422E-02,-3.539564096E-02
22.69,5.141437492E-02,5.143458039E-02,-3.541437515E-02,-3.542055085E-02
22.7,5.142612146E-02,5.144638485E-02,-3.543756721E-02,-3.544370918E-02
22.71,5.143553496E-02,5.145590748E-02,-3.546308038E-02,-3.546913746E-02
22.72,5.142852481E-02,5.144896627E-02,-3.550499992E-02,-3.551101232E-02
22.73,5.139160774E-02,5.141199277E-02,-3.557680344E-02,-3.558289654E-02
22.74,5.131896892E-02,5.133912352E-02,-3.568429983E-02,-3.569064764E-02
22.75,5.120487584E-02,5.1224632E-02,-3.583321552E-02,-3.583998605E-02
22.76,5.105533806E-02,5.107452715E-02,-3.601753479E-02,-3.602489668E-02
22.77,5.091543551E-02,5.093400703E-02,-3.619217165E-02,-3.620017544E-02
22.78,5.083242352E-02,5.085066793E-02,-3.630986529E-02,-3.631822059E-02
22.79,5.080867697E-02,5.082704142E-02,-3.636823624E-02,-3.637649595E-02
22.8,5.083152477E-02,5.085028235E-02,-3.637995128E-02,-3.638784237E-02
22.81,5.089609594E-02,5.09154104E-02,-3.634987694E-02,-3.635723562E-02
22.82,5.098859894E-02,5.100860555E-02,-3.629180011E-02,-3.629849108E-02
22.83,5.109850826E-02,5.111922828E-02,-3.621624165E-02,-3.62222435E-02
22.84,5.121792771E-02,5.123934406E-02,-3.613109283E-02,-3.613642254E-02
22.85,5.133460114E-02,5.135666611E-02,-3.60486048E-02,-3.605330989E-02
22.86,5.145145936E-02,5.147406729E-02,-3.596584159E-02,-3.597002753E-02
22.87,5.157084566E-02,5.159396598E-02,-3.588045464E-02,-3.588415181E-02
22.88,5.168479986E-02,5.170840216E-02,-3.580039895E-02,-3.580363756E-02
22.89,5.179718322E-02,5.182118251E-02,-3.572180803E-02,-3.572467286E-02
22.9,5.19008238E-02,5.192519286E-02,-3.565184854E-02,-3.565436659E-02
22.91,5.198207429E-02,5.200671188E-02,-3.560416248E-02,-3.560643479E-02
22.92,5.20598959E-02,5.208465698E-02,-3.555978314E-02,-3.556195453E-02
22.93,5.216756213E-02,5.21925272E-02,-3.548543162E-02,-3.54874214E-02
22.94,5.23087994E-02,5.233420072E-02,-3.537737669E-02,-3.537895241E-02
22.95,5.246077867E-02,5.248673439E-02,-3.525844296E-02,-3.525948629E-02
22.96,5.261544744E-02,5.264190246E-02,-3.51366783E-02,-3.513724414E-02
22.97,5.277154677E-02,5.279846196E-02,-3.50133368E-02,-3.501346404E-02
22.98,5.291476996E-02,5.294210333E-02,-3.490272025E-02,-3.490245064E-02
22.99,5.30251116E-02,5.305270253E-02,-3.482482903E-02,-3.482432295E-02
23,5.308975406E-02,5.311736225E-02,-3.479247535E-02,-3.479197285E-02
23.01,5.311634917E-02,5.314373032E-02,-3.479800155E-02,-3.479774667E-02
23.02,5.31129859E-02,5.314001417E-02,-3.483331279E-02,-3.483343121E-02
23.03,5.307887842E-02,5.310546896E-02,-3.48991893E-02,-3.489976569E-02
23.04,5.303283246E-02,5.305889909E-02,-3.497681987E-02,-3.497794029E-02
23.05,5.300346959E-02,5.302909952E-02,-3.503757769E-02,-3.503915485E-02
23.06,5.299769383E-02,5.30231054E-02,-3.507455414E-02,-3.507636968E-02
23.07,5.300898854E-02,5.303433284E-02,-3.509426171E-02,-3.509616447E-02
23.08,5.302541279E-02,5.305075782E-02,-3.510863711E-02,-3.511055906E-02
23.09,5.303467384E-02,5.30600071E-02,-3.512996876E-02,-3.513192231E-02
23.1,5.303048556E-02,5.305573261E-02,-3.516453829E-02,-3.516659778E-02
23.11,5.299571556E-02,5.302078526E-02,-3.522947342E-02,-3.523172992E-02
23.12,5.291671106E-02,5.294140586E-02,-3.533842215E-02,-3.534107311E-02
23.13,5.279902346E-02,5.282312749E-02,-3.548582798E-02,-3.54890892E-02
23.14,5.26374442E-02,5.266083616E-02,-3.567689447E-02,-3.56808872E-02
23.15,5.242851276E-02,5.245102028E-02,-3.591507726E-02,-3.591997384E-02
23.16,5.219798287E-02,5.221947226E-02,-3.617461779E-02,-3.618055193E-02
23.17,5.195770705E-02,5.197825638E-02,-3.644365909E-02,-3.645055275E-02
23.18,5.168458141E-02,5.170423154E-02,-3.674530103E-02,-3.67531134E-02
23.19,5.137241602E-02,5.139101204E-02,-3.708572952E-02,-3.709461557E-02
23.2,5.104350997E-02,5.10609686E-02,-3.744264129E-02,-3.745268433E-02
23.21,5.071465728E-02,5.073107824E-02,-3.779923845E-02,-3.781033881E-02
23.22,5.039330091E-02,5.040881975E-02,-3.814807454E-02,-3.816009674E-02
23.23,5.008616048E-02,5.010091722E-02,-3.848242666E-02,-3.849523069E-02
23.24,4.979243653E-02,4.980658247E-02,-3.880309101E-02,-3.881652559E-02
23.25,4.951762647E-02,4.953127729E-02,-3.910456704E-02,-3.911851649E-02
23.26,4.930009609E-02,4.931343685E-02,-3.934848586E-02,-3.936276509E-02
23.27,4.916108918E-02,4.917455006E-02,-3.951360085E-02,-3.95277796E-02
23.28,4.907331657E-02,4.908728895E-02,-3.962719859E-02,-3.964088542E-02
23.29,4.901100732E-02,4.902557492E-02,-3.971504742E-02,-3.972815848E-02
23.3,4.896392887E-02,4.897908206E-02,-3.978737703E-02,-3.979992178E-02
23.31,4.89415905E-02,4.89573279E-02,-3.98346752E-02,-3.984665484E-02
23.32,4.896187408E-02,4.897829711E-02,-3.983905721E-02,-3.985037011E-02
23.33,4.902812021E-02,4.904542918E-02,-3.979717974E-02,-3.980762536E-02
23.34,4.914262371E-02,4.916096936E-02,-3.970674538E-02,-3.971617274E-02
23.35,4.9290151E-02,4.930967325E-02,-3.958298517E-02,-3.959125409E-02
23.36,4.94474663E-02,4.946816202E-02,-3.944913234E-02,-3.945624565E-02
23.37,4.961293605E-02,4.963468479E-02,-3.930681782E-02,-3.931289565E-02
23.38,4.97771257E-02,4.979987553E-02,-3.916547342E-02,-3.917056738E-02
23.39,4.991279913E-02,4.993640375E-02,-3.90523326E-02,-3.905658863E-02
23.4,5.000255805E-02,5.002671588E-02,-3.898479081E-02,-3.898851017E-02
23.41,5.006686236E-02,5.009129381E-02,-3.894238518E-02,-3.894584709E-02
23.42,5.012874346E-02,5.015339555E-02,-3.890208139E-02,-3.890533849E-02
23.43,5.01815934E-02,5.020650824E-02,-3.887048474E-02,-3.887349457E-02
23.44,5.023013978E-02,5.025524558E-02,-3.884286506E-02,-3.88456991E-02
23.45,5.026985031E-02,5.029514125E-02,-3.882375209E-02,-3.882641583E-02
23.46,5.026803619E-02,5.029342271E-02,-3.884583215E-02,-3.884841483E-02
23.47,5.020429929E-02,5.02294592E-02,-3.892950078E-02,-3.893232427E-02
23.48,5.007356616E-02,5.009817374E-02,-3.907982863E-02,-3.908321832E-02
23.49,4.990011933E-02,4.992391498E-02,-3.92725304E-02,-3.927674561E-02
23.5,4.972622784E-02,4.974918957E-02,-3.946533446E-02,-3.947039691E-02
23.51,4.956114661E-02,4.95834824E-02,-3.964898368E-02,-3.965468513E-02
23.52,4.940625312E-02,4.942808442E-02,-3.98220986E-02,-3.982831737E-02
23.53,4.927538139E-02,4.929682588E-02,-3.99708433E-02,-3.997746148E-02
23.54,4.916822799E-02,4.918948245E-02,-4.009551941E-02,-4.010233998E-02
23.55,4.906401171E-02,4.908517236E-02,-4.021690645E-02,-4.022383296E-02
23.56,4.893943589E-02,4.896043505E-02,-4.035829936E-02,-4.036539925E-02
23.57,4.880133118E-02,4.882201742E-02,-4.051286571E-02,-4.052029016E-02
23.58,4.867121357E-02,4.869157981E-02,-4.065908772E-02,-4.066684357E-02
23.59,4.855599438E-02,4.857616316E-02,-4.07900525E-02,-4.079801697E-02
23.6,4.845773464E-02,4.847779826E-02,-4.090369756E-02,-4.091177813E-02
23.61,4.83714745E-02,4.839151856E-02,-4.100498137E-02,-4.10130922E-02
23.62,4.829049296E-02,4.831054794E-02,-4.110062358E-02,-4.110873397E-02
23.63,4.821657836E-02,4.823663983E-02,-4.118883454E-02,-4.119694867E-02
23.64,4.81352819E-02,4.815536553E-02,-4.128406177E-02,-4.129216376E-02
23.65,4.802919942E-02,4.80491954E-02,-4.140370823E-02,-4.141190761E-02
23.66,4.791425599E-02,4.793400885E-02,-4.153184755E-02,-4.154029959E-02
23.67,4.781413556E-02,4.7833692E-02,-4.164479465E-02,-4.165345239E-02
23.68,4.774782278E-02,4.776734961E-02,-4.172356383E-02,-4.173226025E-02
23.69,4.773430276E-02,4.775403144E-02,-4.174916913E-02,-4.175767254E-02
23.7,4.777652301E-02,4.77967529E-02,-4.17186623E-02,-4.172667309E-02
23.71,4.787415523E-02,4.789511783E-02,-4.163237098E-02,-4.163965743E-02
23.72,4.803072004E-02,4.805262419E-02,-4.148677394E-02,-4.149312696E-02
23.73,4.822736949E-02,4.825041142E-02,-4.130071861E-02,-4.130594171E-02
23.74,4.841664888E-02,4.844081461E-02,-4.112165914E-02,-4.112576605E-02
23.75,4.855067062E-02,4.857563983E-02,-4.099748254E-02,-4.100079331E-02
23.76,4.861637348E-02,4.8641662E-02,-4.094124931E-02,-4.094424782E-02
23.77,4.861542048E-02,4.864063479E-02,-4.095129563E-02,-4.095437512E-02
23.78,4.854464466E-02,4.856947033E-02,-4.103078772E-02,-4.103426237E-02
23.79,4.841320908E-02,4.843734054E-02,-4.117056186E-02,-4.117473698E-02
23.8,4.823078034E-02,4.825403402E-02,-4.136095084E-02,-4.136600978E-02
23.81,4.801527555E-02,4.803753825E-02,-4.158403714E-02,-4.159009283E-02
23.82,4.779238282E-02,4.781366661E-02,-4.181413228E-02,-4.182117245E-02
23.83,4.757969757E-02,4.760016003E-02,-4.203364066E-02,-4.204150752E-02
23.84,4.738823863E-02,4.740806484E-02,-4.223154341E-02,-4.224005164E-02
23.85,4.722100078E-02,4.724039382E-02,-4.240484576E-02,-4.241379206E-02
23.86,4.706453801E-02,4.708364876E-02,-4.25669938E-02,-4.257622707E-02
23.87,4.689257306E-02,4.691141116E-02,-4.274426492E-02,-4.275377528E-02
23.88,4.670094163E-02,4.671937255E-02,-4.294082355E-02,-4.295074532E-02
23.89,4.650282402E-02,4.652078413E-02,-4.314348955E-02,-4.315388612E-02
23.9,4.631053428E-02,4.632807704E-02,-4.333994911E-02,-4.335076679E-02
23.91,4.614113821E-02,4.615836522E-02,-4.351313676E-02,-4.352427371E-02
23.92,4.600253221E-02,4.601963563E-02,-4.365515648E-02,-4.366642032E-02
23.93,4.589166461E-02,4.590881621E-02,-4.376906043E-02,-4.378027912E-02
23.94,4.581130872E-02,4.582862657E-02,-4.385207576E-02,-4.386313103E-02
23.95,4.576917176E-02,4.578680344E-02,-4.389649584E-02,-4.390723984E-02
23.96,4.577010575E-02,4.578823012E-02,-4.389746924E-02,-4.390772287E-02
23.97,4.580763858E-02,4.582642168E-02,-4.386146871E-02,-4.387106569E-02
23.98,4.585746624E-02,4.587697979E-02,-4.381279896E-02,-4.382166732E-02
23.99,4.589341759E-02,4.591355726E-02,-4.377763184E-02,-4.378587567E-02
24,4.590588874E-02,4.592644734E-02,-4.3765572E-02,-4.377339823E-02
24.01,4.590354221E-02,4.592435275E-02,-4.376795767E-02,-4.377553305E-02
24.02,4.588548591E-02,4.590647572E-02,-4.378568181E-02,-4.379307875E-02
24.03,4.583224E-02,4.58532953E-02,-4.383822512E-02,-4.384555717E-02
24.04,4.573893755E-02,4.575982399E-02,-4.39304555E-02,-4.393795674E-02
24.05,4.56191338E-02,4.563968454E-02,-4.404881868E-02,-4.405665573E-02
24.06,4.549766742E-02,4.551785707E-02,-4.416847706E-02,-4.417667506E-02
24.07,4.539852709E-02,4.541847809E-02,-4.426544307E-02,-4.427387933E-02
24.08,4.531513836E-02,4.533505098E-02,-4.434629232E-02,-4.435476634E-02
24.09,4.522479556E-02,4.524471176E-02,-4.443373171E-02,-4.444220127E-02
24.1,4.512455734E-02,4.51443844E-02,-4.453070383E-02,-4.453926143E-02
24.11,4.50347735E-02,4.505449541E-02,-4.461686019E-02,-4.462552158E-02
24.12,4.497393563E-02,4.49936899E-02,-4.467371056E-02,-4.4682338E-02
24.13,4.494053596E-02,4.49605099E-02,-4.47027641E-02,-4.471117004E-02
24.14,4.492248951E-02,4.494278003E-02,-4.47161072E-02,-4.472419449E-02
24.15,4.491971847E-02,4.494034354E-02,-4.471381916E-02,-4.47215696E-02
24.16,4.494891298E-02,4.496993953E-02,-4.467921135E-02,-4.468655777E-02
24.17,4.50195214E-02,4.50411283E-02,-4.460283696E-02,-4.460960025E-02
24.18,4.51285353E-02,4.51508959E-02,-4.448770598E-02,-4.449371257E-02
24.19,4.526600789E-02,4.528922481E-02,-4.434376682E-02,-4.434891387E-02
24.2,4.541010961E-02,4.543420223E-02,-4.419285068E-02,-4.419711858E-02
24.21,4.554676398E-02,4.55716142E-02,-4.404903573E-02,-4.405254235E-02
24.22,4.567388667E-02,4.569935516E-02,-4.391440805E-02,-4.391729252E-02
24.23,4.57784129E-02,4.580438649E-02,-4.380203424E-02,-4.380440952E-02
24.24,4.584994252E-02,4.587622114E-02,-4.37223163E-02,-4.372438226E-02
24.25,4.588605563E-02,4.591242846E-02,-4.367767609E-02,-4.367964333E-02
24.26,4.587920766E-02,4.590549232E-02,-4.367566017E-02,-4.367771087E-02
24.27,4.583865084E-02,4.58646409E-02,-4.370701838E-02,-4.370935877E-02
24.28,4.579510304E-02,4.582073275E-02,-4.374103496E-02,-4.37437306E-02
24.29,4.576334922E-02,4.578875113E-02,-4.376292712E-02,-4.376584523E-02
24.3,4.572370164E-02,4.574897904E-02,-4.37923847E-02,-4.379542181E-02
24.31,4.565990626E-02,4.568496876E-02,-4.384566394E-02,-4.384891022E-02
24.32,4.558768514E-02,4.561241777E-02,-4.390704504E-02,-4.391061526E-02
24.33,4.552048931E-02,4.554494833E-02,-4.396307929E-02,-4.3966917E-02
24.34,4.545090375E-02,4.547516558E-02,-4.402118401E-02,-4.402521259E-02
24.35,4.537426704E-02,4.539830993E-02,-4.408602298E-02,-4.409026397E-02
24.36,4.529635614E-02,4.532016506E-02,-4.415182165E-02,-4.415628989E-02
24.37,4.522962159E-02,4.525324219E-02,-4.420613191E-02,-4.421078154E-02
24.38,4.5202185E-02,4.522575197E-02,-4.422083461E-02,-4.422553075E-02
24.39,4.524880279E-02,4.527262974E-02,-4.416117575E-02,-4.416560458E-02
24.4,4.539150414E-02,4.541605212E-02,-4.400512848E-02,-4.400882878E-02
24.41,4.561450513E-02,4.564022167E-02,-4.3768479E-02,-4.377100302E-02
24.42,4.586174027E-02,4.588881202E-02,-4.350729501E-02,-4.350845593E-02
24.43,4.609247188E-02,4.612069716E-02,-4.326231655E-02,-4.326231592E-02
24.44,4.631457238E-02,4.63436698E-02,-4.302567376E-02,-4.30247928E-02
24.45,4.653349035E-02,4.656337201E-02,-4.279192067E-02,-4.279024716E-02
24.46,4.672239971E-02,4.675296233E-02,-4.2587886E-02,-4.258552309E-02
24.47,4.687387699E-02,4.690483262E-02,-4.242099595E-02,-4.241823148E-02
24.48,4.699467021E-02,4.702580486E-02,-4.22845054E-02,-4.228155323E-02
24.49,4.707450426E-02,4.710567692E-02,-4.218869241E-02,-4.218569343E-02
24.5,4.712226874E-02,4.715326156E-02,-4.212467042E-02,-4.212184237E-02
24.51,4.715593855E-02,4.718667622E-02,-4.207446764E-02,-4.207188571E-02
24.52,4.717855452E-02,4.7209063E-02,-4.203504632E-02,-4.203268441E-02
24.53,4.720589761E-02,4.723617672E-02,-4.199062854E-02,-4.198848672E-02
24.54,4.725423731E-02,4.728441327E-02,-4.192494787E-02,-4.192289976E-02
24.55,4.732863646E-02,4.735888695E-02,-4.183294438E-02,-4.183081216E-02
24.56,4.742437869E-02,4.745483927E-02,-4.17193373E-02,-4.171698527E-02
24.57,4.752328985E-02,4.755402898E-02,-4.160230362E-02,-4.15996632E-02
24.58,4.76113557E-02,4.764230258E-02,-4.149586054E-02,-4.149300242E-02
24.59,4.769508326E-02,4.772614334E-02,-4.139350414E-02,-4.139052277E-02
24.6,4.780225932E-02,4.783345557E-02,-4.126745078E-02,-4.126432308E-02
24.61,4.794419262E-02,4.797571967E-02,-4.110639468E-02,-4.110292593E-02
24.62,4.809532882E-02,4.812733469E-02,-4.093589294E-02,-4.093193502E-02
24.63,4.823124368E-02,4.82636345E-02,-4.078037259E-02,-4.077601929E-02
24.64,4.834607813E-02,4.837868267E-02,-4.064569581E-02,-4.064111833E-02
24.65,4.842988869E-02,4.846256369E-02,-4.05418094E-02,-4.053715096E-02
24.66,4.847178951E-02,4.850433621E-02,-4.04796027E-02,-4.047506203E-02
24.67,4.845840981E-02,4.849059096E-02,-4.047245027E-02,-4.046826458E-02
24.68,4.836569028E-02,4.839721151E-02,-4.054441558E-02,-4.054087921E-02
24.69,4.819066485E-02,4.822112674E-02,-4.069846932E-02,-4.069598164E-02
24.7,4.796554407E-02,4.799467231E-02,-4.090240596E-02,-4.090124117E-02
24.71,4.773036571E-02,4.775817392E-02,-4.111619243E-02,-4.111633676E-02
24.72,4.750006048E-02,4.752674353E-02,-4.132490207E-02,-4.132616042E-02
24.73,4.727688859E-02,4.730261798E-02,-4.152627831E-02,-4.152847891E-02
24.74,4.707143741E-02,4.709635367E-02,-4.170973731E-02,-4.171273939E-02
24.75,4.689324132E-02,4.691754939E-02,-4.186574816E-02,-4.186934654E-02
24.76,4.674274942E-02,4.67666562E-02,-4.199386507E-02,-4.199785255E-02
24.77,4.661748449E-02,4.664115216E-02,-4.209656843E-02,-4.210078262E-02
24.78,4.652603529E-02,4.654960287E-02,-4.216527271E-02,-4.216957439E-02
24.79,4.647314449E-02,4.649680539E-02,-4.21952384E-02,-4.219943394E-02
24.8,4.64448037E-02,4.646872534E-02,-4.220047687E-02,-4.220439868E-02
24.81,4.642863861E-02,4.645285031E-02,-4.21933655E-02,-4.21969841E-02
24.82,4.642301812E-02,4.644751051E-02,-4.217553863E-02,-4.217886327E-02
24.83,4.641817589E-02,4.644295137E-02,-4.215676593E-02,-4.215979412E-02
24.84,4.639696941E-02,4.642194908E-02,-4.215419336E-02,-4.215700392E-02
24.85,4.6348187E-02,4.637320377E-02,-4.217903631E-02,-4.218179626E-02
24.86,4.62784348E-02,4.63033243E-02,-4.222469272E-02,-4.222756639E-02
24.87,4.620040118E-02,4.622509854E-02,-4.227847839E-02,-4.22815306E-02
24.88,4.609896762E-02,4.612346581E-02,-4.235551585E-02,-4.235875354E-02
24.89,4.596951295E-02,4.599366388E-02,-4.246043037E-02,-4.246400157E-02
24.9,4.585069437E-02,4.587442202E-02,-4.255456918E-02,-4.255854981E-02
24.91,4.575916324E-02,4.578269139E-02,-4.262128489E-02,-4.262545106E-02
24.92,4.567529513E-02,4.569879132E-02,-4.268020526E-02,-4.268438931E-02
24.93,4.558811768E-02,4.561155048E-02,-4.274230612E-02,-4.274653935E-02
24.94,4.549155891E-02,4.551488941E-02,-4.281366326E-02,-4.281798452E-02
24.95,4.53699088E-02,4.539305995E-02,-4.290999071E-02,-4.291447697E-02
24.96,4.520791027E-02,4.523070478E-02,-4.30465498E-02,-4.305137831E-02
24.97,4.500483779E-02,4.502706148E-02,-4.322407079E-02,-4.322945565E-02
24.98,4.476338896E-02,4.478488483E-02,-4.3439861E-02,-4.344595912E-02
24.99,4.448433957E-02,4.450498495E-02,-4.369314948E-02,-4.370008341E-02
25,4.418432771E-02,4.420402364E-02,-4.396730294E-02,-4.397517147E-02
25.01,4.389176804E-02,4.391056912E-02,-4.423391121E-02,-4.424265954E-02
25.02,4.363111046E-02,4.364923014E-02,-4.446852833E-02,-4.447794277E-02
25.03,4.341962176E-02,4.343735166E-02,-4.46538909E-02,-4.466367958E-02
25.04,4.325696023E-02,4.327461336E-02,-4.479034368E-02,-4.480019335E-02
25.05,4.313695569E-02,4.31547584E-02,-4.488405975E-02,-4.489374388E-02
25.06,4.306754478E-02,4.308566814E-02,-4.492710543E-02,-4.493645281E-02
25.07,4.30412524E-02,4.305991551E-02,-4.492695872E-02,-4.493575014E-02
25.08,4.303161428E-02,4.305090897E-02,-4.491008667E-02,-4.491823024E-02
25.09,4.300962282E-02,4.302944487E-02,-4.490549998E-02,-4.491309991E-02
25.1,4.295489977E-02,4.297502656E-02,-4.493358057E-02,-4.494085952E-02
25.11,4.287322694E-02,4.289339845E-02,-4.498855087E-02,-4.499576893E-02
25.12,4.277708528E-02,4.279718024E-02,-4.50579344E-02,-4.506521288E-02
25.13,4.268064832E-02,4.270063682E-02,-4.512756189E-02,-4.513493075E-02
25.14,4.259468682E-02,4.261461165E-02,-4.518666659E-02,-4.519408304E-02
25.15,4.252708034E-02,4.254703354E-02,-4.522737269E-02,-4.523474469E-02
25.16,4.248983473E-02,4.250992546E-02,-4.523767784E-02,-4.524489622E-02
25.17,4.247808547E-02,4.249847487E-02,-4.522244979E-02,-4.522935343E-02
25.18,4.247215808E-02,4.249289662E-02,-4.520136612E-02,-4.520790459E-02
25.19,4.244663446E-02,4.24676253E-02,-4.519984831E-02,-4.520611852E-02
25.2,4.239102296E-02,4.241205809E-02,-4.522839201E-02,-4.523460208E-02
25.21,4.232144594E-02,4.234234677E-02,-4.527087937E-02,-4.527720801E-02
25.22,4.226229354E-02,4.228306644E-02,-4.530292467E-02,-4.53093656E-02
25.23,4.222947876E-02,4.225025426E-02,-4.530861873E-02,-4.531504149E-02
25.24,4.222203286E-02,4.224297245E-02,-4.528893351E-02,-4.529517663E-02
25.25,4.222324726E-02,4.224443E-02,-4.52605806E-02,-4.526656508E-02
25.26,4.22189651E-02,4.224034081E-02,-4.523772009E-02,-4.52434962E-02
25.27,4.222283516E-02,4.224432552E-02,-4.520670689E-02,-4.521235309E-02
25.28,4.226061247E-02,4.228230185E-02,-4.514178955E-02,-4.51472216E-02
25.29,4.234560533E-02,4.236771501E-02,-4.502966253E-02,-4.503465924E-02
25.3,4.247078127E-02,4.249351659E-02,-4.487736007E-02,-4.488171625E-02
25.31,4.261665067E-02,4.264010368E-02,-4.470437315E-02,-4.470799694E-02
25.32,4.276707493E-02,4.27911987E-02,-4.452684175E-02,-4.452978035E-02
25.33,4.290405524E-02,4.292873724E-02,-4.436276636E-02,-4.436513268E-02
25.34,4.30033705E-02,4.302840276E-02,-4.423637036E-02,-4.423837286E-02
25.35,4.30411455E-02,4.306620147E-02,-4.417153275E-02,-4.417349851E-02
25.36,4.301212397E-02,4.303681546E-02,-4.417351609E-02,-4.417583391E-02
25.37,4.292793455E-02,4.295195129E-02,-4.42307003E-02,-4.423368099E-02
25.38,4.279304445E-02,4.281620449E-02,-4.433862715E-02,-4.434245301E-02
25.39,4.261731001E-02,4.263945281E-02,-4.448744867E-02,-4.449228035E-02
25.4,4.243236951E-02,4.245344318E-02,-4.464553406E-02,-4.465142336E-02
25.41,4.226435966E-02,4.228453068E-02,-4.478675203E-02,-4.479353214E-02
25.42,4.210969903E-02,4.212919173E-02,-4.491468705E-02,-4.492213322E-02
25.43,4.19596794E-02,4.197859204E-02,-4.503804997E-02,-4.50460635E-02
25.44,4.182020487E-02,4.183858853E-02,-4.515093992E-02,-4.515946939E-02
25.45,4.16841738E-02,4.170212786E-02,-4.526046174E-02,-4.526940742E-02
25.46,4.153231352E-02,4.154983455E-02,-4.538589117E-02,-4.539525618E-02
25.47,4.135734742E-02,4.137431627E-02,-4.553450862E-02,-4.554441184E-02
25.48,4.115869793E-02,4.117501888E-02,-4.570689611E-02,-4.571743298E-02
25.49,4.094234181E-02,4.09579431E-02,-4.589708118E-02,-4.590832314E-02
25.5,4.072801425E-02,4.074289485E-02,-4.608533256E-02,-4.609728028E-02
25.51,4.053956829E-02,4.055387185E-02,-4.624780037E-02,-4.62603098E-02
25.52,4.039523818E-02,4.040921618E-02,-4.63662525E-02,-4.637907176E-02
25.53,4.029478338E-02,4.03087194E-02,-4.644093096E-02,-4.645377607E-02
25.54,4.022572213E-02,4.023981127E-02,-4.648431874E-02,-4.64969943E-02
25.55,4.017529612E-02,4.01896178E-02,-4.650917573E-02,-4.652160211E-02
25.56,4.012170317E-02,4.013626025E-02,-4.653730608E-02,-4.65494803E-02
25.57,4.004599088E-02,4.006065098E-02,-4.658766476E-02,-4.659971914E-02
25.58,3.99407355E-02,3.995530722E-02,-4.666767886E-02,-4.667980478E-02
25.59,3.981519919E-02,3.982952827E-02,-4.676808999E-02,-4.67804417E-02
25.6,3.968432895E-02,3.969836759E-02,-4.687395479E-02,-4.688658007E-02
25.61,3.955465061E-02,3.956844476E-02,-4.697875057E-02,-4.699160343E-02
25.62,3.944354915E-02,3.945715701E-02,-4.70650951E-02,-4.707811724E-02
25.63,3.937156196E-02,3.938516468E-02,-4.711245333E-02,-4.712546354E-02
25.64,3.934610802E-02,3.9359965E-02,-4.711340799E-02,-4.712614683E-02
25.65,3.936956821E-02,3.938390365E-02,-4.706557945E-02,-4.707782272E-02
25.66,3.942334977E-02,3.943834965E-02,-4.698756157E-02,-4.699912335E-02
25.67,3.947584034E-02,3.949150657E-02,-4.691096793E-02,-4.692184648E-02
25.68,3.951260553E-02,3.952876343E-02,-4.68502349E-02,-4.686060515E-02
25.69,3.952266518E-02,3.953914367E-02,-4.681634544E-02,-4.682637874E-02
25.7,3.949828219E-02,3.951487701E-02,-4.681703987E-02,-4.682694081E-02
25.71,3.943998641E-02,3.94564912E-02,-4.685179206E-02,-4.68617673E-02
25.72,3.935422032E-02,3.937049008E-02,-4.691416347E-02,-4.692435828E-02
25.73,3.925787256E-02,3.927382782E-02,-4.698726921E-02,-4.699776329E-02
25.74,3.917211541E-02,3.918780857E-02,-4.704994031E-02,-4.706068142E-02
25.75,3.91182836E-02,3.913387518E-02,-4.708084454E-02,-4.709167227E-02
25.76,3.911027251E-02,3.912600627E-02,-4.706608823E-02,-4.707675893E-02
25.77,3.914236922E-02,3.915849347E-02,-4.701138541E-02,-4.702165091E-02
25.78,3.921268779E-02,3.922934728E-02,-4.691862288E-02,-4.692833861E-02
25.79,3.933890146E-02,3.935625055E-02,-4.677012825E-02,-4.677914008E-02
25.8,3.951518812E-02,3.953348248E-02,-4.657172373E-02,-4.65797763E-02
25.81,3.971448933E-02,3.973383588E-02,-4.635046706E-02,-4.635745381E-02
25.82,3.992717018E-02,3.994749339E-02,-4.611599246E-02,-4.612198939E-02
25.83,4.01531392E-02,4.017439362E-02,-4.586839071E-02,-4.587344387E-02
25.84,4.038201317E-02,4.040415907E-02,-4.56180435E-02,-4.56221933E-02
25.85,4.059748543E-02,4.062040129E-02,-4.538125495E-02,-4.538462369E-02
25.86,4.078413964E-02,4.08076232E-02,-4.517343839E-02,-4.517622929E-02
25.87,4.093176424E-02,4.095556502E-02,-4.500480271E-02,-4.50072674E-02
25.88,4.104365252E-02,4.106751888E-02,-4.487205339E-02,-4.487444485E-02
25.89,4.113947226E-02,4.116324857E-02,-4.4755523E-02,-4.475799836E-02
25.9,4.124640775E-02,4.127010273E-02,-4.462802564E-02,-4.463057768E-02
25.91,4.136125735E-02,4.138499936E-02,-4.449275117E-02,-4.449525286E-02
25.92,4.145190957E-02,4.147568408E-02,-4.438178063E-02,-4.438424781E-02
25.93,4.150655113E-02,4.153012385E-02,-4.430687207E-02,-4.430954084E-02
25.94,4.153256741E-02,4.155574965E-02,-4.426050968E-02,-4.426356993E-02
25.95,4.15236479E-02,4.154633004E-02,-4.424887082E-02,-4.4252439E-02
25.96,4.146502402E-02,4.148702097E-02,-4.428678865E-02,-4.42910685E-02
25.97,4.136121201E-02,4.138228734E-02,-4.436994254E-02,-4.437518879E-02
25.98,4.123551211E-02,4.125555412E-02,-4.447576244E-02,-4.448214461E-02
25.99,4.110521425E-02,4.11242863E-02,-4.458727807E-02,-4.459474019E-02
26,4.096674627E-02,4.098495213E-02,-4.470732324E-02,-4.471567949E-02
26.01,4.081279241E-02,4.083014995E-02,-4.484299128E-02,-4.485219649E-02
26.02,4.065246019E-02,4.066895783E-02,-4.498529932E-02,-4.499536495E-02
26.03,4.050196847E-02,4.051769442E-02,-4.511800813E-02,-4.512883832E-02
26.04,4.036587117E-02,4.038098651E-02,-4.523658651E-02,-4.52480183E-02
26.05,4.022491187E-02,4.023952555E-02,-4.5360278E-02,-4.537219831E-02
26.06,4.005306021E-02,4.006710507E-02,-4.5515121E-02,-4.552759523E-02
26.07,3.985228906E-02,3.986558728E-02,-4.569914501E-02,-4.571234854E-02
26.08,3.965404956E-02,3.966656252E-02,-4.588090645E-02,-4.589487616E-02
26.09,3.947727397E-02,3.948918542E-02,-4.604147041E-02,-4.605602013E-02
26.1,3.93176632E-02,3.932917285E-02,-4.618513222E-02,-4.620006028E-02
26.11,3.918088487E-02,3.919210277E-02,-4.630621959E-02,-4.63214141E-02
26.12,3.905674145E-02,3.906781325E-02,-4.641492787E-02,-4.643024191E-02
26.13,3.890791005E-02,3.891883933E-02,-4.654857715E-02,-4.656400596E-02
26.14,3.872061206E-02,3.873116003E-02,-4.672094638E-02,-4.673672798E-02
26.15,3.850124922E-02,3.851123366E-02,-4.692563537E-02,-4.69419513E-02
26.16,3.825068639E-02,3.826001508E-02,-4.716178064E-02,-4.717872253E-02
26.17,3.79830292E-02,3.799161737E-02,-4.741527644E-02,-4.743292849E-02
26.18,3.772421155E-02,3.773211319E-02,-4.766018855E-02,-4.767849633E-02
26.19,3.747631997E-02,3.748371845E-02,-4.789442882E-02,-4.791320863E-02
26.2,3.724220877E-02,3.724921158E-02,-4.811514136E-02,-4.813428557E-02
26.21,3.704002536E-02,3.704676581E-02,-4.830417741E-02,-4.832355274E-02
26.22,3.686721843E-02,3.687393319E-02,-4.846408707E-02,-4.848345708E-02
26.23,3.671873245E-02,3.672554754E-02,-4.859992453E-02,-4.861916357E-02
26.24,3.658678175E-02,3.659378319E-02,-4.871947471E-02,-4.873849733E-02
26.25,3.645117239E-02,3.645838392E-02,-4.884293107E-02,-4.88617142E-02
26.26,3.631123001E-02,3.631854599E-02,-4.897096805E-02,-4.898961815E-02
26.27,3.617520973E-02,3.618260789E-02,-4.909533089E-02,-4.911387113E-02
26.28,3.604763137E-02,3.605514661E-02,-4.921150016E-02,-4.922989659E-02
26.29,3.592663524E-02,3.593429917E-02,-4.932133582E-02,-4.933955788E-02
26.3,3.579995056E-02,3.580776534E-02,-4.943710913E-02,-4.945515571E-02
26.31,3.566322834E-02,3.567110797E-02,-4.95631697E-02,-4.958112794E-02
26.32,3.552231677E-02,3.553020065E-02,-4.969367024E-02,-4.97116019E-02
26.33,3.537869572E-02,3.538657794E-02,-4.982713171E-02,-4.984504387E-02
26.34,3.522143153E-02,3.522928407E-02,-4.997448862E-02,-4.999241048E-02
26.35,3.504600568E-02,3.50537259E-02,-5.014026041E-02,-5.015829577E-02
26.36,3.485783358E-02,3.486533317E-02,-5.031903272E-02,-5.033727109E-02
26.37,3.464769859E-02,3.465493735E-02,-5.05200232E-02,-5.053850592E-02
26.38,3.440578948E-02,3.441263591E-02,-5.075304407E-02,-5.077190378E-02
26.39,3.413588566E-02,3.414218901E-02,-5.1014317E-02,-5.103370553E-02
26.4,3.385084464E-02,3.385653726E-02,-5.129098549E-02,-5.131097157E-02
26.41,3.358162636E-02,3.358674535E-02,-5.155209045E-02,-5.157263799E-02
26.42,3.335642255E-02,3.336120453E-02,-5.176944073E-02,-5.179031409E-02
26.43,3.317930459E-02,3.318406759E-02,-5.193896531E-02,-5.19598474E-02
26.44,3.30397318E-02,3.304469652E-02,-5.207120514E-02,-5.209187616E-02
26.45,3.291946442E-02,3.292473796E-02,-5.218440031E-02,-5.220475405E-02
26.46,3.280433281E-02,3.280990062E-02,-5.229272092E-02,-5.231277276E-02
26.47,3.269281268E-02,3.269861378E-02,-5.239769174E-02,-5.241750349E-02
26.48,3.258943432E-02,3.259544808E-02,-5.249478301E-02,-5.251437605E-02
26.49,3.249969484E-02,3.25059395E-02,-5.257849803E-02,-5.259785485E-02
26.5,3.241860812E-02,3.242512098E-02,-5.265382333E-02,-5.267290729E-02
26.51,3.232509999E-02,3.233184636E-02,-5.27418334E-02,-5.276067981E-02
26.52,3.220494124E-02,3.221174913E-02,-5.285675781E-02,-5.287553923E-02
26.53,3.206003907E-02,3.206672237E-02,-5.299668978E-02,-5.301559285E-02
26.54,3.189668617E-02,3.190313454E-02,-5.315533697E-02,-5.31744725E-02
26.55,3.171918916E-02,3.17253378E-02,-5.332839302E-02,-5.334782624E-02
26.56,3.152824005E-02,3.153404641E-02,-5.351516607E-02,-5.353493992E-02
26.57,3.133247226E-02,3.133790082E-02,-5.370702283E-02,-5.372717316E-02
26.58,3.114926899E-02,3.115436157E-02,-5.388658011E-02,-5.39070654E-02
26.59,3.098448798E-02,3.098938011E-02,-5.404798011E-02,-5.406866509E-02
26.6,3.082831516E-02,3.083310485E-02,-5.420103675E-02,-5.422182363E-02
26.61,3.067429324E-02,3.06789841E-02,-5.435220714E-02,-5.437309253E-02
26.62,3.053386531E-02,3.053845983E-02,-5.449004802E-02,-5.45110296E-02
26.63,3.040523463E-02,3.040982277E-02,-5.461635588E-02,-5.463734384E-02
26.64,3.026240244E-02,3.02669918E-02,-5.47571292E-02,-5.477811606E-02
26.65,3.011707191E-02,3.012151412E-02,-5.490066453E-02,-5.492179878E-02
26.66,3.001782538E-02,3.002219874E-02,-5.499837923E-02,-5.501958265E-02
26.67,2.998433574E-02,2.998901723E-02,-5.503059997E-02,-5.505149566E-02
26.68,3.00018709E-02,3.000716937E-02,-5.501205834E-02,-5.503233751E-02
26.69,3.00529808E-02,3.005902172E-02,-5.496020392E-02,-5.497974114E-02
26.7,3.012962064E-02,3.013644155E-02,-5.488308101E-02,-5.490183879E-02
26.71,3.022113818E-02,3.022875008E-02,-5.479134137E-02,-5.480930876E-02
26.72,3.031542625E-02,3.032377767E-02,-5.469709168E-02,-5.471432017E-02
26.73,3.040072553E-02,3.04097067E-02,-5.461209075E-02,-5.462869014E-02
26.74,3.045333445E-02,3.046278301E-02,-5.456003966E-02,-5.457617231E-02
26.75,3.047058682E-02,3.048022675E-02,-5.454360404E-02,-5.455954602E-02
26.76,3.048159084E-02,3.04912557E-02,-5.453367517E-02,-5.454959292E-02
26.77,3.050284766E-02,3.051260949E-02,-5.451375127E-02,-5.452957276E-02
26.78,3.053528383E-02,3.054522649E-02,-5.448290514E-02,-5.449854652E-02
26.79,3.058858424E-02,3.059876506E-02,-5.443145121E-02,-5.444685518E-02
26.8,3.068330886E-02,3.069387071E-02,-5.43388288E-02,-5.435385251E-02
26.81,3.082943149E-02,3.084061652E-02,-5.419506341E-02,-5.420946474E-02
26.82,3.101070326E-02,3.10227225E-02,-5.401640318E-02,-5.402997112E-02
26.83,3.119796735E-02,3.121084546E-02,-5.383200421E-02,-5.384471414E-02
26.84,3.135929948E-02,3.137288108E-02,-5.367379005E-02,-5.368579739E-02
26.85,3.147369729E-02,3.148768817E-02,-5.356276234E-02,-5.357436132E-02
26.86,3.154178325E-02,3.155586216E-02,-5.34982978E-02,-5.350980974E-02
26.87,3.156679039E-02,3.15807349E-02,-5.347716259E-02,-5.348880996E-02
26.88,3.155008883E-02,3.156371464E-02,-5.349798571E-02,-5.350995286E-02
26.89,3.150487783E-02,3.151803467E-02,-5.354756696E-02,-5.356000423E-02
26.9,3.145319504E-02,3.14658601E-02,-5.360386775E-02,-5.361679802E-02
26.91,3.141204505E-02,3.142432069E-02,-5.36498825E-02,-5.36632035E-02
26.92,3.138836413E-02,3.140040118E-02,-5.367867397E-02,-5.369223496E-02
26.93,3.138389689E-02,3.139583324E-02,-5.368849659E-02,-5.370215977E-02
26.94,3.140294267E-02,3.141490102E-02,-5.367505001E-02,-5.36886928E-02
26.95,3.145460227E-02,3.14667252E-02,-5.362923245E-02,-5.364271238E-02
26.96,3.154498282E-02,3.155745287E-02,-5.35449358E-02,-5.355807044E-02
26.97,3.166827262E-02,3.16812626E-02,-5.342797076E-02,-5.344058743E-02
26.98,3.181520388E-02,3.182880629E-02,-5.328760417E-02,-5.329961047E-02
26.99,3.198317598E-02,3.199742887E-02,-5.312643562E-02,-5.313779364E-02
27,3.215530685E-02,3.217023629E-02,-5.29613462E-02,-5.297202997E-02
27.01,3.230698649E-02,3.232248382E-02,-5.281694483E-02,-5.282706314E-02
27.02,3.244352375E-02,3.245938106E-02,-5.268792156E-02,-5.269768244E-02
27.03,3.258542796E-02,3.260159141E-02,-5.255376587E-02,-5.256322328E-02
27.04,3.273090835E-02,3.274744156E-02,-5.241626738E-02,-5.242535782E-02
27.05,3.286806397E-02,3.288494181E-02,-5.228732588E-02,-5.22960746E-02
27.06,3.299294679E-02,3.301007836E-02,-5.217088817E-02,-5.217938619E-02
27.07,3.310453023E-02,3.312184232E-02,-5.206797955E-02,-5.207630021E-02
27.08,3.3200528E-02,3.321794849E-02,-5.198088501E-02,-5.198910056E-02
27.09,3.326948957E-02,3.328693023E-02,-5.192105373E-02,-5.192925253E-02
27.1,3.330641763E-02,3.332372478E-02,-5.18934816E-02,-5.190181744E-02
27.11,3.332128099E-02,3.333832319E-02,-5.188819831E-02,-5.189680277E-02
27.12,3.332327364E-02,3.334002535E-02,-5.189600833E-02,-5.190490708E-02
27.13,3.331626914E-02,3.333273549E-02,-5.19130366E-02,-5.192222467E-02
27.14,3.331840154E-02,3.333461272E-02,-5.192114756E-02,-5.19305949E-02
27.15,3.336099549E-02,3.337712132E-02,-5.188901507E-02,-5.189855201E-02
27.16,3.346771367E-02,3.34840914E-02,-5.179297509E-02,-5.180226453E-02
27.17,3.365816795E-02,3.367518829E-02,-5.161341453E-02,-5.162206593E-02
27.18,3.39246986E-02,3.394277601E-02,-5.135799207E-02,-5.13655911E-02
27.19,3.42392885E-02,3.425866658E-02,-5.105472388E-02,-5.106102709E-02
27.2,3.457846637E-02,3.459916864E-02,-5.072708032E-02,-5.073206428E-02
27.21,3.490932559E-02,3.493127365E-02,-5.040796701E-02,-5.041171017E-02
27.22,3.52050101E-02,3.52279369E-02,-5.012423888E-02,-5.012700836E-02
27.23,3.54507782E-02,3.547434393E-02,-4.989063627E-02,-4.989277188E-02
27.24,3.564279083E-02,3.566666614E-02,-4.971099657E-02,-4.971282763E-02
27.25,3.579204238E-02,3.581594761E-02,-4.957432342E-02,-4.957612961E-02
27.26,3.590762938E-02,3.593141524E-02,-4.947151824E-02,-4.947344886E-02
27.27,3.600025295E-02,3.602382046E-02,-4.939187784E-02,-4.939403187E-02
27.28,3.608463027E-02,3.61079548E-02,-4.932068298E-02,-4.932308509E-02
27.29,3.616760091E-02,3.619073828E-02,-4.925109215E-02,-4.925368657E-02
27.3,3.62489552E-02,3.627195297E-02,-4.918331322E-02,-4.918605245E-02
27.31,3.632827086E-02,3.635115363E-02,-4.911776668E-02,-4.912062619E-02
27.32,3.640889821E-02,3.643168695E-02,-4.905110044E-02,-4.905405931E-02
27.33,3.649816734E-02,3.652090899E-02,-4.897598267E-02,-4.8978994E-02
27.34,3.659420073E-02,3.661697177E-02,-4.889428926E-02,-4.889727662E-02
27.35,3.669308832E-02,3.671591988E-02,-4.880992875E-02,-4.881286106E-02
27.36,3.680481808E-02,3.682772619E-02,-4.871291165E-02,-4.871577291E-02
27.37,3.693349276E-02,3.695657641E-02,-4.859913385E-02,-4.860182506E-02
27.38,3.707711892E-02,3.710045874E-02,-4.847058774E-02,-4.847302829E-02
27.39,3.724257293E-02,3.726622369E-02,-4.832039623E-02,-4.83225313E-02
27.4,3.742323958E-02,3.744730069E-02,-4.815517419E-02,-4.815690429E-02
27.41,3.759084299E-02,3.761530297E-02,-4.800319776E-02,-4.800453426E-02
27.42,3.773326717E-02,3.775793377E-02,-4.787658293E-02,-4.787771787E-02
27.43,3.785781134E-02,3.788252034E-02,-4.776802974E-02,-4.776912702E-02
27.44,3.796486672E-02,3.798954796E-02,-4.767714614E-02,-4.767827556E-02
27.45,3.806365873E-02,3.808823305E-02,-4.75947062E-02,-4.759594651E-02
27.46,3.8170437E-02,3.819491744E-02,-4.750446033E-02,-4.750579808E-02
27.47,3.827312909E-02,3.829759792E-02,-4.74184834E-02,-4.741983588E-02
27.48,3.834307568E-02,3.836744216E-02,-4.736543935E-02,-4.736689672E-02
27.49,3.83711846E-02,3.839520479E-02,-4.735442271E-02,-4.735622806E-02
27.5,3.836566138E-02,3.838914278E-02,-4.737722461E-02,-4.737956926E-02
27.51,3.833662044E-02,3.835947037E-02,-4.742372303E-02,-4.742669845E-02
27.52,3.82935253E-02,3.831571238E-02,-4.748444592E-02,-4.748808244E-02
27.53,3.824303522E-02,3.826457847E-02,-4.755272671E-02,-4.755700463E-02
27.54,3.818548004E-02,3.820641526E-02,-4.762823054E-02,-4.763311361E-02
27.55,3.811937435E-02,3.813971563E-02,-4.771243851E-02,-4.771791235E-02
27.56,3.805737802E-02,3.807714098E-02,-4.779268543E-02,-4.779873419E-02
27.57,3.802644413E-02,3.804575969E-02,-4.784201649E-02,-4.784850921E-02
27.58,3.803951713E-02,3.805866033E-02,-4.784750049E-02,-4.785416247E-02
27.59,3.807619465E-02,3.809539897E-02,-4.782958168E-02,-4.783617994E-02
27.6,3.810245319E-02,3.812172182E-02,-4.782240998E-02,-4.782894237E-02
27.61,3.809518694E-02,3.811432355E-02,-4.784928912E-02,-4.785594991E-02
27.62,3.804529635E-02,3.806403158E-02,-4.791925073E-02,-4.792629123E-02
27.63,3.795355548E-02,3.797163263E-02,-4.80312498E-02,-4.803890482E-02
27.64,3.782752528E-02,3.784476475E-02,-4.817795233E-02,-4.818640891E-02
27.65,3.768731792E-02,3.770364028E-02,-4.833944807E-02,-4.834878437E-02
27.66,3.755128952E-02,3.756676293E-02,-4.849697022E-02,-4.850708771E-02
27.67,3.742309963E-02,3.74378594E-02,-4.8646388E-02,-4.865713206E-02
27.68,3.731061434E-02,3.73247808E-02,-4.877970003E-02,-4.879096007E-02
27.69,3.722065976E-02,3.723442006E-02,-4.889030287E-02,-4.890192272E-02
27.7,3.714305258E-02,3.715657262E-02,-4.89885455E-02,-4.900037846E-02
27.71,3.706445889E-02,3.707777143E-02,-4.90878188E-02,-4.909984003E-02
27.72,3.698089233E-02,3.699396428E-02,-4.919218066E-02,-4.92044291E-02
27.73,3.6902342E-02,3.69151593E-02,-4.929168688E-02,-4.930417898E-02
27.74,3.685505567E-02,3.686770481E-02,-4.936025001E-02,-4.937289779E-02
27.75,3.685484138E-02,3.686755824E-02,-4.93822446E-02,-4.939480349E-02
27.76,3.690014041E-02,3.691315962E-02,-4.935909315E-02,-4.937131115E-02
27.77,3.698933472E-02,3.700280578E-02,-4.929172183E-02,-4.930342143E-02
27.78,3.711482685E-02,3.712888363E-02,-4.918732509E-02,-4.919837996E-02
27.79,3.726087257E-02,3.727556998E-02,-4.906200498E-02,-4.907240649E-02
27.8,3.741066826E-02,3.742595509E-02,-4.893278427E-02,-4.894260938E-02
27.81,3.755389819E-02,3.756965471E-02,-4.880999443E-02,-4.88193737E-02
27.82,3.768507738E-02,3.770116648E-02,-4.869917099E-02,-4.870825206E-02
27.83,3.780317171E-02,3.781946533E-02,-4.860136459E-02,-4.861028173E-02
27.84,3.791294767E-02,3.792934311E-02,-4.851183371E-02,-4.85206954E-02
27.85,3.800058372E-02,3.801701299E-02,-4.844441305E-02,-4.845329137E-02
27.86,3.803807951E-02,3.805434595E-02,-4.842711816E-02,-4.843621337E-02
27.87,3.802052745E-02,3.803630175E-02,-4.846486826E-02,-4.84745124E-02
27.88,3.796116842E-02,3.797621941E-02,-4.854443498E-02,-4.855486141E-02
27.89,3.787250346E-02,3.788672996E-02,-4.865332616E-02,-4.866463752E-02
27.9,3.777569804E-02,3.778907473E-02,-4.877038414E-02,-4.878260668E-02
27.91,3.769800051E-02,3.771064697E-02,-4.886836554E-02,-4.888138005E-02
27.92,3.764418829E-02,3.765633874E-02,-4.894249587E-02,-4.895606805E-02
27.93,3.761615387E-02,3.762797626E-02,-4.899088297E-02,-4.900484443E-02
27.94,3.762953201E-02,3.764119479E-02,-4.899789197E-02,-4.901207357E-02
27.95,3.767575783E-02,3.76875072E-02,-4.897208605E-02,-4.898624068E-02
27.96,3.773180987E-02,3.774373011E-02,-4.893648469E-02,-4.895052699E-02
27.97,3.778495403E-02,3.779698234E-02,-4.890382086E-02,-4.891781248E-02
27.98,3.782489991E-02,3.783695537E-02,-4.888438492E-02,-4.889840547E-02
27.99,3.784641251E-02,3.7858371E-02,-4.888341165E-02,-4.889758373E-02
28,3.785319155E-02,3.786494424E-02,-4.889720118E-02,-4.891163192E-02
28.01,3.785339345E-02,3.78648915E-02,-4.891759637E-02,-4.893233274E-02
28.02,3.784764987E-02,3.785889292E-02,-4.894396431E-02,-4.89590046E-02
28.03,3.782536593E-02,3.783632687E-02,-4.898689804E-02,-4.900226719E-02
28.04,3.778570933E-02,3.779629166E-02,-4.904722813E-02,-4.906302039E-02
28.05,3.774257253E-02,3.77527311E-02,-4.911106035E-02,-4.912731855E-02
28.06,3.770717043E-02,3.771696997E-02,-4.91671775E-02,-4.918383453E-02
28.07,3.768939212E-02,3.76989336E-02,-4.92056873E-02,-4.922263979E-02
28.08,3.768903767E-02,3.769845007E-02,-4.922678598E-02,-4.924390253E-02
28.09,3.76866369E-02,3.769599004E-02,-4.924993963E-02,-4.926714805E-02
28.1,3.766686347E-02,3.76760709E-02,-4.929047095E-02,-4.930785542E-02
28.11,3.761968342E-02,3.762861323E-02,-4.935841097E-02,-4.937610121E-02
28.12,3.753742427E-02,3.754592272E-02,-4.946142964E-02,-4.947957728E-02
28.13,3.742758051E-02,3.74354872E-02,-4.959203029E-02,-4.961079366E-02
28.14,3.729880071E-02,3.730605792E-02,-4.974156223E-02,-4.976099702E-02
28.15,3.714058574E-02,3.71471621E-02,-4.992052225E-02,-4.994065782E-02
28.16,3.694428385E-02,3.695004881E-02,-5.013756004E-02,-5.015852503E-02
28.17,3.672069173E-02,3.672551484E-02,-5.038187778E-02,-5.040380078E-02
28.18,3.648928129E-02,3.64931626E-02,-5.063400292E-02,-5.065688205E-02
28.19,3.627443664E-02,3.62774942E-02,-5.086955041E-02,-5.089326582E-02
28.2,3.608056356E-02,3.608301892E-02,-5.108411263E-02,-5.110844096E-02
28.21,3.589264081E-02,3.589464352E-02,-5.129270803E-02,-5.131749795E-02
28.22,3.571191243E-02,3.571348353E-02,-5.149409031E-02,-5.151931912E-02
28.23,3.554952174E-02,3.555075178E-02,-5.167711468E-02,-5.170269029E-02
28.24,3.541936036E-02,3.542040807E-02,-5.182788722E-02,-5.185364939E-02
28.25,3.533135691E-02,3.53324349E-02,-5.193647478E-02,-5.196220941E-02
28.26,3.526918852E-02,3.527050726E-02,-5.201919264E-02,-5.204468788E-02
28.27,3.521239092E-02,3.521397819E-02,-5.209649689E-02,-5.212172385E-02
28.28,3.515888565E-02,3.516067862E-02,-5.217046091E-02,-5.219548173E-02
28.29,3.511195749E-02,3.511394875E-02,-5.223779665E-02,-5.226261824E-02
28.3,3.50737341E-02,3.5075938E-02,-5.229637255E-02,-5.232098019E-02
28.31,3.505337506E-02,3.50558251E-02,-5.233702453E-02,-5.236138445E-02
28.32,3.506669582E-02,3.506949798E-02,-5.234393128E-02,-5.236793734E-02
28.33,3.511768455E-02,3.512101932E-02,-5.231309582E-02,-5.233656748E-02
28.34,3.519610473E-02,3.520010649E-02,-5.22547443E-02,-5.22775474E-02
28.35,3.530106208E-02,3.530577365E-02,-5.216976293E-02,-5.21918553E-02
28.36,3.544835275E-02,3.545385602E-02,-5.204235011E-02,-5.206365084E-02
28.37,3.564040885E-02,3.56468838E-02,-5.187006814E-02,-5.189039836E-02
28.38,3.584849302E-02,3.585604029E-02,-5.168164912E-02,-5.170090949E-02
28.39,3.603758214E-02,3.604605866E-02,-5.151211416E-02,-5.153044922E-02
28.4,3.618781359E-02,3.619692225E-02,-5.138132705E-02,-5.139903549E-02
28.41,3.629888798E-02,3.630832364E-02,-5.12895892E-02,-5.130697759E-02
28.42,3.638045223E-02,3.638999689E-02,-5.122725507E-02,-5.124454266E-02
28.43,3.644257712E-02,3.645211224E-02,-5.11842544E-02,-5.12015608E-02
28.44,3.650215533E-02,3.651163209E-02,-5.114369426E-02,-5.116106922E-02
28.45,3.656605852E-02,3.657552837E-02,-5.109870203E-02,-5.111609495E-02
28.46,3.662991186E-02,3.663941586E-02,-5.105365094E-02,-5.107102151E-02
28.47,3.669640191E-02,3.670592714E-02,-5.100585281E-02,-5.102321466E-02
28.48,3.675365252E-02,3.676321044E-02,-5.096718222E-02,-5.098452458E-02
28.49,3.678416726E-02,3.679365473E-02,-5.095513414E-02,-5.097256079E-02
28.5,3.678738004E-02,3.679661677E-02,-5.097027378E-02,-5.09879656E-02
28.51,3.675743401E-02,3.676630245E-02,-5.101845742E-02,-5.103653248E-02
28.52,3.669042619E-02,3.66987665E-02,-5.110358741E-02,-5.112220597E-02
28.53,3.659443571E-02,3.660210396E-02,-5.121758425E-02,-5.123689055E-02
28.54,3.648815161E-02,3.649510914E-02,-5.134175848E-02,-5.136179141E-02
28.55,3.638954605E-02,3.639586772E-02,-5.1458137E-02,-5.147882178E-02
28.56,3.630127E-02,3.630710146E-02,-5.156406707E-02,-5.158525802E-02
28.57,3.623425048E-02,3.623969788E-02,-5.164861934E-02,-5.167021022E-02
28.58,3.620210472E-02,3.620734903E-02,-5.169817376E-02,-5.171998345E-02
28.59,3.620624084E-02,3.621150752E-02,-5.171131837E-02,-5.173312126E-02
28.6,3.62520757E-02,3.625753661E-02,-5.168263192E-02,-5.170425597E-02
28.61,3.634693119E-02,3.635279244E-02,-5.160478788E-02,-5.162602686E-02
28.62,3.647456289E-02,3.648102091E-02,-5.149402583E-02,-5.151468322E-02
28.63,3.659724836E-02,3.660431107E-02,-5.138806397E-02,-5.140813186E-02
28.64,3.669266081E-02,3.6700109E-02,-5.130922652E-02,-5.132892422E-02
28.65,3.677121277E-02,3.677882112E-02,-5.124709962E-02,-5.126665253E-02
28.66,3.684917169E-02,3.685688151E-02,-5.118541434E-02,-5.120488115E-02
28.67,3.692402456E-02,3.693185611E-02,-5.112668148E-02,-5.114604189E-02
28.68,3.699476727E-02,3.700268097E-02,-5.107190282E-02,-5.109119629E-02
28.69,3.707083103E-02,3.707880947E-02,-5.101164494E-02,-5.103088873E-02
28.7,3.716113672E-02,3.716924212E-02,-5.093698458E-02,-5.095611631E-02
28.71,3.726980697E-02,3.727812553E-02,-5.084379645E-02,-5.086272974E-02
28.72,3.739156601E-02,3.740017893E-02,-5.073735356E-02,-5.075600701E-02
28.73,3.753611565E-02,3.754506053E-02,-5.060795141E-02,-5.062628724E-02
28.74,3.770499362E-02,3.771438399E-02,-5.045404965E-02,-5.047195415E-02
28.75,3.786834759E-02,3.787824131E-02,-5.030549793E-02,-5.032291303E-02
28.76,3.801056744E-02,3.802078634E-02,-5.017790412E-02,-5.019500784E-02
28.77,3.813409237E-02,3.8144474E-02,-5.006882734E-02,-5.008578197E-02
28.78,3.824278337E-02,3.825323732E-02,-4.997440491E-02,-4.999130067E-02
28.79,3.834483897E-02,3.835530245E-02,-4.988643651E-02,-4.990333597E-02
28.8,3.844325259E-02,3.845372698E-02,-4.980192683E-02,-4.981882837E-02
28.81,3.853600663E-02,3.854648417E-02,-4.972289151E-02,-4.973980264E-02
28.82,3.863777542E-02,3.86482461E-02,-4.963465432E-02,-4.965158477E-02
28.83,3.876729069E-02,3.877786949E-02,-4.951848151E-02,-4.953531605E-02
28.84,3.89218082E-02,3.893267817E-02,-4.937711515E-02,-4.939367046E-02
28.85,3.909100803E-02,3.910224819E-02,-4.922087294E-02,-4.923706971E-02
28.86,3.926419994E-02,3.927581728E-02,-4.906044309E-02,-4.907627409E-02
28.87,3.942300378E-02,3.943494148E-02,-4.891420396E-02,-4.892972577E-02
28.88,3.95612139E-02,3.957331616E-02,-4.87883596E-02,-4.880372779E-02
28.89,3.968643476E-02,3.969858123E-02,-4.867530409E-02,-4.869063876E-02
28.9,3.979865071E-02,3.981080061E-02,-4.857505162E-02,-4.859039332E-02
28.91,3.990950919E-02,3.992161192E-02,-4.847595326E-02,-4.849135232E-02
28.92,4.004231058E-02,4.005442847E-02,-4.835470714E-02,-4.8370101E-02
28.93,4.019213542E-02,4.020444436E-02,-4.821623113E-02,-4.823144363E-02
28.94,4.033526237E-02,4.034779E-02,-4.808424497E-02,-4.809924822E-02
28.95,4.046137468E-02,4.047399895E-02,-4.796906401E-02,-4.798397982E-02
28.96,4.05796714E-02,4.059229362E-02,-4.7861488E-02,-4.787641481E-02
28.97,4.070634305E-02,4.071897092E-02,-4.77453252E-02,-4.776025508E-02
28.98,4.083869995E-02,4.085141878E-02,-4.762326403E-02,-4.763811145E-02
28.99,4.096764272E-02,4.098045853E-02,-4.750440265E-02,-4.751916135E-02
29,4.110065501E-02,4.111353067E-02,-4.738125628E-02,-4.739596315E-02
29.01,4.12368676E-02,4.124984864E-02,-4.725469306E-02,-4.726930235E-02
29.02,4.136236016E-02,4.137543713E-02,-4.713863228E-02,-4.715315323E-02
29.03,4.147006342E-02,4.148313082E-02,-4.704014225E-02,-4.705468015E-02
29.04,4.15629163E-02,4.157588162E-02,-4.695628323E-02,-4.697093037E-02
29.05,4.165304743E-02,4.166587172E-02,-4.687492579E-02,-4.688972089E-02
29.06,4.175006162E-02,4.176279249E-02,-4.678646432E-02,-4.680135958E-02
29.07,4.184475871E-02,4.185745951E-02,-4.670009819E-02,-4.671503006E-02
29.08,4.191793068E-02,4.193054975E-02,-4.663503468E-02,-4.665005462E-02
29.09,4.196488499E-02,4.197727219E-02,-4.659596574E-02,-4.661122369E-02
29.1,4.199180142E-02,4.200384917E-02,-4.657671105E-02,-4.659231438E-02
29.11,4.199580721E-02,4.200746444E-02,-4.658014288E-02,-4.659614249E-02
29.12,4.196408067E-02,4.197524651E-02,-4.661908247E-02,-4.663557901E-02
29.13,4.189011978E-02,4.190062351E-02,-4.670003144E-02,-4.671719546E-02
29.14,4.17846728E-02,4.17943638E-02,-4.681224121E-02,-4.683022314E-02
29.15,4.166842474E-02,4.16772757E-02,-4.693502652E-02,-4.695385345E-02
29.16,4.156306516E-02,4.157117821E-02,-4.704669748E-02,-4.706626712E-02
29.17,4.148570169E-02,4.14932733E-02,-4.713014613E-02,-4.715026181E-02
29.18,4.144798957E-02,4.145526573E-02,-4.717371691E-02,-4.719413244E-02
29.19,4.145537533E-02,4.146261313E-02,-4.717196291E-02,-4.719242102E-02
29.2,4.149521162E-02,4.150263432E-02,-4.713753118E-02,-4.715780845E-02
29.21,4.155137871E-02,4.15590708E-02,-4.708654122E-02,-4.710655298E-02
29.22,4.161249717E-02,4.162045E-02,-4.703037231E-02,-4.705012705E-02
29.23,4.165998125E-02,4.166814038E-02,-4.698761014E-02,-4.700716216E-02
29.24,4.16865001E-02,4.169470899E-02,-4.69655856E-02,-4.698509131E-02
29.25,4.170133124E-02,4.170946707E-02,-4.695502126E-02,-4.697460331E-02
29.26,4.170929259E-02,4.171733302E-02,-4.695109932E-02,-4.697077993E-02
29.27,4.170505038E-02,4.171296989E-02,-4.695915368E-02,-4.697895824E-02
29.28,4.167502339E-02,4.168274192E-02,-4.699276574E-02,-4.701277414E-02
29.29,4.160309797E-02,4.16104522E-02,-4.706804937E-02,-4.708842481E-02
29.3,4.149459269E-02,4.150137049E-02,-4.717968627E-02,-4.720064076E-02
29.31,4.137156807E-02,4.137768004E-02,-4.730561626E-02,-4.732723904E-02
29.32,4.124367564E-02,4.124918112E-02,-4.743618807E-02,-4.745841968E-02
29.33,4.111232312E-02,4.111727363E-02,-4.75699943E-02,-4.759278308E-02
29.34,4.0988973E-02,4.0993417E-02,-4.769557276E-02,-4.771887013E-02
29.35,4.088859652E-02,4.089266693E-02,-4.779795255E-02,-4.782162543E-02
29.36,4.082433123E-02,4.082822497E-02,-4.786399641E-02,-4.788784779E-02
29.37,4.080465004E-02,4.080859761E-02,-4.788523182E-02,-4.790903105E-02
29.38,4.08165944E-02,4.082081311E-02,-4.787461766E-02,-4.78981473E-02
29.39,4.083065497E-02,4.083519752E-02,-4.786166367E-02,-4.788487091E-02
29.4,4.082298128E-02,4.082771113E-02,-4.787022078E-02,-4.789324206E-02
29.41,4.07875358E-02,4.079224976E-02,-4.790632706E-02,-4.792936544E-02
29.42,4.073487659E-02,4.073942281E-02,-4.795942498E-02,-4.798263221E-02
29.43,4.068516772E-02,4.068951711E-02,-4.800935102E-02,-4.803275607E-02
29.44,4.065465974E-02,4.065890764E-02,-4.803985517E-02,-4.806336259E-02
29.45,4.064941749E-02,4.065371229E-02,-4.804487313E-02,-4.806833442E-02
29.46,4.066345716E-02,4.066792235E-02,-4.803038927E-02,-4.805368083E-02
29.47,4.068316288E-02,4.06878432E-02,-4.801002005E-02,-4.803309705E-02
29.48,4.0708576E-02,4.071343617E-02,-4.798372475E-02,-4.800662234E-02
29.49,4.075040991E-02,4.075546867E-02,-4.794079061E-02,-4.796348996E-02
29.5,4.081164963E-02,4.081699623E-02,-4.787823327E-02,-4.790064502E-02
29.51,4.089038013E-02,4.089607923E-02,-4.779796844E-02,-4.782002782E-02
29.52,4.098111007E-02,4.098719975E-02,-4.770548814E-02,-4.772715696E-02
29.53,4.106558439E-02,4.107204872E-02,-4.761904815E-02,-4.764034224E-02
29.54,4.112656434E-02,4.113326309E-02,-4.755588793E-02,-4.75769474E-02
29.55,4.116526117E-02,4.117200644E-02,-4.751479697E-02,-4.753580962E-02
29.56,4.1186249E-02,4.119293291E-02,-4.749120184E-02,-4.751227546E-02
29.57,4.118598175E-02,4.11925244E-02,-4.748864937E-02,-4.750986373E-02
29.58,4.116908244E-02,4.117538106E-02,-4.750251724E-02,-4.752397501E-02
29.59,4.115438595E-02,4.116041336E-02,-4.751397129E-02,-4.753569954E-02
29.6,4.115699742E-02,4.116285537E-02,-4.750790713E-02,-4.752980398E-02
29.61,4.118432813E-02,4.119016107E-02,-4.747691422E-02,-4.749883513E-02
29.62,4.123435482E-02,4.124029944E-02,-4.742301662E-02,-4.744482481E-02
29.63,4.128983193E-02,4.129596273E-02,-4.736346071E-02,-4.738508157E-02
29.64,4.13319549E-02,4.133820576E-02,-4.73170519E-02,-4.733855143E-02
29.65,4.134625166E-02,4.135247204E-02,-4.729826305E-02,-4.731979168E-02
29.66,4.132985009E-02,4.133585597E-02,-4.730996707E-02,-4.73317087E-02
29.67,4.129567961E-02,4.13013343E-02,-4.73392353E-02,-4.736132652E-02
29.68,4.12599928E-02,4.126528775E-02,-4.736981595E-02,-4.73922652E-02
29.69,4.122403534E-02,4.122903086E-02,-4.740046412E-02,-4.7423211E-02
29.7,4.117486177E-02,4.117956564E-02,-4.744412612E-02,-4.746716272E-02
29.71,4.111305098E-02,4.111738259E-02,-4.750022387E-02,-4.75236307E-02
29.72,4.1049687E-02,4.105362724E-02,-4.755767414E-02,-4.758147022E-02
29.73,4.098042058E-02,4.09840155E-02,-4.762082703E-02,-4.764496619E-02
29.74,4.08885771E-02,4.089178421E-02,-4.770635799E-02,-4.773088264E-02
29.75,4.076884307E-02,4.077152664E-02,-4.781958134E-02,-4.78446271E-02
29.76,4.063246378E-02,4.063452431E-02,-4.794925257E-02,-4.797491884E-02
29.77,4.050003236E-02,4.050148866E-02,-4.80747793E-02,-4.81010472E-02
29.78,4.037943223E-02,4.038041021E-02,-4.818827898E-02,-4.82150225E-02
29.79,4.025393291E-02,4.025452763E-02,-4.830648296E-02,-4.833360698E-02
29.8,4.01127802E-02,4.011293237E-02,-4.844014636E-02,-4.846771008E-02
29.81,3.996405663E-02,3.996370237E-02,-4.858118746E-02,-4.860925468E-02
29.82,3.982362214E-02,3.982280207E-02,-4.871374715E-02,-4.874227718E-02
29.83,3.971456012E-02,3.971341121E-02,-4.881474292E-02,-4.884359874E-02
29.84,3.965742161E-02,3.965620513E-02,-4.88636248E-02,-4.889254508E-02
29.85,3.965436495E-02,3.965339289E-02,-4.885823569E-02,-4.888690839E-02
29.86,3.968947148E-02,3.968896714E-02,-4.88144957E-02,-4.884269746E-02
29.87,3.974451223E-02,3.974455085E-02,-4.875063526E-02,-4.877829076E-02
29.88,3.981349274E-02,3.981406094E-02,-4.867265018E-02,-4.869977272E-02
29.89,3.989273111E-02,3.989382253E-02,-4.85842237E-02,-4.861081953E-02
29.9,3.996490526E-02,3.996648653E-02,-4.850267921E-02,-4.852878158E-02
29.91,4.00115333E-02,4.001345038E-02,-4.844649985E-02,-4.847226269E-02
29.92,4.001946922E-02,4.002149977E-02,-4.842883269E-02,-4.845447822E-02
29.93,3.996923848E-02,3.997112651E-02,-4.846915322E-02,-4.849493729E-02
29.94,3.985412202E-02,3.98555326E-02,-4.857418123E-02,-4.860043865E-02
29.95,3.969036804E-02,3.969102814E-02,-4.872766902E-02,-4.875467273E-02
29.96,3.950745479E-02,3.95072792E-02,-4.890013879E-02,-4.892797393E-02
29.97,3.933612187E-02,3.93352089E-02,-4.906085148E-02,-4.908941969E-02
29.98,3.9185236E-02,3.918381247E-02,-4.920094117E-02,-4.923001561E-02
29.99,3.904803912E-02,3.904627529E-02,-4.9327167E-02,-4.935657743E-02
30,3.892081974E-02,3.891879782E-02,-4.94432416E-02,-4.947290583E-02
30.01,3.881664163E-02,3.881444792E-02,-4.953610232E-02,-4.956593407E-02
30.02,3.875719895E-02,3.875502255E-02,-4.958405631E-02,-4.961386654E-02
30.03,3.874216028E-02,3.874028116E-02,-4.958743691E-02,-4.961694568E-02
30.04,3.876190321E-02,3.8760498E-02,-4.955586893E-02,-4.958489967E-02
30.05,3.88227621E-02,3.882194037E-02,-4.948302051E-02,-4.951146364E-02
30.06,3.891621493E-02,3.891613894E-02,-4.937741631E-02,-4.940510954E-02
30.07,3.900866203E-02,3.900936048E-02,-4.927265875E-02,-4.92995733E-02
30.08,3.9083309E-02,3.908459103E-02,-4.918554436E-02,-4.921187095E-02
30.09,3.914139279E-02,3.914307903E-02,-4.911483764E-02,-4.914075546E-02
30.1,3.918225393E-02,3.918423129E-02,-4.906119933E-02,-4.90868213E-02
30.11,3.921814408E-02,3.922031098E-02,-4.901237912E-02,-4.903780666E-02
30.12,3.926887843E-02,3.927125729E-02,-4.894856325E-02,-4.89737738E-02
30.13,3.933027721E-02,3.933298198E-02,-4.887393346E-02,-4.889881296E-02
30.14,3.938662905E-02,3.938966012E-02,-4.880420335E-02,-4.882875129E-02
30.15,3.943546013E-02,3.943872825E-02,-4.874184861E-02,-4.876615411E-02
30.16,3.947519124E-02,3.947864427E-02,-4.868845009E-02,-4.871256513E-02
30.17,3.94939883E-02,3.949755351E-02,-4.865584348E-02,-4.867984063E-02
30.18,3.949142696E-02,3.949496501E-02,-4.864445446E-02,-4.866847294E-02
30.19,3.948442066E-02,3.948785695E-02,-4.863737066E-02,-4.866148493E-02
30.2,3.948114069E-02,3.948452956E-02,-4.862642211E-02,-4.865057774E-02
30.21,3.94799061E-02,3.948329679E-02,-4.861329155E-02,-4.863743927E-02
30.22,3.947835288E-02,3.948175702E-02,-4.860034493E-02,-4.862447306E-02
30.23,3.947373578E-02,3.947715427E-02,-4.859032932E-02,-4.861443692E-02
30.24,3.94684595E-02,3.947187781E-02,-4.858084178E-02,-4.860494336E-02
30.25,3.946292216E-02,3.946635243E-02,-4.857148598E-02,-4.859556936E-02
30.26,3.945336601E-02,3.945680987E-02,-4.856602149E-02,-4.859008505E-02
30.27,3.944062317E-02,3.94440552E-02,-4.856361793E-02,-4.858768708E-02
30.28,3.942845253E-02,3.943187363E-02,-4.856051798E-02,-4.858459184E-02
30.29,3.942194536E-02,3.942538172E-02,-4.85516321E-02,-4.857568452E-02
30.3,3.943034486E-02,3.943385384E-02,-4.852771918E-02,-4.855169287E-02
30.31,3.947401581E-02,3.947772105E-02,-4.846841729E-02,-4.849218872E-02
30.32,3.956831611E-02,3.957245433E-02,-4.835837315E-02,-4.838170571E-02
30.33,3.970278287E-02,3.970760371E-02,-4.82080564E-02,-4.823070054E-02
30.34,3.985250211E-02,3.985808841E-02,-4.80423879E-02,-4.806426068E-02
30.35,3.999392387E-02,4.00001941E-02,-4.788492219E-02,-4.790610483E-02
30.36,4.011361834E-02,4.012039527E-02,-4.774909149E-02,-4.776976074E-02
30.37,4.020328345E-02,4.021036922E-02,-4.764319912E-02,-4.766355237E-02
30.38,4.025290684E-02,4.026009525E-02,-4.757725823E-02,-4.759750124E-02
30.39,4.026373759E-02,4.027079931E-02,-4.755001994E-02,-4.757038167E-02
30.4,4.02546148E-02,4.026140444E-02,-4.754264483E-02,-4.75632704E-02
30.41,4.024272684E-02,4.024925372E-02,-4.753794461E-02,-4.755882456E-02
30.42,4.0233346E-02,4.023968487E-02,-4.753064814E-02,-4.755170769E-02
30.43,4.022507566E-02,4.023128178E-02,-4.752215392E-02,-4.754333788E-02
30.44,4.021129975E-02,4.02173963E-02,-4.751908E-02,-4.754036527E-02
30.45,4.018428934E-02,4.019024576E-02,-4.752915688E-02,-4.755057413E-02
30.46,4.013719091E-02,4.014293739E-02,-4.75592386E-02,-4.758085774E-02
30.47,4.006963659E-02,4.00750855E-02,-4.760969196E-02,-4.763160077E-02
30.48,3.998948294E-02,3.999457778E-02,-4.767265737E-02,-4.76949126E-02
30.49,3.99034084E-02,3.990816111E-02,-4.774145135E-02,-4.776404147E-02
30.5,3.981884803E-02,3.982329892E-02,-4.780863111E-02,-4.783151646E-02
30.51,3.974200854E-02,3.9746235E-02,-4.786797762E-02,-4.789108172E-02
30.52,3.966977759E-02,3.967387061E-02,-4.792258248E-02,-4.794581562E-02
30.53,3.959512626E-02,3.959912142E-02,-4.797942795E-02,-4.800275603E-02
30.54,3.95098503E-02,3.951373305E-02,-4.804643869E-02,-4.806987364E-02
30.55,3.940988011E-02,3.941361609E-02,-4.812758808E-02,-4.815117799E-02
30.56,3.929955125E-02,3.930313371E-02,-4.821911064E-02,-4.824289788E-02
30.57,3.918486762E-02,3.918833172E-02,-4.831536069E-02,-4.833931576E-02
30.58,3.90693381E-02,3.907273315E-02,-4.841266661E-02,-4.843671716E-02
30.59,3.894541798E-02,3.89487853E-02,-4.851847076E-02,-4.854256174E-02
30.6,3.880447838E-02,3.880778385E-02,-4.864138249E-02,-4.866554054E-02
30.61,3.866150543E-02,3.866469519E-02,-4.876639597E-02,-4.87906688E-02
30.62,3.853457618E-02,3.853774545E-02,-4.887542388E-02,-4.889971191E-02
30.63,3.841998448E-02,3.842328768E-02,-4.897215946E-02,-4.899630445E-02
30.64,3.83133671E-02,3.831686004E-02,-4.90609573E-02,-4.908490048E-02
30.65,3.822326107E-02,3.822699185E-02,-4.913327427E-02,-4.915696509E-02
30.66,3.81627264E-02,3.816681818E-02,-4.917604581E-02,-4.919935906E-02
30.67,3.813725249E-02,3.81418777E-02,-4.9183778E-02,-4.920653943E-02
30.68,3.814678487E-02,3.815210171E-02,-4.91565213E-02,-4.917857121E-02
30.69,3.819876728E-02,3.820490985E-02,-4.908682858E-02,-4.910803159E-02
30.7,3.830240116E-02,3.830955208E-02,-4.896549529E-02,-4.898566776E-02
30.71,3.844878254E-02,3.845713317E-02,-4.880142173E-02,-4.882037152E-02
30.72,3.862055451E-02,3.863017297E-02,-4.861196088E-02,-4.862961933E-02
30.73,3.88125632E-02,3.882341625E-02,-4.840226299E-02,-4.841866308E-02
30.74,3.901259894E-02,3.90246582E-02,-4.818453391E-02,-4.819970404E-02
30.75,3.919888058E-02,3.921202367E-02,-4.798055038E-02,-4.799461318E-02
30.76,3.935849858E-02,3.937248676E-02,-4.780321833E-02,-4.781641317E-02
30.77,3.948698648E-02,3.950158074E-02,-4.765700315E-02,-4.766956995E-02
30.78,3.958268833E-02,3.959766804E-02,-4.754356291E-02,-4.755572349E-02
30.79,3.964797035E-02,3.966314102E-02,-4.746053747E-02,-4.747248763E-02
30.8,3.96961795E-02,3.971140068E-02,-4.739458922E-02,-4.74064707E-02
30.81,3.973905128E-02,3.975429121E-02,-4.733399146E-02,-4.734583703E-02
30.82,3.97727082E-02,3.97879747E-02,-4.728262672E-02,-4.729442925E-02
30.83,3.979175854E-02,3.980699134E-02,-4.724589116E-02,-4.725771152E-02
30.84,3.979092038E-02,3.980603687E-02,-4.722907379E-02,-4.724099521E-02
30.85,3.976492825E-02,3.977982545E-02,-4.723744897E-02,-4.724957495E-02
30.86,3.972415757E-02,3.973872705E-02,-4.726065096E-02,-4.727309028E-02
30.87,3.968182242E-02,3.96960672E-02,-4.728547302E-02,-4.729822268E-02
30.88,3.96447871E-02,3.965877345E-02,-4.730505339E-02,-4.731804686E-02
30.89,3.962430622E-02,3.963811185E-02,-4.730813791E-02,-4.732129719E-02
30.9,3.962489573E-02,3.963865729E-02,-4.729021021E-02,-4.730339848E-02
30.91,3.96456919E-02,3.965952611E-02,-4.725213256E-02,-4.726523302E-02
30.92,3.969635033E-02,3.971035251E-02,-4.718424785E-02,-4.719716528E-02
30.93,3.977741449E-02,3.979174105E-02,-4.708601001E-02,-4.709858824E-02
30.94,3.98715098E-02,3.988625453E-02,-4.697478876E-02,-4.698693439E-02
30.95,3.995989292E-02,3.997500078E-02,-4.686932256E-02,-4.688109132E-02
30.96,4.003317251E-02,4.004851373E-02,-4.677900055E-02,-4.679052318E-02
30.97,4.009280659E-02,4.010824882E-02,-4.670236624E-02,-4.671377637E-02
30.98,4.014342365E-02,4.015888824E-02,-4.663479541E-02,-4.664617301E-02
30.99,4.018905803E-02,4.020450537E-02,-4.657225837E-02,-4.658364432E-02
31,4.023347569E-02,4.024889056E-02,-4.651099307E-02,-4.652240364E-02
31.01,4.029476312E-02,4.031016985E-02,-4.643291509E-02,-4.64443269E-02
31.02,4.039904637E-02,4.041460429E-02,-4.631189211E-02,-4.632314656E-02
31.03,4.054484822E-02,4.056082608E-02,-4.614936874E-02,-4.616019741E-02
31.04,4.071471447E-02,4.073124837E-02,-4.5962664E-02,-4.597293009E-02
31.05,4.089462287E-02,4.091171228E-02,-4.576570226E-02,-4.577541095E-02
31.06,4.106450502E-02,4.108207676E-02,-4.557883306E-02,-4.558807663E-02
31.07,4.120612098E-02,4.122395787E-02,-4.542057876E-02,-4.542958309E-02
31.08,4.130953247E-02,4.13273562E-02,-4.530079365E-02,-4.530982367E-02
31.09,4.137860497E-02,4.139616924E-02,-4.521552505E-02,-4.52248175E-02
31.1,4.142767785E-02,4.144483422E-02,-4.515042141E-02,-4.516012072E-02
31.11,4.146300954E-02,4.147972503E-02,-4.509920519E-02,-4.510934074E-02
31.12,4.14822075E-02,4.149845249E-02,-4.506426347E-02,-4.507486295E-02
31.13,4.148314808E-02,4.149886727E-02,-4.504771109E-02,-4.505882803E-02
31.14,4.146839989E-02,4.148354248E-02,-4.5046973E-02,-4.505865704E-02
31.15,4.144027141E-02,4.145481528E-02,-4.505973336E-02,-4.507200566E-02
31.16,4.140049391E-02,4.141443132E-02,-4.508425487E-02,-4.509712261E-02
31.17,4.135877945E-02,4.13721191E-02,-4.511081865E-02,-4.512427281E-02
31.18,4.132653197E-02,4.133935826E-02,-4.512801554E-02,-4.514197172E-02
31.19,4.129922984E-02,4.131166253E-02,-4.514036632E-02,-4.515470513E-02
31.2,4.126746867E-02,4.127954511E-02,-4.515727735E-02,-4.517196194E-02
31.21,4.124159846E-02,4.12533161E-02,-4.516839665E-02,-4.518342991E-02
31.22,4.123424688E-02,4.124571505E-02,-4.516109604E-02,-4.517636914E-02
31.23,4.124537798E-02,4.125674766E-02,-4.513542306E-02,-4.515078588E-02
31.24,4.127160314E-02,4.128296953E-02,-4.509478496E-02,-4.511014296E-02
31.25,4.130472613E-02,4.13161509E-02,-4.504739191E-02,-4.506268325E-02
31.26,4.133115634E-02,4.134262984E-02,-4.500684049E-02,-4.502207398E-02
31.27,4.133494715E-02,4.134637434E-02,-4.498907491E-02,-4.500434436E-02
31.28,4.131380238E-02,4.132502924E-02,-4.49963827E-02,-4.501184096E-02
31.29,4.128260994E-02,4.129354175E-02,-4.5013865E-02,-4.502960601E-02
31.3,4.124515014E-02,4.125581575E-02,-4.503773341E-02,-4.505372814E-02
31.31,4.120805185E-02,4.121846762E-02,-4.50613538E-02,-4.507758623E-02
31.32,4.119861533E-02,4.120886449E-02,-4.505742203E-02,-4.507380954E-02
31.33,4.12252442E-02,4.123558306E-02,-4.501754702E-02,-4.503383454E-02
31.34,4.127269227E-02,4.128330652E-02,-4.495700583E-02,-4.497300896E-02
31.35,4.133068385E-02,4.134160437E-02,-4.48860931E-02,-4.490178075E-02
31.36,4.139449551E-02,4.140572362E-02,-4.480953202E-02,-4.482490143E-02
31.37,4.145812479E-02,4.146964117E-02,-4.473332198E-02,-4.474839106E-02
31.38,4.15151808E-02,4.152693347E-02,-4.46638513E-02,-4.467867085E-02
31.39,4.156143275E-02,4.157334616E-02,-4.460534749E-02,-4.461999207E-02
31.4,4.159198696E-02,4.160397736E-02,-4.456270109E-02,-4.457725369E-02
31.41,4.160219411E-02,4.161416106E-02,-4.454055831E-02,-4.455511883E-02
31.42,4.159043922E-02,4.160227261E-02,-4.454053078E-02,-4.455520899E-02
31.43,4.155124445E-02,4.156284321E-02,-4.456809276E-02,-4.458298956E-02
31.44,4.147968575E-02,4.149092041E-02,-4.462816409E-02,-4.464340899E-02
31.45,4.139307333E-02,4.140382952E-02,-4.470342868E-02,-4.471913621E-02
31.46,4.131505451E-02,4.132538525E-02,-4.477023295E-02,-4.478635057E-02
31.47,4.123897484E-02,4.124902914E-02,-4.483522833E-02,-4.485160785E-02
31.48,4.115152101E-02,4.116130658E-02,-4.49117265E-02,-4.492836123E-02
31.49,4.106594833E-02,4.10754234E-02,-4.498646568E-02,-4.500339838E-02
31.5,4.099245958E-02,4.100172464E-02,-4.504923392E-02,-4.506636528E-02
31.51,4.092440484E-02,4.093356555E-02,-4.510667589E-02,-4.512390191E-02
31.52,4.086172892E-02,4.08708085E-02,-4.515884119E-02,-4.517614055E-02
31.53,4.081360825E-02,4.08226652E-02,-4.51965435E-02,-4.521385968E-02
31.54,4.07901881E-02,4.079934254E-02,-4.520964029E-02,-4.522685584E-02
31.55,4.078767771E-02,4.079707474E-02,-4.520196699E-02,-4.521894048E-02
31.56,4.078787324E-02,4.079757063E-02,-4.519178358E-02,-4.520845951E-02
31.57,4.078005052E-02,4.078996913E-02,-4.518982043E-02,-4.520627667E-02
31.58,4.076874522E-02,4.077879886E-02,-4.519151974E-02,-4.520784016E-02
31.59,4.076195709E-02,4.077213356E-02,-4.518887341E-02,-4.520506923E-02
31.6,4.076147033E-02,4.077180059E-02,-4.518010169E-02,-4.519614172E-02
31.61,4.076241069E-02,4.077290869E-02,-4.517008595E-02,-4.518595602E-02
31.62,4.076232147E-02,4.077296155E-02,-4.516128566E-02,-4.517701085E-02
31.63,4.076399423E-02,4.077475234E-02,-4.515090797E-02,-4.516651157E-02
31.64,4.076993644E-02,4.078081891E-02,-4.513644512E-02,-4.515192013E-02
31.65,4.078445818E-02,4.07954818E-02,-4.511358885E-02,-4.512891793E-02
31.66,4.080645031E-02,4.08176514E-02,-4.508345106E-02,-4.50985973E-02
31.67,4.082966152E-02,4.084104712E-02,-4.505228533E-02,-4.506724101E-02
31.68,4.085137519E-02,4.086290629E-02,-4.502280776E-02,-4.503761106E-02
31.69,4.08662771E-02,4.087791524E-02,-4.50003302E-02,-4.501501875E-02
31.7,4.086841379E-02,4.088008563E-02,-4.499080348E-02,-4.50054499E-02
31.71,4.085291838E-02,4.086452743E-02,-4.499909089E-02,-4.501379108E-02
31.72,4.082104061E-02,4.083248836E-02,-4.502393832E-02,-4.503879031E-02
31.73,4.077874806E-02,4.078997041E-02,-4.50593736E-02,-4.507444124E-02
31.74,4.072284056E-02,4.073381683E-02,-4.510859274E-02,-4.512389664E-02
31.75,4.065353692E-02,4.066420825E-02,-4.517137201E-02,-4.518697116E-02
31.76,4.057598501E-02,4.058631751E-02,-4.524255576E-02,-4.525848427E-02
31.77,4.049555995E-02,4.050556668E-02,-4.531675731E-02,-4.53330026E-02
31.78,4.042595966E-02,4.043568339E-02,-4.538025946E-02,-4.539677951E-02
31.79,4.037119564E-02,4.038076427E-02,-4.542901714E-02,-4.544568517E-02
31.8,4.031277427E-02,4.032227074E-02,-4.548143632E-02,-4.549817055E-02
31.81,4.023489927E-02,4.024424988E-02,-4.555319849E-02,-4.557007638E-02
31.82,4.013210003E-02,4.014119308E-02,-4.565035691E-02,-4.566753413E-02
31.83,4.000363912E-02,4.001238698E-02,-4.577405211E-02,-4.579162609E-02
31.84,3.986179168E-02,3.987013006E-02,-4.5911392E-02,-4.59293683E-02
31.85,3.972609399E-02,3.973407189E-02,-4.604262154E-02,-4.606093498E-02
31.86,3.961436568E-02,3.962214022E-02,-4.615002027E-02,-4.616851899E-02
31.87,3.953326077E-02,3.95410412E-02,-4.622691671E-02,-4.624539E-02
31.88,3.948781015E-02,3.949578857E-02,-4.626831031E-02,-4.628656901E-02
31.89,3.948658609E-02,3.949495461E-02,-4.626562555E-02,-4.628347776E-02
31.9,3.952584102E-02,3.95348148E-02,-4.622261931E-02,-4.623985125E-02
31.91,3.959749406E-02,3.96072007E-02,-4.614737008E-02,-4.616385457E-02
31.92,3.970014229E-02,3.971065402E-02,-4.604128248E-02,-4.605694822E-02
31.93,3.982625701E-02,3.983764321E-02,-4.591188056E-02,-4.592665876E-02
31.94,3.995522897E-02,3.996747668E-02,-4.577976584E-02,-4.579367035E-02
31.95,4.007683987E-02,4.00898095E-02,-4.565513092E-02,-4.566830206E-02
31.96,4.019099565E-02,4.020454852E-02,-4.553751293E-02,-4.555007006E-02
31.97,4.029297988E-02,4.030700636E-02,-4.543159847E-02,-4.544367159E-02
31.98,4.038657225E-02,4.040092111E-02,-4.533451069E-02,-4.534630714E-02
31.99,4.048339133E-02,4.049797732E-02,-4.523474307E-02,-4.524634143E-02
32,4.059121876E-02,4.060604964E-02,-4.512430624E-02,-4.513567876E-02
32.01,4.071114747E-02,4.07262529E-02,-4.500210082E-02,-4.501321183E-02
32.02,4.083921254E-02,4.085460652E-02,-4.487203473E-02,-4.488286174E-02
32.03,4.096654806E-02,4.098220347E-02,-4.47429632E-02,-4.475352973E-02
32.04,4.108858924E-02,4.110443024E-02,-4.461942612E-02,-4.462980415E-02
32.05,4.120383759E-02,4.121978626E-02,-4.450291268E-02,-4.451317816E-02
32.06,4.130546013E-02,4.132144403E-02,-4.440024268E-02,-4.441046611E-02
32.07,4.140285022E-02,4.141877011E-02,-4.430201626E-02,-4.431229577E-02
32.08,4.151027708E-02,4.152614384E-02,-4.419395636E-02,-4.420428001E-02
32.09,4.162341787E-02,4.163930782E-02,-4.408038161E-02,-4.409067244E-02
32.1,4.173355785E-02,4.174945463E-02,-4.397000187E-02,-4.398027562E-02
32.11,4.183325208E-02,4.184909833E-02,-4.387025884E-02,-4.388057251E-02
32.12,4.191829473E-02,4.193400579E-02,-4.378535469E-02,-4.379579258E-02
32.13,4.198600404E-02,4.200148982E-02,-4.371796859E-02,-4.372862059E-02
32.14,4.20311349E-02,4.20463061E-02,-4.367334285E-02,-4.368429814E-02
32.15,4.205359061E-02,4.206833627E-02,-4.365157208E-02,-4.366294161E-02
32.16,4.206682778E-02,4.208108121E-02,-4.363919747E-02,-4.365104798E-02
32.17,4.208166232E-02,4.209546341E-02,-4.362540143E-02,-4.363769316E-02
32.18,4.208803953E-02,4.210144864E-02,-4.362023699E-02,-4.363290978E-02
32.19,4.207625022E-02,4.208921434E-02,-4.363341195E-02,-4.364651908E-02
32.2,4.205096038E-02,4.206340557E-02,-4.366025888E-02,-4.36738746E-02
32.21,4.202348402E-02,4.203541468E-02,-4.36894626E-02,-4.370358286E-02
32.22,4.200236384E-02,4.201384832E-02,-4.371247924E-02,-4.37270361E-02
32.23,4.198427285E-02,4.199539981E-02,-4.373263484E-02,-4.374754009E-02
32.24,4.19671699E-02,4.197797222E-02,-4.375196958E-02,-4.37671908E-02
32.25,4.195797203E-02,4.196848503E-02,-4.376356559E-02,-4.377906795E-02
32.26,4.195523558E-02,4.196554296E-02,-4.376886566E-02,-4.3784566E-02
32.27,4.195452759E-02,4.196466731E-02,-4.377230201E-02,-4.378816288E-02
32.28,4.196270432E-02,4.197269587E-02,-4.37670176E-02,-4.378302007E-02
32.29,4.197853904E-02,4.19884604E-02,-4.375423847E-02,-4.37703051E-02
32.3,4.198418888E-02,4.199406E-02,-4.375180672E-02,-4.376791814E-02
32.31,4.197078933E-02,4.198050478E-02,-4.376858629E-02,-4.378484848E-02
32.32,4.194495829E-02,4.195442685E-02,-4.379795881E-02,-4.381446356E-02
32.33,4.191226943E-02,4.192148096E-02,-4.383435025E-02,-4.385110826E-02
32.34,4.187639582E-02,4.188536081E-02,-4.387408719E-02,-4.38910885E-02
32.35,4.184326231E-02,4.185201043E-02,-4.391124443E-02,-4.392845989E-02
32.36,4.181615867E-02,4.182475268E-02,-4.394253179E-02,-4.395989914E-02
32.37,4.179783287E-02,4.180633649E-02,-4.396520082E-02,-4.398265681E-02
32.38,4.179147688E-02,4.179996134E-02,-4.397605896E-02,-4.399353281E-02
32.39,4.179515535E-02,4.180369757E-02,-4.397704083E-02,-4.399445603E-02
32.4,4.18062273E-02,4.18148703E-02,-4.397078657E-02,-4.398810052E-02
32.41,4.182325608E-02,4.183202576E-02,-4.395873201E-02,-4.39759192E-02
32.42,4.184608632E-02,4.185500446E-02,-4.394103164E-02,-4.395807069E-02
32.43,4.188082355E-02,4.188991678E-02,-4.391157907E-02,-4.39284437E-02
32.44,4.192382564E-02,4.193315639E-02,-4.387401537E-02,-4.389064353E-02
32.45,4.195542081E-02,4.196498214E-02,-4.384801128E-02,-4.386441024E-02
32.46,4.196963477E-02,4.19792921E-02,-4.383954031E-02,-4.3855845E-02
32.47,4.198258099E-02,4.199225015E-02,-4.383248864E-02,-4.384878357E-02
32.48,4.200650433E-02,4.201624286E-02,-4.381461084E-02,-4.383083875E-02
32.49,4.203962855E-02,4.204951803E-02,-4.378768206E-02,-4.380376159E-02
32.5,4.2077024E-02,4.208709127E-02,-4.375663068E-02,-4.377253525E-02
32.51,4.211356379E-02,4.212380301E-02,-4.372658246E-02,-4.374231813E-02
32.52,4.214391955E-02,4.215429659E-02,-4.370286478E-02,-4.371846589E-02
32.53,4.216776729E-02,4.217822692E-02,-4.368580073E-02,-4.370132274E-02
32.54,4.218603156E-02,4.219653787E-02,-4.367446494E-02,-4.368994394E-02
32.55,4.219826257E-02,4.220878841E-02,-4.366930634E-02,-4.368476965E-02
32.56,4.220060169E-02,4.221111116E-02,-4.367418267E-02,-4.368966633E-02
32.57,4.21813693E-02,4.219179475E-02,-4.370077276E-02,-4.371634454E-02
32.58,4.213228534E-02,4.214248764E-02,-4.375735614E-02,-4.37731553E-02
32.59,4.205785965E-02,4.206769598E-02,-4.383942293E-02,-4.385559236E-02
32.6,4.197115942E-02,4.198056779E-02,-4.39339061E-02,-4.395050783E-02
32.61,4.187800024E-02,4.188700088E-02,-4.403499011E-02,-4.40520039E-02
32.62,4.177572284E-02,4.178433575E-02,-4.41453342E-02,-4.416273995E-02
32.63,4.16696535E-02,4.167786845E-02,-4.425961227E-02,-4.427742009E-02
32.64,4.157266629E-02,4.158053461E-02,-4.436495073E-02,-4.43831091E-02
32.65,4.148845621E-02,4.149609497E-02,-4.445765465E-02,-4.447604626E-02
32.66,4.140877519E-02,4.141626831E-02,-4.454597153E-02,-4.456451212E-02
32.67,4.133072164E-02,4.133807878E-02,-4.463280253E-02,-4.46514821E-02
32.68,4.125812092E-02,4.126535973E-02,-4.47143227E-02,-4.473312322E-02
32.69,4.119983881E-02,4.120701743E-02,-4.478166664E-02,-4.480052958E-02
32.7,4.115958682E-02,4.116680557E-02,-4.483112197E-02,-4.484994649E-02
32.71,4.11260172E-02,4.113336012E-02,-4.487403338E-02,-4.489273487E-02
32.72,4.109704816E-02,4.110449938E-02,-4.491247966E-02,-4.493107348E-02
32.73,4.108670358E-02,4.109428647E-02,-4.493243525E-02,-4.495089766E-02
32.74,4.110605671E-02,4.111390267E-02,-4.492282195E-02,-4.494102108E-02
32.75,4.115222056E-02,4.116047341E-02,-4.488651607E-02,-4.490430766E-02
32.76,4.12114988E-02,4.122022836E-02,-4.483720311E-02,-4.485451726E-02
32.77,4.127179116E-02,4.128096304E-02,-4.478697801E-02,-4.480384953E-02
32.78,4.132985296E-02,4.133938993E-02,-4.473908471E-02,-4.475559155E-02
32.79,4.138606606E-02,4.139590831E-02,-4.469314142E-02,-4.470934407E-02
32.8,4.143886797E-02,4.144897032E-02,-4.465071E-02,-4.466665426E-02
32.81,4.148926107E-02,4.149957325E-02,-4.461078734E-02,-4.462652402E-02
32.82,4.154602043E-02,4.155652018E-02,-4.45645976E-02,-4.458014946E-02
32.83,4.161606801E-02,4.162679875E-02,-4.450521729E-02,-4.452054137E-02
32.84,4.168942662E-02,4.170043731E-02,-4.444262106E-02,-4.445766882E-02
32.85,4.175833295E-02,4.176957423E-02,-4.438457026E-02,-4.439939154E-02
32.86,4.183127107E-02,4.18426847E-02,-4.432258015E-02,-4.433723373E-02
32.87,4.191321571E-02,4.192483448E-02,-4.425167508E-02,-4.426612864E-02
32.88,4.199897373E-02,4.201082295E-02,-4.417704639E-02,-4.419127508E-02
32.89,4.208947588E-02,4.210153494E-02,-4.409776178E-02,-4.411178666E-02
32.9,4.218728296E-02,4.219955885E-02,-4.401125922E-02,-4.402507377E-02
32.91,4.228218526E-02,4.229468577E-02,-4.392774704E-02,-4.394134388E-02
32.92,4.236938546E-02,4.238203435E-02,-4.385202143E-02,-4.386547726E-02
32.93,4.245491876E-02,4.246765367E-02,-4.377804665E-02,-4.379142423E-02
32.94,4.253838855E-02,4.255120693E-02,-4.370621854E-02,-4.371952078E-02
32.95,4.261116078E-02,4.262402474E-02,-4.364517007E-02,-4.365843518E-02
32.96,4.266616995E-02,4.267898695E-02,-4.3601966E-02,-4.361528682E-02
32.97,4.270161747E-02,4.27142791E-02,-4.357840454E-02,-4.359188973E-02
32.98,4.272083599E-02,4.27332548E-02,-4.357115277E-02,-4.358489E-02
32.99,4.272115176E-02,4.273327059E-02,-4.35828841E-02,-4.359693066E-02
33,4.269534751E-02,4.270708176E-02,-4.362081544E-02,-4.363525603E-02
33.01,4.264839786E-02,4.265963455E-02,-4.367997218E-02,-4.369491979E-02
33.02,4.258995043E-02,4.260065509E-02,-4.375070692E-02,-4.3766196E-02
33.03,4.252897769E-02,4.253917575E-02,-4.382404712E-02,-4.384005212E-02
33.04,4.247370704E-02,4.248346134E-02,-4.389176494E-02,-4.39082228E-02
33.05,4.242924887E-02,4.243865749E-02,-4.394874895E-02,-4.396556136E-02
33.06,4.240416338E-02,4.241333167E-02,-4.398643738E-02,-4.400349865E-02
33.07,4.240454574E-02,4.241362108E-02,-4.399873254E-02,-4.401589496E-02
33.08,4.241924791E-02,4.242836642E-02,-4.399677895E-02,-4.401390609E-02
33.09,4.243687548E-02,4.244605592E-02,-4.39919675E-02,-4.400904033E-02
33.1,4.246439827E-02,4.247362243E-02,-4.397732587E-02,-4.399436243E-02
33.11,4.250563043E-02,4.251496554E-02,-4.394903745E-02,-4.396597038E-02
33.12,4.255281935E-02,4.256231823E-02,-4.391485165E-02,-4.393162801E-02
33.13,4.259694212E-02,4.260658194E-02,-4.388378851E-02,-4.390043107E-02
33.14,4.263535979E-02,4.264508665E-02,-4.385848504E-02,-4.38750477E-02
33.15,4.267073078E-02,4.268050182E-02,-4.383628133E-02,-4.385280695E-02
33.16,4.270406005E-02,4.271386539E-02,-4.381617083E-02,-4.383266929E-02
33.17,4.274003282E-02,4.274986665E-02,-4.379346655E-02,-4.380994365E-02
33.18,4.277803287E-02,4.278792045E-02,-4.376878272E-02,-4.378521317E-02
33.19,4.28126294E-02,4.282257295E-02,-4.374754798E-02,-4.376392951E-02
33.2,4.284790589E-02,4.285787428E-02,-4.372567696E-02,-4.374204072E-02
33.21,4.28848994E-02,4.289491409E-02,-4.370213082E-02,-4.371845535E-02
33.22,4.291629001E-02,4.2926353E-02,-4.368422736E-02,-4.370051066E-02
33.23,4.293825813E-02,4.294831558E-02,-4.367578441E-02,-4.369208032E-02
33.24,4.295062747E-02,4.296063027E-02,-4.367697706E-02,-4.369333473E-02
33.25,4.295044819E-02,4.296035456E-02,-4.369075407E-02,-4.37072153E-02
33.26,4.29325455E-02,4.294229262E-02,-4.37222894E-02,-4.373891699E-02
33.27,4.290045973E-02,4.290997001E-02,-4.376804243E-02,-4.378491394E-02
33.28,4.286596728E-02,4.287522165E-02,-4.381623678E-02,-4.383337118E-02
33.29,4.283442012E-02,4.284347554E-02,-4.386151989E-02,-4.387886008E-02
33.3,4.281103333E-02,4.28199481E-02,-4.389867529E-02,-4.391616271E-02
33.31,4.280233406E-02,4.281118979E-02,-4.392117371E-02,-4.393872649E-02
33.32,4.280473644E-02,4.281363448E-02,-4.393259787E-02,-4.395011439E-02
33.33,4.281330282E-02,4.282228191E-02,-4.393788171E-02,-4.395532299E-02
33.34,4.282894975E-02,4.283802614E-02,-4.393610548E-02,-4.395345514E-02
33.35,4.285787847E-02,4.286709321E-02,-4.392106482E-02,-4.393828174E-02
33.36,4.289817836E-02,4.290760033E-02,-4.389466649E-02,-4.391168174E-02
33.37,4.293854893E-02,4.294820111E-02,-4.386820681E-02,-4.388499743E-02
33.38,4.297214568E-02,4.298196862E-02,-4.384852737E-02,-4.386515298E-02
33.39,4.299541151E-02,4.300533893E-02,-4.383918386E-02,-4.385571094E-02
33.4,4.301923799E-02,4.302921319E-02,-4.38292838E-02,-4.384576927E-02
33.41,4.306257444E-02,4.307264815E-02,-4.37998763E-02,-4.381626959E-02
33.42,4.312726864E-02,4.313758842E-02,-4.374910979E-02,-4.376526342E-02
33.43,4.320567609E-02,4.321632096E-02,-4.368462372E-02,-4.370045877E-02
33.44,4.329261925E-02,4.330360596E-02,-4.361159163E-02,-4.362709163E-02
33.45,4.33775166E-02,4.338883532E-02,-4.354059227E-02,-4.355576743E-02
33.46,4.344313482E-02,4.345469658E-02,-4.348885719E-02,-4.350379691E-02
33.47,4.348704435E-02,4.349868204E-02,-4.345881554E-02,-4.347368738E-02
33.48,4.352572126E-02,4.353733439E-02,-4.343399157E-02,-4.344889644E-02
33.49,4.356984342E-02,4.358146873E-02,-4.340370674E-02,-4.341860817E-02
33.5,4.362358996E-02,4.363528668E-02,-4.336377993E-02,-4.337861888E-02
33.51,4.369114131E-02,4.370296955E-02,-4.331002821E-02,-4.332474475E-02
33.52,4.377214517E-02,4.37841796E-02,-4.324280119E-02,-4.325732083E-02
33.53,4.386315295E-02,4.387543733E-02,-4.31655447E-02,-4.317982389E-02
33.54,4.396122724E-02,4.397377808E-02,-4.308119373E-02,-4.309521622E-02
33.55,4.406036392E-02,4.407317777E-02,-4.299575036E-02,-4.300951987E-02
33.56,4.415178315E-02,4.416481496E-02,-4.291799275E-02,-4.293155461E-02
33.57,4.423842854E-02,4.425159853E-02,-4.284497607E-02,-4.285841035E-02
33.58,4.432751977E-02,4.434080837E-02,-4.276947954E-02,-4.278280605E-02
33.59,4.441181435E-02,4.442523537E-02,-4.269874416E-02,-4.271194928E-02
33.6,4.447530045E-02,4.448877723E-02,-4.264878032E-02,-4.266194086E-02
33.61,4.450839677E-02,4.452176941E-02,-4.262916849E-02,-4.264244454E-02
33.62,4.451414913E-02,4.452725665E-02,-4.263686262E-02,-4.265041526E-02
33.63,4.450457049E-02,4.451732463E-02,-4.265984948E-02,-4.267376702E-02
33.64,4.44898702E-02,4.45022721E-02,-4.26879191E-02,-4.270220037E-02
33.65,4.447090256E-02,4.448298914E-02,-4.272021604E-02,-4.273482403E-02
33.66,4.44405836E-02,4.445235885E-02,-4.276382297E-02,-4.277875354E-02
33.67,4.439519768E-02,4.440661349E-02,-4.282245438E-02,-4.28377555E-02
33.68,4.434189444E-02,4.435290895E-02,-4.288895981E-02,-4.290467315E-02
33.69,4.428661093E-02,4.429724911E-02,-4.295740131E-02,-4.297350168E-02
33.7,4.422814645E-02,4.423844661E-02,-4.302897833E-02,-4.304542716E-02
33.71,4.416945796E-02,4.417943363E-02,-4.310073258E-02,-4.311751604E-02
33.72,4.411655534E-02,4.412625166E-02,-4.316665286E-02,-4.318372549E-02
33.73,4.406827982E-02,4.407776617E-02,-4.322789623E-02,-4.324518833E-02
33.74,4.402349031E-02,4.403280219E-02,-4.32856019E-02,-4.330307763E-02
33.75,4.398535528E-02,4.399452602E-02,-4.333659955E-02,-4.335422523E-02
33.76,4.395896215E-02,4.396805314E-02,-4.337579976E-02,-4.339351367E-02
33.77,4.395611195E-02,4.396521341E-02,-4.339139897E-02,-4.340911057E-02
33.78,4.398730246E-02,4.399657437E-02,-4.3372896E-02,-4.339044497E-02
33.79,4.404975608E-02,4.405937694E-02,-4.332306389E-02,-4.334027146E-02
33.8,4.413188592E-02,4.414195589E-02,-4.325348482E-02,-4.327025065E-02
33.81,4.421854771E-02,4.422907479E-02,-4.317929943E-02,-4.319561552E-02
33.82,4.429592689E-02,4.430683455E-02,-4.311432007E-02,-4.313026303E-02
33.83,4.435784366E-02,4.436900427E-02,-4.306472528E-02,-4.308042289E-02
33.84,4.440054888E-02,4.441184141E-02,-4.303426349E-02,-4.30498369E-02
33.85,4.442490967E-02,4.443621788E-02,-4.302206695E-02,-4.303763252E-02
33.86,4.444110679E-02,4.445235343E-02,-4.301795437E-02,-4.303358939E-02
33.87,4.445511955E-02,4.446631031E-02,-4.301594554E-02,-4.303164434E-02
33.88,4.446724671E-02,4.447839679E-02,-4.301574041E-02,-4.303148774E-02
33.89,4.447877463E-02,4.448988566E-02,-4.301605122E-02,-4.303184542E-02
33.9,4.448633452E-02,4.449741544E-02,-4.302024536E-02,-4.303607745E-02
33.91,4.448773678E-02,4.449876352E-02,-4.30305111E-02,-4.304640511E-02
33.92,4.448707677E-02,4.449802669E-02,-4.304275192E-02,-4.305873046E-02
33.93,4.448892462E-02,4.449981676E-02,-4.305239648E-02,-4.306844045E-02
33.94,4.449925141E-02,4.451012442E-02,-4.30534722E-02,-4.306954289E-02
33.95,4.451968532E-02,4.453060432E-02,-4.304434916E-02,-4.306038138E-02
33.96,4.454499315E-02,4.455600599E-02,-4.30302586E-02,-4.304620446E-02
33.97,4.457489566E-02,4.458600398E-02,-4.301147799E-02,-4.302733583E-02
33.98,4.460969794E-02,4.462091836E-02,-4.298770067E-02,-4.300345385E-02
33.99,4.465737558E-02,4.466873322E-02,-4.295094945E-02,-4.296657286E-02
34,4.473431912E-02,4.474590307E-02,-4.2884832E-02,-4.290023655E-02
34.01,4.483765938E-02,4.484963889E-02,-4.279221521E-02,-4.280723167E-02
34.02,4.4954884E-02,4.496732799E-02,-4.268560904E-02,-4.270016854E-02
34.03,4.507823097E-02,4.5091122E-02,-4.257277379E-02,-4.258689386E-02
34.04,4.519803401E-02,4.521133382E-02,-4.246337455E-02,-4.247709362E-02
34.05,4.530288485E-02,4.531649415E-02,-4.236881875E-02,-4.23822362E-02
34.06,4.538618412E-02,4.539996207E-02,-4.229570516E-02,-4.230896198E-02
34.07,4.54548403E-02,4.546865424E-02,-4.223712495E-02,-4.225035388E-02
34.08,4.551361549E-02,4.552741499E-02,-4.218831555E-02,-4.22015671E-02
34.09,4.555732271E-02,4.55710694E-02,-4.215446331E-02,-4.216777585E-02
34.1,4.559260459E-02,4.560622177E-02,-4.212892496E-02,-4.214237521E-02
34.11,4.562972127E-02,4.56432155E-02,-4.210143974E-02,-4.21150211E-02
34.12,4.567013447E-02,4.568355963E-02,-4.207054506E-02,-4.208420361E-02
34.13,4.571516731E-02,4.572855E-02,-4.203491683E-02,-4.20486259E-02
34.14,4.576409798E-02,4.577747313E-02,-4.199527588E-02,-4.200900047E-02
34.15,4.58101764E-02,4.582355555E-02,-4.195837133E-02,-4.197209983E-02
34.16,4.584548319E-02,4.585882419E-02,-4.193212166E-02,-4.194589615E-02
34.17,4.587140936E-02,4.588464315E-02,-4.191513517E-02,-4.192902462E-02
34.18,4.589544795E-02,4.590854959E-02,-4.189991813E-02,-4.191394741E-02
34.19,4.592125321E-02,4.593424987E-02,-4.188281554E-02,-4.189695737E-02
34.2,4.595369169E-02,4.596661432E-02,-4.185896E-02,-4.18731833E-02
34.21,4.600339967E-02,4.601631379E-02,-4.181771427E-02,-4.183195341E-02
34.22,4.607522222E-02,4.608824919E-02,-4.175423228E-02,-4.176836576E-02
34.23,4.616391554E-02,4.617716062E-02,-4.167375665E-02,-4.16876791E-02
34.24,4.625770819E-02,4.627120554E-02,-4.158805777E-02,-4.160173491E-02
34.25,4.634299333E-02,4.635669875E-02,-4.151074161E-02,-4.152421753E-02
34.26,4.641546548E-02,4.642927428E-02,-4.144611296E-02,-4.145949228E-02
34.27,4.648008616E-02,4.649391893E-02,-4.138920977E-02,-4.140257179E-02
34.28,4.654082941E-02,4.655466272E-02,-4.133605743E-02,-4.134942546E-02
34.29,4.659454155E-02,4.660836201E-02,-4.128980898E-02,-4.130319631E-02
34.3,4.664065694E-02,4.665442361E-02,-4.125102947E-02,-4.126447691E-02
34.31,4.668352302E-02,4.669720904E-02,-4.12153709E-02,-4.122890517E-02
34.32,4.672490047E-02,4.673851566E-02,-4.118107198E-02,-4.119468315E-02
34.33,4.676827424E-02,4.678182676E-02,-4.114464718E-02,-4.115832694E-02
34.34,4.681657699E-02,4.68300987E-02,-4.110316321E-02,-4.111687957E-02
34.35,4.686950921E-02,4.688303847E-02,-4.105691897E-02,-4.107063343E-02
34.36,4.693072074E-02,4.694428402E-02,-4.100226398E-02,-4.101594994E-02
34.37,4.701004582E-02,4.702370578E-02,-4.092936339E-02,-4.094295805E-02
34.38,4.711736051E-02,4.713123785E-02,-4.082834048E-02,-4.084172301E-02
34.39,4.725336893E-02,4.726761136E-02,-4.069849041E-02,-4.071151298E-02
34.4,4.740483675E-02,4.741954144E-02,-4.055304683E-02,-4.056561214E-02
34.41,4.75568307E-02,4.757198137E-02,-4.040694241E-02,-4.041906665E-02
34.42,4.770427026E-02,4.771978528E-02,-4.026525722E-02,-4.027702191E-02
34.43,4.784398231E-02,4.78597925E-02,-4.013116402E-02,-4.014263826E-02
34.44,4.79721641E-02,4.798819273E-02,-4.000846523E-02,-4.001972564E-02
34.45,4.808699617E-02,4.81031563E-02,-3.989898E-02,-3.991011343E-02
34.46,4.818419591E-02,4.820040633E-02,-3.980699066E-02,-3.98180782E-02
34.47,4.825773992E-02,4.827389552E-02,-3.973852034E-02,-3.974966702E-02
34.48,4.830595415E-02,4.83219312E-02,-3.969524289E-02,-3.970657232E-02
34.49,4.833288707E-02,4.834858403E-02,-3.967310962E-02,-3.968472323E-02
34.5,4.833925079E-02,4.835460618E-02,-3.967140822E-02,-3.968336737E-02
34.51,4.832249186E-02,4.833743987E-02,-3.969269194E-02,-3.970506233E-02
34.52,4.828701318E-02,4.830147923E-02,-3.973255769E-02,-3.974541378E-02
34.53,4.823569753E-02,4.824965471E-02,-3.978812252E-02,-3.980149109E-02
34.54,4.816679055E-02,4.818021618E-02,-3.986114059E-02,-3.987504422E-02
34.55,4.808773614E-02,4.81005955E-02,-3.994416784E-02,-3.99586411E-02
34.56,4.800946047E-02,4.802179095E-02,-4.002627791E-02,-4.00412833E-02
34.57,4.793220275E-02,4.794408603E-02,-4.010723141E-02,-4.012268711E-02
34.58,4.785788447E-02,4.786936548E-02,-4.018510664E-02,-4.020096761E-02
34.59,4.77939686E-02,4.780511048E-02,-4.025244045E-02,-4.026864342E-02
34.6,4.774145515E-02,4.775236054E-02,-4.030823262E-02,-4.032467485E-02
34.61,4.769310069E-02,4.770383444E-02,-4.035972641E-02,-4.037634292E-02
34.62,4.763331544E-02,4.764387189E-02,-4.042251142E-02,-4.043930775E-02
34.63,4.755389769E-02,4.756417992E-02,-4.050478925E-02,-4.052186223E-02
34.64,4.745776996E-02,4.746768023E-02,-4.060363733E-02,-4.06210846E-02
34.65,4.734958894E-02,4.735908837E-02,-4.071439893E-02,-4.073225925E-02
34.66,4.724284377E-02,4.725192853E-02,-4.082358485E-02,-4.084186197E-02
34.67,4.714649424E-02,4.715525244E-02,-4.092223526E-02,-4.094084095E-02
34.68,4.705121154E-02,4.705973492E-02,-4.10196789E-02,-4.103852133E-02
34.69,4.695239209E-02,4.696066982E-02,-4.112051931E-02,-4.113960919E-02
34.7,4.685715735E-02,4.686518895E-02,-4.1217635E-02,-4.123697274E-02
34.71,4.676941298E-02,4.67772602E-02,-4.130712031E-02,-4.132664407E-02
34.72,4.668952041E-02,4.669723984E-02,-4.138861381E-02,-4.14082669E-02
34.73,4.66183939E-02,4.6626034E-02,-4.146120124E-02,-4.148093512E-02
34.74,4.6556431E-02,4.656404221E-02,-4.152448507E-02,-4.154424923E-02
34.75,4.650159611E-02,4.650922064E-02,-4.158050095E-02,-4.160025309E-02
34.76,4.644858522E-02,4.645624165E-02,-4.163455294E-02,-4.16542744E-02
34.77,4.639602001E-02,4.640369453E-02,-4.168801945E-02,-4.170772396E-02
34.78,4.635398814E-02,4.636168556E-02,-4.173081292E-02,-4.175049562E-02
34.79,4.633409895E-02,4.634190728E-02,-4.175132413E-02,-4.177089695E-02
34.8,4.634149377E-02,4.634954637E-02,-4.17444119E-02,-4.176374138E-02
34.81,4.637621694E-02,4.638463649E-02,-4.171003198E-02,-4.17289954E-02
34.82,4.643311227E-02,4.644199454E-02,-4.165334078E-02,-4.167184231E-02
34.83,4.650150339E-02,4.651088756E-02,-4.158501486E-02,-4.160301525E-02
34.84,4.65709173E-02,4.65807717E-02,-4.151552747E-02,-4.153305833E-02
34.85,4.663707862E-02,4.66473298E-02,-4.144915424E-02,-4.146628897E-02
34.86,4.669878819E-02,4.670936959E-02,-4.138709463E-02,-4.140389973E-02
34.87,4.675209727E-02,4.676294705E-02,-4.133329767E-02,-4.134983492E-02
34.88,4.678966668E-02,4.680069852E-02,-4.129510285E-02,-4.13114585E-02
34.89,4.681060291E-02,4.682170203E-02,-4.127340399E-02,-4.128969277E-02
34.9,4.682389059E-02,4.683497744E-02,-4.12592168E-02,-4.127551818E-02
34.91,4.683526822E-02,4.684633908E-02,-4.12468031E-02,-4.126312074E-02
34.92,4.684624093E-02,4.685730449E-02,-4.123465812E-02,-4.125098326E-02
34.93,4.686319736E-02,4.687426365E-02,-4.121639359E-02,-4.123271614E-02
34.94,4.688730413E-02,4.689842343E-02,-4.119084327E-02,-4.120711289E-02
34.95,4.691579106E-02,4.692699305E-02,-4.116077778E-02,-4.11769647E-02
34.96,4.695436932E-02,4.696566341E-02,-4.112048635E-02,-4.11365811E-02
34.97,4.70007345E-02,4.701217543E-02,-4.107227384E-02,-4.108822161E-02
34.98,4.70359153E-02,4.704749577E-02,-4.103511202E-02,-4.105092005E-02
34.99,4.704863431E-02,4.706021535E-02,-4.102027876E-02,-4.103608594E-02
35,4.703964649E-02,4.705108539E-02,-4.102701953E-02,-4.104296849E-02
35.01,4.70085955E-02,4.701979572E-02,-4.10556911E-02,-4.10718783E-02
35.02,4.696241873E-02,4.697329092E-02,-4.10993565E-02,-4.111587122E-02
35.03,4.691226351E-02,4.692278971E-02,-4.114686887E-02,-4.1163729E-02
35.04,4.685801941E-02,4.686823864E-02,-4.119833908E-02,-4.121550554E-02
35.05,4.679662768E-02,4.68065362E-02,-4.12568264E-02,-4.127430285E-02
35.06,4.673423451E-02,4.674381992E-02,-4.131618513E-02,-4.133398389E-02
35.07,4.667869643E-02,4.668800475E-02,-4.136855926E-02,-4.138663425E-02
35.08,4.663111319E-02,4.664021831E-02,-4.141284957E-02,-4.143112683E-02
35.09,4.658740486E-02,4.659635432E-02,-4.145313659E-02,-4.147156853E-02
35.1,4.654585341E-02,4.655466075E-02,-4.149113895E-02,-4.150971195E-02
35.11,4.651359804E-02,4.652228273E-02,-4.151971802E-02,-4.153841257E-02
35.12,4.649681622E-02,4.650545404E-02,-4.153269699E-02,-4.155143722E-02
35.13,4.648943591E-02,4.649810906E-02,-4.153614856E-02,-4.155485223E-02
35.14,4.648376087E-02,4.649247805E-02,-4.153776969E-02,-4.155642802E-02
35.15,4.647670344E-02,4.64854386E-02,-4.154064871E-02,-4.155928768E-02
35.16,4.6464501E-02,4.647322802E-02,-4.15485489E-02,-4.156719458E-02
35.17,4.645021458E-02,4.645889382E-02,-4.155840992E-02,-4.157710184E-02
35.18,4.644687221E-02,4.645551545E-02,-4.155720437E-02,-4.157593072E-02
35.19,4.646340583E-02,4.647211277E-02,-4.153600108E-02,-4.155466207E-02
35.2,4.649546207E-02,4.650433953E-02,-4.149915424E-02,-4.1517643E-02
35.21,4.653518981E-02,4.654427542E-02,-4.145451585E-02,-4.147279469E-02
35.22,4.658203853E-02,4.659132847E-02,-4.140263729E-02,-4.142070993E-02
35.23,4.66419878E-02,4.66515038E-02,-4.133753979E-02,-4.135538444E-02
35.24,4.671677349E-02,4.672657545E-02,-4.125748839E-02,-4.127504507E-02
35.25,4.679632847E-02,4.680645555E-02,-4.117255115E-02,-4.118978061E-02
35.26,4.68726566E-02,4.688306548E-02,-4.10907251E-02,-4.110767057E-02
35.27,4.695122209E-02,4.696185727E-02,-4.100654688E-02,-4.102326377E-02
35.28,4.704038407E-02,4.705126352E-02,-4.091165823E-02,-4.092812848E-02
35.29,4.713703223E-02,4.714820536E-02,-4.080917036E-02,-4.082534448E-02
35.3,4.722774162E-02,4.723919673E-02,-4.071250921E-02,-4.072839878E-02
35.31,4.730224876E-02,4.731388661E-02,-4.063193914E-02,-4.064764331E-02
35.32,4.735787223E-02,4.736957059E-02,-4.057014237E-02,-4.058578328E-02
35.33,4.739687978E-02,4.740853946E-02,-4.052485193E-02,-4.054052868E-02
35.34,4.742220393E-02,4.743375839E-02,-4.049313611E-02,-4.050891514E-02
35.35,4.743588602E-02,4.744729224E-02,-4.04729544E-02,-4.048887863E-02
35.36,4.744353065E-02,4.745476079E-02,-4.0458703E-02,-4.047480021E-02
35.37,4.744891099E-02,4.745997648E-02,-4.044660967E-02,-4.046286834E-02
35.38,4.745122037E-02,4.746213932E-02,-4.043748197E-02,-4.045388393E-02
35.39,4.745069486E-02,4.746146615E-02,-4.043108479E-02,-4.044763111E-02
35.4,4.744705663E-02,4.745768487E-02,-4.042769694E-02,-4.044438292E-02
35.41,4.7442852E-02,4.745333915E-02,-4.042477305E-02,-4.044159668E-02
35.42,4.744142211E-02,4.745178987E-02,-4.0418973E-02,-4.043591252E-02
35.43,4.743728241E-02,4.744756061E-02,-4.041578238E-02,-4.04328079E-02
35.44,4.74266348E-02,4.743679796E-02,-4.041900034E-02,-4.043613729E-02
35.45,4.741573651E-02,4.742576057E-02,-4.042237064E-02,-4.043964303E-02
35.46,4.740961621E-02,4.741953744E-02,-4.042086567E-02,-4.043823718E-02
35.47,4.74108055E-02,4.742067142E-02,-4.041195495E-02,-4.0429378E-02
35.48,4.742484018E-02,4.743470449E-02,-4.039010385E-02,-4.040752471E-02
35.49,4.745680809E-02,4.746675721E-02,-4.035022579E-02,-4.036755797E-02
35.5,4.751481196E-02,4.752494961E-02,-4.028421935E-02,-4.03013591E-02
35.51,4.760059829E-02,4.761105981E-02,-4.019033947E-02,-4.020715138E-02
35.52,4.770002354E-02,4.771090745E-02,-4.008273118E-02,-4.00991167E-02
35.53,4.779767983E-02,4.780895694E-02,-3.99768038E-02,-3.999279202E-02
35.54,4.788531244E-02,4.789689007E-02,-3.98808133E-02,-3.989649682E-02
35.55,4.79655349E-02,4.797731866E-02,-3.979214732E-02,-3.980762043E-02
35.56,4.804339983E-02,4.80553468E-02,-3.970575436E-02,-3.972105989E-02
35.57,4.8114986E-02,4.812708276E-02,-3.962555687E-02,-3.964070815E-02
35.58,4.817550747E-02,4.818769468E-02,-3.9556342E-02,-3.957139829E-02
35.59,4.822351503E-02,4.823572213E-02,-3.949956012E-02,-3.951459189E-02
35.6,4.826254331E-02,4.827471359E-02,-3.945167773E-02,-3.946674162E-02
35.61,4.829611336E-02,4.830822381E-02,-3.940917497E-02,-3.942429391E-02
35.62,4.83170076E-02,4.832904507E-02,-3.93792706E-02,-3.939445769E-02
35.63,4.832017172E-02,4.833205894E-02,-3.936702016E-02,-3.938235258E-02
35.64,4.831525065E-02,4.83269171E-02,-3.936277983E-02,-3.937832806E-02
35.65,4.831695602E-02,4.832843215E-02,-3.935183915E-02,-3.936757267E-02
35.66,4.832992077E-02,4.834130427E-02,-3.932956651E-02,-3.934538761E-02
35.67,4.83487296E-02,4.836009436E-02,-3.930137866E-02,-3.931721339E-02
35.68,4.837068071E-02,4.83820432E-02,-3.926997883E-02,-3.928581068E-02
35.69,4.839839423E-02,4.840977063E-02,-3.923274829E-02,-3.924856105E-02
35.7,4.843380995E-02,4.844523902E-02,-3.918774871E-02,-3.920350355E-02
35.71,4.847617889E-02,4.848769818E-02,-3.91357305E-02,-3.915138986E-02
35.72,4.852621026E-02,4.85378457E-02,-3.907598598E-02,-3.909152385E-02
35.73,4.859211279E-02,4.860390413E-02,-3.90003079E-02,-3.901568449E-02
35.74,4.868301306E-02,4.869505871E-02,-3.889957125E-02,-3.891468809E-02
35.75,4.879305986E-02,4.880547951E-02,-3.87796289E-02,-3.879436625E-02
35.76,4.890287789E-02,4.891569438E-02,-3.865985786E-02,-3.86741928E-02
35.77,4.899454137E-02,4.900764624E-02,-3.855818539E-02,-3.857222633E-02
35.78,4.906298645E-02,4.907621317E-02,-3.847967668E-02,-3.849359004E-02
35.79,4.910816717E-02,4.912137763E-02,-3.84243789E-02,-3.843830272E-02
35.8,4.912537167E-02,4.913844887E-02,-3.839700512E-02,-3.841105632E-02
35.81,4.911731807E-02,4.913012689E-02,-3.839483841E-02,-3.840915207E-02
35.82,4.909305313E-02,4.91055161E-02,-3.840883321E-02,-3.842348674E-02
35.83,4.905818233E-02,4.907028779E-02,-3.843338527E-02,-3.844839028E-02
35.84,4.902321605E-02,4.903497289E-02,-3.845798551E-02,-3.84733331E-02
35.85,4.900790833E-02,4.901940427E-02,-3.846288131E-02,-3.847848375E-02
35.86,4.902694121E-02,4.903837167E-02,-3.84333922E-02,-3.844905406E-02
35.87,4.907823348E-02,4.908981292E-02,-3.83716012E-02,-3.838710803E-02
35.88,4.915097024E-02,4.916282697E-02,-3.828832511E-02,-3.830354857E-02
35.89,4.923935069E-02,4.925153086E-02,-3.818936652E-02,-3.820426043E-02
35.9,4.933914599E-02,4.935167734E-02,-3.807895598E-02,-3.809349256E-02
35.91,4.943785057E-02,4.945072962E-02,-3.796960072E-02,-3.79837834E-02
35.92,4.952044637E-02,4.953358138E-02,-3.787632036E-02,-3.789024083E-02
35.93,4.957718696E-02,4.959042224E-02,-3.780886275E-02,-3.782267663E-02
35.94,4.960632877E-02,4.961949989E-02,-3.776897276E-02,-3.778284442E-02
35.95,4.961303082E-02,4.962600781E-02,-3.775149262E-02,-3.776555199E-02
35.96,4.959963742E-02,4.961234534E-02,-3.77540793E-02,-3.776840128E-02
35.97,4.956414617E-02,4.957651591E-02,-3.77787365E-02,-3.779339017E-02
35.98,4.950976099E-02,4.952171467E-02,-3.78222616E-02,-3.783732483E-02
35.99,4.944919937E-02,4.946070901E-02,-3.78719384E-02,-3.788743916E-02
36,4.940184289E-02,4.94129773E-02,-3.790838669E-02,-3.792425617E-02
36.01,4.938094796E-02,4.939187502E-02,-3.791835163E-02,-3.793442196E-02
36.02,4.93863286E-02,4.939723436E-02,-3.790202094E-02,-3.791810609E-02
36.03,4.941489331E-02,4.942590446E-02,-3.786248794E-02,-3.787846126E-02
36.04,4.946761785E-02,4.947883256E-02,-3.779877872E-02,-3.781454203E-02
36.05,4.954086712E-02,4.955238332E-02,-3.771453017E-02,-3.772998555E-02
36.06,4.962171538E-02,4.96335781E-02,-3.762266985E-02,-3.763777225E-02
36.07,4.969587193E-02,4.97080313E-02,-3.753749015E-02,-3.75522894E-02
36.08,4.975563015E-02,4.97679763E-02,-3.746669923E-02,-3.748130517E-02
36.09,4.979811385E-02,4.981053217E-02,-3.741317469E-02,-3.742770189E-02
36.1,4.981667753E-02,4.982905838E-02,-3.738356342E-02,-3.739812148E-02
36.11,4.980714835E-02,4.981935254E-02,-3.738203958E-02,-3.739676766E-02
36.12,4.977553618E-02,4.978743628E-02,-3.740259455E-02,-3.741762007E-02
36.13,4.972622192E-02,4.97377609E-02,-3.744084869E-02,-3.745622866E-02
36.14,4.965944582E-02,4.967058129E-02,-3.749656306E-02,-3.751233988E-02
36.15,4.957861456E-02,4.958930183E-02,-3.756633227E-02,-3.758255064E-02
36.16,4.949186387E-02,4.950209609E-02,-3.76420219E-02,-3.76586887E-02
36.17,4.940994425E-02,4.941976767E-02,-3.771288283E-02,-3.772995183E-02
36.18,4.933828298E-02,4.934779355E-02,-3.777348923E-02,-3.779086453E-02
36.19,4.928123674E-02,4.929053169E-02,-3.781948599E-02,-3.783707042E-02
36.2,4.924089672E-02,4.925007909E-02,-3.784878359E-02,-3.786647413E-02
36.21,4.92095458E-02,4.921870433E-02,-3.786910081E-02,-3.788680879E-02
36.22,4.918460493E-02,4.919375569E-02,-3.78830184E-02,-3.790072775E-02
36.23,4.917073437E-02,4.917990422E-02,-3.788587767E-02,-3.790356158E-02
36.24,4.916636226E-02,4.917561148E-02,-3.787925213E-02,-3.789685035E-02
36.25,4.916491165E-02,4.917425971E-02,-3.78697204E-02,-3.788721347E-02
36.26,4.916168979E-02,4.917111492E-02,-3.78619768E-02,-3.78793865E-02
36.27,4.915726789E-02,4.916673882E-02,-3.785545163E-02,-3.787280924E-02
36.28,4.915308127E-02,4.916258709E-02,-3.784871105E-02,-3.786602748E-02
36.29,4.914988511E-02,4.915942531E-02,-3.784100136E-02,-3.785827714E-02
36.3,4.914918618E-02,4.915876273E-02,-3.783081729E-02,-3.784805045E-02
36.31,4.914657312E-02,4.915619348E-02,-3.782257171E-02,-3.783975479E-02
36.32,4.913588398E-02,4.914551399E-02,-3.782242802E-02,-3.783959519E-02
36.33,4.911879137E-02,4.91283738E-02,-3.782871499E-02,-3.784592349E-02
36.34,4.910231936E-02,4.911184039E-02,-3.783440988E-02,-3.785167353E-02
36.35,4.909067484E-02,4.910016525E-02,-3.783530723E-02,-3.785259526E-02
36.36,4.908332395E-02,4.909282014E-02,-3.783194235E-02,-3.784921839E-02
36.37,4.907910634E-02,4.908862577E-02,-3.782547711E-02,-3.784272371E-02
36.38,4.907669683E-02,4.908624881E-02,-3.781723815E-02,-3.783444599E-02
36.39,4.907438746E-02,4.908397211E-02,-3.780893488E-02,-3.782610386E-02
36.4,4.907253079E-02,4.908214005E-02,-3.780021615E-02,-3.781735436E-02
36.41,4.907295298E-02,4.908258918E-02,-3.778925721E-02,-3.780636231E-02
36.42,4.907355053E-02,4.90832239E-02,-3.777816299E-02,-3.779522476E-02
36.43,4.907108898E-02,4.908078632E-02,-3.777016932E-02,-3.778720097E-02
36.44,4.906635256E-02,4.90760473E-02,-3.776449334E-02,-3.778152146E-02
36.45,4.905800315E-02,4.906768515E-02,-3.776247449E-02,-3.77795092E-02
36.46,4.904300064E-02,4.905264442E-02,-3.776715416E-02,-3.778422097E-02
36.47,4.902067185E-02,4.903023716E-02,-3.777920679E-02,-3.779634597E-02
36.48,4.898943297E-02,4.899888763E-02,-3.780021738E-02,-3.781746113E-02
36.49,4.895101737E-02,4.896032332E-02,-3.782845375E-02,-3.784584013E-02
36.5,4.891265004E-02,4.892179711E-02,-3.785669203E-02,-3.787423126E-02
36.51,4.888182044E-02,4.889085173E-02,-3.787744398E-02,-3.7895093E-02
36.52,4.886472828E-02,4.887371692E-02,-3.788451123E-02,-3.790219696E-02
36.53,4.886737192E-02,4.887641283E-02,-3.787189692E-02,-3.788952448E-02
36.54,4.889168014E-02,4.890088394E-02,-3.783767386E-02,-3.785513269E-02
36.55,4.893211116E-02,4.894156797E-02,-3.778738553E-02,-3.780458553E-02
36.56,4.898280338E-02,4.899254591E-02,-3.772689517E-02,-3.774380367E-02
36.57,4.904333033E-02,4.905336521E-02,-3.765663079E-02,-3.767324114E-02
36.58,4.911084855E-02,4.912119188E-02,-3.757943727E-02,-3.759573338E-02
36.59,4.917455005E-02,4.918518531E-02,-3.750612403E-02,-3.752212242E-02
36.6,4.922752099E-02,4.923836301E-02,-3.744360616E-02,-3.745939195E-02
36.61,4.927013369E-02,4.928109218E-02,-3.73915124E-02,-3.740717587E-02
36.62,4.930576903E-02,4.931678837E-02,-3.734646289E-02,-3.736205964E-02
36.63,4.933917697E-02,4.935023025E-02,-3.73037087E-02,-3.731926563E-02
36.64,4.936839302E-02,4.93794794E-02,-3.726521542E-02,-3.728073337E-02
36.65,4.938719208E-02,4.939827744E-02,-3.723720924E-02,-3.725272235E-02
36.66,4.939543658E-02,4.940645477E-02,-3.721982873E-02,-3.723540315E-02
36.67,4.939867209E-02,4.940958754E-02,-3.720752924E-02,-3.722320054E-02
36.68,4.940180683E-02,4.941262676E-02,-3.719540352E-02,-3.721116452E-02
36.69,4.940801585E-02,4.941876717E-02,-3.718027757E-02,-3.71961014E-02
36.7,4.941620281E-02,4.942691666E-02,-3.716324886E-02,-3.717910442E-02
36.71,4.942517304E-02,4.943586143E-02,-3.714551316E-02,-3.716138848E-02
36.72,4.944005155E-02,4.945072447E-02,-3.712194657E-02,-3.713783169E-02
36.73,4.946294258E-02,4.947365006E-02,-3.709044596E-02,-3.71062909E-02
36.74,4.948876537E-02,4.949954422E-02,-3.70560933E-02,-3.707186131E-02
36.75,4.951000294E-02,4.952083866E-02,-3.70264067E-02,-3.704211232E-02
36.76,4.952539322E-02,4.953623884E-02,-3.700264926E-02,-3.70183395E-02
36.77,4.953971604E-02,4.955054406E-02,-3.698004207E-02,-3.699574445E-02
36.78,4.955507748E-02,4.956590168E-02,-3.695647998E-02,-3.697218076E-02
36.79,4.957174587E-02,4.958257724E-02,-3.693169568E-02,-3.694738393E-02
36.8,4.959200296E-02,4.9602853E-02,-3.690340843E-02,-3.691907269E-02
36.81,4.96193443E-02,4.96302424E-02,-3.68681237E-02,-3.688373465E-02
36.82,4.965191587E-02,4.966290227E-02,-3.68276966E-02,-3.684321403E-02
36.83,4.968228432E-02,4.969336599E-02,-3.678956155E-02,-3.680497856E-02
36.84,4.97063521E-02,4.971748657E-02,-3.675781708E-02,-3.677317616E-02
36.85,4.9725222E-02,4.973636739E-02,-3.673136122E-02,-3.67467043E-02
36.86,4.973848855E-02,4.974962351E-02,-3.671060023E-02,-3.67259487E-02
36.87,4.974523391E-02,4.975633186E-02,-3.669645276E-02,-3.671183326E-02
36.88,4.974878886E-02,4.975982544E-02,-3.668558877E-02,-3.670102571E-02
36.89,4.975088455E-02,4.976186587E-02,-3.66762779E-02,-3.669176521E-02
36.9,4.97481568E-02,4.97590857E-02,-3.66718851E-02,-3.668742003E-02
36.91,4.973961508E-02,4.975046614E-02,-3.667340167E-02,-3.668900969E-02
36.92,4.972624698E-02,4.973700275E-02,-3.66798407E-02,-3.669553934E-02
36.93,4.971164079E-02,4.972229825E-02,-3.668761457E-02,-3.670340693E-02
36.94,4.970143914E-02,4.971202072E-02,-3.669108138E-02,-3.67069451E-02
36.95,4.969655257E-02,4.970710977E-02,-3.668933139E-02,-3.670521504E-02
36.96,4.969720982E-02,4.970777777E-02,-3.668213673E-02,-3.66980053E-02
36.97,4.970620582E-02,4.971682019E-02,-3.666670338E-02,-3.668252128E-02
36.98,4.972426452E-02,4.973497692E-02,-3.664230832E-02,-3.665802401E-02
36.99,4.974520805E-02,4.975605295E-02,-3.661513042E-02,-3.663070952E-02
37,4.976075548E-02,4.97717136E-02,-3.659345149E-02,-3.660891335E-02
37.01,4.976656231E-02,4.977757326E-02,-3.658161674E-02,-3.659702177E-02
37.02,4.976077322E-02,4.97717758E-02,-3.658148193E-02,-3.65968914E-02
37.03,4.974517104E-02,4.975610935E-02,-3.659126465E-02,-3.66067345E-02
37.04,4.972083244E-02,4.973167488E-02,-3.660988854E-02,-3.662545045E-02
37.05,4.96839085E-02,4.969462576E-02,-3.664120288E-02,-3.665688623E-02
37.06,4.963514027E-02,4.964567755E-02,-3.668446679E-02,-3.670032647E-02
37.07,4.958259763E-02,4.959293225E-02,-3.673161046E-02,-3.674766923E-02
37.08,4.953346087E-02,4.954363147E-02,-3.677545368E-02,-3.679167304E-02
37.09,4.949416831E-02,4.950424036E-02,-3.680955845E-02,-3.682587307E-02
37.1,4.947169946E-02,4.948176473E-02,-3.682694584E-02,-3.684326411E-02
37.11,4.946669716E-02,4.947686893E-02,-3.682697399E-02,-3.68431828E-02
37.12,4.947520272E-02,4.948556264E-02,-3.68136029E-02,-3.682962075E-02
37.13,4.949319285E-02,4.950378213E-02,-3.679085719E-02,-3.680664301E-02
37.14,4.951630673E-02,4.952714302E-02,-3.676309887E-02,-3.677863508E-02
37.15,4.954461801E-02,4.955569674E-02,-3.673025525E-02,-3.674554648E-02
37.16,4.958092914E-02,4.959226216E-02,-3.668952473E-02,-3.670455916E-02
37.17,4.962676592E-02,4.963838441E-02,-3.663938246E-02,-3.665412893E-02
37.18,4.968493145E-02,4.969686759E-02,-3.657702637E-02,-3.659145271E-02
37.19,4.975311542E-02,4.976541231E-02,-3.650476782E-02,-3.651883092E-02
37.2,4.982260587E-02,4.983526929E-02,-3.643131974E-02,-3.644501375E-02
37.21,4.988522593E-02,4.989819933E-02,-3.636485951E-02,-3.637824094E-02
37.22,4.993506245E-02,4.994826054E-02,-3.631130043E-02,-3.632445445E-02
37.23,4.996784921E-02,4.998117094E-02,-3.627490855E-02,-3.628793615E-02
37.24,4.998343563E-02,4.99967779E-02,-3.625583419E-02,-3.626883841E-02
37.25,4.999033618E-02,5.000362645E-02,-3.624556254E-02,-3.625861588E-02
37.26,4.999586335E-02,5.00091014E-02,-3.62367809E-02,-3.624988357E-02
37.27,4.999919549E-02,5.001240578E-02,-3.623031097E-02,-3.624343853E-02
37.28,5.000140409E-02,5.00145831E-02,-3.622508141E-02,-3.623823739E-02
37.29,5.000644437E-02,5.001960622E-02,-3.621713706E-02,-3.62303074E-02
37.3,5.001273689E-02,5.002591358E-02,-3.62080576E-02,-3.622121033E-02
37.31,5.001788809E-02,5.003108229E-02,-3.620023683E-02,-3.621336933E-02
37.32,5.002361474E-02,5.003682001E-02,-3.619195814E-02,-3.620507689E-02
37.33,5.003481624E-02,5.004805089E-02,-3.617832227E-02,-3.6191409E-02
37.34,5.005506276E-02,5.006837177E-02,-3.615575937E-02,-3.616876914E-02
37.35,5.008059766E-02,5.009402905E-02,-3.612802652E-02,-3.614091137E-02
37.36,5.010711163E-02,5.012066819E-02,-3.60994335E-02,-3.611219068E-02
37.37,5.013318105E-02,5.014684605E-02,-3.607140413E-02,-3.608405037E-02
37.38,5.01586251E-02,5.017238618E-02,-3.604411929E-02,-3.605666698E-02
37.39,5.018235622E-02,5.019620025E-02,-3.601866658E-02,-3.603112887E-02
37.4,5.020143907E-02,5.021534674E-02,-3.599798135E-02,-3.601037755E-02
37.41,5.021679936E-02,5.023073644E-02,-3.598113779E-02,-3.599350215E-02
37.42,5.02334294E-02,5.024738649E-02,-3.596314346E-02,-3.597548541E-02
37.43,5.025559515E-02,5.026959872E-02,-3.593973238E-02,-3.595202548E-02
37.44,5.028296306E-02,5.02970503E-02,-3.59112382E-02,-3.592344532E-02
37.45,5.031345178E-02,5.032764163E-02,-3.587974241E-02,-3.589184464E-02
37.46,5.034589238E-02,5.036018718E-02,-3.584641396E-02,-3.585840899E-02
37.47,5.037715896E-02,5.039155608E-02,-3.581437869E-02,-3.582626917E-02
37.48,5.040557586E-02,5.042005156E-02,-3.578531213E-02,-3.579712183E-02
37.49,5.043073484E-02,5.044526506E-02,-3.575962233E-02,-3.577137534E-02
37.5,5.044997617E-02,5.046453902E-02,-3.57399688E-02,-3.575168704E-02
37.51,5.046082796E-02,5.047538269E-02,-3.572882321E-02,-3.574054746E-02
37.52,5.046059911E-02,5.047509894E-02,-3.57288764E-02,-3.574065349E-02
37.53,5.044988229E-02,5.04642747E-02,-3.573953549E-02,-3.575141797E-02
37.54,5.043524201E-02,5.044949781E-02,-3.575423578E-02,-3.57662529E-02
37.55,5.042239929E-02,5.043654252E-02,-3.57672562E-02,-3.577938397E-02
37.56,5.04151373E-02,5.04292128E-02,-3.577481363E-02,-3.578700726E-02
37.57,5.041702289E-02,5.043108598E-02,-3.577334132E-02,-3.578554553E-02
37.58,5.042869034E-02,5.044280667E-02,-3.576220503E-02,-3.57743542E-02
37.59,5.04489722E-02,5.04631925E-02,-3.574257208E-02,-3.575461548E-02
37.6,5.047491572E-02,5.048927273E-02,-3.571739489E-02,-3.572929979E-02
37.61,5.05002169E-02,5.05147163E-02,-3.569297699E-02,-3.570473772E-02
37.62,5.052077633E-02,5.053538307E-02,-3.567341739E-02,-3.568506899E-02
37.63,5.053522885E-02,5.054990007E-02,-3.566008099E-02,-3.567166637E-02
37.64,5.054147682E-02,5.055617403E-02,-3.565506548E-02,-3.566662313E-02
37.65,5.053777028E-02,5.055244546E-02,-3.566012111E-02,-3.567169907E-02
37.66,5.052210129E-02,5.053670555E-02,-3.567725673E-02,-3.56889039E-02
37.67,5.049531602E-02,5.050979857E-02,-3.570562833E-02,-3.57173955E-02
37.68,5.046380266E-02,5.047813678E-02,-3.5738853E-02,-3.575076686E-02
37.69,5.043248983E-02,5.044669983E-02,-3.577201863E-02,-3.57840549E-02
37.7,5.04032646E-02,5.041738897E-02,-3.580328798E-02,-3.581540992E-02
37.71,5.037905772E-02,5.039314649E-02,-3.582970225E-02,-3.584185688E-02
37.72,5.035973241E-02,5.037386169E-02,-3.585130365E-02,-3.586340923E-02
37.73,5.033996338E-02,5.035417902E-02,-3.587341756E-02,-3.588542968E-02
37.74,5.032006909E-02,5.033436956E-02,-3.589574701E-02,-3.590766937E-02
37.75,5.030719176E-02,5.032159959E-02,-3.591114893E-02,-3.592295976E-02
37.76,5.030365845E-02,5.031824073E-02,-3.59173019E-02,-3.592893518E-02
37.77,5.030638578E-02,5.032119195E-02,-3.591729104E-02,-3.592869795E-02
37.78,5.031137574E-02,5.03264191E-02,-3.591511701E-02,-3.592628485E-02
37.79,5.031760067E-02,5.0332874E-02,-3.591180794E-02,-3.592274429E-02
37.8,5.032665359E-02,5.034215285E-02,-3.590577145E-02,-3.591648069E-02
37.81,5.033857237E-02,5.035430738E-02,-3.589696981E-02,-3.590744242E-02
37.82,5.035091323E-02,5.036688367E-02,-3.588784729E-02,-3.589808388E-02
37.83,5.036274144E-02,5.037893035E-02,-3.587933857E-02,-3.588935633E-02
37.84,5.037657954E-02,5.039297393E-02,-3.586892082E-02,-3.587873297E-02
37.85,5.03933799E-02,5.040998789E-02,-3.585564142E-02,-3.586524004E-02
37.86,5.040956557E-02,5.042638824E-02,-3.584307746E-02,-3.585246167E-02
37.87,5.042163336E-02,5.043864093E-02,-3.583473185E-02,-3.584393159E-02
37.88,5.043161949E-02,5.044877402E-02,-3.582856739E-02,-3.583762074E-02
37.89,5.044123054E-02,5.045852159E-02,-3.58228763E-02,-3.583179383E-02
37.9,5.044697432E-02,5.046439341E-02,-3.582115007E-02,-3.582994043E-02
37.91,5.044433268E-02,5.046183774E-02,-3.582790579E-02,-3.583661119E-02
37.92,5.043299587E-02,5.045053024E-02,-3.58434513E-02,-3.585212856E-02
37.93,5.041741968E-02,5.043494599E-02,-3.586332861E-02,-3.587201527E-02
37.94,5.040280841E-02,5.042032899E-02,-3.588233198E-02,-3.589102595E-02
37.95,5.039082282E-02,5.040836313E-02,-3.589880012E-02,-3.590747622E-02
37.96,5.037992624E-02,5.039750464E-02,-3.591426951E-02,-3.592290966E-02
37.97,5.037208977E-02,5.038971013E-02,-3.59267687E-02,-3.59353693E-02
37.98,5.037072531E-02,5.038841156E-02,-3.593288542E-02,-3.594142273E-02
37.99,5.037720806E-02,5.039499976E-02,-3.593124445E-02,-3.59396791E-02
38,5.039627408E-02,5.041420937E-02,-3.591710992E-02,-3.592540396E-02
38.01,5.043006725E-02,5.044821196E-02,-3.588833856E-02,-3.589642626E-02
38.02,5.047432333E-02,5.0492732E-02,-3.584919575E-02,-3.585702267E-02
38.03,5.053074206E-02,5.054942926E-02,-3.579798314E-02,-3.58055347E-02
38.04,5.060337233E-02,5.062238033E-02,-3.573065371E-02,-3.573788756E-02
38.05,5.068692213E-02,5.070630318E-02,-3.565250324E-02,-3.565936701E-02
38.06,5.077304175E-02,5.079278362E-02,-3.557188806E-02,-3.557839372E-02
38.07,5.085624672E-02,5.087629319E-02,-3.549430337E-02,-3.55005067E-02
38.08,5.093213841E-02,5.095241811E-02,-3.542416869E-02,-3.543014042E-02
38.09,5.099797265E-02,5.101839968E-02,-3.536429096E-02,-3.537011654E-02
38.1,5.105092436E-02,5.107140887E-02,-3.531758469E-02,-3.532335198E-02
38.11,5.108792651E-02,5.110836222E-02,-3.528699397E-02,-3.529279752E-02
38.12,5.110757874E-02,5.112784963E-02,-3.527375266E-02,-3.527970045E-02
38.13,5.110689042E-02,5.112689661E-02,-3.528095123E-02,-3.52871496E-02
38.14,5.108501474E-02,5.110465472E-02,-3.530967585E-02,-3.531623562E-02
38.15,5.104677232E-02,5.106596673E-02,-3.535497128E-02,-3.536196542E-02
38.16,5.099782235E-02,5.101655824E-02,-3.541078442E-02,-3.541821167E-02
38.17,5.094265068E-02,5.096095948E-02,-3.547266872E-02,-3.548050547E-02
38.18,5.088292125E-02,5.090084348E-02,-3.553909099E-02,-3.554730689E-02
38.19,5.081741937E-02,5.083498323E-02,-3.561127226E-02,-3.561984201E-02
38.2,5.074632394E-02,5.076354129E-02,-3.568905842E-02,-3.569797394E-02
38.21,5.067174941E-02,5.068863679E-02,-3.57703376E-02,-3.577958415E-02
38.22,5.059362507E-02,5.061021013E-02,-3.585519124E-02,-3.586474334E-02
38.23,5.051294155E-02,5.052924309E-02,-3.594263232E-02,-3.595247267E-02
38.24,5.043544949E-02,5.045149785E-02,-3.602691615E-02,-3.603701597E-02
38.25,5.036503652E-02,5.038089959E-02,-3.610415815E-02,-3.611445076E-02
38.26,5.030054024E-02,5.031628631E-02,-3.617552498E-02,-3.618594331E-02
38.27,5.024227531E-02,5.025794834E-02,-3.624070442E-02,-3.625120545E-02
38.28,5.019282969E-02,5.020847878E-02,-3.629711113E-02,-3.630764663E-02
38.29,5.015176182E-02,5.016744634E-02,-3.634518836E-02,-3.635569968E-02
38.3,5.012020359E-02,5.013596721E-02,-3.638380614E-02,-3.639425024E-02
38.31,5.009918939E-02,5.011508217E-02,-3.641193132E-02,-3.642225863E-02
38.32,5.008367962E-02,5.009974621E-02,-3.643460488E-02,-3.644477114E-02
38.33,5.007303417E-02,5.00892756E-02,-3.645246772E-02,-3.646247219E-02
38.34,5.007153425E-02,5.008796834E-02,-3.646123929E-02,-3.647106434E-02
38.35,5.007870409E-02,5.009537669E-02,-3.646139585E-02,-3.647099572E-02
38.36,5.009376192E-02,5.011069563E-02,-3.645371977E-02,-3.646307189E-02
38.37,5.011952242E-02,5.013674015E-02,-3.643539669E-02,-3.644447808E-02
38.38,5.015610442E-02,5.017364793E-02,-3.640630815E-02,-3.641507692E-02
38.39,5.019660018E-02,5.021449057E-02,-3.637336224E-02,-3.638179707E-02
38.4,5.023391516E-02,5.025211835E-02,-3.63436536E-02,-3.635178829E-02
38.41,5.026467873E-02,5.028313244E-02,-3.63205524E-02,-3.632844884E-02
38.42,5.02863358E-02,5.030497814E-02,-3.630661283E-02,-3.631433249E-02
38.43,5.029968762E-02,5.031845347E-02,-3.630103234E-02,-3.630863992E-02
38.44,5.030777557E-02,5.032662275E-02,-3.630076813E-02,-3.630830534E-02
38.45,5.031235467E-02,5.033126542E-02,-3.630406371E-02,-3.631154785E-02
38.46,5.031245632E-02,5.033141527E-02,-3.631188633E-02,-3.631933235E-02
38.47,5.03057307E-02,5.032471164E-02,-3.632658439E-02,-3.633401804E-02
38.48,5.029296637E-02,5.03119323E-02,-3.634736771E-02,-3.635482555E-02
38.49,5.027565313E-02,5.029458397E-02,-3.637274475E-02,-3.638024646E-02
38.5,5.025612657E-02,5.027501326E-02,-3.640037831E-02,-3.640793254E-02
38.51,5.023986549E-02,5.025871572E-02,-3.642478809E-02,-3.643238676E-02
38.52,5.023104691E-02,5.02499035E-02,-3.644179582E-02,-3.644939577E-02
38.53,5.023180137E-02,5.025071569E-02,-3.644927E-02,-3.645681951E-02
38.54,5.024330282E-02,5.026232514E-02,-3.644603591E-02,-3.645348437E-02
38.55,5.026362737E-02,5.028280312E-02,-3.643401673E-02,-3.644131838E-02
38.56,5.029021368E-02,5.030956339E-02,-3.641577312E-02,-3.642290707E-02
38.57,5.03214512E-02,5.034097958E-02,-3.639291482E-02,-3.639987599E-02
38.58,5.035125153E-02,5.037095227E-02,-3.63715293E-02,-3.637832364E-02
38.59,5.037258961E-02,5.039241199E-02,-3.635864048E-02,-3.636531834E-02
38.6,5.038376404E-02,5.04036306E-02,-3.635594807E-02,-3.636258655E-02
38.61,5.038533947E-02,5.040519043E-02,-3.636288534E-02,-3.636954387E-02
38.62,5.037906743E-02,5.039885709E-02,-3.637769861E-02,-3.638442262E-02
38.63,5.03691471E-02,5.038884983E-02,-3.639618667E-02,-3.640300155E-02
38.64,5.035831112E-02,5.037793114E-02,-3.641561505E-02,-3.642251642E-02
38.65,5.034472341E-02,5.036426874E-02,-3.643781831E-02,-3.644479802E-02
38.66,5.032731512E-02,5.03467725E-02,-3.646386382E-02,-3.647093504E-02
38.67,5.030848994E-02,5.032784865E-02,-3.649134627E-02,-3.649851967E-02
38.68,5.028863813E-02,5.030790769E-02,-3.651987393E-02,-3.652713995E-02
38.69,5.026560369E-02,5.028478466E-02,-3.655160144E-02,-3.655895952E-02
38.7,5.023899794E-02,5.025807572E-02,-3.658691612E-02,-3.659438087E-02
38.71,5.020931905E-02,5.022828532E-02,-3.662531833E-02,-3.663289811E-02
38.72,5.01765116E-02,5.019536229E-02,-3.66668621E-02,-3.667456106E-02
38.73,5.014242655E-02,5.016115799E-02,-3.670969516E-02,-3.671751703E-02
38.74,5.010955469E-02,5.012817967E-02,-3.675132545E-02,-3.675925758E-02
38.75,5.007688517E-02,5.009542539E-02,-3.679276276E-02,-3.680078354E-02
38.76,5.004394074E-02,5.006240151E-02,-3.683448326E-02,-3.684258753E-02
38.77,5.001328162E-02,5.003167092E-02,-3.687392567E-02,-3.688210558E-02
38.78,4.998519964E-02,5.000354397E-02,-3.691079714E-02,-3.691902633E-02
38.79,4.995822379E-02,4.997653874E-02,-3.694656775E-02,-3.695483077E-02
38.8,4.993135727E-02,4.994964627E-02,-3.698223334E-02,-3.699052691E-02
38.81,4.990335973E-02,4.992162307E-02,-3.701903324E-02,-3.702735718E-02
38.82,4.987315868E-02,4.989138877E-02,-3.705803886E-02,-3.706640092E-02
38.83,4.984105659E-02,4.98592441E-02,-3.709894664E-02,-3.710735627E-02
38.84,4.980909313E-02,4.982723685E-02,-3.713971579E-02,-3.714817434E-02
38.85,4.97791155E-02,4.97972293E-02,-3.717849805E-02,-3.718699179E-02
38.86,4.975162698E-02,4.976973069E-02,-3.721478918E-02,-3.72232984E-02
38.87,4.972724496E-02,4.974535571E-02,-3.724797083E-02,-3.725647853E-02
38.88,4.970801496E-02,4.972615386E-02,-3.727599655E-02,-3.728448173E-02
38.89,4.969648686E-02,4.971468751E-02,-3.729631556E-02,-3.730474474E-02
38.9,4.969323142E-02,4.971153589E-02,-3.730835631E-02,-3.73166875E-02
38.91,4.969649594E-02,4.971493711E-02,-3.731387069E-02,-3.732207111E-02
38.92,4.970407463E-02,4.97226669E-02,-3.73150637E-02,-3.7323119E-02
38.93,4.971622047E-02,4.973496784E-02,-3.731168144E-02,-3.731958768E-02
38.94,4.973454949E-02,4.975346462E-02,-3.730210699E-02,-3.730985153E-02
38.95,4.975522972E-02,4.977432979E-02,-3.729017139E-02,-3.729773707E-02
38.96,4.97731161E-02,4.979238091E-02,-3.728101879E-02,-3.72884258E-02
38.97,4.978855938E-02,4.980794805E-02,-3.727429727E-02,-3.728158649E-02
38.98,4.980176959E-02,4.982126349E-02,-3.726979558E-02,-3.727698561E-02
38.99,4.98106244E-02,4.983020226E-02,-3.726963484E-02,-3.727674694E-02
39,4.981420813E-02,4.983383556E-02,-3.727472944E-02,-3.728179795E-02
39.01,4.981471191E-02,4.983436186E-02,-3.728288688E-02,-3.728993883E-02
39.02,4.981560096E-02,4.983526848E-02,-3.729064059E-02,-3.729768093E-02
39.03,4.981488085E-02,4.983457621E-02,-3.729998379E-02,-3.73070022E-02
39.04,4.980587885E-02,4.98255808E-02,-3.731758796E-02,-3.732460568E-02
39.05,4.978640114E-02,4.980604967E-02,-3.73456455E-02,-3.735272251E-02
39.06,4.976131507E-02,4.978086608E-02,-3.737928749E-02,-3.738646788E-02
39.07,4.973634772E-02,4.975580405E-02,-3.741278536E-02,-3.742006627E-02
39.08,4.97137432E-02,4.973313324E-02,-3.744389373E-02,-3.745124677E-02
39.09,4.96936409E-02,4.971299008E-02,-3.747247206E-02,-3.747987181E-02
39.1,4.967568553E-02,4.969501211E-02,-3.749887451E-02,-3.75063027E-02
39.11,4.965947274E-02,4.967878962E-02,-3.752350429E-02,-3.753094803E-02
39.12,4.964677612E-02,4.966609433E-02,-3.754458667E-02,-3.755203491E-02
39.13,4.964091378E-02,4.966025946E-02,-3.755880243E-02,-3.756622901E-02
39.14,4.964127296E-02,4.966068591E-02,-3.756676331E-02,-3.757412843E-02
39.15,4.964573452E-02,4.96652347E-02,-3.757058747E-02,-3.757787114E-02
39.16,4.965250402E-02,4.967209541E-02,-3.757206833E-02,-3.757926654E-02
39.17,4.96587931E-02,4.967847155E-02,-3.757399316E-02,-3.758111002E-02
39.18,4.966412762E-02,4.968387308E-02,-3.757683497E-02,-3.758389047E-02
39.19,4.966813755E-02,4.96879375E-02,-3.75809626E-02,-3.758796922E-02
39.2,4.967029951E-02,4.969014073E-02,-3.758689822E-02,-3.759386914E-02
39.21,4.967159983E-02,4.96914682E-02,-3.759365432E-02,-3.760060361E-02
39.22,4.967037945E-02,4.96902704E-02,-3.760288876E-02,-3.760982093E-02
39.23,4.966189828E-02,4.968178731E-02,-3.761934042E-02,-3.762627994E-02
39.24,4.964450298E-02,4.966434022E-02,-3.764466134E-02,-3.765165803E-02
39.25,4.962326141E-02,4.964301014E-02,-3.767378228E-02,-3.768087282E-02
39.26,4.960197885E-02,4.962164742E-02,-3.770289666E-02,-3.771007268E-02
39.27,4.95779608E-02,4.959756441E-02,-3.773469784E-02,-3.774194411E-02
39.28,4.954797747E-02,4.956749782E-02,-3.777241445E-02,-3.777974926E-02
39.29,4.951071958E-02,4.953012702E-02,-3.781735456E-02,-3.782480755E-02
39.3,4.946707248E-02,4.948634036E-02,-3.786863158E-02,-3.787622937E-02
39.31,4.941885098E-02,4.943796512E-02,-3.792442946E-02,-3.793218624E-02
39.32,4.936646827E-02,4.938542678E-02,-3.798433386E-02,-3.799225151E-02
39.33,4.931119393E-02,4.932999328E-02,-3.804707409E-02,-3.805515615E-02
39.34,4.92559993E-02,4.927464781E-02,-3.810967775E-02,-3.811791592E-02
39.35,4.92016564E-02,4.922017828E-02,-3.817137183E-02,-3.817974189E-02
39.36,4.914706442E-02,4.916547657E-02,-3.823325617E-02,-3.824174124E-02
39.37,4.9093915E-02,4.911222536E-02,-3.829363822E-02,-3.830223036E-02
39.38,4.904498979E-02,4.906322337E-02,-3.834973541E-02,-3.835840961E-02
39.39,4.900058948E-02,4.901878211E-02,-3.84012462E-02,-3.840996663E-02
39.4,4.895960717E-02,4.897778365E-02,-3.844927667E-02,-3.845801852E-02
39.41,4.892319956E-02,4.894137682E-02,-3.84926693E-02,-3.850141564E-02
39.42,4.889170309E-02,4.890990707E-02,-3.853108684E-02,-3.853981171E-02
39.43,4.88596201E-02,4.887786735E-02,-3.857002616E-02,-3.8578713E-02
39.44,4.882275223E-02,4.8841015E-02,-3.861368482E-02,-3.862236132E-02
39.45,4.878153306E-02,4.879977566E-02,-3.866162831E-02,-3.867033015E-02
39.46,4.873561898E-02,4.875382357E-02,-3.871419937E-02,-3.872294433E-02
39.47,4.86851109E-02,4.87032558E-02,-3.877129619E-02,-3.878010593E-02
39.48,4.863137607E-02,4.864944645E-02,-3.883155065E-02,-3.884043997E-02
39.49,4.857492729E-02,4.859291987E-02,-3.889444913E-02,-3.890342127E-02
39.5,4.851631741E-02,4.853422833E-02,-3.895943796E-02,-3.896849674E-02
39.51,4.845612035E-02,4.847394997E-02,-3.902594243E-02,-3.903508745E-02
39.52,4.839741458E-02,4.841516877E-02,-3.909088332E-02,-3.910010868E-02
39.53,4.834588006E-02,4.836358853E-02,-3.914857992E-02,-3.915785586E-02
39.54,4.830340649E-02,4.832112783E-02,-3.919714189E-02,-3.920640979E-02
39.55,4.826802965E-02,4.828581026E-02,-3.923853284E-02,-3.924774625E-02
39.56,4.823873452E-02,4.825659786E-02,-3.927376718E-02,-3.92829026E-02
39.57,4.821558743E-02,4.823355438E-02,-3.930277798E-02,-3.931181446E-02
39.58,4.819929887E-02,4.821739104E-02,-3.932485412E-02,-3.933377E-02
39.59,4.81892838E-02,4.820752418E-02,-3.934058008E-02,-3.934935228E-02
39.6,4.818161063E-02,4.820001062E-02,-3.935388684E-02,-3.936250391E-02
39.61,4.817293878E-02,4.819148027E-02,-3.93681144E-02,-3.937659437E-02
39.62,4.816205024E-02,4.818070522E-02,-3.938448015E-02,-3.939285096E-02
39.63,4.814981503E-02,4.816856044E-02,-3.940211343E-02,-3.941039806E-02
39.64,4.813780071E-02,4.81566253E-02,-3.941944606E-02,-3.942765569E-02
39.65,4.812445704E-02,4.814335818E-02,-3.943802771E-02,-3.944616487E-02
39.66,4.81093841E-02,4.812834388E-02,-3.945825768E-02,-3.946634023E-02
39.67,4.809644907E-02,4.811545798E-02,-3.947626826E-02,-3.948430561E-02
39.68,4.808621627E-02,4.81052935E-02,-3.949149454E-02,-3.949946745E-02
39.69,4.807500129E-02,4.809415141E-02,-3.950762044E-02,-3.951552424E-02
39.7,4.806130776E-02,4.80805079E-02,-3.95261418E-02,-3.95339993E-02
39.71,4.8044301E-02,4.806353124E-02,-3.954789278E-02,-3.955572382E-02
39.72,4.802286601E-02,4.804210406E-02,-3.957398786E-02,-3.958181465E-02
39.73,4.799984245E-02,4.801906536E-02,-3.960158685E-02,-3.960943228E-02
39.74,4.797845524E-02,4.799766884E-02,-3.962746436E-02,-3.963532254E-02
39.75,4.795715989E-02,4.797638027E-02,-3.965316443E-02,-3.966101918E-02
39.76,4.793444616E-02,4.795366653E-02,-3.968019687E-02,-3.968805491E-02
39.77,4.791247986E-02,4.793169215E-02,-3.970639543E-02,-3.971426479E-02
39.78,4.789263951E-02,4.791185611E-02,-3.97303812E-02,-3.973824941E-02
39.79,4.787421204E-02,4.78934449E-02,-3.975286685E-02,-3.976072191E-02
39.8,4.785713675E-02,4.787638841E-02,-3.977391273E-02,-3.978175202E-02
39.81,4.784398637E-02,4.786326455E-02,-3.979094575E-02,-3.979876149E-02
39.82,4.783861006E-02,4.785794228E-02,-3.980011641E-02,-3.980788103E-02
39.83,4.784243136E-02,4.786186248E-02,-3.980000089E-02,-3.980766946E-02
39.84,4.785621034E-02,4.787578041E-02,-3.978983885E-02,-3.979737126E-02
39.85,4.788034029E-02,4.79000877E-02,-3.976923673E-02,-3.977659453E-02
39.86,4.791130341E-02,4.793126033E-02,-3.974171212E-02,-3.974886306E-02
39.87,4.794371059E-02,4.79638747E-02,-3.971265386E-02,-3.971960021E-02
39.88,4.79747514E-02,4.799509276E-02,-3.968487215E-02,-3.969164379E-02
39.89,4.800375401E-02,4.802424141E-02,-3.965903856E-02,-3.966566663E-02
39.9,4.80294874E-02,4.805009394E-02,-3.963638383E-02,-3.964289517E-02
39.91,4.805046244E-02,4.807115595E-02,-3.961839686E-02,-3.962482356E-02
39.92,4.806845747E-02,4.808920536E-02,-3.960329906E-02,-3.960967364E-02
39.93,4.808622974E-02,4.810702187E-02,-3.958833292E-02,-3.959466548E-02
39.94,4.810155001E-02,4.812238812E-02,-3.957572749E-02,-3.958201624E-02
39.95,4.811132117E-02,4.813218049E-02,-3.95685797E-02,-3.957484932E-02
39.96,4.811549237E-02,4.813633726E-02,-3.956694019E-02,-3.957322627E-02
39.97,4.811450007E-02,4.813530756E-02,-3.957037229E-02,-3.957669777E-02
39.98,4.810923669E-02,4.812998778E-02,-3.957798343E-02,-3.958436724E-02
39.99,4.810096019E-02,4.812164454E-02,-3.958851549E-02,-3.959496792E-02
40,4.808920516E-02,4.810981885E-02,-3.960243374E-02,-3.960895865E-02
40.01,4.807094537E-02,4.809147437E-02,-3.962276429E-02,-3.962937567E-02
40.02,4.804527267E-02,4.806568492E-02,-3.965041517E-02,-3.965714504E-02
40.03,4.801493299E-02,4.803520448E-02,-3.968264035E-02,-3.968951267E-02
40.04,4.798217521E-02,4.800230745E-02,-3.971719087E-02,-3.972420407E-02
40.05,4.794952584E-02,4.796952865E-02,-3.975154015E-02,-3.975868438E-02
40.06,4.791901902E-02,4.79389148E-02,-3.978365402E-02,-3.979090683E-02
40.07,4.789096098E-02,4.791077743E-02,-3.981322622E-02,-3.982055988E-02
40.08,4.786646978E-02,4.788622828E-02,-3.983913871E-02,-3.984653178E-02
40.09,4.784592189E-02,4.78656499E-02,-3.986101501E-02,-3.986844E-02
40.1,4.782683513E-02,4.784655335E-02,-3.988133732E-02,-3.988877348E-02
40.11,4.780758453E-02,4.782729213E-02,-3.990173066E-02,-3.990917877E-02
40.12,4.778906747E-02,4.780876162E-02,-3.992129767E-02,-3.992876051E-02
40.13,4.777136697E-02,4.779105555E-02,-3.993995536E-02,-3.994742501E-02
40.14,4.775160197E-02,4.777128618E-02,-3.996058488E-02,-3.996806009E-02
40.15,4.772802674E-02,4.774768737E-02,-3.998493199E-02,-3.999243192E-02
40.16,4.770427281E-02,4.772389351E-02,-4.000936526E-02,-4.001690621E-02
40.17,4.768273654E-02,4.770233419E-02,-4.003148839E-02,-4.003905343E-02
40.18,4.766132936E-02,4.768092206E-02,-4.005339006E-02,-4.006096105E-02
40.19,4.763863214E-02,4.765821414E-02,-4.007648952E-02,-4.008407215E-02
40.2,4.761470339E-02,4.763426841E-02,-4.010072838E-02,-4.010832888E-02
40.21,4.75895184E-02,4.76090637E-02,-4.012613146E-02,-4.013375252E-02
40.22,4.756456808E-02,4.758409212E-02,-4.015120801E-02,-4.015885113E-02
40.23,4.754272397E-02,4.756223897E-02,-4.017308663E-02,-4.018073953E-02
40.24,4.752484987E-02,4.754438281E-02,-4.019090369E-02,-4.019853933E-02
40.25,4.750813982E-02,4.752770939E-02,-4.020746532E-02,-4.021506497E-02
40.26,4.748974492E-02,4.750934453E-02,-4.022562062E-02,-4.02331908E-02
40.27,4.747157562E-02,4.74911907E-02,-4.02434593E-02,-4.025101453E-02
40.28,4.745705247E-02,4.747669386E-02,-4.025756103E-02,-4.026509042E-02
40.29,4.744747594E-02,4.746717154E-02,-4.026662554E-02,-4.027410114E-02
40.3,4.744259889E-02,4.746237225E-02,-4.027090019E-02,-4.027829839E-02
40.31,4.744087455E-02,4.746074185E-02,-4.027193199E-02,-4.027923655E-02
40.32,4.744055216E-02,4.746051594E-02,-4.027147192E-02,-4.027868025E-02
40.33,4.744089094E-02,4.746094547E-02,-4.027026101E-02,-4.027737879E-02
40.34,4.744138281E-02,4.746152211E-02,-4.026880759E-02,-4.027584073E-02
40.35,4.744106899E-02,4.746128499E-02,-4.026807069E-02,-4.027502723E-02
40.36,4.743943647E-02,4.745971636E-02,-4.026856362E-02,-4.02754563E-02
40.37,4.743550808E-02,4.745583868E-02,-4.027126382E-02,-4.027810577E-02
40.38,4.742722181E-02,4.744758387E-02,-4.02782336E-02,-4.0285044E-02
40.39,4.741386026E-02,4.743422425E-02,-4.029019068E-02,-4.029699901E-02
40.4,4.73963207E-02,4.741666225E-02,-4.030623809E-02,-4.031306868E-02
40.41,4.737531888E-02,4.739562423E-02,-4.032566043E-02,-4.033252699E-02
40.42,4.735135184E-02,4.737161068E-02,-4.034796101E-02,-4.03548738E-02
40.43,4.732454941E-02,4.734475412E-02,-4.037301037E-02,-4.037997693E-02
40.44,4.729487703E-02,4.731502008E-02,-4.040084342E-02,-4.040787124E-02
40.45,4.726263946E-02,4.728271323E-02,-4.043115578E-02,-4.043825244E-02
40.46,4.722950734E-02,4.72495089E-02,-4.046227723E-02,-4.046944558E-02
40.47,4.719875244E-02,4.721869224E-02,-4.049093637E-02,-4.049816592E-02
40.48,4.717162759E-02,4.719153341E-02,-4.051588078E-02,-4.052314369E-02
40.49,4.714699275E-02,4.716688719E-02,-4.053825092E-02,-4.054552453E-02
40.5,4.71238597E-02,4.714375098E-02,-4.055903539E-02,-4.056631144E-02
40.51,4.710153653E-02,4.712142867E-02,-4.057892655E-02,-4.058620096E-02
40.52,4.708005345E-02,4.709994715E-02,-4.059789462E-02,-4.060516664E-02
40.53,4.706045016E-02,4.708034916E-02,-4.061490035E-02,-4.062216616E-02
40.54,4.704265173E-02,4.706256623E-02,-4.06300191E-02,-4.063726848E-02
40.55,4.70240458E-02,4.704397852E-02,-4.064586371E-02,-4.065309387E-02
40.56,4.700270662E-02,4.702264111E-02,-4.066436039E-02,-4.067158775E-02
40.57,4.697920268E-02,4.699911945E-02,-4.068494116E-02,-4.069218514E-02
40.58,4.695470853E-02,4.697460044E-02,-4.070643196E-02,-4.071369966E-02
40.59,4.693096421E-02,4.695083198E-02,-4.072709328E-02,-4.073438392E-02
40.6,4.690981859E-02,4.692967374E-02,-4.074507675E-02,-4.075237877E-02
40.61,4.689139648E-02,4.691125737E-02,-4.07602581E-02,-4.076755307E-02
40.62,4.687444242E-02,4.689431966E-02,-4.07738933E-02,-4.078117057E-02
40.63,4.685693384E-02,4.687682657E-02,-4.078800544E-02,-4.079526583E-02
40.64,4.68365663E-02,4.685646135E-02,-4.080489955E-02,-4.081215617E-02
40.65,4.681270649E-02,4.683258115E-02,-4.082520948E-02,-4.0832485E-02
40.66,4.67862821E-02,4.680611909E-02,-4.084800815E-02,-4.08553198E-02
40.67,4.675734208E-02,4.677713354E-02,-4.087324721E-02,-4.088060279E-02
40.68,4.672528137E-02,4.674501698E-02,-4.090153233E-02,-4.090894211E-02
40.69,4.669053805E-02,4.671020526E-02,-4.093242605E-02,-4.093990255E-02
40.7,4.665356195E-02,4.667315474E-02,-4.096547919E-02,-4.097302836E-02
40.71,4.661457471E-02,4.663408921E-02,-4.100047073E-02,-4.100809641E-02
40.72,4.657455209E-02,4.659398581E-02,-4.103642559E-02,-4.10441302E-02
40.73,4.653455114E-02,4.655390927E-02,-4.107228737E-02,-4.108006567E-02
40.74,4.649510357E-02,4.651439517E-02,-4.110752501E-02,-4.111536791E-02
40.75,4.645547331E-02,4.647470625E-02,-4.114287527E-02,-4.115077483E-02
40.76,4.641428154E-02,4.643345527E-02,-4.117971761E-02,-4.118767434E-02
40.77,4.637175615E-02,4.639086304E-02,-4.121782487E-02,-4.122584634E-02
40.78,4.632977841E-02,4.634881915E-02,-4.125531647E-02,-4.126340194E-02
40.79,4.628895588E-02,4.630794305E-02,-4.129158555E-02,-4.129972238E-02
40.8,4.62485669E-02,4.626750978E-02,-4.132735447E-02,-4.133553335E-02
40.81,4.620988901E-02,4.622879119E-02,-4.136134642E-02,-4.13695637E-02
40.82,4.617566769E-02,4.619454649E-02,-4.139081663E-02,-4.139905494E-02
40.83,4.614738814E-02,4.616627499E-02,-4.141428062E-02,-4.142250848E-02
40.84,4.612384087E-02,4.614276469E-02,-4.143294858E-02,-4.144113702E-02
40.85,4.610193667E-02,4.612090898E-02,-4.144991044E-02,-4.145804788E-02
40.86,4.607978979E-02,4.609880191E-02,-4.146705267E-02,-4.147514776E-02
40.87,4.605747675E-02,4.607651721E-02,-4.148429953E-02,-4.14923637E-02
40.88,4.60357687E-02,4.605483341E-02,-4.150088062E-02,-4.150891792E-02
40.89,4.601517263E-02,4.603426295E-02,-4.151628975E-02,-4.152429876E-02
40.9,4.599432181E-02,4.601343931E-02,-4.153189441E-02,-4.153987354E-02
40.91,4.597156726E-02,4.599070141E-02,-4.15493444E-02,-4.155730413E-02
40.92,4.594781396E-02,4.596694928E-02,-4.156773553E-02,-4.157569131E-02
40.93,4.592423492E-02,4.594336967E-02,-4.158589564E-02,-4.159384916E-02
40.94,4.590107152E-02,4.592020897E-02,-4.160358416E-02,-4.161153211E-02
40.95,4.587896633E-02,4.589810842E-02,-4.162015935E-02,-4.162809976E-02
40.96,4.585773049E-02,4.587688332E-02,-4.16358109E-02,-4.164373763E-02
40.97,4.583630705E-02,4.585547138E-02,-4.165159662E-02,-4.165950886E-02
40.98,4.581408233E-02,4.583325164E-02,-4.166813101E-02,-4.167603526E-02
40.99,4.579055962E-02,4.580972673E-02,-4.168591167E-02,-4.169381508E-02
41,4.576539485E-02,4.578455071E-02,-4.170528353E-02,-4.171319509E-02
41.01,4.57385353E-02,4.575767077E-02,-4.17263002E-02,-4.173422904E-02
41.02,4.570960292E-02,4.572871001E-02,-4.174934064E-02,-4.17572947E-02
41.03,4.567786794E-02,4.569693602E-02,-4.17751355E-02,-4.178312538E-02
41.04,4.564291317E-02,4.566192847E-02,-4.18041029E-02,-4.181214234E-02
41.05,4.560544012E-02,4.56243902E-02,-4.183554227E-02,-4.184364368E-02
41.06,4.556653794E-02,4.55854183E-02,-4.186836539E-02,-4.187653321E-02
41.07,4.552709353E-02,4.554590627E-02,-4.190168628E-02,-4.190991838E-02
41.08,4.548794675E-02,4.550669726E-02,-4.193466602E-02,-4.194295698E-02
41.09,4.544918879E-02,4.546788548E-02,-4.196721433E-02,-4.197555571E-02
41.1,4.541095656E-02,4.542960519E-02,-4.199919524E-02,-4.200758124E-02
41.11,4.537328092E-02,4.539188725E-02,-4.203057882E-02,-4.203900363E-02
41.12,4.533570723E-02,4.535427601E-02,-4.206182064E-02,-4.207027947E-02
41.13,4.52990139E-02,4.531754658E-02,-4.209214322E-02,-4.210063461E-02
41.14,4.52638339E-02,4.528233933E-02,-4.212091453E-02,-4.212942958E-02
41.15,4.522968712E-02,4.524817464E-02,-4.214861563E-02,-4.215714495E-02
41.16,4.51965506E-02,4.521502333E-02,-4.21752704E-02,-4.218381087E-02
41.17,4.516481385E-02,4.518327713E-02,-4.220049028E-02,-4.220903652E-02
41.18,4.513400106E-02,4.515246134E-02,-4.222475204E-02,-4.223329755E-02
41.19,4.510285076E-02,4.512130833E-02,-4.224931807E-02,-4.225786255E-02
41.2,4.507080811E-02,4.508925581E-02,-4.22747442E-02,-4.228329477E-02
41.21,4.503768985E-02,4.505612104E-02,-4.230121465E-02,-4.230977793E-02
41.22,4.500384673E-02,4.502225607E-02,-4.232837964E-02,-4.233696094E-02
41.23,4.496975159E-02,4.49881373E-02,-4.235576733E-02,-4.236436839E-02
41.24,4.493499934E-02,4.495336222E-02,-4.238378377E-02,-4.239240378E-02
41.25,4.48997498E-02,4.491808628E-02,-4.241227012E-02,-4.242091262E-02
41.26,4.486534481E-02,4.488365593E-02,-4.243988553E-02,-4.244854946E-02
41.27,4.483311445E-02,4.485141096E-02,-4.246530091E-02,-4.247397548E-02
41.28,4.480386526E-02,4.482216254E-02,-4.248771067E-02,-4.249638049E-02
41.29,4.477809709E-02,4.479641159E-02,-4.250661593E-02,-4.251526453E-02
41.3,4.475557628E-02,4.477392383E-02,-4.252225131E-02,-4.253086283E-02
41.31,4.473531879E-02,4.475370974E-02,-4.25356018E-02,-4.254416587E-02
41.32,4.471601151E-02,4.473444782E-02,-4.254798147E-02,-4.255649611E-02
41.33,4.469651992E-02,4.471499643E-02,-4.256052582E-02,-4.256899618E-02
41.34,4.467711355E-02,4.469562183E-02,-4.257296629E-02,-4.258140079E-02
41.35,4.465903372E-02,4.467757254E-02,-4.258406256E-02,-4.259246241E-02
41.36,4.464207564E-02,4.466065115E-02,-4.25940204E-02,-4.260237944E-02
41.37,4.462503002E-02,4.46436416E-02,-4.260405009E-02,-4.261236893E-02
41.38,4.460772486E-02,4.462636474E-02,-4.26143246E-02,-4.2622611E-02
41.39,4.459000898E-02,4.460867259E-02,-4.262499611E-02,-4.263325464E-02
41.4,4.457100264E-02,4.458968384E-02,-4.263694538E-02,-4.264518215E-02
41.41,4.455017908E-02,4.456886623E-02,-4.265070013E-02,-4.26589268E-02
41.42,4.452774174E-02,4.454642396E-02,-4.266605797E-02,-4.267428538E-02
41.43,4.450452297E-02,4.452319384E-02,-4.268218754E-02,-4.269042212E-02
41.44,4.448144617E-02,4.450010575E-02,-4.269816645E-02,-4.270640814E-02
41.45,4.445944441E-02,4.447809764E-02,-4.271306262E-02,-4.272130646E-02
41.46,4.443913673E-02,4.445779227E-02,-4.272625802E-02,-4.273449534E-02
41.47,4.442056814E-02,4.44392356E-02,-4.273770859E-02,-4.274592977E-02
41.48,4.440372272E-02,4.442240907E-02,-4.274743123E-02,-4.275562932E-02
41.49,4.438776018E-02,4.440647072E-02,-4.275626722E-02,-4.276443689E-02
41.5,4.437146275E-02,4.439019527E-02,-4.276543529E-02,-4.277357875E-02
41.51,4.435468757E-02,4.437343395E-02,-4.277507928E-02,-4.278320465E-02
41.52,4.433763879E-02,4.43563947E-02,-4.278499602E-02,-4.279310764E-02
41.53,4.432037415E-02,4.433913698E-02,-4.279512879E-02,-4.280322924E-02
41.54,4.430307846E-02,4.432184592E-02,-4.280529371E-02,-4.28133853E-02
41.55,4.428578525E-02,4.430455672E-02,-4.281545826E-02,-4.282354161E-02
41.56,4.426831816E-02,4.428709242E-02,-4.282579977E-02,-4.283387609E-02
41.57,4.425050964E-02,4.426928423E-02,-4.283648675E-02,-4.284455851E-02
41.58,4.423234399E-02,4.425111608E-02,-4.284753589E-02,-4.28556059E-02
41.59,4.421368309E-02,4.423245025E-02,-4.285908627E-02,-4.286715696E-02
41.6,4.419423221E-02,4.421299107E-02,-4.287143358E-02,-4.287950834E-02
41.61,4.417398859E-02,4.419273444E-02,-4.288458156E-02,-4.28926651E-02
41.62,4.415312275E-02,4.417185242E-02,-4.289836066E-02,-4.290645613E-02
41.63,4.413161909E-02,4.415033074E-02,-4.291278742E-02,-4.292089667E-02
41.64,4.410977788E-02,4.412846955E-02,-4.292756253E-02,-4.293568754E-02
41.65,4.408790609E-02,4.410657841E-02,-4.294237999E-02,-4.295052011E-02
41.66,4.406517498E-02,4.408382884E-02,-4.295806948E-02,-4.296622382E-02
41.67,4.40404435E-02,4.405907192E-02,-4.297577297E-02,-4.298394852E-02
41.68,4.40134909E-02,4.403208223E-02,-4.299571219E-02,-4.300392059E-02
41.69,4.398484027E-02,4.400338634E-02,-4.301736498E-02,-4.302561443E-02
41.7,4.395531499E-02,4.397381293E-02,-4.303990893E-02,-4.304820227E-02
41.71,4.392558809E-02,4.39440401E-02,-4.306267192E-02,-4.307100697E-02
41.72,4.389592558E-02,4.39143362E-02,-4.308538887E-02,-4.309376108E-02
41.73,4.386624267E-02,4.388461582E-02,-4.310814548E-02,-4.311655095E-02
41.74,4.383631482E-02,4.385465256E-02,-4.313116721E-02,-4.313960387E-02
41.75,4.380626168E-02,4.382456468E-02,-4.31543353E-02,-4.316280248E-02
41.76,4.377638857E-02,4.379465911E-02,-4.317734534E-02,-4.318584076E-02
41.77,4.374660293E-02,4.37648446E-02,-4.320029077E-02,-4.320881085E-02
41.78,4.371672648E-02,4.373494077E-02,-4.322335076E-02,-4.323189401E-02
41.79,4.36869419E-02,4.370512959E-02,-4.324634351E-02,-4.325490915E-02
41.8,4.365752801E-02,4.367569185E-02,-4.326899107E-02,-4.327757637E-02
41.81,4.362858844E-02,4.364673225E-02,-4.329119068E-02,-4.329979182E-02
41.82,4.360006408E-02,4.36181912E-02,-4.331300231E-02,-4.332161595E-02
41.83,4.357191196E-02,4.359002481E-02,-4.333446979E-02,-4.334309351E-02
41.84,4.35441993E-02,4.356230003E-02,-4.335552672E-02,-4.336415839E-02
41.85,4.35168117E-02,4.353490271E-02,-4.337628838E-02,-4.338492561E-02
41.86,4.348945333E-02,4.350753552E-02,-4.33970514E-02,-4.340569331E-02
41.87,4.346187905E-02,4.347995135E-02,-4.341806178E-02,-4.342670944E-02
41.88,4.343398277E-02,4.345204339E-02,-4.343942642E-02,-4.344808163E-02
41.89,4.340586508E-02,4.342391243E-02,-4.346104557E-02,-4.346970994E-02
41.9,4.33776289E-02,4.339566263E-02,-4.348281712E-02,-4.349149101E-02
41.91,4.334930308E-02,4.336732333E-02,-4.350471303E-02,-4.351339632E-02
41.92,4.332093528E-02,4.333894212E-02,-4.352668645E-02,-4.353537907E-02
41.93,4.32925919E-02,4.331058579E-02,-4.354867178E-02,-4.35573733E-02
41.94,4.326432775E-02,4.328230939E-02,-4.357061499E-02,-4.357932472E-02
41.95,4.323611637E-02,4.325408655E-02,-4.359254333E-02,-4.36012605E-02
41.96,4.320788716E-02,4.322584617E-02,-4.361452818E-02,-4.362325252E-02
41.97,4.317955933E-02,4.31975069E-02,-4.363665109E-02,-4.36453829E-02
41.98,4.315109063E-02,4.316902611E-02,-4.36589551E-02,-4.366769502E-02
41.99,4.312251913E-02,4.314044186E-02,-4.368140288E-02,-4.36901516E-02
