Time,Damp2000_FX,Damp2010_FX,Damp3000_FX,Damp3010_FX
1.E-04,0,0,0,0
2.E-04,0,0,0,0
3.5E-04,0,0,0,0
5.5E-04,0,0,0,0
7.5E-04,0,0,0,0
8.75E-04,0,0,0,0
1.E-03,0,0,0,0
2.E-03,-402.847992,-493.304626,454.607941,521.498474
1.2E-02,306.02063,-576.312073,-563.402405,508.183533
2.2E-02,-942.56781,-751.171875,-1503.26709,-1283.82483
3.2E-02,-2094.26807,-2014.53003,-2673.5835,-2520.23242
4.2E-02,-3371.59326,-3320.6311,-4087.35327,-4013.24146
5.2E-02,-4939.25146,-4901.58398,-5517.2959,-5457.19141
6.2E-02,-6598.71924,-6560.15625,-7169.57861,-7118.86279
7.2E-02,-8434.21484,-8401.24023,-8912.33496,-8870.80469
8.2E-02,-10078.9043,-10068.9346,-10522.0049,-10504.3105
9.2E-02,-11523.5703,-11522.8057,-11912.7852,-11907.1152
0.102,-13169.1699,-13153.46,-13515.918,-13495.8076
0.112,-15305.4414,-15271.4141,-15596.8271,-15561.0547
0.122,-17662.8555,-17633.0703,-17906.8027,-17874.6055
0.132,-19879.9336,-19863.3418,-20080.5684,-20062.7891
0.142,-22020.9277,-22006.7461,-22183.8691,-22167.8516
0.152,-24241.4863,-24226.8828,-24369.1211,-24353.6406
0.162,-26438.5117,-26432.5781,-26534.2266,-26526.834
0.172,-28267.8105,-28286.2559,-28335.2793,-28352.8594
0.182,-29430.5215,-29478.1035,-29472.1953,-29518.4004
0.192,-30123.7441,-30182.875,-30141.127,-30199.3652
0.202,-30472.9512,-30548.502,-30466.0879,-30540.3496
0.212,-30382.998,-30472.2109,-30352.1973,-30440.5137
0.222,-30257.5273,-30336.1973,-30202.2734,-30279.6738
0.232,-30211.4023,-30292.1836,-30132.5117,-30212.3398
0.242,-29860.918,-29955.6133,-29757.498,-29850.9609
0.252,-29161.0996,-29263.1758,-29032.4336,-29133.5547
0.262,-28213.4961,-28319.1973,-28057.8281,-28162.3047
0.272,-27393.8262,-27479.0898,-27211.957,-27296.0781
0.282,-26997.5781,-27064.3555,-26792.1133,-26857.334
0.292,-26637.3242,-26708.3145,-26409.7012,-26479.3203
0.302,-25935.9492,-26016.8105,-25683.7891,-25763.127
0.312,-24980.5078,-25062.5156,-24702.1113,-24782.7402
0.322,-23637.3789,-23737.9629,-23327.7949,-23427.0215
0.332,-21393.3945,-21531.1582,-21038.3457,-21175.5488
0.342,-17852.2168,-18039.6465,-17416.8477,-17605.1895
0.352,-12452.6562,-12721.1455,-11826.8691,-12103.9463
0.362,-3410.10425,-3994.06665,1520.78796,-1369.56982
0.372,5037.69482,5180.0498,4591.25781,4729.87891
0.382,-6785.42871,-6156.3584,-6809.60596,-6156.896
0.392,-13411.7949,-12970.9141,-13102.6494,-12633.4092
0.402,-20245.9238,-19911.3887,-20023.4688,-19679.0156
0.412,-26769.2773,-26525.7734,-26512.875,-26261.1445
0.422,-31800.6777,-31648.9629,-31578.4336,-31422.9316
0.432,-35550.1367,-35449.3281,-35321.9688,-35217.8477
0.442,-38495.3438,-38431.4922,-38280.9219,-38215.0508
0.452,-40603.3789,-40580.1289,-40386.6836,-40361.7344
0.462,-41974.6836,-41976.418,-41763.9922,-41764.5938
0.472,-42940.9297,-42954.3398,-42728.582,-42740.9961
0.482,-43998.1523,-43996.6289,-43791.7617,-43789.4258
0.492,-45963.1992,-45917.8125,-45762.875,-45716.582
0.502,-49065.8516,-48988.9648,-48879.7383,-48802.0469
0.512,-52868.9023,-52782.082,-52695.375,-52607.8672
0.522,-56675.7734,-56609.3164,-56516.0195,-56449.1094
0.532,-59754.1016,-59727.5156,-59603.3047,-59576.4688
0.542,-61985.3047,-61987.0938,-61842.7266,-61844.4297
0.552,-63631.5859,-63652.8203,-63494.418,-63515.6602
0.562,-64750.918,-64791.5352,-64619.3086,-64660.0352
0.572,-65509.5547,-65556.2031,-65381.7852,-65428.5938
0.582,-66221.3281,-66263.4766,-66098.3281,-66140.6641
0.592,-67234.7109,-67257.3672,-67116.1328,-67138.9688
0.602,-68944.9766,-68937.8438,-68832.6094,-68825.6406
0.612,-71336.2812,-71310.9453,-71230.1562,-71204.9688
0.622,-74149.8516,-74114.6562,-74050.6875,-74015.6484
0.632,-77157.2656,-77120.5469,-77064.25,-77027.6953
0.642,-80293.6172,-80254.2891,-80206.8359,-80167.6797
0.652,-83324.5859,-83300.4141,-83243.0156,-83219.0234
0.662,-85683.7109,-85693.7812,-85606.6953,-85616.9922
0.672,-87030.9062,-87077.6875,-86956.9766,-87004.0156
0.682,-87436.8438,-87508.8906,-87365.4062,-87437.7266
0.692,-87415.5312,-87488.8828,-87345.8516,-87419.4609
0.702,-87184.6797,-87263.5859,-87116.7656,-87195.9375
0.712,-86965.5703,-87029.9453,-86899.0859,-86963.7031
0.722,-87131.0156,-87179.4141,-87066.375,-87115
0.732,-87199.4141,-87261.75,-87136.2109,-87198.7656
0.742,-86952.6875,-87013.8438,-86890.7969,-86952.1641
0.752,-86950.9453,-86989.7344,-86890.2422,-86929.2031
0.762,-87581.0469,-87591.3828,-87522.0156,-87532.4922
0.772,-89096.7031,-89070.7109,-89039.6016,-89013.7109
0.782,-91479.125,-91431.5156,-91424.4453,-91376.9141
0.792,-93948.4844,-93918.4766,-93895.9297,-93865.9922
0.802,-95698.3594,-95700.1797,-95647.4922,-95649.3906
0.812,-96852.3984,-96863.6328,-96802.6719,-96813.9688
0.822,-97934.6406,-97942.4141,-97886.0391,-97893.8672
0.832,-98929.6562,-98943.5469,-98881.9453,-98895.875
0.842,-99965.4141,-99967.5547,-99918.6484,-99920.8203
0.852,-101461.727,-101443.688,-101415.945,-101397.914
0.862,-103448.148,-103417.062,-103403.586,-103372.492
0.872,-105722.461,-105685.211,-105679.062,-105641.789
0.882,-108359.133,-108305.273,-108317.047,-108263.148
0.892,-111672.719,-111596.445,-111632.031,-111555.703
0.902,-115325.797,-115254.812,-115286.594,-115215.555
0.912,-118831.875,-118772.273,-118793.945,-118734.297
0.922,-122069.883,-122025.789,-122033.141,-121989
0.932,-124684.664,-124672.289,-124648.836,-124636.422
0.942,-126499.602,-126511.641,-126464.492,-126476.484
0.952,-127872.359,-127891.008,-127837.789,-127856.398
0.962,-129106.672,-129125.328,-129072.664,-129091.281
0.972,-130621.836,-130619.82,-130588.438,-130586.367
0.982,-132680.609,-132664.406,-132648,-132631.734
0.992,-134691.359,-134691.359,-134659.5,-134659.438
1.002,-136335.438,-136343.844,-136304.281,-136312.656
1.012,-137788.156,-137801.766,-137757.672,-137771.219
1.022,-138977.797,-139002.281,-138947.953,-138972.391
1.032,-139847.172,-139880.578,-139817.922,-139851.297
1.042,-140356.484,-140401.094,-140327.812,-140372.391
1.052,-140651.719,-140694.188,-140623.609,-140666.031
1.062,-141119.25,-141147.75,-141091.797,-141120.25
1.072,-141911.812,-141928.438,-141885.094,-141901.672
1.082,-142901.078,-142913.391,-142875.188,-142887.453
1.092,-143894.328,-143907.25,-143869.281,-143882.172
1.102,-144993.703,-144996.453,-144969.594,-144972.312
1.112,-146435.031,-146425.281,-146411.922,-146402.125
1.122,-147970.547,-147967,-147948.516,-147944.922
1.132,-149208.469,-149217.5,-149187.453,-149196.469
1.142,-150220.328,-150231.875,-150200.375,-150211.891
1.152,-151079.641,-151099.203,-151060.75,-151080.281
1.162,-151434.953,-151477.375,-151417.109,-151459.516
1.172,-151187.734,-151242.625,-151170.906,-151225.781
1.182,-150745.531,-150796.266,-150729.766,-150780.5
1.192,-150286.906,-150337.172,-150272.266,-150322.516
1.202,-149666.641,-149721.625,-149653.156,-149708.125
1.212,-148825.25,-148882.312,-148812.969,-148870.016
1.222,-148048.656,-148092.953,-148037.641,-148081.938
1.232,-147441.875,-147481.438,-147432.188,-147471.75
1.242,-146824.641,-146862.141,-146816.359,-146853.859
1.252,-146377.516,-146400.406,-146370.688,-146393.578
1.262,-146265.141,-146277,-146259.859,-146271.719
1.272,-146202.828,-146219.625,-146199.109,-146215.906
1.282,-145835.266,-145863.578,-145833.172,-145861.484
1.292,-145247.938,-145277.062,-145247.484,-145276.609
1.302,-144415.578,-144457.672,-144416.844,-144458.938
1.312,-142897.547,-142967.375,-142900.594,-142970.422
1.322,-140405.281,-140505.125,-140410.219,-140510.062
1.332,-136867.875,-136996.344,-136874.844,-137003.312
1.342,-132327.578,-132476.75,-132336.797,-132485.969
1.352,-127313.023,-127450.828,-127324.695,-127462.5
1.362,-122711.734,-122811.328,-122726.047,-122825.648
1.372,-118876.961,-118943.508,-118894.023,-118960.586
1.382,-115560.297,-115606.766,-115580.227,-115626.727
1.392,-112693.375,-112713.688,-112716.266,-112736.602
1.402,-110643.461,-110624.07,-110669.289,-110649.938
1.412,-109597.742,-109545.711,-109626.359,-109574.383
1.422,-109218.406,-109150.75,-109249.703,-109182.109
1.432,-109661.305,-109557.359,-109695.047,-109591.172
1.442,-111251.898,-111118.367,-111287.703,-111154.258
1.452,-113487.93,-113355.328,-113525.523,-113393.016
1.462,-115618.414,-115510.852,-115657.773,-115550.297
1.472,-116876.047,-116815.789,-116917.406,-116857.211
1.482,-117324.609,-117282.625,-117368.203,-117326.273
1.492,-117601.102,-117558.477,-117646.945,-117604.391
1.502,-118470.281,-118393.875,-118518.125,-118441.797
1.512,-120578.391,-120465.25,-120627.672,-120514.625
1.522,-123334.328,-123224.82,-123384.727,-123275.312
1.532,-126427.953,-126304.906,-126479.25,-126356.305
1.542,-130541.445,-130381.117,-130593.18,-130432.969
1.552,-135993.391,-135801.797,-136045,-135853.531
1.562,-142271.719,-142081.188,-142322.906,-142132.484
1.572,-148265.922,-148118.484,-148316.766,-148169.422
1.582,-152990.969,-152907.312,-153041.891,-152958.312
1.592,-156096.062,-156074.156,-156147.547,-156125.688
1.602,-157582.266,-157615.766,-157634.766,-157668.281
1.612,-157803.891,-157867.328,-157857.766,-157921.219
1.622,-157588.922,-157651.688,-157644.25,-157707.047
1.632,-157066.625,-157146.438,-157123.484,-157203.312
1.642,-155914.438,-156011.266,-155973.031,-156069.859
1.652,-154380.766,-154478.625,-154441.188,-154539.047
1.662,-152683.125,-152778.766,-152745.438,-152841.078
1.672,-151367.672,-151429.828,-151431.672,-151493.859
1.682,-150858.875,-150894.234,-150924.203,-150959.594
1.692,-150683.672,-150715.625,-150750.109,-150782.109
1.702,-150661.469,-150684.406,-150728.922,-150751.891
1.712,-150456.891,-150497.641,-150525.359,-150566.141
1.722,-149686.109,-149741.281,-149755.797,-149810.984
1.732,-148604.312,-148660.484,-148675.297,-148731.484
1.742,-147466.859,-147516.516,-147539.109,-147588.797
1.752,-146779.078,-146800.453,-146852.328,-146873.734
1.762,-146425.109,-146449.578,-146499.109,-146523.625
1.772,-145484.797,-145539.656,-145559.797,-145614.688
1.782,-143699.406,-143773.797,-143775.781,-143850.188
1.792,-141422.062,-141500.531,-141500.031,-141578.516
1.802,-139055.219,-139125.141,-139134.781,-139204.719
1.812,-136708.375,-136777.125,-136789.484,-136858.266
1.822,-133734.531,-133834.469,-133817.547,-133917.5
1.832,-129677.422,-129805.82,-129763.039,-129891.422
1.842,-124284.672,-124457.547,-124373.883,-124546.711
1.852,-117047.57,-117269.891,-117142.016,-117364.234
1.862,-108596.93,-108812.344,-108698.25,-108913.555
1.872,-100247.688,-100418.273,-100356.773,-100527.266
1.882,-92776.5859,-92883.625,-92893.5547,-93000.5625
1.892,-86821.0312,-86842.4219,-86944.9297,-86966.4062
1.902,-83129.5234,-83047.5703,-83257.7109,-83176.0078
1.912,-82175.4531,-81993.7891,-82303.9062,-82122.6562
1.922,-83963.0703,-83702.9922,-84087.6562,-83828.0938
1.932,-87637.1406,-87353.2969,-87755.4297,-87472.1016
1.942,-92096.9141,-91825.3281,-92208.4141,-91937.2812
1.952,-95890.8125,-95694.1484,-95996.7578,-95800.4297
1.962,-97687.0781,-97576.9375,-97789.7969,-97679.875
1.972,-98532.1953,-98424.3672,-98632.6172,-98524.9922
1.982,-99528.4219,-99428.8047,-99626.3438,-99526.9141
1.992,-99891.125,-99839.0312,-99987.0859,-99935.1406
2.002,-98929.3906,-98926.6719,-99024.5547,-99021.9219
2.012,-97018.4688,-97032.125,-97113.5781,-97127.3047
2.022,-94971.1172,-94977.0156,-95066.1953,-95072.1719
2.032,-92983.3047,-92988.9609,-93078.1953,-93083.9219
2.042,-90975.4609,-90977.0938,-91070.0625,-91071.7812
2.052,-89228.8828,-89212.9766,-89322.8281,-89307.0156
2.062,-87922.7031,-87895.3281,-88015.4297,-87988.1562
2.072,-86376.5547,-86375.1406,-86468.1797,-86466.8438
2.082,-84121.8047,-84138.7578,-84212.9453,-84229.9531
2.092,-81423.3594,-81448.2656,-81514.375,-81539.3203
2.102,-78154.5625,-78202.8203,-78245.9922,-78294.2656
2.112,-73730.7656,-73820.0312,-73823.9531,-73913.1875
2.122,-67878.1875,-67998.1562,-67975.1797,-68095.0547
2.132,-61226.5469,-61331.1328,-61329.1797,-61433.6719
2.142,-55132.0391,-55169.9961,-55240.4141,-55278.3867
2.152,-49938.9727,-49940.6758,-50052.3281,-50054.1289
2.162,-44049.1289,-44081.707,-44170.2773,-44202.8828
2.172,-36600.9531,-36622.1992,-36737.293,-36758.6016
2.182,-29890.1074,-29748.3887,-30044.8027,-29903.9961
2.192,-25878.3086,-25590.7578,-26042.9102,-25757.4297
2.202,-23766.916,-23377.418,-23931.7441,-23545.2617
2.212,-25112.8672,-24577.7793,-25257.8027,-24726.1621
2.222,-28947.3242,-28471.5977,-29065.5195,-28592.0312
2.232,-31552.0586,-31216.5977,-31652.8301,-31318.6426
2.242,-32002.2559,-31768.2617,-32093.0234,-31859.8359
2.252,-30042.2246,-29914.6406,-30129.332,-30002.2285
2.262,-23905.377,-23953.9453,-24001.6973,-24050.1719
2.272,9396.26172,8434.52441,9191.81445,8205.99805
2.282,29626.125,29218.6777,29501.3379,29090.8184
2.292,41146.3359,41089.1641,41058.625,41001.5664
2.302,47564.0234,47691.0508,47515.9648,47643.9336
2.312,50740.2422,50894.1875,50702.3008,50856.6523
2.322,52657.5156,52872.4805,52632.3984,52847.8438
2.332,52661.1836,52926.7812,52642.3047,52908.2031
2.342,52132.9375,52381.3477,52122.1523,52370.8477
2.352,52315.1289,52526.6133,52310.1758,52521.8398
2.362,51248.2617,51582.332,51250.207,51584.4453
2.372,44036.6797,44705.2656,44045.3789,44714
2.382,22077.9531,23907.3887,22109.1582,23936.5391
2.392,-40034.2148,-38717.043,-40014.4961,-38696.4844
2.402,-64065.4336,-63276.5898,-64048.0586,-63258.8281
2.412,-82146.0234,-81628.75,-82128.0156,-81610.4922
2.422,-95875.6797,-95554.8281,-95857.2734,-95536.2734
2.432,-104975.039,-104854.867,-104955.547,-104835.281
2.442,-109373.188,-109417.008,-109352.062,-109395.82
2.452,-110437.453,-110569.258,-110414.266,-110546.047
2.462,-109809.969,-109986.578,-109784.43,-109961.031
2.472,-107081.945,-107354.773,-107053.648,-107326.5
2.482,-102439.477,-102733.695,-102407.734,-102702
2.492,-98344.4531,-98573.4141,-98309.3047,-98538.2969
2.502,-95835.3672,-96011.9609,-95797.1953,-95973.8047
2.512,-94132.9688,-94296.6953,-94092.1094,-94255.8594
2.522,-92284.5313,-92451.7969,-92240.8672,-92408.1641
2.532,-91555.5234,-91628.3281,-91509.6562,-91582.4453
2.542,-94087.8906,-94030.9375,-94041.4453,-93984.4219
2.552,-99163.6719,-99065.2188,-99117.9766,-99019.4375
2.562,-103882.82,-103845.492,-103837.68,-103800.297
2.572,-107399.445,-107382.453,-107354.453,-107337.406
2.582,-111455.875,-111386.031,-111411.266,-111341.352
2.592,-117325.531,-117191.742,-117282.039,-117148.172
2.602,-124461.109,-124315.07,-124419.094,-124272.977
2.612,-131056.93,-130965.547,-131016.172,-130924.734
2.622,-136298.547,-136252.016,-136258.578,-136212
2.632,-140519.359,-140504.469,-140479.938,-140465.016
2.642,-143765.266,-143785.062,-143726.125,-143745.906
2.652,-146181,-146219.875,-146142.016,-146180.875
2.662,-148104.078,-148156.031,-148065.156,-148117.109
2.672,-149101.734,-149194.125,-149062.719,-149155.109
2.682,-149219.656,-149318.594,-149180.359,-149279.312
2.692,-149473.312,-149553.391,-149433.859,-149513.922
2.702,-148965.609,-149105.469,-148925.844,-149065.719
2.712,-146198.672,-146413.281,-146158.078,-146372.719
2.722,-141387.016,-141649.969,-141345.016,-141608.016
2.732,-134154.5,-134502.094,-134110.312,-134458
2.742,-124764.305,-125130.742,-124716.969,-125083.508
2.752,-114991.602,-115322.211,-114940.523,-115271.25
2.762,-105436.586,-105734.781,-105381.297,-105679.609
2.772,-96667.9609,-96893.5859,-96608.2188,-96833.9375
2.782,-88782.5625,-88969.9219,-88718.2344,-88905.6797
2.792,-81078.7188,-81236.6328,-81009.2109,-81167.2031
2.802,-73383.5,-73511.8516,-73307.8672,-73436.2734
2.812,-65902.9922,-65972.6797,-65820.2422,-65889.9297
2.822,-60619.6953,-60530.2461,-60531.418,-60441.7305
2.832,-59124.6016,-58890.957,-59035.7578,-58801.6406
2.842,-61426.4297,-61072.8906,-61342.293,-60988.1445
2.852,-66658.4141,-66259.7812,-66582,-66182.7891
2.862,-73371.0391,-72972.6953,-73302.5938,-72903.7812
2.872,-80931.8047,-80550.0547,-80870.7109,-80488.5781
2.882,-87971.0469,-87669.1562,-87915.7891,-87613.6328
2.892,-93826.5938,-93580.3828,-93775.7656,-93529.3594
2.902,-98904.1875,-98703.0469,-98856.9688,-98655.6719
2.912,-102867.211,-102729.5,-102822.828,-102685.008
2.922,-105620.344,-105528.508,-105578.156,-105486.242
2.932,-107299.781,-107255.391,-107259.344,-107214.891
2.942,-107682.117,-107689.492,-107642.945,-107650.281
2.952,-106864.523,-106906.453,-106826.234,-106868.133
2.962,-105366.328,-105417.406,-105328.727,-105379.781
2.972,-104121.062,-104145.961,-104084.289,-104109.156
2.982,-103242.375,-103261.617,-103206.586,-103225.797
2.992,-103324.656,-103277.336,-103290.203,-103242.836
3.002,-106176.703,-106022.289,-106144.438,-105989.945
3.012,-111031.039,-110858.836,-111001.383,-110829.109
3.022,-116629.227,-116447.703,-116602.141,-116420.555
3.032,-122114.148,-121977.344,-122089.398,-121952.539
3.042,-126041.078,-125974.812,-126018.188,-125951.883
3.052,-129865.062,-129752.711,-129843.891,-129731.508
3.062,-135381.266,-135224.172,-135361.953,-135204.828
3.072,-141201.531,-141081.469,-141183.984,-141063.891
3.082,-146144.172,-146064.375,-146128.156,-146048.344
3.092,-149804.609,-149784.266,-149789.875,-149769.531
3.102,-152161.531,-152167.125,-152147.922,-152153.516
3.112,-155699.406,-155604.891,-155686.953,-155592.422
3.122,-162351.094,-162164.531,-162339.938,-162153.359
3.132,-170220.078,-170055.656,-170210.203,-170045.766
3.142,-177105.578,-177000.078,-177096.797,-176991.297
3.152,-182439.328,-182394.641,-182431.5,-182386.812
3.162,-186066.609,-186084.547,-186059.594,-186077.531
3.172,-187924.359,-188002.844,-187918.078,-187996.547
3.182,-187741.562,-187890.297,-187735.906,-187884.641
3.192,-185859.234,-186038.359,-185854.156,-186033.281
3.202,-183459.781,-183629.859,-183455.234,-183625.328
3.212,-180884.062,-181059.75,-180880.062,-181055.766
3.222,-177494.578,-177700.234,-177491.125,-177696.781
3.232,-172948.031,-173178.484,-172945.078,-173175.531
3.242,-167678.016,-167908.922,-167675.547,-167906.469
3.252,-161922.719,-162160.094,-161920.781,-162158.141
3.262,-155481.531,-155726.047,-155480.094,-155724.609
3.272,-148949.938,-149160.562,-148949.031,-149159.641
3.282,-143186.656,-143349.547,-143186.266,-143349.172
3.292,-138236.531,-138363.438,-138236.719,-138363.625
3.302,-133912.828,-134010.016,-133913.578,-134010.75
3.312,-129772.188,-129863.914,-129773.5,-129865.219
3.322,-125523.461,-125609.438,-125525.344,-125611.32
3.332,-120616.617,-120728.086,-120619.086,-120730.547
3.342,-115233.836,-115321.414,-115236.898,-115324.477
3.352,-110799.016,-110831.398,-110802.664,-110835.039
3.362,-105936.375,-106029.648,-105940.625,-106033.891
3.372,-98848.0703,-98995.3203,-98853.0391,-99000.2812
3.382,-90367.5938,-90512.2734,-90373.4141,-90518.0859
3.392,-81403.8359,-81517.8516,-81410.6641,-81524.6641
3.402,-74068.4531,-74030.9688,-74076.2656,-74038.7891
3.412,-70879.0078,-70666.8516,-70887.4453,-70675.3125
3.422,-71737.1875,-71418.0547,-71745.7344,-71426.6406
3.432,-74587.3594,-74270.8047,-74595.75,-74279.2344
3.442,-76549.3203,-76318.2969,-76557.6016,-76326.6094
3.452,-78146.2969,-77892.5859,-78154.4453,-77900.7734
3.462,-80840.8359,-80579.5625,-80848.6953,-80587.4609
3.472,-83163.5469,-82963.6953,-83171.125,-82971.2969
3.482,-84990.8203,-84798.4141,-84998.1172,-84805.7266
3.492,-86786.9766,-86631.0156,-86793.9609,-86638.0234
3.502,-86099.7656,-86094.1953,-86106.6016,-86101.0312
3.512,-81815.4766,-81904.2734,-81822.3828,-81911.1797
3.522,-75724.4922,-75830.2109,-75731.5859,-75837.2969
3.532,-68426.125,-68565.6953,-68433.5,-68573.0703
3.542,-59483.125,-59648.1211,-59490.9961,-59655.9766
3.552,-49257.2148,-49381.7812,-49265.875,-49390.4258
3.562,-43248.6484,-43006.0469,-43257.4609,-43014.9219
3.572,-47285.5742,-46731.9922,-47292.7188,-46739.2344
3.582,-57583.2617,-56969.9609,-57588.3945,-56975.1641
3.592,-71198.8359,-70548.2188,-71202.3359,-70551.7656
3.602,-87633.8828,-86964.7344,-87636.1406,-86967.0156
3.612,-105508.602,-104884.57,-105509.961,-104885.938
3.622,-121779.836,-121312.125,-121780.539,-121312.828
3.632,-134516.422,-134205.531,-134516.609,-134205.734
3.642,-144088.859,-143890.547,-144088.609,-143890.297
3.652,-151216.078,-151106.422,-151215.406,-151105.766
3.662,-156213.516,-156182.203,-156212.469,-156181.156
3.672,-159175.25,-159209.922,-159173.812,-159208.484
3.682,-161326.078,-161356.641,-161324.234,-161354.812
3.692,-163428.406,-163473.469,-163426.188,-163471.25
3.702,-164251.516,-164363.812,-164248.891,-164361.188
3.712,-163365.359,-163518.984,-163362.312,-163515.938
3.722,-161495.703,-161665.547,-161492.188,-161662.031
3.732,-159026.266,-159206.5,-159022.266,-159202.5
3.742,-156167.016,-156344.938,-156162.5,-156340.422
3.752,-153640.031,-153774.953,-153634.984,-153769.922
3.762,-153196.766,-153220.609,-153191.25,-153215.094
3.772,-155634.797,-155573.188,-155628.922,-155567.328
3.782,-159555.547,-159476.359,-159549.391,-159470.203
3.792,-164094.641,-163997.125,-164088.25,-163990.75
3.802,-169144.859,-169038.906,-169138.281,-169032.328
3.812,-174680.766,-174562.484,-174674.031,-174555.766
3.822,-180273.672,-180174.125,-180266.797,-180167.266
3.832,-185391,-185315.266,-185384.016,-185308.281
3.842,-189636.594,-189607.547,-189629.469,-189600.422
3.852,-191958.469,-192013.891,-191951.156,-192006.594
3.862,-192049.203,-192166.859,-192041.641,-192159.312
3.872,-190452.438,-190612.719,-190444.562,-190604.859
3.882,-187521.984,-187709.828,-187513.75,-187701.625
3.892,-184326.391,-184482.844,-184317.797,-184474.266
3.902,-182154.016,-182260.672,-182145.109,-182251.781
3.912,-180141.375,-180269.266,-180132.188,-180260.094
3.922,-177324.156,-177467.047,-177314.656,-177457.578
3.932,-173882.219,-174037.812,-173872.391,-174028.016
3.942,-169382.062,-169576.406,-169371.844,-169566.234
3.952,-163301.672,-163536.672,-163290.984,-163526.016
3.962,-156034.062,-156276.75,-156022.797,-156265.516
3.972,-148239.75,-148477.219,-148227.828,-148465.328
3.982,-139776.406,-140021.156,-139763.719,-140008.516
3.992,-131238.141,-131431.375,-131224.594,-131417.891
4.002,-124550.289,-124627.188,-124536.016,-124612.953
4.012,-120943.812,-120901.031,-120929.141,-120886.375
4.022,-119890.359,-119782.047,-119875.594,-119767.297
4.032,-120144.523,-120006.461,-120129.852,-119991.797
4.042,-122081,-121870.914,-122066.625,-121856.531
4.052,-125963.734,-125721.117,-125949.875,-125707.25
4.062,-130153.078,-129945.57,-130139.75,-129932.242
4.072,-133980.891,-133797.547,-133968.047,-133784.703
4.082,-136557.703,-136459.344,-136545.219,-136446.875
4.092,-137154.844,-137114.094,-137142.531,-137101.797
4.102,-137566.953,-137496.406,-137554.812,-137484.281
4.112,-138464.906,-138397.328,-138452.969,-138385.406
4.122,-139810.656,-139714.5,-139798.984,-139702.844
4.132,-142565.094,-142423.453,-142553.781,-142412.141
4.142,-145544.453,-145450.781,-145533.531,-145439.875
4.152,-146733.688,-146725.766,-146723.031,-146715.125
4.162,-145720.266,-145776.328,-145709.703,-145765.797
4.172,-144200.75,-144223.875,-144190.25,-144213.406
4.182,-144105.219,-144074.453,-144094.906,-144064.156
4.192,-143932.281,-143959.781,-143922.141,-143949.672
4.202,-142125.672,-142193.156,-142115.609,-142183.125
4.212,-140803.422,-140799.531,-140793.453,-140789.594
4.222,-140941.297,-140914.703,-140931.547,-140904.984
4.232,-140872.516,-140877.641,-140862.953,-140868.109
4.242,-140477.875,-140480.75,-140468.5,-140471.406
4.252,-139264.328,-139325.734,-139255.078,-139316.516
4.262,-136314.094,-136425.75,-136304.859,-136416.547
4.272,-132270.781,-132398.609,-132261.484,-132389.344
4.282,-127335.992,-127484.133,-127326.555,-127474.727
4.292,-122906.688,-122983.156,-122897.125,-122973.625
4.302,-119698.523,-119760.922,-119688.922,-119751.352
4.312,-114725.516,-114900.336,-114715.727,-114890.594
4.322,-106812.969,-107050.547,-106802.703,-107040.336
4.332,-96301.6953,-96617.0781,-96290.5625,-96606.0156
4.342,-82475.6328,-82865.3125,-82462.9375,-82852.7188
4.352,-66912.5547,-67225.2969,-66897.25,-67210.125
4.362,-54563.5117,-54578.0781,-54545.1836,-54559.8125
4.372,-50249.793,-49931.2617,-50230.3086,-49911.7109
4.382,-49683.168,-49399.4336,-49663.7734,-49379.9844
4.392,-47115.793,-46922.8203,-47095.6484,-46902.6484
4.402,-40310.0195,-40289.6953,-40286.8633,-40266.5898
4.412,-22184.9277,-22612.4258,-22144.0645,-22572.4512
4.422,31931.1484,31459.1172,31954.5254,31482.7402
4.432,53418.6562,53053.0234,53433.6641,53068.1484
4.442,70561.1719,70335.4766,70574.1094,70348.4688
4.452,84010.8125,83909.8594,84021.8281,83920.8672
4.462,93195.3594,93253.4844,93205.7578,93263.8594
4.472,97805.3438,98011.1406,97815.4688,98021.2188
4.482,98829.3906,99130.0781,98839.7656,99140.3906
4.492,97296.3203,97660.3984,97307.125,97671.1406
4.502,95524.6172,95833.1094,95535.9844,95844.4141
4.512,94480.6875,94779.8125,94492.5156,94791.5781
4.522,93205.5312,93497.9453,93217.9453,93510.2891
4.532,93027.1719,93238.7656,93040.0156,93251.5547
4.542,93382.3984,93614.6797,93395.6719,93627.8906
4.552,92511.8984,92777.6172,92525.7812,92791.4375
4.562,91013.6328,91274.6484,91028.2969,91289.2422
4.572,88310.2734,88641.9688,88325.9609,88657.5703
4.582,82328.8125,82792.1406,82346.2969,82809.4922
4.592,72421.9375,73011.5859,72442.5469,73031.9922
4.602,57322.3633,58150.8086,57349.2773,58177.3047
4.612,31212.7461,32733.5469,31263.25,32781.6484
4.622,-33352.4648,-32257.6523,-33307.5586,-32211.2891
4.632,-48205.3906,-47891.5898,-48172.0078,-47857.9531
4.642,-53747.7148,-53655.6914,-53714.9219,-53622.8125
4.652,-59585.8359,-59432.4609,-59555.0742,-59401.6289
4.662,-66295.4453,-66214.6562,-66266.1484,-66185.3203
4.672,-69355.7109,-69488.4062,-69326.4766,-69459.2344
4.682,-68521.3438,-68735.6797,-68490.3516,-68704.7969
4.692,-68800.6406,-68888.0547,-68768.4688,-68855.9375
4.702,-72430.0078,-72433.7266,-72398.0391,-72401.7734
4.712,-76365.0234,-76435.8047,-76333.4062,-76404.2266
4.722,-76762.2344,-77014.4531,-76729.4766,-76981.8047
4.732,-72147.3125,-72575.2422,-72111.1797,-72539.3359
4.742,-62861.8398,-63466.1484,-62818.9766,-63423.707
4.752,-45551.543,-46628.4336,-45490.9023,-46569.2109
4.762,22069.3379,19234.6289,22193.709,19377.1621
4.772,57823.1211,56675.5,57888.0625,56742.0781
4.782,83507.1719,82690.0312,83555.0156,82738.3281
4.792,105483.75,104911.859,105518.453,104946.602
4.802,122748.164,122350.148,122778.633,122380.68
4.812,135823.859,135607.031,135851.156,135634.312
4.822,144467.297,144402.703,144493.516,144428.906
4.832,149840.016,149880.672,149865.484,149906.109
4.842,151029.172,151256.5,151054.969,151282.25
4.852,146779.75,147187.859,146806.609,147214.625
4.862,137296.484,137864.578,137325.734,137893.703
4.872,123323.703,124006.648,123356.641,124039.391
4.882,106576.945,107297.297,106615.586,107335.68
4.892,87990.7734,88759.4297,88037.9531,88806.1953
4.902,67164.5078,67990.1953,67226.7188,68051.6562
4.912,42914.3516,43866.8672,43011.2578,43961.6875
4.922,10269.8193,12046.6504,10657.877,12379.2217
4.932,-27835.1309,-27329.9258,-27792.7754,-27286.6504
4.942,-44125.3828,-43624.6289,-44095.4766,-43592.9727
4.952,-60941.7109,-60561.2656,-60893.168,-60511.207
4.962,-74227.6562,-74002.3984,-74185.2266,-73959.3906
4.972,-85922.5469,-85693.2344,-85879.6094,-85649.8203
4.982,-99383.0781,-99070.8672,-99344.4688,-99031.9766
4.992,-113408.297,-113147.555,-113371.93,-113110.992
5.002,-125433.305,-125273.812,-125399.625,-125240.047
5.012,-133852.25,-133852.969,-133819.453,-133820.141
5.022,-137641.594,-137795.531,-137609.281,-137763.25
5.032,-138857.984,-139024.797,-138825.234,-138992.094
5.042,-141558.719,-141609.719,-141526.391,-141577.406
5.052,-146828.016,-146818.094,-146796.453,-146786.547
5.062,-152294.078,-152315.234,-152263.609,-152284.812
5.072,-157343.203,-157354.891,-157313.594,-157325.328
5.082,-162729.156,-162728.328,-162700.656,-162699.875
5.092,-167613.641,-167647.906,-167586.062,-167620.375
5.102,-172047.203,-172068.859,-172020.594,-172042.297
5.112,-176984.891,-176984.688,-176959.25,-176959.094
5.122,-181599.25,-181633.672,-181574.656,-181609.141
5.132,-185238.406,-185292.344,-185214.672,-185268.672
5.142,-188857.688,-188887.25,-188834.891,-188864.516
5.152,-192869.406,-192891.906,-192847.562,-192870.125
5.162,-196389.344,-196439.078,-196368.5,-196418.297
5.172,-199552.703,-199590.922,-199532.781,-199571.062
5.182,-202879.344,-202912.484,-202860.438,-202893.625
5.192,-205795.703,-205851.984,-205777.766,-205834.094
5.202,-207844.281,-207924.672,-207827.312,-207907.75
5.212,-209223.781,-209317.438,-209207.703,-209301.422
5.222,-209463.312,-209607.703,-209448.141,-209592.578
5.232,-207950.031,-208139.734,-207935.672,-208125.422
5.242,-205586.719,-205773.125,-205573.172,-205759.641
5.252,-202283.484,-202511.531,-202270.75,-202498.859
5.262,-197778.203,-198018,-197766.312,-198006.172
5.272,-192498.766,-192755.453,-192487.75,-192744.469
5.282,-185583.391,-185898.438,-185573.266,-185888.344
5.292,-176790.672,-177134.781,-176781.422,-177125.578
5.302,-166637.766,-167001.031,-166629.484,-166992.797
5.312,-155141.531,-155522.078,-155134.266,-155514.875
5.322,-142759.297,-143117.75,-142753.266,-143111.75
5.332,-130940.781,-131215.875,-130936.203,-131211.344
5.342,-120840.422,-121019.758,-120837.688,-121017.062
5.352,-112229.641,-112347.367,-112229.094,-112346.852
5.362,-103881.789,-103982.297,-103883.812,-103984.352
5.372,-95966.4219,-95986.5391,-95971.3984,-95991.5469
5.382,-90901.1875,-90770.0156,-90909.3828,-90778.2578
5.392,-87557.3984,-87429.7734,-87568.9219,-87441.3438
5.402,-83849.6172,-83699.8516,-83864.7656,-83715.0625
5.412,-83314.25,-82964.4766,-83332.5625,-82982.8906
5.422,-88367.4844,-87871.9844,-88387.6406,-87892.2734
5.432,-97757.1797,-97185.4219,-97778,-97206.3828
5.442,-109779.141,-109198.82,-109800,-109219.805
5.452,-123303.477,-122732.555,-123324.062,-122753.25
5.462,-137319.719,-136803.875,-137340,-136824.234
5.472,-150067.656,-149663.828,-150087.812,-149684.047
5.482,-160207.766,-159927.625,-160228.109,-159948
5.492,-168375.062,-168155.344,-168395.766,-168176.078
5.502,-175213.844,-175064.125,-175235.016,-175085.312
5.512,-179709.188,-179667.25,-179731.016,-179689.094
5.522,-181955.5,-181975.438,-181978.203,-181998.141
5.532,-182196.172,-182295.719,-182219.938,-182319.484
5.542,-180330.734,-180482.469,-180355.828,-180507.531
5.552,-178077.438,-178195.734,-178103.859,-178222.125
5.562,-176590.812,-176685.297,-176618.438,-176712.906
5.572,-174940.75,-175063.188,-174969.578,-175091.984
5.582,-171734.828,-171919.047,-171765.094,-171949.281
5.592,-167256.266,-167448.188,-167288.234,-167480.109
5.602,-162478.734,-162669.984,-162512.469,-162703.672
5.612,-156707.328,-156941.594,-156743.109,-156977.328
5.622,-149824.219,-150061.188,-149862.406,-150099.312
5.632,-143024.906,-143223.359,-143065.609,-143264
5.642,-137358.719,-137488,-137401.75,-137531
5.652,-133799.422,-133833.688,-133844.203,-133878.453
5.662,-132550.625,-132515.734,-132596.375,-132561.484
5.672,-132349.906,-132311.016,-132396.188,-132357.312
5.682,-131869.344,-131857,-131916.219,-131903.875
5.692,-130135.32,-130182.555,-130183.125,-130230.344
5.702,-126464.344,-126581.719,-126513.766,-126631.094
5.712,-119919.188,-120136.805,-119971.414,-120188.945
5.722,-111646.469,-111852.273,-111702.539,-111908.242
5.732,-102541.359,-102779.617,-102602.211,-102840.336
5.742,-91680.8047,-91941.0312,-91748.4531,-92008.4922
5.752,-80592.25,-80793.5625,-80668.5,-80869.6328
5.762,-66611.8906,-66986.5938,-66702.9062,-67077.1094
5.772,-45173.7773,-45707.4219,-45304.9414,-45837.0898
5.782,14903.126,13599.5693,14519.3555,13177.8076
5.792,43952.3594,43674.125,43747.3555,43466.4023
5.802,59219.9297,59175.3594,59065.125,59020.7344
5.812,71671.3125,71698.0938,71569.5391,71597.2344
5.822,79740.3281,79913.7891,79651.8828,79825.7969
5.832,83956.9219,84223.7344,83880.9844,84148.3672
5.842,86800.375,87058.9766,86729.5312,86988.4766
5.852,87709.7656,88088.1484,87644.375,88023.1797
5.862,85511.3047,85955.6406,85446.8047,85891.5391
5.872,83125.6484,83509.8047,83063.2188,83447.7344
5.882,82565.0078,82861.3281,82504.7344,82801.3047
5.892,84163.6875,84377.0234,84107.8828,84321.3906
5.902,86185.8125,86417.1094,86133.7344,86365.1797
5.912,86801.9062,87083.125,86753.2422,87034.625
5.922,85373.9062,85732.2812,85327.0078,85685.5781
5.932,79952.4375,80491.4062,79905.6953,80444.9688
5.942,69788.1406,70458.3359,69738.0391,70408.6953
5.952,57699.8164,58372.2188,57644.082,58317.1094
5.962,46796.7266,47405.2891,46733.6094,47342.9453
5.972,36189.6445,36887.6211,36116.2461,36815.5547
5.982,20627.3398,21766.0879,20513.3691,21657.9883
5.992,-17589.4863,-16543.5957,-17693.8887,-16654.7109
6.002,-28138.3633,-27645.8945,-28201.543,-27710.5684
6.012,-36299.2461,-35955.1797,-36345.9414,-36002.5469
6.022,-41776.543,-41698.0859,-41810.3906,-41732.0586
6.032,-41907.8633,-42055.3438,-41936.1602,-42083.6133
6.042,-37627.75,-37931.2539,-37652.2148,-37955.5586
6.052,-33346.9688,-33519.207,-33367.1602,-33539.3438
6.062,-36510.5352,-36394.4961,-36522.3789,-36406.4023
6.072,-38574.2266,-38797.2188,-38579.3672,-38802.3438
6.082,-30152.3652,-30873.6934,-30150.873,-30872.2227
6.092,14495.4268,12316.1396,14514.5703,12338.7275
6.102,40500.1641,39470.7578,40516.25,39487.3789
6.112,65360.9141,64433.5469,65375.0039,64447.8672
6.122,90399.4766,89671.7188,90411.7344,89684.0781
6.132,110019.656,109549.617,110031.961,109562
6.142,125752.172,125384.953,125764.734,125397.57
6.152,138790.594,138550.344,138803.734,138563.531
6.162,148298.766,148193.312,148312.625,148207.203
6.172,155368.625,155321.062,155383.375,155335.844
6.182,159924.828,159996.562,159940.562,160012.328
6.192,161533.312,161684.266,161550.297,161701.266
6.202,160980.75,161197.641,160999.109,161216
6.212,158057.547,158351.016,158077.578,158371.031
6.222,153371.078,153695.969,153393.016,153717.891
6.232,146362.656,146789.984,146386.969,146814.266
6.242,136218.766,136714.297,136246.234,136741.688
6.252,125573.945,125985.188,125605.094,126016.281
6.262,119039.633,119214.82,119073.812,119249
6.272,119488.289,119397.906,119523.633,119433.328
6.282,127506.469,127164.945,127540.773,127199.383
6.292,141608.5,141133.25,141640.453,141165.359
6.302,157316.188,156892.688,157345.875,156922.5
6.312,171517.859,171182.281,171545.906,171210.406
6.322,183651.859,183407.281,183678.734,183434.219
6.332,193128.766,192995.828,193154.922,193022.031
6.342,200003.406,199947.703,200029.188,199973.516
6.352,205357.969,205337.453,205383.547,205363.062
6.362,209632.5,209647.469,209657.953,209672.938
6.372,213545.672,213545.734,213571.016,213571.109
6.382,218190.5,218156.156,218215.594,218181.281
6.392,223574.125,223520.281,223598.875,223545.062
6.402,229810.188,229722.094,229834.469,229746.391
6.412,236556.125,236474.797,236579.875,236498.562
6.422,242482.234,242448.906,242505.531,242472.203
6.432,247446.188,247430.734,247469.094,247453.641
6.442,251980.266,251978.234,252002.797,252000.766
6.452,255702.828,255734.453,255725.031,255756.656
6.462,258962.969,258987.969,258984.844,259009.859
6.472,262100.844,262140.172,262122.391,262161.719
6.482,263881.156,263984.969,263902.438,264006.281
6.492,264198.906,264323.875,264220.062,264345
6.502,263935.688,264067.625,263956.688,264088.594
6.512,262890,263047.469,262910.875,263068.312
6.522,261352.484,261498.5,261373.234,261519.234
6.532,260000.953,260127.812,260021.562,260148.406
6.542,258980.531,259088.969,259000.922,259109.344
6.552,257884.5,257998.125,257904.656,258018.281
6.562,256877.125,256960.359,256897.016,256980.234
6.572,257159.594,257180.594,257179.094,257200.094
6.582,258187.453,258214.141,258206.484,258233.156
6.592,258525.531,258585.328,258544.125,258603.922
6.602,257754.266,257846.938,257772.484,257865.156
6.612,256060.031,256170,256077.922,256187.875
6.622,253844.703,253957.203,253862.281,253974.766
6.632,251643.766,251738.859,251661.016,251756.094
6.642,249607.094,249693.984,249623.984,249710.859
6.652,247767.359,247833.672,247783.844,247850.156
6.662,246761.562,246782.703,246777.578,246798.719
6.672,246917.719,246901.438,246933.188,246916.891
6.682,247847.828,247814.234,247862.688,247829.078
6.692,249415.422,249355.312,249429.641,249369.531
6.702,252226,252116.266,252239.516,252129.781
6.712,256328.75,256194.516,256341.5,256207.266
6.722,260825.625,260703.875,260837.609,260715.844
6.732,264806.406,264721.031,264817.688,264732.281
6.742,267752.688,267712.094,267763.281,267722.688
6.752,269372.469,269384.062,269382.5,269394.031
6.762,269285.156,269359.844,269294.625,269369.312
6.772,267316.156,267446.281,267325.156,267455.25
6.782,263877.594,264039.562,263886.156,264048.062
6.792,259127.75,259329.094,259135.875,259337.188
6.802,252842.234,253078.5,252849.953,253086.188
6.812,246071.391,246279.406,246078.703,246286.688
6.822,239426.594,239631.969,239433.469,239638.828
6.832,231673.953,231921,231680.391,231927.406
6.842,223134.312,223358.297,223140.297,223364.25
6.852,214968.594,215156.703,214974.062,215162.156
6.862,207536.328,207680.234,207541.219,207685.109
6.872,200504.141,200641.562,200508.422,200645.812
6.882,192512.938,192685.625,192516.547,192689.219
6.892,184109.188,184243.188,184112.094,184246.062
6.902,176069.516,176185.938,176071.625,176188.031
6.912,168212.844,168295.688,168214.078,168296.906
6.922,161691.641,161689.672,161691.922,161689.938
6.932,157253.5,157178.609,157252.75,157177.828
6.942,154385.312,154273.703,154383.5,154271.859
6.952,151800.562,151710.031,151797.641,151707.078
6.962,148127.969,148085.828,148123.859,148081.688
6.972,143857.016,143796.219,143851.641,143790.812
6.982,141079.062,140942.719,141072.391,140936.016
6.992,139017.656,138912.688,139009.672,138904.656
7.002,135961.828,135895.109,135952.422,135885.672
7.012,131902.625,131858.703,131891.625,131847.656
7.022,128535.43,128411.664,128522.766,128398.961
7.032,128399.203,128150.602,128385.125,128136.461
7.042,131251.922,130947.766,131236.75,130932.523
7.052,136587.172,136209.656,136571.203,136193.609
7.062,145225.594,144759.031,145209.234,144742.594
7.072,156852.625,156350.797,156836.188,156334.297
7.082,168869.828,168448.203,168853.375,168431.688
7.092,179067.969,178749.562,179051.297,178732.844
7.102,187656.047,187396.875,187639.031,187379.812
7.112,195225.578,195022.047,195208.109,195004.547
7.122,200921.344,200815.766,200903.281,200797.688
7.132,204490.594,204455.953,204471.781,204437.125
7.142,205472.047,205553.219,205452.25,205533.406
7.152,203144.266,203321.578,203123.156,203300.469
7.162,199543.469,199704.891,199520.875,199682.297
7.172,195549.75,195739.797,195525.578,195715.641
7.182,190341.562,190559.609,190315.594,190533.656
7.192,184680.938,184878.375,184653.016,184850.469
7.202,179547.25,179702.797,179517.375,179672.922
7.212,175892.188,175973.828,175860.5,175942.141
7.222,173276.188,173349.797,173242.859,173316.453
7.232,170196.5,170289.172,170161.391,170254.078
7.242,167400.922,167445.125,167364.078,167408.266
7.252,165573.516,165595.016,165535.125,165556.609
7.262,163776.375,163807.891,163736.453,163767.969
7.272,161889.875,161910.281,161848.422,161868.797
7.282,160368.047,160367.031,160325.141,160324.109
7.292,159767.75,159726.484,159723.688,159682.375
7.302,159548.953,159527.359,159503.875,159482.25
7.312,157945.125,157986.141,157898.703,157939.703
7.322,156040.594,156036.906,155992.766,155989.062
7.332,155120.281,155096.938,155071.391,155048.031
7.342,154120.469,154110.688,154070.578,154060.781
7.352,153875.141,153803.828,153824.531,153753.188
7.362,154969.188,154875.172,154918.391,154824.328
7.372,156605.219,156499.719,156554.484,156448.938
7.382,159311.547,159164.516,159261.297,159114.203
7.392,162324.984,162215.891,162275.375,162166.234
7.402,164073.391,164013.891,164024.109,163964.594
7.412,166224.609,166103.812,166175.875,166055.047
7.422,169825.984,169689.391,169778.266,169641.641
7.432,172862.75,172789.469,172815.953,172742.656
7.442,174495.266,174464.797,174449.094,174418.625
7.452,175029.953,175039,174984.203,174993.266
7.462,174264.406,174322.547,174218.844,174277.016
7.472,171991.781,172092.812,171946.125,172047.188
7.482,169154.859,169237.938,169109.047,169192.172
7.492,167155.297,167191.875,167109.656,167146.266
7.502,165984.812,165998.328,165939.703,165953.219
7.512,166099.281,166046.188,166055.109,166002.016
7.522,167691.219,167618.375,167648.469,167575.641
7.532,168059.375,168089.75,168017.844,168048.234
7.542,165632.609,165743.922,165591.688,165703.047
7.552,161176.234,161340.469,161135.578,161299.859
7.562,153949.719,154223.516,153908.703,154182.594
7.572,143760.266,144081.188,143718.141,144039.172
7.582,132799.875,133074.328,132756.344,133030.906
7.592,123124.141,123304.266,123079.516,123259.727
7.602,115509.359,115599.727,115464.391,115554.828
7.612,109142.078,109196.039,109097.344,109151.359
7.622,103398.828,103412.594,103354.727,103368.531
7.632,98086.1641,98080.1094,98043.0547,98037.0312
7.642,93107.9766,93061.1953,93066.2188,93019.4609
7.652,90290.5469,90115.0312,90251.3203,90075.7656
7.662,91057.7188,90777.7422,91022.6484,90742.6016
7.672,93475.1719,93207.6094,93444.7734,93177.1719
7.682,95938.2578,95691.1953,95912.375,95665.2969
7.692,97940.3906,97738.8672,97918.7578,97717.2422
7.702,99370.6562,99188.8359,99353.0391,99171.2422
7.712,101343.039,101131.578,101329.43,101118
7.722,105012.094,104744.016,105002.516,104734.469
7.732,111100.031,110770.117,111094.352,110764.477
7.742,118537.82,118228.312,118535.672,118226.219
7.752,125179.562,124950.086,125180.555,124951.133
7.762,129980.461,129837.359,129984.32,129841.281
7.772,132659.703,132607.359,132666.312,132614.031
7.782,132413.109,132490.375,132422.562,132499.891
7.792,127615.797,127873.984,127628.484,127886.711
7.802,117430,117846.617,117446.867,117863.492
7.812,103572.023,104031.422,103594.523,104053.906
7.822,88162.25,88617.75,88192.5156,88647.9531
7.832,71575.1719,72024.4375,71616.9141,72066.0469
7.842,52577.4922,53061.6914,52639.8711,53123.6758
7.852,28299.6582,28831.4199,28423.6953,28953.5039
7.862,-24151.5449,-23938.123,-24006.5254,-23791.4434
7.872,-40476.8867,-40384,-40378.0312,-40284.4648
7.882,-52648.1758,-52635.0703,-52562.8203,-52549.3711
7.892,-60287.5391,-60499.0625,-60209.5898,-60421.2148
7.902,-61622.6523,-62045.5,-61541.7461,-61964.9453
7.912,-58206.832,-58776.8555,-58117.6289,-58688.3359
7.922,-52258.8359,-52878.6016,-52155.3086,-52776.0664
7.932,-49311.3242,-49710.1406,-49197.9922,-49597.4922
7.942,-50716.9141,-51029.8633,-50602.7461,-50916.1523
7.952,-50758.8164,-51200.332,-50641.3164,-51083.6016
7.962,-46069.4609,-46719.7969,-45936.9141,-46588.8398
7.972,-35128.0703,-36112.4531,-34952.2422,-35941.1055
7.982,-13336.1855,-15614.501,-12872.6416,-15219.7197
7.992,24611.2422,23572.0039,24775.6699,23744.2969
8.002,33588.9531,32983.3203,33718.2656,33116.7852
8.012,45098.9414,44423.0352,45224.6602,44552.125
8.022,59482.7422,58921.3242,59582.5703,59022.6797
8.032,70580.9531,70271.9141,70671.6641,70363.4531
8.042,78324.0469,78112.5234,78407.4375,78196.3516
8.052,84526.7266,84392.1406,84606.6172,84472.3281
8.062,89337.5,89262.3672,89413.8906,89338.9297
8.072,93078.8125,93055.0078,93153.3125,93129.6094
8.082,94888.8359,94963.0859,94962.0781,95036.3125
8.092,94626.1016,94761.3672,94699.8594,94835.0391
8.102,92433.8125,92634.9141,92508.8828,92709.8203
8.112,90792.1094,90872.1406,90868.1562,90948.1094
8.122,95166.1641,94974.9141,95237.9766,95046.8516
8.132,105060.617,104766.992,105125.18,104831.703
8.142,117198.352,116867.672,117255.477,116924.922
8.152,130166.992,129851.227,130217.734,129902.055
8.162,141775.656,141557.469,141821.359,141603.203
8.172,151501.766,151340.344,151543.656,151382.234
8.182,159686.484,159592.094,159725.219,159630.797
8.192,165983.031,165956.312,166019.281,165992.516
8.202,170975.062,170971.328,171009.109,171005.328
8.212,176010.75,175978.641,176042.719,176010.562
8.222,182498.328,182401.859,182527.984,182431.469
8.232,190106.953,189997.234,190134.281,190024.5
8.242,198459.359,198318.125,198484.344,198343.094
8.252,207441.766,207297.766,207464.531,207320.5
8.262,216276.547,216152.172,216297.234,216172.812
8.272,224351.375,224268.594,224370.188,224287.375
8.282,230645.547,230644.266,230662.703,230661.375
8.292,234401.516,234491.406,234417.266,234507.094
8.302,234864.562,235071.906,234879.094,235086.375
8.312,232453.375,232713.734,232466.859,232727.156
8.322,229088.016,229334.234,229100.453,229346.609
8.332,226050.469,226264.016,226061.828,226275.312
8.342,223053.25,223272.75,223063.453,223282.906
8.352,219001.078,219250.594,219010.156,219259.625
8.362,214930.188,215119.219,214938.078,215127.062
8.372,212768.578,212873.141,212775.188,212879.719
8.382,211404.406,211519.562,211409.688,211524.797
8.392,209163.688,209304.469,209167.625,209308.375
8.402,206360.75,206496.75,206363.328,206499.297
8.412,203179.406,203326.25,203180.609,203327.422
8.422,199243.484,199407.625,199243.266,199407.391
8.432,194505.859,194681.828,194504.203,194680.141
8.442,189286.219,189450.531,189283.031,189447.312
8.452,185130.969,185204.688,185126.234,185199.938
8.462,184076.391,184018.812,184070.172,184012.578
8.472,185959.359,185831.688,185951.797,185824.109
8.482,189455.312,189296.688,189446.531,189287.875
8.492,193529.828,193379.047,193519.938,193369.141
8.502,197226.75,197104.781,197215.812,197093.812
8.512,200886,200754.203,200874.109,200742.281
8.522,204758.484,204642.047,204745.719,204629.25
8.532,207506.516,207455.734,207492.875,207442.062
8.542,209476.531,209414.719,209462.031,209400.203
8.552,212930.844,212794.562,212915.672,212779.359
8.562,217930.156,217777.266,217914.469,217761.562
8.572,223266.781,223120.266,223250.688,223104.141
8.582,228786.312,228644.312,228769.891,228627.859
8.592,233386.078,233318.875,233369.312,233302.094
8.602,235526.203,235557.125,235508.969,235539.891
8.612,235179.25,235277.516,235161.438,235259.703
8.622,233570.203,233674.688,233551.75,233656.234
8.632,232537.422,232588.125,232518.438,232569.125
8.642,232895.109,232896,232875.75,232876.625
8.652,235066.266,234990.188,235046.734,234970.625
8.662,239769.484,239612.828,239750.031,239593.344
8.672,245842.266,245689.672,245823.031,245670.422
8.682,251319.25,251217.578,251300.234,251198.547
8.692,255373.031,255331.031,255354.156,255312.156
8.702,257642.172,257664.609,257623.344,257645.781
8.712,258662.422,258705.516,258643.609,258686.688
8.722,259097.188,259158.219,259078.391,259139.406
8.732,258637.453,258733.984,258618.641,258715.172
8.742,257023.672,257150.797,257004.797,257131.922
8.752,254731.562,254859.172,254712.625,254840.234
8.762,252653.828,252750.969,252634.891,252732.031
8.772,251706.297,251745.062,251687.5,251726.25
8.782,252512.547,252488.703,252494.047,252470.188
8.792,254550.391,254504.984,254532.297,254486.891
8.802,257310.594,257239.875,257293,257222.281
8.812,261164.406,261054.359,261147.422,261037.344
8.822,266139.812,266007.969,266123.5,265991.625
8.832,271372.094,271256.562,271356.5,271240.938
8.842,276453.469,276345.188,276438.531,276330.25
8.852,281425.906,281334.625,281411.688,281320.375
8.862,285407.312,285374.25,285393.719,285360.656
8.872,287922.625,287934.062,287909.594,287921.031
8.882,289375.5,289417.469,289363,289404.969
8.892,289559.125,289651.781,289547.125,289639.812
8.902,288229.062,288360.688,288217.531,288349.156
8.912,286140.938,286272.406,286129.844,286261.344
8.922,283843.188,283974.219,283832.562,283963.594
8.932,281412.625,281534.5,281402.469,281524.312
8.942,279499.844,279583.25,279490.188,279573.594
8.952,278290.125,278355.125,278281,278346
8.962,277105.531,277178.594,277096.938,277170
8.972,275205.469,275313.031,275197.375,275304.938
8.982,271466.688,271645.562,271459.031,271637.938
8.992,266228.531,266412.594,266221.344,266405.406
9.002,261384.406,261517.875,261377.688,261511.156
9.012,257441.625,257545.469,257435.422,257539.25
9.022,254048.625,254126.469,254042.922,254120.781
9.032,251466.906,251504.438,251461.766,251499.281
9.042,249834.578,249839.312,249829.984,249834.719
9.052,249300.812,249260.031,249296.797,249256.016
9.062,250148.906,250068.359,250145.469,250064.922
9.072,251386.5,251322.625,251383.625,251319.75
9.082,252723.984,252641.047,252721.656,252638.719
9.092,255220.094,255095.359,255218.297,255093.562
9.102,258164.516,258064.281,258163.219,258062.984
9.112,260432.438,260362.672,260431.594,260361.844
9.122,262307.812,262247.031,262307.406,262246.625
9.132,263794.344,263755.5,263794.344,263755.531
9.142,265337.375,265275.938,265337.781,265276.344
9.152,268130.281,268020.406,268131,268021.156
9.162,271772.875,271665.25,271773.938,271666.281
9.172,275401.406,275304.562,275402.75,275305.875
9.182,278816.875,278737.812,278818.438,278739.375
9.192,281581.969,281540,281583.688,281541.719
9.202,283155.281,283162.031,283157.188,283163.938
9.212,283495.188,283534.375,283497.219,283536.406
9.222,283458.125,283487.594,283460.281,283489.75
9.232,283813,283823.031,283815.219,283825.25
9.242,284659,284655.531,284661.25,284657.781
9.252,285467.344,285478.438,285469.562,285480.656
9.262,285908.219,285927.406,285910.406,285929.594
9.272,286171.75,286194.938,286173.875,286197.062
9.282,285997.781,286043.781,285999.781,286045.781
9.292,284941.25,285020.688,284943.125,285022.562
9.302,282463.375,282591.969,282465.094,282593.688
9.312,279099.062,279221.75,279100.562,279223.281
9.322,276204.375,276287.906,276205.688,276289.219
9.332,274237.188,274286.969,274238.25,274288
9.342,272768.094,272808.75,272768.875,272809.5
9.352,271543.5,271566.75,271543.938,271567.188
9.362,271246.25,271226.062,271246.344,271226.156
9.372,271413.656,271404.75,271413.344,271404.469
9.382,271302.531,271298.594,271301.844,271297.906
9.392,271400.281,271376.5,271399.156,271375.375
9.402,272490.781,272423.812,272489.25,272422.25
9.412,274663.125,274575.625,274661.156,274573.656
9.422,277057.531,276984.25,277055.125,276981.844
9.432,278989.406,278944.688,278986.562,278941.812
9.442,279761.781,279767.938,279758.469,279764.625
9.452,279875.469,279875.594,279871.688,279871.812
9.462,280401.156,280385,280396.906,280380.75
9.472,280846.688,280847.938,280841.969,280843.219
9.482,281481.531,281452.625,281476.344,281447.469
9.492,283074.25,283020.812,283068.625,283015.188
9.502,284455.438,284442.156,284449.375,284436.125
9.512,284996.562,285000.719,284990.062,284994.219
9.522,285272.781,285278.031,285265.875,285271.094
9.532,285659.094,285658.219,285651.719,285650.875
9.542,285687.406,285718.031,285679.625,285710.25
9.552,284409.344,284489.219,284401.125,284481
9.562,282032.094,282132.844,282023.375,282124.156
9.572,278347.344,278499.344,278338.156,278490.188
9.582,273609.25,273763.812,273599.562,273754.125
9.592,268348.812,268521.438,268338.594,268511.219
9.602,261589.344,261814.609,261578.547,261803.828
9.612,253885.172,254089.594,253873.781,254078.219
9.622,246913.062,247062.266,246901.141,247050.328
9.632,240935.75,241048.594,240923.344,241036.172
9.642,235481.297,235570.109,235468.438,235557.25
9.652,230982.281,231015.312,230969.078,231002.109
9.662,227522.453,227535.625,227509,227522.172
9.672,223570.734,223626.219,223557.047,223612.531
9.682,218348.906,218432.797,218334.984,218418.875
9.692,212588.844,212662.891,212574.703,212648.734
9.702,207290.688,207326.594,207276.438,207312.328
9.712,202964.156,202954.328,202949.938,202940.094
9.722,200622.875,200517.75,200608.922,200503.781
9.732,201037.844,200857.062,201024.422,200843.625
9.742,202450.672,202293.75,202437.922,202280.984
9.752,203251.188,203134.266,203239.141,203122.203
9.762,202404.969,202374.656,202393.625,202363.297
9.772,199227.062,199266.078,199216.391,199255.406
9.782,195010.141,195045.031,195000.219,195035.094
9.792,191117.906,191121.25,191108.891,191112.234
9.802,189042.469,188951.281,189034.578,188943.375
9.812,189432.438,189277.984,189425.875,189271.422
9.822,191462.797,191271.75,191457.719,191266.656
9.832,195363.422,195112.812,195359.906,195109.281
9.842,200552.938,200311.594,200551.031,200309.703
9.852,204968.844,204801.641,204968.547,204801.359
9.862,207555.781,207459.297,207557.141,207460.656
9.872,209246.078,209158.312,209249.156,209161.391
9.882,211007.078,210922.125,211011.922,210926.969
9.892,212632.297,212564.797,212638.969,212571.484
9.902,213906.609,213857.141,213915.203,213865.734
9.912,214540.078,214523.859,214550.656,214534.438
9.922,214241.125,214260.594,214253.797,214273.281
9.932,212640.781,212711.125,212655.734,212726.078
9.942,209754.453,209849.281,209771.906,209866.734
9.952,207011.781,207059.281,207031.859,207079.375
9.962,206321.234,206271.328,206343.891,206294
9.972,208547.172,208401.516,208572.125,208426.5
9.982,213483.25,213267.344,213510.188,213294.312
9.992,220092.156,219859.594,220120.797,219888.281
10.002,226932.984,226725.984,226963.266,226756.312
10.012,233620.797,233425.656,233652.703,233457.594
10.022,240246,240070.391,240279.453,240103.875
10.032,246269.266,246132.438,246304.328,246167.531
10.042,251930.453,251795.969,251967.109,251832.672
10.052,257974.766,257832.625,258012.938,257870.828
10.062,263828.156,263722.094,263867.781,263761.781
10.072,268624.656,268558.781,268665.875,268600.031
10.082,273474.219,273374.688,273516.969,273417.469
10.092,279433.625,279311.5,279477.656,279355.562
10.102,284855.25,284800.188,284900.594,284845.594
10.112,288341.938,288353.031,288388.844,288399.938
10.122,290386.156,290429.781,290434.812,290478.406
10.132,291543.781,291608.406,291594.281,291658.906
10.142,292382.438,292439.938,292434.781,292492.281
10.152,293388.625,293436.125,293442.781,293490.281
10.162,294305.969,294361.25,294361.844,294417.156
10.172,294936.562,294993.969,294994.156,295051.594
10.182,295668.469,295708.406,295727.75,295767.688
10.192,297002.125,297013.938,297062.844,297074.688
10.202,298833.812,298839.594,298895.844,298901.625
10.212,300105.688,300150.625,300169,300213.938
10.222,300215.625,300289.375,300280.406,300354.156
10.232,300073.219,300126.906,300139.406,300193.094
10.242,300530.562,300558.219,300597.969,300625.625
10.252,301251.469,301286.719,301319.906,301355.156
10.262,300614.156,300722.812,300683.812,300792.438
10.272,298152.656,298294.75,298223.875,298365.906
10.282,295120.938,295255.625,295193.75,295328.406
10.292,291738.062,291882.844,291812.5,291957.219
10.302,288311.438,288427.844,288387.406,288503.781
10.312,285839.906,285907.344,285917.031,285984.469
10.322,284201.469,284248.469,284279.438,284326.438
10.332,283171.938,283186.875,283250.469,283265.406
10.342,283392.844,283353.562,283471.438,283432.188
10.352,284895.75,284828.188,284973.906,284906.406
10.362,286737.75,286684.906,286815.281,286762.438
10.372,287337.781,287358.25,287414.781,287435.25
10.382,285756.812,285843.562,285833.781,285920.5
10.392,283108.062,283192.438,283185.156,283269.5
10.402,280508,280584.844,280585.031,280661.844
10.412,277433.438,277531.906,277510.406,277608.875
10.422,274450.469,274507.656,274527.219,274584.375
10.432,272663.906,272675.938,272739.938,272751.969
10.442,271718.781,271714.281,271793.719,271789.219
10.452,271028.844,271023.25,271102.438,271096.875
10.462,270093.25,270104.281,270165.469,270176.469
10.472,268643.875,268671.844,268714.656,268742.594
10.482,266528.469,266579.125,266597.844,266648.469
10.492,263892.312,263948.531,263960.281,264016.438
10.502,261068.984,261122.734,261135.406,261189.141
10.512,258527.453,258557.344,258592.141,258622
10.522,256422.266,256444.922,256484.922,256507.562
10.532,253715.25,253781.734,253775.875,253842.328
10.542,249231.688,249361.188,249290.531,249419.984
10.552,243274.781,243420.109,243332.016,243477.312
10.562,237378.656,237484.219,237434.125,237539.641
10.572,232479.031,232539.422,232532.297,232592.656
10.582,228671.844,228685.641,228722.516,228736.281
10.592,226801,226724.625,226848.5,226772.094
10.602,227561.562,227406.891,227605.25,227450.578
10.612,230154.938,229972.172,230194.453,230011.703
10.622,233381.469,233205.75,233416.766,233241.031
10.632,236715.5,236544.969,236746.625,236576.078
10.642,240870.609,240668.578,240897.547,240695.516
10.652,245627.391,245443.844,245650.203,245466.641
10.662,249888.781,249740.562,249907.625,249759.391
10.672,253884.578,253744.859,253899.578,253759.844
10.682,257379,257286.219,257390.297,257297.469
10.692,259314.359,259289.5,259322.078,259297.172
10.702,259979.719,259979.5,259983.922,259983.672
10.712,260199.875,260210.125,260200.609,260210.812
10.722,259957.625,259986.484,259954.906,259983.719
10.732,259477.469,259503.234,259471.297,259497.016
10.742,258892.156,258925.031,258882.562,258915.406
10.752,258267.656,258289.047,258254.656,258276.016
10.762,258531.656,258506.266,258515.344,258489.922
10.772,259692.953,259658.359,259673.438,259638.797
10.782,260663.312,260650.328,260640.672,260627.641
10.792,261488.703,261464.422,261463,261438.656
10.802,263086.562,263028.25,263057.969,262999.594
10.812,265280.781,265225.938,265249.438,265194.531
10.822,266728.531,266721.438,266694.469,266687.312
10.832,267428.219,267425.406,267391.438,267388.594
10.842,268185.031,268181.062,268145.625,268141.594
10.852,268199.219,268242.188,268157.188,268200.125
10.862,267274.25,267328,267229.5,267283.219
10.872,266201.938,266251.062,266154.531,266203.656
10.882,265040.781,265089.781,264990.812,265039.75
10.892,264379.219,264389.469,264326.812,264337.031
10.902,264570.875,264565.5,264516.344,264510.906
10.912,264155.156,264201.719,264098.406,264144.906
10.922,262365.031,262444.531,262305.875,262385.312
10.932,259870.984,259956.266,259809.312,259894.578
10.942,257166.703,257250.984,257102.562,257186.812
10.952,253984.25,254089.422,253917.547,254022.703
10.962,249986.188,250105.938,249916.781,250036.531
10.972,246020.625,246111.734,245948.547,246039.641
10.982,241982.625,242094.234,241907.875,242019.469
10.992,236709.891,236862.375,236632.109,236784.594
11.002,230407.766,230567.438,230326.578,230486.266
11.012,223491.547,223660.578,223406.688,223575.734
11.022,215872.266,216048.953,215783.344,215960.062
11.032,207812.938,207978.516,207719.641,207885.234
11.042,199885.969,200020.25,199788.156,199922.453
11.052,192478.047,192581.844,192375.766,192479.594
11.062,184700.594,184827.688,184593.469,184720.594
11.072,176084.797,176204.688,175972.047,176091.969
11.082,168195.453,168232.453,168077.219,168114.203
11.092,163314.453,163205.906,163192.688,163084.016
11.102,162086.734,161882.75,161964.156,161759.969
11.112,161685.141,161527.938,161562.5,161405.141
11.122,160168.172,160049.625,160044.797,159926.125
11.132,158001.281,157892.5,157876.859,157767.953
11.142,156678.859,156507.188,156554.25,156382.391
11.152,157749.391,157505.953,157626.625,157382.953
11.162,159399.969,159212.688,159279.594,159092.125
11.172,159571.125,159441.797,159452.172,159322.734
11.182,159634.125,159477.172,159516.734,159359.641
11.192,160290,160143.719,160174.734,160028.344
11.202,160100.938,160014.875,159987.344,159901.219
11.212,158525.422,158482.469,158412.719,158369.719
11.222,156085.344,156060.812,155973.109,155948.562
11.232,153397.219,153374.578,153285.469,153262.797
11.242,150028.375,150045.406,149916.781,149933.812
11.252,145693.609,145722.688,145581.625,145610.734
11.262,141693.891,141679.828,141581.953,141567.875
11.272,138565.094,138527.078,138454.031,138416
11.282,136019.5,135959.938,135909.984,135850.391
11.292,134173.844,134085.359,134066.625,133978.094
11.302,133693.328,133544.578,133589.672,133440.828
11.312,135350.469,135137.609,135252.062,135039.078
11.322,138218.406,138014.641,138126.031,137922.156
11.332,140548.203,140392.469,140461.375,140305.578
11.342,142779.016,142600.531,142697.609,142519.062
11.352,147172.578,146908.375,147097.641,146833.344
11.362,153012,152769.203,152943.828,152700.969
11.372,158235.266,158043.359,158173.203,157981.266
11.382,162603.656,162452.781,162547.062,162396.188
11.392,165870.469,165771.984,165818.781,165720.328
11.402,168803.859,168692.047,168756.875,168645.078
11.412,172865.625,172708.656,172823.5,172666.547
11.422,178541.688,178344.125,178504.531,178306.984
11.432,184956.844,184775.141,184924.5,184742.812
11.442,190645.031,190518.594,190617.062,190490.656
11.452,194877.344,194815.75,194853.312,194791.766
11.462,196970.5,196998.734,196950,196978.297
11.472,196782.969,196876.656,196765.734,196859.484
11.482,194874.641,195019.938,194860.516,195005.891
11.492,190409.109,190659.641,190397.984,190648.578
11.502,183015.203,183330.516,183007.062,183322.453
11.512,173870.625,174210.188,173865.641,174205.266
11.522,163076.734,163451.406,163075.188,163449.938
11.532,152600.203,152858.891,152602.547,152861.312
11.542,146328.312,146383.859,146334.859,146390.469
11.552,144526.641,144466.859,144537.281,144477.578
11.562,144520.281,144439.234,144534.828,144453.859
11.572,146111.188,145943.953,146129.344,145962.203
11.582,150851.25,150587.219,150872.391,150608.469
11.592,156793.781,156571.578,156817.406,156595.297
11.602,161232.344,161100.938,161258.375,161127.062
11.612,162584.812,162587.766,162613.531,162616.547
11.622,161007.031,161073.891,161038.875,161105.766
11.632,158735.281,158782.906,158770.328,158818.016
11.642,156942.156,156971.969,156980.266,157010.141
11.652,155052.297,155101.156,155093.391,155142.297
11.662,152118.078,152203.109,152162.391,152247.453
11.672,149056.812,149105.891,149104.359,149153.469
11.682,146419.422,146471.125,146470,146521.75
11.692,142740.828,142843.172,142794.781,142897.141
11.702,138099.234,138195.953,138156.953,138253.688
11.712,134166,134203.688,134227.266,134264.984
11.722,131793.938,131767.703,131858.031,131831.859
11.732,131772.938,131645.484,131838.625,131711.281
11.742,134721.844,134512.469,134787.469,134578.25
11.752,138801.75,138615.812,138866.641,138680.812
11.762,142427.359,142271.141,142491.562,142335.453
11.772,145623.016,145491.328,145686.594,145555
11.782,148235.734,148132.453,148298.812,148195.609
11.792,151173.391,151033.875,151235.734,151096.297
11.802,155815.312,155622.922,155876.109,155683.828
11.812,161027.781,160876.391,161086.766,160935.438
11.822,164066.703,164041.688,164124.531,164099.547
11.832,163237.719,163353.094,163295.609,163410.953
11.842,159286,159469.422,159344.953,159528.297
11.852,153143.547,153394.344,153204.281,153454.984
11.862,144361.688,144687.75,144425.328,144751.25
11.872,134121.75,134435.031,134189.234,134502.344
11.882,122883.023,123230.547,122955.352,123302.656
11.892,110163.445,110504.422,110242.43,110583.148
11.902,98780.875,98962.4063,98866.875,99048.2344
11.912,91981.2734,91951.9922,92071.2422,92041.9766
11.922,90468.3359,90270.5547,90557.2969,90359.6953
11.932,91624.2578,91408.0312,91709.5391,91493.4922
11.942,93960.0312,93697.5625,94040.625,93778.3516
11.952,98325.1875,98023.7344,98399.6484,98098.3984
11.962,101661.977,101506.594,101731.352,101576.039
11.972,100757.648,100768.562,100824.773,100835.633
11.982,95763.7891,95894.9375,95831.1875,95962.1875
11.992,86716.7812,86987.6328,86787.4297,87057.9922
12.002,71394.625,71907.1016,71475.4688,71987.2812
12.012,43222.5156,44283.7891,43346.6836,44404.8281
12.022,-38112.0039,-37135.8789,-37987.207,-37008.0156
12.032,-61798.9492,-61580.6914,-61723.8398,-61505.3047
12.042,-72578.5547,-72637.4141,-72516.5625,-72575.5078
12.052,-79240.8203,-79383.5625,-79189.1641,-79332.1172
12.062,-84508.5469,-84658.7812,-84463.6328,-84614.0469
12.072,-89746.2812,-89871.1562,-89707.9531,-89832.9844
12.082,-96720.5078,-96732.3047,-96688.2422,-96700.1484
12.092,-105708.555,-105686.18,-105682.219,-105659.945
12.102,-112113.891,-112264.164,-112091.875,-112242.281
12.112,-114203.977,-114461.156,-114185.266,-114442.594
12.122,-113851.539,-114160.219,-113835.57,-114144.398
12.132,-111893.68,-112234.633,-111880.336,-112221.445
12.142,-110227.188,-110498.5,-110216.477,-110487.93
12.152,-109762.43,-109995.219,-109754.5,-109987.43
12.162,-110685.539,-110821.625,-110680.383,-110816.602
12.172,-115869.094,-115804.477,-115866.711,-115802.219
12.182,-123870.836,-123797.32,-123870.82,-123797.422
12.192,-130202.508,-130220.234,-130204.523,-130222.367
12.202,-135424.312,-135420.25,-135428.109,-135424.172
12.212,-141216.641,-141187,-141222,-141192.469
12.222,-147582.969,-147531.688,-147589.625,-147538.438
12.232,-153809.828,-153786.188,-153817.562,-153794.031
12.242,-158245.234,-158306.859,-158253.938,-158315.672
12.252,-160008.875,-160155.891,-160018.547,-160165.656
12.262,-159368.094,-159579.266,-159378.75,-159590
12.272,-156544.609,-156822.656,-156556.297,-156834.422
12.282,-151003,-151366.766,-151015.859,-151379.688
12.292,-143479.781,-143856.219,-143493.953,-143870.438
12.302,-135392.047,-135765.734,-135407.578,-135781.312
12.312,-125255.492,-125727.555,-125272.633,-125744.742
12.322,-111660.555,-112218.719,-111679.969,-112238.164
12.332,-93873.6016,-94567.3594,-93896.6875,-94590.4219
12.342,-70732.3047,-71533.4766,-70762.6016,-71563.6172
12.352,-46219.7812,-46808.5547,-46265,-46853.4844
12.362,-17114.8926,-18084.3242,-17230.1113,-18194.1191
12.372,35516.9453,35084.9297,35482.5781,35049.8594
12.382,49061.3047,49143.543,49037.0508,49118.8242
12.392,52073.5195,52534.7109,52045.1758,52506.0742
12.402,45237.2188,46148.7891,45206.7148,46118.4844
12.412,22819.9277,25040.5859,22761.5078,24986.6191
12.422,-31815.8086,-30415.1504,-31847.3809,-30448.6426
12.432,-47340.4609,-46459.6094,-47360.5625,-46480.4805
12.442,-62660.4297,-61855.5547,-62675.1836,-61870.7656
12.452,-79744.3047,-79020.4453,-79754.1484,-79030.5391
12.462,-96542.9375,-95944.6094,-96549.4766,-95951.3047
12.472,-110116.844,-109724.164,-110120.875,-109728.289
12.482,-120558.625,-120255.812,-120560.641,-120257.906
12.492,-130641.602,-130341.836,-130641.844,-130342.125
12.502,-140415.125,-140180.109,-140413.734,-140178.75
12.512,-148076.016,-147952.578,-148073.094,-147949.672
12.522,-153003.078,-152977.016,-152998.609,-152972.578
12.532,-156023.266,-156039.938,-156017.297,-156033.984
12.542,-158975.016,-158964.594,-158967.547,-158957.156
12.552,-162571.781,-162554.25,-162562.906,-162545.391
12.562,-165813.094,-165828.359,-165802.812,-165818.078
12.572,-168439.562,-168466.531,-168427.891,-168454.875
12.582,-170867.266,-170901.031,-170854.234,-170887.984
12.592,-172735.5,-172796.141,-172721.109,-172781.734
12.602,-174380.359,-174428.875,-174364.625,-174413.141
12.612,-176138.828,-176188.969,-176121.812,-176171.953
12.622,-177847.344,-177900.516,-177829.078,-177882.25
12.632,-178510.484,-178628.797,-178490.922,-178609.219
12.642,-176990.719,-177173.688,-176969.609,-177152.594
12.652,-174898.875,-175048.844,-174876.203,-175026.172
12.662,-172930.141,-173087,-172905.922,-173062.766
12.672,-171267.578,-171380.422,-171241.875,-171354.703
12.682,-170663.625,-170737.922,-170636.609,-170710.906
12.692,-171030.75,-171064.734,-171002.656,-171036.609
12.702,-172817.922,-172792.344,-172789.031,-172763.422
12.712,-176116.953,-176051.594,-176087.578,-176022.203
12.722,-179954.281,-179895.219,-179924.594,-179865.5
12.732,-183693.672,-183635.484,-183663.719,-183605.5
12.742,-188153.078,-188055.75,-188123.047,-188025.688
12.752,-193361.891,-193260.672,-193331.969,-193230.703
12.762,-198687.547,-198595.109,-198657.781,-198565.297
12.772,-203103.438,-203068.719,-203073.734,-203038.984
12.782,-206330.438,-206326.766,-206300.688,-206297
12.792,-208039.359,-208110.031,-208009.391,-208080.047
12.802,-207379.391,-207521,-207348.938,-207490.547
12.812,-205789.406,-205917.438,-205758.406,-205886.422
12.822,-203537.266,-203713.047,-203505.641,-203681.422
12.832,-199007.312,-199263.891,-198974.734,-199231.344
12.842,-192535.781,-192810.734,-192501.969,-192776.953
12.852,-186218.016,-186434.453,-186183.016,-186399.453
12.862,-181192.797,-181349.625,-181156.828,-181313.672
12.872,-177857.375,-177935,-177820.828,-177898.438
12.882,-176401.562,-176417.5,-176364.859,-176380.766
12.892,-176263.531,-176237.469,-176227.031,-176200.922
12.902,-178032.375,-177921.328,-177996.516,-177885.422
12.912,-181825.844,-181671.531,-181791.078,-181636.703
12.922,-186752.547,-186579.641,-186719.078,-186546.109
12.932,-191980.969,-191828.625,-191948.828,-191796.438
12.942,-196020.781,-195944.109,-195989.75,-195913.031
12.952,-197959.844,-197960.062,-197929.625,-197929.812
12.962,-197841.953,-197905.562,-197812.266,-197875.859
12.972,-196317.047,-196402.719,-196287.766,-196373.438
12.982,-194880.859,-194935.469,-194852.062,-194906.672
12.992,-193351.578,-193436.828,-193323.297,-193408.531
13.002,-190436.875,-190566.703,-190408.953,-190538.781
13.012,-186994.625,-187103.031,-186967.062,-187075.469
13.022,-183814.109,-183911.172,-183787.016,-183884.062
13.032,-180836.406,-180918.328,-180809.859,-180891.781
13.042,-177712.719,-177800.422,-177686.781,-177774.469
13.052,-175280.25,-175299.609,-175255.109,-175274.438
13.062,-175114.406,-175048.781,-175090.438,-175024.766
13.072,-176571.312,-176483.703,-176548.75,-176461.094
13.082,-178243.484,-178173.703,-178222.344,-178152.531
13.092,-178897.641,-178879.312,-178877.828,-178859.484
13.102,-179282.188,-179234.484,-179263.734,-179216
13.112,-180845.266,-180755.297,-180828.312,-180738.312
13.122,-183626.406,-183501.391,-183611.062,-183486.016
13.132,-188073.047,-187884.656,-188059.422,-187871
13.142,-194680.188,-194434.703,-194668.375,-194422.859
13.152,-202600.953,-202349.062,-202590.891,-202338.984
13.162,-211133.766,-210877.344,-211125.375,-210868.938
13.172,-219989.203,-219747.375,-219982.375,-219740.531
13.182,-228557.562,-228348.453,-228552.188,-228343.062
13.192,-236429.594,-236262.047,-236425.562,-236258
13.202,-243027.422,-242922.094,-243024.641,-242919.297
13.212,-248342.141,-248275.203,-248340.531,-248273.594
13.222,-252760.016,-252725.797,-252759.547,-252725.312
13.232,-256153.891,-256162.156,-256154.516,-256162.781
13.242,-258051.672,-258118.344,-258053.375,-258120.031
13.252,-258251.219,-258366.156,-258254,-258368.922
13.262,-257407.859,-257533.969,-257411.719,-257537.828
13.272,-256336.266,-256453.828,-256341.219,-256458.766
13.282,-255422.641,-255524.234,-255428.688,-255530.25
13.292,-254872.75,-254955.5,-254879.859,-254962.594
13.302,-254379.859,-254467.375,-254388,-254475.516
13.312,-253441.094,-253544.188,-253450.297,-253553.359
13.322,-251654.531,-251786.5,-251664.797,-251796.75
13.332,-248962.031,-249111.141,-248973.406,-249122.484
13.342,-245607.531,-245765.688,-245620.031,-245778.172
13.352,-242103.812,-242238.469,-242117.469,-242252.094
13.362,-239996.422,-240046.75,-240011.156,-240061.484
13.372,-239709.078,-239716.719,-239724.766,-239732.391
13.382,-239571.422,-239604.766,-239588,-239621.328
13.392,-238582.469,-238640.172,-238599.953,-238657.641
13.402,-237208.938,-237258.703,-237227.344,-237277.094
13.412,-236654,-236647.531,-236673.25,-236666.781
13.422,-238199.438,-238109.984,-238219.312,-238129.859
13.432,-241627.891,-241503.781,-241648.203,-241524.094
13.442,-245532.531,-245424.906,-245553.156,-245445.531
13.452,-248462.859,-248418.031,-248483.828,-248438.984
13.462,-249384.906,-249414.469,-249406.328,-249435.875
13.472,-249018.531,-249060.562,-249040.484,-249082.484
13.482,-248380.797,-248429.703,-248403.266,-248452.156
13.492,-246809.531,-246906.062,-246832.562,-246929.062
13.502,-243844.328,-243978.812,-243868,-244002.469
13.512,-239118.094,-239320.328,-239142.578,-239344.766
13.522,-231788.391,-232069.484,-231813.938,-232094.984
13.532,-222567.453,-222859.688,-222594.328,-222886.5
13.542,-213261.797,-213510.781,-213290.078,-213539.016
13.552,-204598.219,-204810.188,-204627.922,-204839.844
13.562,-196205.875,-196396.219,-196237.031,-196427.312
13.572,-188448.797,-188581.219,-188481.391,-188613.766
13.582,-182197.797,-182257.594,-182231.625,-182291.391
13.592,-177747.281,-177734.359,-177782.062,-177769.141
13.602,-175631.484,-175522.047,-175666.781,-175557.344
13.612,-176546.219,-176338.125,-176581.422,-176373.344
13.622,-179797.188,-179552.812,-179831.797,-179587.453
13.632,-183870.234,-183632.391,-183904.094,-183666.266
13.642,-188518.75,-188268.641,-188551.781,-188301.703
13.652,-194026.203,-193764,-194058.297,-193796.109
13.662,-200548.531,-200269.375,-200579.562,-200300.438
13.672,-207400.516,-207159.812,-207430.484,-207189.797
13.682,-212437.484,-212307.297,-212466.672,-212336.484
13.692,-215386.812,-215309.094,-215415.547,-215337.812
13.702,-217420.438,-217372.375,-217448.828,-217400.75
13.712,-218285.781,-218290.297,-218314,-218318.484
13.722,-218580.172,-218571.234,-218608.297,-218599.344
13.732,-219953.562,-219891.906,-219981.469,-219919.812
13.742,-222664.781,-222574.016,-222692.312,-222601.547
13.752,-225949.5,-225863.172,-225976.594,-225890.25
13.762,-228532.859,-228497.406,-228559.609,-228524.141
13.772,-230131.328,-230116.828,-230157.859,-230143.344
13.782,-231604.297,-231581.703,-231630.641,-231608.031
13.792,-233617.609,-233571.766,-233643.734,-233597.875
13.802,-236125.891,-236079.781,-236151.75,-236105.625
13.812,-237934.531,-237937.672,-237960.203,-237963.328
13.822,-238730.141,-238752.578,-238755.766,-238778.172
13.832,-239250.75,-239276.844,-239276.344,-239302.406
13.842,-238985.297,-239057.859,-239010.953,-239083.484
13.852,-237273.641,-237384.109,-237299.531,-237409.953
13.862,-235313.391,-235394.734,-235339.562,-235420.859
13.872,-233825.875,-233897.219,-233852.266,-233923.578
13.882,-232119.5,-232203.203,-232146.156,-232229.828
13.892,-230163.656,-230242.25,-230190.609,-230269.172
13.902,-228156.531,-228237.219,-228183.797,-228264.438
13.912,-225422.078,-225535.562,-225449.75,-225563.203
13.922,-222021.266,-222133.844,-222049.438,-222161.969
13.932,-218329.406,-218450.016,-218358.125,-218478.688
13.942,-213943.688,-214083.312,-213973.078,-214112.656
13.952,-209101.344,-209236.141,-209131.484,-209266.234
13.962,-203744.5,-203901.312,-203775.5,-203932.266
13.972,-196955.734,-197163.766,-196987.859,-197195.828
13.982,-188081.891,-188346.031,-188115.578,-188379.641
13.992,-177493.328,-177771.406,-177529.078,-177807.078
14.002,-166766.422,-166985.438,-166804.531,-167023.484
14.012,-158157.125,-158247.453,-158197.391,-158287.672
14.022,-152366.844,-152359.406,-152408.75,-152401.266
14.032,-149317.047,-149203.766,-149359.906,-149246.625
14.042,-148825.672,-148647.547,-148868.781,-148690.672
14.052,-149790.453,-149592.578,-149833.391,-149635.547
14.062,-151097.609,-150918.891,-151140.266,-150961.578
14.072,-151866.25,-151713.734,-151908.797,-151756.297
14.082,-153963.719,-153725.438,-154005.828,-153767.594
14.092,-157594.828,-157373.906,-157636.078,-157415.188
14.102,-159852.359,-159730.094,-159893.109,-159770.859
14.112,-159740.219,-159702.656,-159781.062,-159743.484
14.122,-157108.828,-157160.031,-157150.422,-157201.594
14.132,-152810.781,-152877.562,-152853.609,-152920.344
14.142,-148503.484,-148544.781,-148547.609,-148588.891
14.152,-144684.562,-144708.547,-144729.922,-144753.875
14.162,-140701.25,-140737.516,-140747.938,-140784.172
14.172,-136990.812,-136978.062,-137038.828,-137026.062
14.182,-135562.328,-135445.125,-135610.922,-135493.734
14.192,-136281.609,-136129.281,-136330.031,-136177.734
14.202,-138140.719,-137954.078,-138188.578,-138001.984
14.212,-142244.312,-141970.922,-142290.891,-142017.578
14.222,-148391.031,-148108.312,-148435.766,-148153.125
14.232,-153797.609,-153609.984,-153840.828,-153653.234
14.242,-156707.844,-156616.578,-156750.297,-156659.016
14.252,-158550.828,-158459.047,-158592.812,-158501.031
14.262,-160509.625,-160427.953,-160551.109,-160469.453
14.272,-162235.359,-162162.438,-162276.422,-162203.5
14.282,-165090.047,-164953.453,-165130.406,-164993.828
14.292,-168658.094,-168561.016,-168697.562,-168600.484
14.302,-169748.609,-169785.672,-169787.734,-169824.781
14.312,-167773.859,-167881.641,-167813.344,-167921.062
14.322,-165015.922,-165095.891,-165055.953,-165135.875
14.332,-164007.391,-163989.125,-164047.531,-164029.25
14.342,-165834.156,-165728.641,-165873.719,-165768.203
14.352,-169055.266,-168949.312,-169093.891,-168987.938
14.362,-172290.312,-172194.594,-172328,-172232.281
14.372,-175470.594,-175383.562,-175507.344,-175420.312
14.382,-178339.969,-178277.438,-178375.844,-178313.328
14.392,-180561.188,-180523.156,-180596.328,-180558.297
14.402,-182846.234,-182787.406,-182880.609,-182821.766
14.412,-185751.188,-185681.828,-185784.656,-185715.281
14.422,-188606.906,-188555.469,-188639.469,-188588.031
14.432,-191371.953,-191319.703,-191403.609,-191351.359
14.442,-193723.516,-193701.25,-193754.328,-193732.047
14.452,-196173.859,-196113.938,-196203.797,-196143.875
14.462,-200679.234,-200532.266,-200708,-200561.016
14.472,-206996,-206827.172,-207023.344,-206854.531
14.482,-213629.594,-213480.469,-213655.516,-213506.391
14.492,-219087.609,-219013.484,-219112.266,-219038.141
14.502,-222502.531,-222499.188,-222526.156,-222522.797
14.512,-224363.594,-224396.516,-224386.344,-224419.25
14.522,-225605.062,-225643.516,-225626.984,-225665.406
14.532,-226407.438,-226468.484,-226428.531,-226489.547
14.542,-226049.031,-226152.531,-226069.359,-226172.828
14.552,-225206.203,-225292.406,-225225.766,-225311.938
14.562,-224387.766,-224480.141,-224406.516,-224498.859
14.572,-223144.344,-223247.375,-223162.266,-223265.281
14.582,-221245.438,-221371.281,-221262.531,-221388.359
14.592,-218327.516,-218477.531,-218343.797,-218493.797
14.602,-215568.344,-215665.422,-215583.766,-215680.828
14.612,-214485.094,-214505.844,-214499.5,-214520.234
14.622,-216019.062,-215934,-216032.234,-215947.156
14.632,-220311.859,-220154.766,-220323.641,-220166.531
14.642,-226080.641,-225907.078,-226090.969,-225917.406
14.652,-232454.438,-232274.984,-232463.328,-232283.875
14.662,-239027.281,-238858.5,-239034.781,-238865.984
14.672,-245618.75,-245458.406,-245624.891,-245464.547
14.682,-251830.656,-251706.281,-251835.516,-251711.125
14.692,-256880.984,-256808.828,-256884.609,-256812.438
14.702,-261065.078,-261007.297,-261067.5,-261009.688
14.712,-265202.844,-265142.344,-265204.094,-265143.562
14.722,-269251.406,-269206.5,-269251.5,-269206.531
14.732,-272538.969,-272533.75,-272537.875,-272532.656
14.742,-274556.531,-274595.156,-274554.312,-274592.938
14.752,-275687.594,-275736.625,-275684.219,-275733.25
14.762,-276825.031,-276863.344,-276820.531,-276858.844
14.772,-277323.688,-277412.094,-277318.031,-277406.406
14.782,-275744.156,-275904.25,-275737.312,-275897.375
14.792,-273096.5,-273238.25,-273088.438,-273230.125
14.802,-271405.094,-271490.75,-271395.781,-271481.438
14.812,-270325.031,-270413.594,-270314.5,-270403.062
14.822,-268573,-268688.969,-268561.219,-268677.188
14.832,-266043.625,-266171.031,-266030.531,-266157.969
14.842,-263041,-263170.281,-263026.594,-263155.844
14.852,-260333.75,-260427,-260318.016,-260411.25
14.862,-258182.469,-258263.016,-258165.422,-258245.953
14.872,-255870.609,-255959.203,-255852.234,-255940.812
14.882,-253477.969,-253555,-253458.25,-253535.281
14.892,-250817.594,-250912.359,-250796.516,-250891.266
14.902,-247584.188,-247683.562,-247561.688,-247661.047
14.912,-244498.953,-244573.547,-244475.031,-244549.625
14.922,-241551.016,-241630.547,-241525.688,-241605.219
14.932,-238028.375,-238127.062,-238001.578,-238100.25
14.942,-234032.016,-234129.969,-234003.672,-234101.609
14.952,-229870.344,-229965.375,-229840.422,-229935.469
14.962,-225706.109,-225786.312,-225674.609,-225754.828
14.972,-222309.672,-222337.156,-222276.719,-222304.188
14.982,-220829.891,-220773.219,-220795.781,-220739.078
14.992,-221911.984,-221770.734,-221877.141,-221735.859
15.002,-225302.938,-225109.203,-225267.797,-225074.031
15.012,-229596.859,-229413.906,-229561.625,-229378.609
15.022,-234115.484,-233928.297,-234080.219,-233893
15.032,-239370.859,-239170.125,-239335.766,-239134.984
15.042,-244428.359,-244278.266,-244393.438,-244243.312
15.052,-248356.297,-248247.891,-248321.453,-248213.031
15.062,-252048.109,-251933.344,-252013.375,-251898.578
15.072,-255977.359,-255871.219,-255942.844,-255836.672
15.082,-259422.094,-259349.531,-259387.781,-259315.203
15.092,-262587.219,-262510.156,-262553.156,-262476.062
15.102,-266274.562,-266178.875,-266240.875,-266145.156
15.112,-270572.25,-270465.156,-270539.062,-270431.938
15.122,-275291,-275183.906,-275258.406,-275151.281
15.132,-279391.219,-279338.125,-279359.219,-279306.125
15.142,-281893.031,-281897.781,-281861.469,-281866.188
15.152,-283295.781,-283321.688,-283264.625,-283290.531
15.162,-283859.281,-283919.25,-283828.5,-283888.469
15.172,-283364.281,-283455.469,-283333.812,-283425
15.182,-281861.875,-281980.031,-281831.688,-281949.844
15.192,-279592.719,-279720.969,-279562.812,-279691.062
15.202,-277235.188,-277343,-277205.625,-277313.438
15.212,-275739.25,-275796.188,-275710.188,-275767.125
15.222,-275653.688,-275661.844,-275625.312,-275633.469
15.232,-276324.469,-276321.969,-276296.938,-276294.438
15.242,-277920.844,-277866.062,-277894.312,-277839.5
15.252,-281051.406,-280954.969,-281026.031,-280929.594
15.262,-284864.812,-284768.75,-284840.719,-284744.625
15.272,-289190.188,-289071.375,-289167.375,-289048.562
15.282,-294084.688,-293966.625,-294063.25,-293945.156
15.292,-298544,-298465.469,-298523.844,-298445.344
15.302,-301987.656,-301949.844,-301968.781,-301931
15.312,-303890.25,-303923.094,-303872.594,-303905.406
15.322,-303322.75,-303444.719,-303306.156,-303428.094
15.332,-300711.531,-300867.312,-300695.938,-300851.75
15.342,-297623.5,-297763.969,-297608.969,-297749.438
15.352,-294479.844,-294622.469,-294466.406,-294609.062
15.362,-290942.906,-291087.781,-290930.625,-291075.5
15.372,-287659.375,-287767.062,-287648.281,-287756
15.382,-285320.094,-285387.5,-285310.312,-285377.719
15.392,-283886.062,-283920.594,-283877.688,-283912.219
15.402,-283425.438,-283420.375,-283418.5,-283413.469
15.412,-284056.031,-284018.594,-284050.594,-284013.188
15.422,-285026.375,-285000.781,-285022.438,-284996.875
15.432,-285470.875,-285466.75,-285468.469,-285464.375
15.442,-285873.812,-285850.594,-285872.938,-285849.75
15.452,-287162.375,-287102.031,-287163.062,-287102.719
15.462,-289417.062,-289335.812,-289419.25,-289338.031
15.472,-291983.875,-291909.375,-291987.594,-291913.125
15.482,-294463.188,-294397.125,-294468.406,-294402.375
15.492,-296552.281,-296514.531,-296559,-296521.25
15.502,-297392,-297414.062,-297400.219,-297422.281
15.512,-296507.844,-296579.906,-296517.594,-296589.688
15.522,-294927.125,-294990.312,-294938.469,-295001.656
15.532,-293440.094,-293503.656,-293453.031,-293516.594
15.542,-290950.719,-291067.781,-290965.312,-291082.406
15.552,-287225.469,-287356.375,-287241.812,-287372.75
15.562,-283216.188,-283339.375,-283234.344,-283357.531
15.572,-278888.969,-279023.031,-278909,-279043.062
15.582,-274105.844,-274241.562,-274127.812,-274263.562
15.592,-268924.031,-269066.031,-268948.031,-269090.062
15.602,-263280.719,-263423.469,-263306.875,-263449.625
15.612,-257860.75,-257966.828,-257889.078,-257995.172
15.622,-253297.359,-253362.094,-253327.859,-253392.609
15.632,-250105.797,-250108.906,-250138.328,-250141.453
15.642,-248036.844,-248022.328,-248071.25,-248056.766
15.652,-246014.391,-246005.25,-246050.703,-246041.578
15.662,-244622.094,-244568.375,-244660.188,-244606.484
15.672,-243961.641,-243908.672,-244001.375,-243948.438
15.682,-242930.859,-242905.656,-242972.266,-242947.078
15.692,-240936.047,-240950.312,-240979.266,-240993.547
15.702,-237786.656,-237833.078,-237831.875,-237878.312
15.712,-234159.047,-234200.891,-234206.391,-234248.234
15.722,-230245.281,-230302.828,-230294.797,-230352.344
15.732,-225728.625,-225794.656,-225780.484,-225846.516
15.742,-221641.391,-221658.375,-221695.516,-221712.516
15.752,-218898.391,-218872.109,-218954.469,-218928.219
15.762,-216401.812,-216403.328,-216459.75,-216461.297
15.772,-212131.922,-212220.219,-212192.188,-212280.5
15.782,-205079.922,-205251.172,-205143.391,-205314.625
15.792,-195942.266,-196139.859,-196009.797,-196207.344
15.802,-186326.156,-186495.938,-186398.219,-186567.969
15.812,-176537.594,-176708,-176614.656,-176785.031
15.822,-166024.234,-166191.797,-166107.156,-166274.672
15.832,-155934.891,-156026,-156024.078,-156115.172
15.842,-147777,-147775.422,-147871.969,-147870.438
15.852,-141054.703,-141017.047,-141154.969,-141117.375
15.862,-134682.297,-134623.969,-134787.984,-134729.75
15.872,-129482.766,-129342.453,-129593.289,-129453.141
15.882,-126731.289,-126500.023,-126844.734,-126613.719
15.892,-126537.141,-126242.156,-126651.195,-126356.531
15.902,-127240.125,-126972.203,-127353.898,-127086.273
15.912,-128026.094,-127752.93,-128139.398,-127866.531
15.922,-130182.891,-129863.281,-130294.461,-129975.18
15.932,-133900.172,-133569.281,-134008.703,-133678.141
15.942,-137920.312,-137630.609,-138025.625,-137736.188
15.952,-141124.719,-140885.141,-141227.469,-140988.094
15.962,-144990.531,-144707.469,-145090.25,-144807.438
15.972,-149520.078,-149276.953,-149616.422,-149373.469
15.982,-153586.359,-153363.734,-153679.672,-153457.203
15.992,-158801.141,-158532.188,-158890.812,-158622.031
16.002,-164042.219,-163856.656,-164128.344,-163942.906
16.012,-166778.516,-166700.219,-166862.422,-166784.172
16.022,-168091.203,-168018.031,-168173.531,-168100.406
16.032,-170637.969,-170497.516,-170718.062,-170577.672
16.042,-174805.406,-174638.453,-174882.516,-174715.625
16.052,-180299.375,-180088.375,-180372.953,-180162.047
16.062,-187565.719,-187319.5,-187635.234,-187389.094
16.072,-194149.312,-194011.484,-194215.156,-194077.359
16.082,-197648.375,-197623.328,-197711.641,-197686.594
16.092,-199418.062,-199411.25,-199479.266,-199472.438
16.102,-200861.344,-200864.375,-200920.484,-200923.5
16.112,-202072.734,-202081.391,-202129.828,-202138.453
16.122,-203279.734,-203286.969,-203334.672,-203341.891
16.132,-204055.344,-204087.953,-204108.172,-204140.734
16.142,-204864,-204863.625,-204914.625,-204914.219
16.152,-207280.359,-207205.484,-207328.312,-207253.438
16.162,-211983.016,-211837.469,-212027.781,-211882.25
16.172,-218186.516,-218025.797,-218227.875,-218067.156
16.182,-224305.547,-224178.016,-224343.609,-224216.078
16.192,-229839.328,-229735.781,-229874.266,-229770.719
16.202,-234371.609,-234322.5,-234403.641,-234354.5
16.212,-237558.5,-237548.875,-237587.812,-237578.156
16.222,-240106.453,-240106.75,-240133.125,-240133.391
16.232,-241866.016,-241908,-241890.109,-241932.062
16.242,-242403.516,-242481.875,-242425.141,-242503.453
16.252,-241619.609,-241744.922,-241638.812,-241764.062
16.262,-238988.844,-239172.141,-239005.672,-239188.922
16.272,-235378.156,-235549.984,-235392.578,-235564.359
16.282,-232000.594,-232147.609,-232012.469,-232159.453
16.292,-229177.406,-229295.484,-229186.609,-229304.656
16.302,-226240.578,-226377.156,-226247.016,-226383.562
16.312,-222630.578,-222768.031,-222634.188,-222771.594
16.322,-219874.297,-219937.875,-219874.938,-219938.484
16.332,-218893.891,-218897.375,-218891.5,-218894.938
16.342,-219826.828,-219755.828,-219821.422,-219750.391
16.352,-222736.031,-222610.172,-222727.719,-222601.812
16.362,-227200.406,-227034.484,-227189.328,-227023.359
16.372,-232884,-232695.938,-232870.344,-232682.234
16.382,-238801.594,-238639.016,-238785.516,-238622.906
16.392,-244046.5,-243921.406,-244028.078,-243902.953
16.402,-248424.031,-248335.781,-248403.328,-248315.031
16.412,-251842,-251788.922,-251819.047,-251765.922
16.422,-254924.625,-254865.453,-254899.453,-254840.234
16.432,-258452.641,-258376.625,-258425.391,-258349.344
16.442,-262517.625,-262427.812,-262488.469,-262398.594
16.452,-267273.062,-267157.438,-267242.156,-267126.5
16.462,-273148.062,-273000.125,-273115.688,-272967.719
16.472,-279137.906,-279029.156,-279104.188,-278995.406
16.482,-283846.75,-283786.875,-283811.625,-283751.719
16.492,-288630.031,-288527.719,-288593.625,-288491.281
16.502,-294604.312,-294474.969,-294566.875,-294437.469
16.512,-301354.094,-301211.531,-301315.812,-301173.219
16.522,-308202.594,-308084.406,-308163.594,-308045.375
16.532,-313589.875,-313555.188,-313550.125,-313515.406
16.542,-316607.469,-316651.188,-316566.719,-316610.469
16.552,-317659.312,-317755.969,-317617.438,-317714.094
16.562,-316847.938,-317008.531,-316804.75,-316965.375
16.572,-313827.906,-314050.219,-313783.219,-314005.531
16.582,-309726.469,-309935.312,-309680.125,-309888.969
16.592,-306058.562,-306231.469,-306010.656,-306183.594
16.602,-302681.625,-302847.312,-302632.312,-302798
16.612,-299329.438,-299477.719,-299278.781,-299427.062
16.622,-296519.219,-296630.5,-296467.312,-296578.625
16.632,-294496.031,-294577.844,-294443.156,-294524.969
16.642,-292853.094,-292924.969,-292799.406,-292871.281
16.652,-291554.844,-291602.938,-291500.469,-291548.562
16.662,-290901.344,-290923.125,-290846.531,-290868.281
16.672,-290925,-290920.562,-290869.938,-290865.469
16.682,-292073.875,-292019.438,-292018.875,-291964.406
16.692,-294696.875,-294599.625,-294642.281,-294545
16.702,-298379.438,-298262.531,-298325.531,-298208.594
16.712,-302760.312,-302630.156,-302707.281,-302577.094
16.722,-307404.125,-307289.375,-307352.094,-307237.312
16.732,-310901.375,-310859.375,-310850.219,-310808.219
16.742,-312587.312,-312601.125,-312536.812,-312550.625
16.752,-312783.906,-312845.156,-312733.906,-312795.156
16.762,-311413,-311524.812,-311363.344,-311475.156
16.772,-308786.156,-308920.688,-308736.688,-308871.219
16.782,-305437.531,-305582.844,-305388.219,-305533.562
16.792,-301732.969,-301872.094,-301683.875,-301823.031
16.802,-298449.656,-298548.719,-298400.906,-298499.969
16.812,-296424.188,-296467.75,-296376.062,-296419.625
16.822,-295603.031,-295612.812,-295555.812,-295565.594
16.832,-295735.312,-295712.875,-295689.25,-295666.781
16.842,-296574.281,-296538.219,-296529.469,-296493.406
16.852,-297791.031,-297746.906,-297747.656,-297703.531
16.862,-299206.688,-299164.219,-299164.781,-299122.312
16.872,-300362.188,-300339.25,-300321.781,-300298.844
16.882,-301158.219,-301143.812,-301119.281,-301104.875
16.892,-301680.938,-301681.281,-301643.469,-301643.844
16.902,-301430.969,-301465.312,-301394.906,-301429.281
16.912,-300700.219,-300729.688,-300665.562,-300695.062
16.922,-300198.281,-300217.156,-300165.094,-300184
16.932,-299612.75,-299642.344,-299581.062,-299610.688
16.942,-299014.5,-299029.625,-298984.344,-298999.469
16.952,-299069.906,-299054.781,-299041.344,-299026.219
16.962,-299883.844,-299852.906,-299857,-299826.062
16.972,-300452.812,-300455.969,-300427.625,-300430.812
16.982,-300016.406,-300052.469,-299992.844,-300028.906
16.992,-298694.844,-298754.688,-298672.812,-298732.688
17.002,-296731.469,-296802.594,-296710.969,-296782.125
17.012,-294660.469,-294718.156,-294641.5,-294699.25
17.022,-293149.969,-293175.812,-293132.594,-293158.469
17.032,-292559.062,-292549.094,-292543.312,-292533.375
17.042,-293206.344,-293148.469,-293192.281,-293134.406
17.052,-295287.281,-295188.531,-295274.938,-295176.188
17.062,-298244.906,-298141.156,-298234.25,-298130.5
17.072,-300861.531,-300797.219,-300852.5,-300788.25
17.082,-302360.75,-302337.656,-302353.312,-302330.219
17.092,-303255.156,-303238.188,-303249.188,-303232.25
17.102,-303871.406,-303869,-303866.906,-303864.531
17.112,-304222.562,-304222.25,-304219.5,-304219.188
17.122,-304793.125,-304774.406,-304791.406,-304772.719
17.132,-306317.531,-306254.812,-306317.156,-306254.469
17.142,-309228.875,-309124.188,-309229.75,-309125.094
17.152,-313286,-313156.969,-313288.094,-313159.094
17.162,-318076.688,-317937.281,-318079.906,-317940.531
17.172,-323196.562,-323061.469,-323200.812,-323065.75
17.182,-328261.844,-328141.188,-328267.062,-328146.438
17.192,-333127.188,-333019.156,-333133.312,-333025.312
17.202,-337842.281,-337746.438,-337849.25,-337753.406
17.212,-341997.75,-341936.312,-342005.531,-341944.125
17.222,-345429.969,-345389.781,-345438.469,-345398.312
17.232,-348325.969,-348306,-348335.188,-348315.25
17.242,-350596.812,-350599.219,-350606.719,-350609.125
17.252,-352381.375,-352393.688,-352391.906,-352404.25
17.262,-353843.406,-353866.688,-353854.562,-353877.844
17.272,-354665.906,-354720.75,-354677.656,-354732.531
17.282,-353872.812,-353995.219,-353885.156,-354007.594
17.292,-351281.938,-351439.656,-351294.938,-351452.656
17.302,-348283.781,-348414.656,-348297.406,-348428.281
17.312,-346285.25,-346360.75,-346299.438,-346374.906
17.322,-345488.125,-345528,-345502.781,-345542.656
17.332,-345172.75,-345207.906,-345187.812,-345222.969
17.342,-344712.5,-344755.625,-344728,-344771.125
17.352,-343930.281,-343978.844,-343946.156,-343994.75
17.362,-343183.781,-343220.125,-343200.031,-343236.375
17.372,-342333.594,-342383.281,-342350.219,-342399.906
17.382,-340888.781,-340956.625,-340905.75,-340973.594
17.392,-338845.188,-338927.281,-338862.5,-338944.625
17.402,-336054.438,-336163.125,-336072.125,-336180.844
17.412,-331962.438,-332117.375,-331980.594,-332135.531
17.422,-326296.344,-326487.75,-326314.969,-326506.375
17.432,-319828.312,-320013.219,-319847.5,-320032.375
17.442,-313269.312,-313439.094,-313289,-313458.75
17.452,-307246.562,-307367.906,-307266.719,-307388.062
17.462,-302715.25,-302767.312,-302735.75,-302787.812
17.472,-299636.844,-299649.625,-299657.562,-299670.344
17.482,-297224.781,-297225,-297245.656,-297245.875
17.492,-295072.062,-295062.156,-295093.062,-295083.156
17.502,-293491.281,-293450.25,-293512.312,-293471.281
17.512,-293124.031,-293037.344,-293144.969,-293058.312
17.522,-293878.062,-293767.938,-293898.781,-293788.656
17.532,-295655.156,-295512.156,-295675.562,-295532.594
17.542,-298417.938,-298263.812,-298437.938,-298283.812
17.552,-300848.781,-300743.062,-300868.344,-300762.656
17.562,-302432.812,-302347.094,-302451.969,-302366.281
17.572,-304223.938,-304116.531,-304242.656,-304135.25
17.582,-307158.25,-307008.125,-307176.375,-307026.281
17.592,-311805.562,-311602.062,-311823,-311619.5
17.602,-318132.031,-317893.469,-318148.656,-317910.125
17.612,-325584.281,-325337.906,-325600.094,-325353.719
17.622,-332737.5,-332549.281,-332752.5,-332564.281
17.632,-338189.062,-338077.312,-338203.312,-338091.562
17.642,-342205.094,-342131.344,-342218.688,-342144.969
17.652,-345307.406,-345267.156,-345320.375,-345280.125
17.662,-347786.094,-347757.438,-347798.406,-347769.75
17.672,-350477.844,-350429.312,-350489.5,-350440.938
17.682,-353629.156,-353575.5,-353640.125,-353586.438
17.692,-356799.188,-356754.906,-356809.438,-356765.188
17.702,-359606.281,-359582.719,-359615.875,-359592.312
17.712,-361704.594,-361708.969,-361713.562,-361717.906
17.722,-363251.906,-363267.125,-363260.25,-363275.438
17.732,-364243.25,-364282.281,-364250.969,-364290
17.742,-364649.906,-364698.406,-364656.969,-364705.469
17.752,-364882.031,-364931.469,-364888.5,-364937.906
17.762,-364350.75,-364442.719,-364356.625,-364448.594
17.772,-362525.844,-362649.344,-362531.125,-362654.656
17.782,-359931,-360062.5,-359935.719,-360067.219
17.792,-356760.219,-356906.906,-356764.375,-356911.031
17.802,-352845.219,-353007.625,-352848.781,-353011.188
17.812,-348379.688,-348541.406,-348382.656,-348544.344
17.822,-344052.5,-344185.625,-344054.844,-344187.969
17.832,-340275.625,-340385.688,-340277.312,-340387.375
17.842,-336369.812,-336494.625,-336370.875,-336495.688
17.852,-331832.75,-331967.125,-331833.156,-331967.531
17.862,-326959.469,-327088.719,-326959.219,-327088.469
17.872,-322180.562,-322288.188,-322179.625,-322287.219
17.882,-318253.031,-318309.219,-318251.344,-318307.5
17.892,-315730.844,-315733.594,-315728.375,-315731.125
17.902,-314728.156,-314676.156,-314724.938,-314672.938
17.912,-315627.406,-315509.594,-315623.438,-315505.594
17.922,-317985.75,-317850.938,-317981.062,-317846.219
17.932,-320391.375,-320281.625,-320386,-320276.25
17.942,-322734.719,-322617.938,-322728.625,-322611.844
17.952,-325726.5,-325590.969,-325719.688,-325584.156
17.962,-329155.438,-329029,-329147.938,-329021.469
17.972,-331891.625,-331816.438,-331883.438,-331808.219
17.982,-333448.938,-333413,-333440.031,-333404.094
17.992,-333910.125,-333918.5,-333900.5,-333908.844
18.002,-332662.344,-332737.625,-332651.938,-332727.219
18.012,-330009.156,-330104.906,-329997.875,-330093.625
18.022,-326762.5,-326870.125,-326750.281,-326857.938
18.032,-322689.938,-322822.031,-322676.781,-322808.875
18.042,-318585.562,-318677.188,-318571.375,-318663
18.052,-315883.281,-315913.812,-315868.094,-315898.625
18.062,-314077.875,-314103.625,-314061.75,-314087.5
18.072,-311859.625,-311910.719,-311842.531,-311893.625
18.082,-308935.781,-309003.062,-308917.656,-308984.906
18.092,-305325.062,-305413.375,-305305.812,-305394.125
18.102,-300965,-301069.875,-300944.594,-301049.469
18.112,-296006.156,-296119.75,-295984.469,-296098.062
18.122,-290666.75,-290778.25,-290643.719,-290755.188
18.132,-285514.531,-285600.094,-285490.062,-285575.656
18.142,-280627.969,-280706.969,-280602.062,-280681.062
18.152,-275657.5,-275728.781,-275630.094,-275701.375
18.162,-271509.562,-271523.844,-271480.656,-271494.938
18.172,-268355.875,-268357.188,-268325.562,-268326.875
18.182,-264836.781,-264863.219,-264804.938,-264831.406
18.192,-261397.703,-261392.016,-261364.344,-261358.641
18.202,-258254.344,-258254,-258219.406,-258219.062
18.212,-255557.188,-255514.172,-255520.688,-255477.672
18.222,-254552.125,-254447.328,-254514.281,-254409.469
18.232,-254470.094,-254371.109,-254431.031,-254332.031
18.242,-254500.359,-254399.422,-254460.078,-254359.125
18.252,-254614.484,-254520.766,-254572.984,-254479.25
18.262,-254994.312,-254885.953,-254951.641,-254843.25
18.272,-256151.125,-256022.922,-256107.391,-255979.156
18.282,-257480.922,-257375.047,-257436.156,-257330.266
18.292,-258412.781,-258324.062,-258366.938,-258278.203
18.302,-259219.578,-259134.875,-259172.625,-259087.891
18.312,-260075.719,-260000.094,-260027.672,-259952.016
18.322,-259951,-259941.391,-259901.688,-259892.078
18.332,-258041.172,-258076.922,-257990.203,-258025.969
18.342,-256715.953,-256668.531,-256663.406,-256615.984
18.352,-257614.172,-257512.188,-257560.516,-257458.5
18.362,-259055.422,-258974.422,-259000.766,-258919.734
18.372,-260589.031,-260492.594,-260533.391,-260436.938
18.382,-262525.625,-262435.344,-262469.125,-262378.812
18.392,-263673.969,-263634.906,-263616.438,-263577.375
18.402,-264313.938,-264265.375,-264255.25,-264206.688
18.412,-265314.688,-265263.156,-265254.969,-265203.406
18.422,-265761.812,-265753.875,-265700.969,-265693
18.432,-265088.594,-265114,-265026.344,-265051.75
18.442,-263543.125,-263588.281,-263479.281,-263524.469
18.452,-262067.547,-262083.438,-262002.078,-262017.984
18.462,-261401.812,-261394.031,-261334.938,-261327.172
18.472,-260704.625,-260715.391,-260636.375,-260647.156
18.482,-260222.625,-260196.469,-260153.031,-260126.875
18.492,-261268.297,-261179.688,-261197.781,-261109.141
18.502,-264175.938,-264033.656,-264105.031,-263962.719
18.512,-268498.656,-268331.062,-268427.781,-268260.156
18.522,-273410.438,-273246.219,-273339.781,-273175.531
18.532,-278472.469,-278314.531,-278402.062,-278244.125
18.542,-283521.75,-283380.656,-283451.656,-283310.562
18.552,-287763.281,-287676,-287693.375,-287606.094
18.562,-290579.781,-290543.969,-290509.75,-290473.938
18.572,-292322.656,-292314.375,-292252.281,-292244
18.582,-293320.875,-293336.625,-293250.062,-293265.812
18.592,-293702.25,-293732.406,-293630.875,-293661.062
18.602,-293878.594,-293903.219,-293806.688,-293831.312
18.612,-294403.594,-294409.625,-294331.312,-294337.344
18.622,-294967.25,-294987,-294894.688,-294914.438
18.632,-294925.844,-294970.062,-294852.938,-294897.188
18.642,-293852.969,-293934.625,-293779.531,-293861.25
18.652,-291891.594,-291985.5,-291817.531,-291911.5
18.662,-289500.469,-289601.562,-289425.719,-289526.875
18.672,-286462.656,-286582.844,-286387.156,-286507.406
18.682,-283168,-283270.969,-283091.75,-283194.781
18.692,-280197.531,-280280.281,-280120.688,-280203.531
18.702,-277851.812,-277898.625,-277774.688,-277821.562
18.712,-276509.969,-276519.188,-276432.938,-276442.156
18.722,-275697.938,-275704.406,-275621.281,-275627.75
18.732,-274723.688,-274740.531,-274647.5,-274664.375
18.742,-273249.156,-273286.719,-273173.438,-273211
18.752,-270866.281,-270938.125,-270790.875,-270862.781
18.762,-267335.438,-267437.375,-267260.219,-267362.188
18.772,-263209.938,-263307.625,-263134.844,-263232.594
18.782,-259091.828,-259179.016,-259017.016,-259104.266
18.792,-254981.656,-255064.344,-254907.266,-254990
18.802,-250705.891,-250785.531,-250632.031,-250711.734
18.812,-247073.844,-247095.141,-247000.844,-247022.188
18.822,-245734.656,-245659.219,-245663.344,-245587.938
18.832,-246269.016,-246168.906,-246200.109,-246100
18.842,-247125.531,-247036.25,-247059.234,-246969.969
18.852,-247671.469,-247601.453,-247607.812,-247537.828
18.862,-247982.734,-247916.688,-247921.781,-247855.766
18.872,-248507.688,-248432.797,-248449.609,-248374.734
18.882,-249234.469,-249162.109,-249179.406,-249107.078
18.892,-250126.594,-250049.156,-250074.688,-249997.266
18.902,-251240.766,-251164.781,-251192.141,-251116.172
18.912,-252059.422,-252013.859,-252014.125,-251968.594
18.922,-251441.484,-251471.406,-251399.391,-251429.359
18.932,-248016.016,-248151.609,-247976.812,-248112.469
18.942,-242325.109,-242489.312,-242288.609,-242452.891
18.952,-236392.109,-236527.25,-236358.484,-236493.688
18.962,-230660.484,-230789.328,-230629.984,-230758.906
18.972,-224909.047,-225019.031,-224881.906,-224991.953
18.982,-220231.906,-220271.125,-220208.484,-220247.766
18.992,-217237.438,-217226.547,-217218.109,-217207.266
19.002,-214971.016,-214953.234,-214956,-214938.281
19.012,-213096.469,-213058.672,-213085.922,-213048.188
19.022,-211636.594,-211588.859,-211630.656,-211582.969
19.032,-211076.047,-210983.703,-211074.797,-210982.5
19.042,-211454.438,-211355.438,-211457.906,-211358.953
19.052,-211626.609,-211556.141,-211634.797,-211564.391
19.062,-211213.672,-211166.172,-211226.625,-211179.203
19.072,-209763.656,-209769.922,-209781.5,-209787.812
19.082,-206597.109,-206661.938,-206620.047,-206684.938
19.092,-202074.375,-202162.328,-202102.734,-202190.75
19.102,-197028.891,-197118.281,-197062.938,-197152.391
19.112,-191363.5,-191473.953,-191403.609,-191514.125
19.122,-185326.047,-185415.828,-185372.594,-185462.438
19.132,-180392.141,-180411.422,-180445.125,-180464.469
19.142,-177028.797,-177008.766,-177087.953,-177068.031
19.152,-173338.141,-173365.609,-173403.766,-173431.312
19.162,-169119.359,-169120.75,-169191.781,-169193.281
19.172,-166219.438,-166160.641,-166298.234,-166239.578
19.182,-163773.953,-163736.953,-163858.984,-163822.094
19.192,-161385.344,-161320.062,-161476.562,-161411.438
19.202,-159938.25,-159844.906,-160035.109,-159941.922
19.212,-158803.391,-158723.188,-158905.609,-158825.562
19.222,-157089.594,-157041.484,-157197.438,-157149.484
19.232,-154465.484,-154446.234,-154579.531,-154560.406
19.242,-151464.469,-151446.094,-151584.969,-151566.719
19.252,-147458.703,-147502.359,-147586.547,-147630.281
19.262,-141581.297,-141669.328,-141718.359,-141806.438
19.272,-135124.781,-135187.281,-135272.141,-135334.703
19.282,-128961.75,-129006.148,-129119.719,-129164.203
19.292,-122822.344,-122858.484,-122991.602,-123027.844
19.302,-116268.422,-116309.68,-116450.391,-116491.75
19.312,-109801.164,-109799.156,-109996.742,-109994.906
19.322,-104282.484,-104229.977,-104491,-104438.781
19.332,-99884.3594,-99790.8516,-100104.352,-100011.25
19.342,-94818.7422,-94788.1797,-95052.3906,-95022.1172
19.352,-88460.0156,-88397.9609,-88711.75,-88650.0938
19.362,-86533.9297,-86197.2344,-86792.2344,-86456.7812
19.372,-89583.3594,-89217.6172,-89833.9531,-89469.4688
19.382,-91491.1172,-91264.5625,-91737.1797,-91511.4609
19.392,-90174.0781,-90059.3438,-90423.6562,-90309.4609
19.402,-86605.2656,-86540.1562,-86864.2891,-86799.5938
19.412,-81811.8828,-81773.8438,-82084.4531,-82046.7578
19.422,-75346.0859,-75356.7109,-75639.3516,-75650.1797
19.432,-68702.1797,-68619.8672,-69019.8438,-68938.1641
19.442,-65143.2852,-64915.4609,-65473.7031,-65247.3086
19.452,-63443.4688,-63221.9297,-63777.875,-63557.793
19.462,-60705.4141,-60531.9648,-61049.0391,-60876.8711
19.472,-57863.0586,-57645.8906,-58216.5586,-58001.0234
19.482,-54671.3086,-54517.9961,-55037.2617,-54885.293
19.492,-47681.9727,-47677.0703,-48089.8789,-48085.375
19.502,-35403.5508,-35506.707,-35930.9883,-36033.0898
19.512,16776.668,15648.8057,15702.082,14489.8857
19.522,49196.668,48558.6523,48651.2656,48002.4492
19.532,70367.5078,70079.7031,69978.1484,69689.3516
19.542,86250.9609,86099.5625,85996.5391,85846.7031
19.552,98925.7188,98828.5391,98713.2266,98616.4375
19.562,109181.414,109172,109008.242,108999.531
19.572,117833.719,117828.898,117680.742,117676.219
19.582,126096.32,126102.367,125964.5,125970.867
19.592,133561.75,133593.844,133443.719,133476.016
19.602,139776.375,139857.844,139671.922,139753.625
19.612,143893.609,144051.109,143798.156,143955.859
19.622,145976.312,146182.562,145889.531,146096
19.632,146508.906,146757.984,146428.406,146677.703
19.642,144989.906,145320.094,144915.625,145246.062
19.652,140154.109,140604.891,140083.641,140534.719
19.662,131654.188,132205.188,131586.797,132138.141
19.672,120402.086,121008.617,120335.906,120942.828
19.682,107222.609,107868.555,107157.516,107803.906
19.692,92542.0547,93220.2734,92476.4922,93155.2422
19.702,74486.3594,75317.6797,74418.0469,75250.1797
19.712,53944.9453,54712.6016,53867.625,54636.418
19.722,37363.8359,37882.9219,37278.1992,37798.5078
19.732,18954.9258,19929.6602,18835.2637,19815.9219
19.742,-23287.8574,-22779.2637,-23333.8984,-22826.2969
19.752,-31295.0957,-31335.457,-31306.666,-31347.2344
19.762,-24930.5488,-25830.2227,-24919.5859,-25819.9082
19.772,26052.9844,24499.3691,26091.1699,24539.9121
19.782,50040.4961,49125.5078,50076.8477,49162.5586
19.792,69075.4844,68403.9297,69113.7891,68442.6484
19.802,84222.4766,83799.4922,84262.8984,83840.1406
19.812,93997.4531,93782.5078,94041.8594,93827.0625
19.822,99763.7344,99670.1172,99813.0703,99719.5391
19.832,103260.336,103227.789,103315.023,103282.547
19.842,105331.477,105342.867,105391.82,105403.258
19.852,107350.992,107325.633,107416.5,107391.219
19.862,110810.18,110732.656,110879.641,110802.227
19.872,115333.703,115239.109,115405.938,115311.461
19.882,120423.414,120323.805,120497.758,120398.266
19.892,124558.633,124537.219,124635.219,124613.883
19.902,126522.664,126575.195,126602.516,126655.078
19.912,126700.211,126808.078,126784.055,126891.914
19.922,124441.734,124648.508,124531.055,124737.742
19.932,120311.445,120522.18,120407.461,120618.102
19.942,117709.562,117796.914,117811.125,117898.484
19.952,118451.805,118430.992,118555.844,118535.141
19.962,120645.922,120632.289,120750.992,120737.453
19.972,121562.156,121618.656,121668.977,121725.508
19.982,121638.211,121669.062,121747.172,121778.078
19.992,124401.164,124281.578,124509.523,124390.117
20.002,130613.875,130424.211,130718.664,130529.227
20.012,137409.766,137260.438,137510.641,137361.484
20.022,142911.453,142823.641,143009.422,142921.734
20.032,147106.109,147059.312,147201.906,147155.203
20.042,150330.016,150314.125,150424.141,150408.312
20.052,153258.062,153230.594,153350.438,153323.047
20.062,157462.781,157365.188,157552.547,157455.047
20.072,163809.547,163644.344,163895.438,163730.359
20.082,172123.922,171907.609,172205.141,171988.953
20.092,181617.047,181386.641,181693.297,181463.016
20.102,191940.875,191692.891,192012.203,191764.344
20.112,202252.781,202048.703,202319.531,202115.531
20.122,210676.156,210570.703,210739.188,210633.797
20.132,216685.125,216655.156,216745.234,216715.281
20.142,220948.578,220967.344,221006.219,221025
20.152,223798.734,223861.562,223854.234,223917.031
20.162,225581.984,225665.609,225635.5,225719.109
20.172,226837.766,226930.875,226889.344,226982.422
20.182,227219.969,227345.797,227269.703,227395.516
20.192,227415.484,227506.047,227463.312,227553.859
20.202,228820.188,228859.281,228865.797,228904.875
20.212,230734.344,230781.531,230777.578,230824.766
20.222,232110.016,232172.641,232150.969,232213.578
20.232,233599.609,233633.859,233638.203,233672.438
20.242,235487.438,235520.406,235523.594,235556.531
20.252,236698.797,236769.312,236732.609,236803.094
20.262,236839.797,236940.594,236871.406,236972.172
20.272,235244.047,235417.969,235273.641,235447.531
20.282,231611.562,231826.562,231639.328,231854.297
20.292,227253.094,227453.031,227279.031,227478.922
20.302,223198.422,223367.875,223222.406,223391.828
20.312,219794.984,219930.781,219816.891,219952.641
20.322,216597.688,216731.578,216617.453,216751.281
20.332,213448.578,213556.531,213466.125,213574.031
20.342,211736.469,211758.109,211751.609,211773.234
20.352,212466.328,212404.672,212478.938,212417.234
20.362,215099.906,214993.906,215109.938,215003.922
20.372,218911.219,218779.078,218918.766,218786.578
20.382,223347.859,223214.859,223353.031,223219.984
20.392,227506.203,227407.906,227509.156,227410.828
20.402,230467.656,230427.703,230468.547,230428.562
20.412,231623.641,231651.953,231622.578,231650.859
20.422,231028.062,231102.953,231025.094,231099.969
20.432,229440.25,229529.875,229435.422,229525.016
20.442,227244.656,227345.562,227238,227338.859
20.452,225423.359,225471.812,225414.875,225463.281
20.462,225690.172,225647.406,225680,225637.203
20.472,228036.953,227944.188,228025.312,227932.484
20.482,231966.234,231828.172,231953.297,231815.188
20.492,236656.172,236526.125,236642.141,236512.047
20.502,241196.969,241079.672,241181.938,241064.594
20.512,246088.75,245951.562,246072.828,245935.594
20.522,251611.438,251470.875,251594.812,251454.219
20.532,256779.062,256679.375,256761.828,256662.094
20.542,261093.109,261015.438,261075.266,260997.562
20.552,266075.656,265944.562,266057.344,265926.219
20.562,272548.469,272388.625,272529.875,272370
20.572,279190.375,279064.219,279171.594,279045.406
20.582,284501.594,284442.125,284482.688,284423.156
20.592,288322.875,288307.719,288303.75,288288.562
20.602,290665.594,290708.812,290646.281,290689.469
20.612,291391,291479.531,291371.438,291459.969
20.622,290977.625,291092.688,290957.812,291072.875
20.632,289267.344,289427.438,289247.25,289407.344
20.642,286652.406,286808.312,286632.031,286787.938
20.652,284560.188,284670.969,284539.594,284650.375
20.662,283274.188,283362.344,283253.5,283341.688
20.672,282304.938,282377.625,282284.281,282356.938
20.682,282328.25,282343.938,282307.75,282323.438
20.692,283428.125,283427.344,283407.906,283407.094
20.702,284446.438,284462.938,284426.531,284443.062
20.712,285158.562,285175.688,285139.031,285156.156
20.722,286040.188,286042.562,286021.062,286023.438
20.732,287555.281,287528.688,287536.688,287510.062
20.742,289996.25,289938.562,289978.25,289920.562
20.752,293337.938,293254.594,293320.656,293237.281
20.762,297664.938,297552.094,297648.438,297535.562
20.772,302455,302357.406,302439.344,302341.75
20.782,305905.625,305890.75,305890.781,305875.906
20.792,307181.375,307230.875,307167.281,307216.781
20.802,307125.938,307200,307112.531,307186.625
20.812,306157.5,306260.625,306144.812,306247.938
20.822,304316.969,304436.156,304304.969,304424.188
20.832,302182.719,302294.281,302171.469,302283.031
20.842,299878.312,299993.625,299867.812,299983.156
20.852,297573.625,297670.938,297563.906,297661.219
20.862,295632.469,295713.75,295623.594,295704.906
20.872,293621.344,293709.594,293613.344,293701.594
20.882,291585.188,291657.219,291578.062,291650.125
20.892,289859.188,289919.312,289852.969,289913.125
20.902,288063.875,288127.438,288058.625,288122.188
20.912,286686.719,286712.25,286682.375,286707.938
20.922,286055.312,286068.656,286051.938,286065.312
20.932,284935.062,284989.094,284932.688,284986.719
20.942,282447.094,282542.844,282445.688,282541.469
20.952,279131.031,279228.531,279130.594,279228.125
20.962,275944.062,276022.188,275944.594,276022.75
20.972,272719.875,272805.406,272721.406,272806.969
20.982,269497.031,269561.5,269499.531,269564.031
20.992,266982.406,267009.688,266985.875,267013.188
21.002,265712.125,265687.156,265716.531,265691.594
21.012,265851.594,265787.156,265856.844,265792.438
21.022,266732.25,266660.25,266738.344,266666.344
21.032,268205.219,268109.719,268212.031,268116.594
21.042,270369.281,270266.375,270376.812,270273.938
21.052,272203.812,272141.812,272211.969,272150
21.062,272933.656,272911.719,272942.469,272920.562
21.072,272919.844,272913.344,272929.219,272922.781
21.082,272536.938,272539.906,272546.844,272549.875
21.092,272228.594,272217.5,272238.938,272227.906
21.102,272344.469,272320.125,272355.219,272330.938
21.112,272940.344,272895.906,272951.406,272907
21.122,274717.156,274621.125,274728.375,274632.375
21.132,277805.531,277684.125,277816.781,277695.438
21.142,281645.406,281508.625,281656.594,281519.875
21.152,286625.5,286447.688,286636.531,286458.75
21.162,292555.125,292377.719,292565.906,292388.531
21.172,298224,298079.25,298234.469,298089.75
21.182,303849.406,303692.031,303859.531,303702.188
21.192,310480.969,310291.969,310490.625,310301.688
21.202,317704.594,317527.812,317713.75,317537
21.212,324618.031,324468,324626.656,324476.656
21.222,331086.5,330957.812,331094.594,330965.906
21.232,337070.25,336967.281,337077.781,336974.844
21.242,342486.688,342406.438,342493.594,342413.375
21.252,347520.781,347454.188,347527.094,347460.531
21.262,351897.906,351872.375,351903.594,351878.125
21.272,354409.812,354465.906,354414.938,354471.031
21.282,355171.656,355256.562,355176.156,355261.125
21.292,355491.188,355570.656,355495.031,355574.531
21.302,355679.25,355761.344,355682.438,355764.562
21.312,355759.094,355838.125,355761.625,355840.688
21.322,355243.844,355354.625,355245.656,355356.469
21.332,353664.438,353800.625,353665.562,353801.75
21.342,351218.938,351373.938,351219.312,351374.344
21.352,347800.938,347979.625,347800.531,347979.281
21.362,344049.875,344207.219,344048.688,344206.062
21.372,340490.156,340637.406,340488.156,340635.469
21.382,336756.156,336901.594,336753.344,336898.812
21.392,333334.938,333441.562,333331.281,333437.938
21.402,331014.812,331071.75,331010.312,331067.281
21.412,329848.875,329871.938,329843.531,329866.625
21.422,328783.844,328825.125,328777.688,328818.969
21.432,327401.062,327437.25,327394.062,327430.281
21.442,326327.062,326346.719,326319.25,326338.938
21.452,325124.312,325159,325115.688,325150.406
21.462,324235.969,324228.188,324226.562,324218.781
21.472,324842.438,324778.031,324832.281,324767.938
21.482,326983.25,326875.969,326972.469,326865.188
21.492,330515.406,330373.594,330504.031,330362.25
21.502,334329.344,334217.875,334317.438,334206
21.512,337326.594,337249.344,337314.156,337236.969
21.522,339980.75,339906.906,339967.844,339894.031
21.532,342233.625,342191.938,342220.219,342178.562
21.542,343671.781,343656.031,343657.906,343642.188
21.552,344712.875,344699.438,344698.531,344685.094
21.562,346064.656,346029.5,346049.875,346014.719
21.572,348168.875,348112.125,348153.688,348096.938
21.582,350356.062,350319.344,350340.531,350303.812
21.592,352066.75,352045.469,352050.875,352029.594
21.602,353443.531,353433.25,353427.312,353417.062
21.612,354449.5,354452.531,354432.938,354436
21.622,355337.312,355335.719,355320.469,355318.906
21.632,356244.719,356246.531,356227.594,356229.406
21.642,357024.031,357026.875,357006.625,357009.469
21.652,358277.125,358248.312,358259.469,358230.656
21.662,360252.188,360211.875,360234.344,360194.062
21.672,362053.656,362038.062,362035.656,362020.094
21.682,363221.312,363227.281,363203.156,363209.125
21.692,363437.75,363485.938,363419.375,363467.594
21.702,362324.031,362412.656,362305.406,362394.062
21.712,360132.312,360245.25,360113.406,360226.375
21.722,356846.219,356994.75,356826.969,356975.531
21.732,352384.688,352555.812,352365.031,352536.188
21.742,347576.188,347724.688,347556.094,347704.625
21.752,343797.844,343880.156,343777.406,343859.75
21.762,341939.625,341949.062,341918.969,341928.406
21.772,341689.438,341657.125,341668.625,341636.312
21.782,342829.594,342747.344,342808.75,342726.5
21.792,345439.938,345319.531,345419.125,345298.75
21.802,348977.531,348844.125,348956.844,348823.438
21.812,353237.25,353087.5,353216.75,353067
21.822,357652.375,357525.625,357632.062,357505.312
21.832,361600.875,361498.188,361580.719,361478.062
21.842,364963.125,364889.656,364943.125,364869.656
21.852,367608.688,367562.969,367588.75,367543.062
21.862,369709.25,369677.531,369689.375,369657.688
21.872,371810.312,371767.75,371790.5,371747.969
21.882,374564.906,374497.719,374545.188,374478.031
21.892,377646.625,377587.875,377627,377568.281
21.902,380611.344,380559.312,380591.812,380539.781
21.912,383279.125,383247.812,383259.688,383228.375
21.922,385227.312,385225.812,385207.906,385206.406
21.932,386529.594,386543,386510.156,386523.594
21.942,387370.812,387399.844,387351.344,387380.375
21.952,387594.438,387645.906,387574.875,387626.375
21.962,387039.688,387114.938,387020,387095.281
21.972,385694.188,385789,385674.344,385769.156
21.982,383868.219,383962.812,383848.125,383942.75
21.992,382266.938,382335.344,382246.656,382315.062
22.002,381334.938,381375.875,381314.469,381355.406
22.012,380967.5,380992.312,380946.844,380971.688
22.022,380781.438,380803.375,380760.625,380782.594
22.032,380975.062,380970.062,380954.094,380949.094
22.042,382112.156,382072.719,382091.062,382051.656
22.052,383935.5,383887.125,383914.344,383865.969
22.062,385945.688,385900.125,385924.469,385878.906
22.072,387543.188,387526.906,387521.875,387505.562
22.082,388353.469,388359.781,388331.969,388338.312
22.092,389007.688,389002.281,388986.031,388980.625
22.102,390041.844,390024.406,390020.031,390002.594
22.112,391166.656,391157.219,391144.688,391135.25
22.122,391762.719,391780.438,391740.562,391758.312
22.132,391598.5,391636.938,391576.125,391614.562
22.142,391001.531,391044.125,390978.875,391021.5
22.152,390274.375,390317.562,390251.406,390294.625
22.162,389216.344,389276.375,389193.094,389253.125
22.172,387329.844,387419.562,387306.219,387395.969
22.182,384605.281,384711.125,384581.219,384687.062
22.192,381253.281,381371.375,381228.719,381346.844
22.202,377546.656,377659.625,377521.594,377634.594
22.212,374078.5,374167.312,374052.906,374141.75
22.222,370940.281,371017.719,370914.156,370991.625
22.232,368036.625,368096.219,368010,368069.594
22.242,365821.344,365845.219,365794.219,365818.125
22.252,364368.969,364371.312,364341.406,364343.781
22.262,363614.219,363588.125,363586.281,363560.219
22.272,363776.531,363722.156,363748.25,363693.906
22.282,364292.719,364248.656,364264.156,364220.094
22.292,364302.219,364284.375,364273.344,364255.469
22.302,363893.75,363878.031,363864.469,363848.781
22.312,363919.219,363876.531,363889.594,363846.906
22.322,364506.844,364459.656,364476.938,364429.75
22.332,364897.469,364870.344,364867.25,364840.125
22.342,365020.281,364994.125,364989.75,364963.594
22.352,365299.25,365266.219,365268.406,365235.375
22.362,365693.781,365663.594,365662.625,365632.438
22.372,365965.156,365944.719,365933.688,365913.219
22.382,365761.594,365768.25,365729.75,365736.438
22.392,364277.062,364342.625,364244.75,364310.312
22.402,360782.188,360916.75,360749.219,360883.781
22.412,355104.344,355297.625,355070.5,355263.812
22.422,348152.781,348345.812,348117.938,348311
22.432,341628.969,341770.844,341593.094,341735.031
22.442,335960.062,336076.438,335923.281,336039.656
22.452,330274.344,330394.531,330236.562,330356.781
22.462,324688.281,324776.906,324649.531,324738.156
22.472,320231.781,320265.844,320192.156,320226.25
22.482,316566,316589.312,316525.562,316548.906
22.492,313431.094,313420.969,313389.969,313379.844
22.502,311374.312,311328.062,311332.594,311286.375
22.512,309671.906,309637.344,309629.688,309595.156
22.522,307880.875,307842.562,307838.156,307799.844
22.532,306197.625,306162.656,306154.438,306119.438
22.542,303901.062,303903.812,303857.281,303860.031
22.552,300722.312,300745.781,300677.844,300701.344
22.562,296771.156,296819.688,296725.938,296774.469
22.572,292303.375,292351,292257.281,292304.906
22.582,288061.875,288087.312,288014.938,288040.406
22.592,284202.625,284218.312,284154.938,284170.656
22.602,280158.531,280192.906,280110.062,280144.438
22.612,274863,274950.031,274813.531,274900.594
22.622,268454.469,268545.5,268403.812,268494.844
22.632,262284.75,262340.219,262232.906,262288.375
22.642,256815.75,256844.25,256762.844,256791.344
22.652,251935.703,251936.594,251881.859,251882.75
22.662,248127.938,248077.328,248073.375,248022.766
22.672,245701.922,245606.266,245647,245551.312
22.682,245132.172,244960.828,245077.312,244905.938
22.692,247301.125,247044.469,247246.984,246990.266
22.702,251509.766,251233.625,251456.812,251180.625
22.712,256034.484,255791.938,255982.797,255740.203
22.722,259765.266,259573.031,259714.688,259522.422
22.732,262877.719,262706.844,262828.156,262657.25
22.742,265514.094,265379.031,265465.5,265330.406
22.752,267230.938,267139.594,267183.125,267091.781
22.762,267979.594,267923.062,267932.5,267875.938
22.772,267951.625,267921.094,267905.125,267874.625
22.782,267258.719,267254.094,267212.812,267208.156
22.792,265461.688,265503.781,265416.188,265458.281
22.802,262622.469,262681.5,262577.281,262636.344
22.812,259506.344,259560.734,259461.5,259515.906
22.822,256289.062,256345.938,256244.625,256301.531
22.832,252851.453,252908.234,252807.469,252864.266
22.842,249709.109,249735.906,249665.703,249692.516
22.852,247449.406,247439.922,247406.828,247397.344
22.862,246166.188,246126.609,246124.672,246085.094
22.872,245281.484,245245.469,245241.172,245205.172
22.882,244386.031,244343.312,244347,244304.281
22.892,244547.547,244450.875,244510.031,244413.359
22.902,245352.562,245279.031,245316.734,245243.203
22.912,244786.547,244781.438,244752.25,244747.141
22.922,243226.188,243220.938,243193.344,243188.109
22.932,241885.156,241867,241853.875,241835.734
22.942,240732.078,240710.625,240702.469,240681.016
22.952,240041.344,239990.969,240013.5,239963.125
22.962,240498.891,240403.688,240473,240377.797
22.972,242421.109,242282.875,242397.344,242259.094
22.982,245454.672,245297.406,245433.141,245275.875
22.992,249440.547,249257.031,249421.297,249237.766
23.002,254295.219,254104.531,254278.281,254087.578
23.012,259073.203,258917.625,259058.484,258902.922
23.022,262851.594,262748.406,262839,262735.812
23.032,265160.031,265118.094,265149.469,265107.531
23.042,265770.906,265786.688,265762.312,265778.094
23.052,265133.094,265176.562,265126.406,265169.906
23.062,263489.594,263570.469,263484.844,263565.719
23.072,260361.25,260489.656,260358.391,260486.812
23.082,256434.906,256553.797,256434.016,256552.922
23.092,252796.031,252887.078,252797.141,252888.203
23.102,250223.031,250255.922,250226.172,250259.078
23.112,249112.766,249100.797,249117.938,249105.984
23.122,248643.344,248627.672,248650.516,248634.859
23.132,248388.203,248364.125,248397.328,248373.281
23.142,247862.031,247863.578,247873.109,247874.672
23.152,246782.469,246795.547,246795.484,246808.578
23.162,245011.922,245058.031,245026.891,245073.016
23.172,242076.047,242155.938,242093,242172.906
23.182,238642.562,238711.047,238661.547,238730.031
23.192,235569.047,235610.047,235590.016,235631.016
23.202,233709.281,233690.203,233732.094,233713.031
23.212,232976.922,232941.688,233001.406,232966.188
23.222,232214.125,232197.641,232240.203,232223.734
23.232,230618.344,230639.328,230646.047,230667.031
23.242,227884.547,227938.609,227913.938,227968.016
23.252,224472.359,224529.109,224503.469,224560.234
23.262,221233.062,221266.062,221265.828,221298.844
23.272,218452.625,218475.062,218486.906,218509.359
23.282,214952.719,215025.891,214988.547,215061.734
23.292,209680.469,209809.312,209718.094,209846.922
23.302,202500.922,202679.891,202540.672,202719.625
23.312,193999.641,194186.266,194041.828,194228.422
23.322,185110.625,185280.984,185155.406,185325.75
23.332,176273.859,176415.328,176321.344,176462.797
23.342,168434.969,168498.641,168484.969,168548.656
23.352,162943.312,162895.828,162995.172,162947.734
23.362,160877.578,160702.672,160930.141,160755.312
23.372,161812.703,161572.797,161864.859,161625.047
23.382,164654.078,164372.422,164705.109,164423.547
23.392,169370.562,169046.406,169419.812,169095.75
23.402,174980.078,174685.375,175027.281,174732.672
23.412,179519.781,179306.953,179565.172,179352.406
23.422,182511.297,182351.969,182555.219,182395.922
23.432,185057.641,184904.469,185100.109,184946.969
23.442,187491.234,187363.5,187532.203,187404.5
23.452,189286.406,189189.297,189325.906,189228.812
23.462,191321.891,191195,191359.812,191232.953
23.472,194515.422,194359.703,194551.484,194395.781
23.482,198631.484,198461.141,198665.469,198495.141
23.492,203543.578,203359.578,203575.375,203391.391
23.502,208729.344,208566.844,208758.938,208596.438
23.512,213127.688,213019.531,213155.188,213047.016
23.522,215978.438,215937.984,216004.047,215963.578
23.532,216964.562,216989.141,216988.453,217013
23.542,216642.625,216692.438,216664.891,216714.672
23.552,215725.203,215786.797,215745.844,215807.406
23.562,214641.109,214692.75,214660.094,214711.703
23.572,214417.594,214417.844,214434.781,214435
23.582,215489.094,215451.719,215504.359,215466.969
23.592,217705.5,217634.875,217718.766,217648.109
23.602,220323.344,220265.094,220334.594,220276.328
23.612,222707.656,222659.266,222716.953,222668.531
23.622,224863.062,224831.906,224870.438,224839.25
23.632,225853.75,225886.281,225859.234,225891.734
23.642,225114.375,225198.484,225118.031,225202.109
23.652,222780.391,222913.969,222782.219,222915.75
23.662,218861.969,219033.406,218861.938,219033.328
23.672,214564.562,214704.109,214562.625,214702.125
23.682,211163.266,211258.203,211159.375,211254.266
23.692,208637.484,208698.953,208631.625,208693.047
23.702,207425.422,207423.531,207417.625,207415.688
23.712,207620.625,207582.938,207610.984,207573.25
23.722,208882.281,208810.906,208870.891,208799.453
23.732,210822.688,210747.812,210809.641,210734.703
23.742,212491.266,212445.734,212476.609,212431.031
23.752,213144.062,213145.297,213127.812,213129
23.762,212088.281,212157.562,212070.344,212139.578
23.772,209134.562,209254.484,209114.797,209234.672
23.782,204948.797,205091.031,204927.094,205069.297
23.792,199294.859,199498.016,199271.016,199474.156
23.802,190987.25,191273.516,190960.859,191247.109
23.812,180920.641,181203.312,180891.312,181173.969
23.822,170384.359,170660.766,170351.719,170628.125
23.832,158913.578,159206.547,158877.109,159170.062
23.842,146252.094,146546.625,146210.984,146505.531
23.852,133031.75,133290.078,132985.094,133243.422
23.862,120151.984,120341.867,120098.875,120288.75
23.872,108554.391,108639.836,108494.211,108579.609
23.882,98979.8984,98955.4766,98912.5703,98888.0234
23.892,90717.4766,90647.1328,90642.8047,90572.2734
23.902,81360.1562,81339.9844,81275.8281,81255.4922
23.912,67561.3984,67655.6406,67459.1172,67553.3359
23.922,50126.8828,50063.3828,49989.1328,49925.2266
23.932,34011.207,33502.0547,33810.5273,33297.9531
23.942,18503.1875,17258.6621,18144.7891,16873.1309
23.952,-11646.2402,-13868.7393,-12126.626,-14274.9609
23.962,-7110.05029,-11534.6611,-7813.76465,-11983.6123
23.972,25093.623,22897.8867,25100.4883,22899.3203
23.982,42054.2305,40786.6836,42051.2656,40778.3711
23.992,54583.8672,53745.0352,54521.25,53677.8477
24.002,63646.1797,62992.4297,63586.5742,62930.5859
24.012,72490.9062,71886.8906,72424.5234,71818.8438
24.022,81680.3828,81158.1719,81619.2812,81096.1328
24.032,89469.7188,89080.6953,89409.0547,89019.4531
24.042,94947.3516,94670.0391,94889.875,94612.25
24.052,99086.1328,98846.4688,99029.4297,98789.5859
24.062,104584.953,104269.875,104531.969,104216.766
24.072,112896.508,112529.148,112847.375,112479.945
24.082,121839.18,121537.961,121794.93,121493.719
24.092,128640.266,128462.141,128599.195,128421.156
24.102,133413.297,133289.188,133375.438,133251.453
24.112,137345.25,137259.438,137309.938,137224.281
24.122,139742.969,139729.406,139710.375,139697
24.132,142205.641,142125.828,142175.547,142095.922
24.142,147386.391,147211.812,147359.719,147185.312
24.152,154413.125,154221.844,154389.812,154198.703
24.162,162357.281,162142.266,162337.516,162122.688
24.172,171202.734,170980.953,171186.203,170964.609
24.182,179633.969,179470.016,179620.594,179456.812
24.192,186551.641,186446.719,186540.984,186436.266
24.202,192804.672,192707.875,192796.75,192700.125
24.212,198128.031,198096.672,198122.562,198091.375
24.222,201646.219,201671.109,201643.234,201668.281
24.232,204328.281,204359.562,204327.625,204359.062
24.242,206288.453,206354.422,206290.188,206356.312
24.252,207989.953,208032,207993.984,208036.188
24.262,210458.469,210472.828,210464.844,210479.344
24.272,212986.094,213016.562,212994.656,213025.266
24.282,215239.391,215269.469,215250.188,215280.406
24.292,217192.5,217236.734,217205.422,217249.797
24.302,219030.875,219061.25,219045.938,219076.438
24.312,221424.859,221429.203,221441.906,221446.375
24.322,224164.625,224167.062,224183.594,224186.141
24.332,226887.672,226889.094,226908.453,226909.969
24.342,229723.391,229713.359,229745.922,229735.984
24.352,233231.188,233188.344,233255.281,233212.531
24.362,237287.391,237240.234,237312.906,237265.828
24.372,241537.953,241479.734,241564.734,241506.594
24.382,246643.625,246544.719,246671.531,246572.703
24.392,252688.812,252573.312,252717.594,252602.156
24.402,259184.031,259063.625,259213.547,259093.203
24.412,265578.875,265482.781,265609,265512.969
24.422,270674,270646,270704.781,270676.812
24.432,274016.688,274039.5,274048.219,274071.062
24.442,276116.469,276168.781,276148.812,276201.156
24.452,277519.406,277580.375,277552.562,277613.531
24.462,278893.938,278940.375,278927.844,278974.312
24.472,280488.719,280527.156,280523.219,280561.688
24.482,282090.906,282129.375,282125.969,282164.438
24.492,283505.875,283550.188,283541.375,283585.688
24.502,284594.094,284645.219,284630,284681.125
24.512,285726.812,285758.562,285763.062,285794.781
24.522,287692.438,287683.125,287728.844,287719.531
24.532,290580.656,290547.719,290617,290584.062
24.542,294022.031,293975.312,294058.156,294011.438
24.552,297808.906,297754.906,297844.719,297790.75
24.562,301831.844,301772.156,301867.25,301807.562
24.572,306099.281,306035.094,306134.156,306070
24.582,310216.688,310172.031,310251.031,310206.375
24.592,313691.812,313672.344,313725.625,313706.156
24.602,316702.594,316689.75,316735.844,316723.031
24.612,319710,319692,319742.656,319724.656
24.622,322730.656,322718.812,322762.688,322750.812
24.632,325272.438,325282.375,325303.812,325313.719
24.642,327732.938,327723.562,327763.625,327754.25
24.652,330962.188,330927.094,330992.062,330956.969
24.662,333859.594,333873.844,333888.656,333902.875
24.672,334991.625,335069.469,335019.938,335097.781
24.682,334638.5,334744.969,334666.156,334772.625
24.692,333555.375,333671.156,333582.406,333698.156
24.702,332096.656,332215.219,332123.031,332241.562
24.712,330336.625,330456.844,330362.344,330482.531
24.722,328581.5,328685.656,328606.5,328710.625
24.732,327101.656,327189.5,327125.875,327213.688
24.742,326144.562,326199.719,326167.969,326223.125
24.752,326398.031,326401.5,326420.5,326423.938
24.762,327389.875,327394,327411.312,327415.406
24.772,327992.906,328018.312,328013.312,328038.688
24.782,328199.812,328229.438,328219.219,328248.844
24.792,328122.469,328165.281,328140.875,328183.688
24.802,327341.156,327414.469,327358.594,327431.906
24.812,325309.094,325426.719,325325.625,325443.219
24.822,322066,322206.031,322081.688,322221.719
24.832,318430.188,318558.094,318445.062,318572.938
24.842,315225.219,315319,315239.281,315333.062
24.852,313217.75,313253.844,313230.969,313267.031
24.862,312656.5,312648.281,312668.812,312660.594
24.872,313120.375,313085.438,313131.781,313096.812
24.882,314526.312,314459.531,314536.812,314470.031
24.892,316773.125,316691.125,316782.719,316700.719
24.902,319268.344,319195.406,319277.094,319204.156
24.912,321413.5,321364.531,321421.469,321372.5
24.922,322961.281,322935.875,322968.562,322943.156
24.932,323946.031,323940,323952.688,323946.656
24.942,324411.969,324424.469,324418.031,324430.562
24.952,324233.219,324271.156,324238.812,324276.75
24.962,323162.969,323232,323168.156,323237.188
24.972,321175.062,321267.125,321179.906,321271.969
24.982,318606.188,318705.25,318610.781,318709.812
24.992,315678.062,315783.75,315682.469,315788.156
25.002,312359.438,312468.781,312363.75,312473.094
25.012,309347.75,309420.469,309352.062,309424.781
25.022,307230.5,307274,307234.875,307278.375
25.032,305244.844,305300.875,305249.344,305305.375
25.042,302795.625,302860.75,302800.375,302865.469
25.052,300358.781,300407.344,300363.875,300412.406
25.062,298267.719,298303.312,298273.25,298308.844
25.072,296447.312,296471.781,296453.375,296477.875
25.082,294928.688,294940.219,294935.438,294946.969
25.092,293790.281,293784.938,293797.812,293792.438
25.102,293465.562,293424.781,293473.969,293433.156
25.112,293872.406,293822.312,293881.75,293831.625
25.122,294478.656,294429.312,294489.062,294439.688
25.132,295156.969,295108.812,295168.531,295120.375
25.142,295820.188,295781.25,295833.031,295794.094
25.152,295723.406,295732.719,295737.656,295746.969
25.162,293920.969,293996.5,293936.812,294012.344
25.172,290044.844,290189,290062.594,290206.75
25.182,283639.562,283863.844,283659.531,283883.812
25.192,275409.469,275649.625,275432.094,275672.219
25.202,266345.75,266593.406,266371.406,266619
25.212,256864.641,257091.609,256893.719,257120.656
25.222,248206.422,248364.594,248239.25,248397.391
25.232,240940.906,241041.891,240977.688,241078.656
25.242,235304.828,235331.719,235345.688,235372.562
25.252,231227.062,231211.328,231272.031,231256.312
25.262,227983.969,227946.203,228033.188,227995.422
25.272,225412.734,225352.641,225466.297,225406.234
25.282,223037.812,222988.125,223095.938,223046.281
25.292,220310.531,220274.359,220373.578,220337.438
25.302,217274.75,217245.625,217343.109,217314
25.312,214060.516,214034.75,214134.531,214108.797
25.322,210684.984,210664.875,210765.078,210744.984
25.332,206939.188,206935.203,207025.844,207021.875
25.342,202514.344,202531.156,202608.266,202625.094
25.352,197739,197750.547,197840.844,197852.406
25.362,192712.344,192738.281,192822.781,192848.734
25.372,186625.688,186690.922,186746,186811.234
25.382,179569.422,179642.109,179701.109,179773.781
25.392,171609.078,171711.906,171753.953,171856.719
25.402,162027.188,162169.016,162188.219,162329.953
25.412,151605.484,151714.25,151785.797,151894.484
25.422,142231.266,142257.688,142432.297,142458.766
25.432,133795.141,133795.641,134018.344,134018.922
25.442,125414.117,125388.078,125662.406,125636.516
25.452,117477.219,117410.336,117753.172,117686.547
25.462,108713.93,108695.812,109023.82,109005.875
25.472,97682.4766,97686.2188,98040.0625,98043.9531
25.482,86685.6719,86558.1016,87102.5078,86975.7578
25.492,78841.7422,78536.25,79315.125,79011.7188
25.502,74186.1562,73776.4531,74705.4766,74298.9531
25.512,71519.0312,71051.6641,72074.9766,71611.6094
25.522,69976.2344,69496.5,70562.4375,70087.1406
25.532,68602.4453,68142.8906,69218.875,68763.9062
25.542,67048.8125,66601.7344,67698.3281,67256.0703
25.552,65820.2109,65362.6133,66500.9922,66048.6484
25.562,65052.1641,64615.4141,65760.4609,65329.0156
25.572,62018.4414,61744.9844,62780.4688,62510.9531
25.582,52052.0039,52036.4492,52976.2969,52961.7266
25.592,30140.0508,30352.5625,31721.7422,31924.8789
25.602,-29064.875,-29081.3398,-27435.5566,-27452.3008
25.612,-44571.2227,-44867.7422,-43449.7695,-43750.8203
25.622,-49893.8945,-50441.5156,-48821.5547,-49378.5508
25.632,-48608.5234,-49401.8633,-47499.7617,-48310.25
25.642,-41211.375,-42298.6406,-39866.7539,-40987.9062
25.652,-26971.5312,-28654.9004,-24875.6309,-26689.4922
25.662,10823.6094,6324.72363,14870.8359,12005.0469
25.672,23142.8184,21644.1445,26053.1152,24762.7402
25.682,29245.8477,28321.1895,31706.4336,30864.1387
25.692,29930.2344,29442.3633,32051.4219,31591.2227
25.702,23632.8984,23208.5742,26236.3535,25856.5918
25.712,15260.1807,14505.1494,18808.8164,18198.7676
25.722,7686.86719,5710.46045,13148.9814,12103.4824
25.732,-1894.0824,-5384.79785,9653.8916,8227.30273
25.742,-12371.2334,-12782.043,-11975.4844,-12311.8633
25.752,-31432.8398,-31103.7246,-31048.8633,-30657.9609
25.762,-51638.3047,-51283.2422,-50862.4922,-50472.7852
25.772,-70260.625,-69897.5547,-69627.9453,-69250.7656
25.782,-88237.25,-87873.8516,-87620.625,-87248.4062
25.792,-104756.406,-104458.188,-104209.797,-103907.562
25.802,-119190.156,-118962.836,-118666.016,-118436.664
25.812,-131341.812,-131194.391,-130851.82,-130703.812
25.822,-141564.594,-141469.625,-141087.625,-140992.859
25.832,-150201.156,-150157.188,-149743.75,-149700.484
25.842,-157663.5,-157643.125,-157215.109,-157195.828
25.852,-164479.109,-164480.125,-164045.422,-164047.672
25.862,-169445.359,-169542.312,-169017.328,-169115.969
25.872,-171350.672,-171543.641,-170926.359,-171121.297
25.882,-171074.938,-171305.906,-170646.656,-170879.859
25.892,-169592.75,-169847.25,-169162.047,-169418.891
25.902,-167403.688,-167654.797,-166966.969,-167220.578
25.912,-165812.266,-166000.5,-165374.75,-165565.359
25.922,-166021.328,-166133.578,-165586.328,-165700.844
25.932,-167374.953,-167461.156,-166948.438,-167036.797
25.942,-169986.312,-169996.891,-169570.156,-169582.734
25.952,-174724.781,-174666.469,-174326,-174269.438
25.962,-180037.547,-180000.75,-179655.609,-179620.594
25.972,-184764.797,-184743.703,-184399.594,-184380.203
25.982,-188821,-188828.812,-188469.859,-188479.422
25.992,-191812.656,-191857.062,-191474.812,-191520.938
26.002,-193864.625,-193928.438,-193537.656,-193603.172
26.012,-195407.906,-195476.547,-195092.188,-195162.453
26.022,-196840.266,-196903.359,-196535.094,-196599.766
26.032,-197945.375,-198026.891,-197651.328,-197734.344
26.042,-198114.469,-198225.906,-197829.781,-197942.75
26.052,-197729.188,-197833.672,-197454.203,-197560.109
26.062,-197635.203,-197714.25,-197370.078,-197450.469
26.072,-198080.031,-198133.438,-197826.422,-197881.047
26.082,-199392.062,-199405.812,-199150.75,-199165.609
26.092,-201173.094,-201191.047,-200945.266,-200964.219
26.102,-202200.859,-202257.25,-201985.312,-202042.688
26.112,-202192.094,-202275.25,-201988.406,-202072.484
26.122,-200880.375,-201013.703,-200687.172,-200821.422
26.132,-198074.312,-198240.188,-197891.047,-198057.797
26.142,-194512.344,-194679.75,-194338.516,-194506.75
26.152,-190341.672,-190530.812,-190177.75,-190367.672
26.162,-184594.688,-184841.797,-184439.688,-184687.578
26.172,-177054.828,-177331.781,-176908.469,-177186.172
26.182,-168616.656,-168887.172,-168478.875,-168750.109
26.192,-160180.359,-160412.922,-160052.672,-160285.844
26.202,-152988.594,-153142.172,-152872.906,-153027
26.212,-146502.828,-146655.172,-146401.328,-146554.109
26.222,-139429.844,-139583.312,-139343.312,-139497.188
26.232,-132640.391,-132740.484,-132571.109,-132671.516
26.242,-126938.133,-126981.805,-126888.164,-126932.078
26.252,-123326.406,-123261.727,-123298.5,-123233.969
26.262,-122226.797,-122099.922,-122222.086,-122095.352
26.272,-121438.953,-121350.422,-121458.195,-121369.773
26.282,-119937.836,-119861.023,-119981.359,-119904.648
26.292,-118446.227,-118361.742,-118514.977,-118430.586
26.302,-117188.094,-117097.266,-117282.25,-117191.523
26.312,-116398.258,-116283.523,-116518.164,-116403.555
26.322,-117062.5,-116880.961,-117206.438,-117025.133
26.332,-120274.414,-120013.117,-120438.844,-120177.906
26.342,-125382.078,-125105.258,-125562.961,-125286.539
26.352,-131159.719,-130887.484,-131354.969,-131083.125
26.362,-138036.406,-137725.578,-138242.938,-137932.578
26.372,-147062.562,-146697.188,-147276.297,-146911.453
26.382,-157243.469,-156906.578,-157461.719,-157125.297
26.392,-166176.297,-165939.281,-166400.141,-166163.453
26.402,-172669.203,-172534.75,-172900.938,-172766.688
26.412,-176749.391,-176699.344,-176991.609,-176941.641
26.422,-179177.578,-179169.734,-179431.75,-179423.938
26.432,-180725.484,-180742.125,-180992.438,-181009.062
26.442,-181871.078,-181890.172,-182150.797,-182169.906
26.452,-183523.391,-183511.719,-183814.734,-183803.141
26.462,-185535.016,-185531.578,-185836.781,-185833.422
26.472,-187449.688,-187445.156,-187761.562,-187757.094
26.482,-189598.656,-189589.234,-189919.578,-189910.25
26.492,-190940.719,-190990.266,-191271.578,-191321.109
26.502,-190839.344,-190924.422,-191182.031,-191267.047
26.512,-189810.203,-189921.938,-190166.078,-190277.688
26.522,-187300.5,-187472.453,-187672.016,-187843.734
26.532,-183339.328,-183533.406,-183729.5,-183923.281
26.542,-178605.344,-178807.25,-179016.094,-179217.672
26.552,-174026.656,-174188.125,-174458.203,-174619.406
26.562,-170311.266,-170437.562,-170761.766,-170887.875
26.572,-167072.328,-167177.016,-167540.719,-167645.266
26.582,-165230.422,-165251.094,-165712.641,-165733.422
26.592,-165294.781,-165264.219,-165784.922,-165754.625
26.602,-166834.141,-166751.578,-167327.172,-167245.031
26.612,-170287,-170136.219,-170776.812,-170626.641
26.622,-175644.109,-175453.734,-176124.984,-175935.297
26.632,-181256.641,-181110.578,-181727.844,-181582.328
26.642,-185181.281,-185119.156,-185646.844,-185585.031
26.652,-187389.625,-187368.609,-187853.312,-187832.484
26.662,-189238.766,-189208.969,-189700.766,-189671.172
26.672,-191343.5,-191312.297,-191802.641,-191771.625
26.682,-193130.266,-193121.531,-193586.625,-193578.031
26.692,-194811.969,-194790.219,-195265.219,-195243.625
26.702,-197002.719,-196962.531,-197451.047,-197411.062
26.712,-199885.203,-199820.859,-200326.625,-200262.5
26.722,-203465.266,-203386.391,-203897.812,-203819.203
26.732,-207307.969,-207227.766,-207730.844,-207650.859
26.742,-212134.594,-212005.375,-212545.609,-212416.688
26.752,-217524.938,-217421.859,-217923.016,-217820.156
26.762,-221710.422,-221667.141,-222097.625,-222054.469
26.772,-224922.25,-224894.766,-225300.062,-225272.641
26.782,-227567.641,-227565.172,-227936.625,-227934.172
26.792,-229800.719,-229801.109,-230161.188,-230161.578
26.802,-232063.625,-232060.562,-232415.125,-232412.062
26.812,-234261.938,-234265.609,-234604.234,-234607.891
26.822,-236323.969,-236325.172,-236656.906,-236658.078
26.832,-239116.031,-239071.516,-239438.312,-239393.828
26.842,-243104.312,-243030.141,-243414.172,-243340.062
26.852,-247599.625,-247524.688,-247896.422,-247821.531
26.862,-252221.469,-252147.188,-252505.078,-252430.812
26.872,-256599.031,-256548.844,-256869.781,-256819.578
26.882,-260083.125,-260070.953,-260341.906,-260329.672
26.892,-262899.438,-262896.219,-263146.844,-263143.531
26.902,-265510.25,-265513.656,-265746.281,-265749.625
26.912,-267749.875,-267765.562,-267974.781,-267990.375
26.922,-270305.875,-270286.156,-270519.25,-270499.469
26.932,-273891.969,-273843.062,-274093.031,-274044.031
26.942,-277639.875,-277610.719,-277828.5,-277799.219
26.952,-280732.938,-280728.656,-280909.594,-280905.219
26.962,-283283.531,-283289.719,-283448.562,-283454.688
26.972,-285849.656,-285842.719,-286003.094,-285996.062
26.982,-288892.031,-288868.594,-289033.656,-289010.062
26.992,-291938.594,-291929.719,-292068.438,-292059.438
27.002,-294762.75,-294752.312,-294881,-294870.469
27.012,-297862.688,-297838.719,-297969.344,-297945.25
27.022,-300915.938,-300908.875,-301011.156,-301003.938
27.032,-303428.344,-303439.531,-303512.375,-303523.438
27.042,-305457.094,-305480.375,-305530.188,-305553.312
27.052,-307229.375,-307253.062,-307291.656,-307315.219
27.062,-309195.094,-309202.656,-309246.594,-309254.062
27.072,-311458.125,-311461.156,-311499,-311501.875
27.082,-313448.625,-313472.562,-313479,-313502.781
27.092,-314650.562,-314701.25,-314670.656,-314721.188
27.102,-315268.906,-315326.812,-315278.875,-315336.625
27.112,-315565.25,-315631.969,-315565.188,-315631.75
27.122,-315269.469,-315359.312,-315259.406,-315349.125
27.132,-313989.312,-314110.688,-313969.281,-314090.531
27.142,-311747.562,-311886.719,-311717.531,-311856.562
27.152,-309098.406,-309230.5,-309058.281,-309190.281
27.162,-306654.656,-306762.844,-306604.5,-306712.531
27.172,-304927.469,-304996.938,-304867.375,-304936.719
27.182,-304229.75,-304257.938,-304160.062,-304188.094
27.192,-304706.25,-304691.406,-304627.438,-304612.438
27.202,-306300.688,-306255.75,-306213.281,-306168.188
27.212,-308330.25,-308288.156,-308234.719,-308192.469
27.222,-310387.406,-310345.844,-310284.062,-310242.375
27.232,-312274.094,-312249.938,-312163.281,-312139
27.242,-313413.5,-313422.281,-313295.281,-313303.938
27.252,-313967.688,-313982.75,-313842.156,-313857.125
27.262,-314410.031,-314425.844,-314277.438,-314293.156
27.272,-314707.812,-314730.938,-314568.438,-314591.469
27.282,-314603.281,-314644.531,-314457.25,-314498.406
27.292,-313660.844,-313736.094,-313508.062,-313583.25
27.302,-311533.469,-311643.156,-311373.625,-311483.25
27.312,-308777.312,-308882.688,-308610.312,-308715.625
27.322,-306118.125,-306210.344,-305944.25,-306036.438
27.332,-303486.344,-303576.562,-303305.906,-303396.062
27.342,-300872.875,-300950.594,-300686.094,-300763.75
27.352,-298747.312,-298794.469,-298554.781,-298601.875
27.362,-297473.656,-297486.062,-297276.312,-297288.625
27.372,-297305.219,-297275.031,-297104.094,-297073.812
27.382,-298298.094,-298237.594,-298094.406,-298033.781
27.392,-299645,-299597.469,-299439.406,-299391.75
27.402,-300391.969,-300377.312,-300184.438,-300169.719
27.412,-300157.719,-300177.938,-299948.031,-299968.156
27.422,-299136.344,-299172.375,-298924.344,-298960.312
27.432,-297896.188,-297926.312,-297682.094,-297712.125
27.442,-297078.375,-297082.531,-296862.875,-296866.969
27.452,-296983.906,-296964.125,-296767.938,-296748.062
27.462,-297544.344,-297506.969,-297328.781,-297291.312
27.472,-298392.062,-298357.344,-298177.5,-298142.719
27.482,-299085.469,-299060.062,-298872.188,-298846.719
27.492,-299932.125,-299891.312,-299720.656,-299679.75
27.502,-301301.875,-301247,-301092.906,-301037.938
27.512,-303067.969,-303006.219,-302862.125,-302800.281
27.522,-305132.688,-305066,-304930.5,-304863.719
27.532,-307256.594,-307200.844,-307058.406,-307002.594
27.542,-308782.312,-308761.812,-308588.062,-308567.5
27.552,-309432.344,-309437.656,-309241.75,-309247.062
27.562,-309592.969,-309607.312,-309406.094,-309420.438
27.572,-309354.844,-309385.938,-309171.781,-309202.906
27.582,-308539.75,-308587.438,-308360.531,-308408.219
27.592,-307493.562,-307533.688,-307318.344,-307358.469
27.602,-306872.875,-306887.625,-306702.219,-306716.969
27.612,-306897.531,-306890.625,-306732.062,-306725.188
27.622,-307594.938,-307565.219,-307435.344,-307405.594
27.632,-308710.688,-308679.688,-308557.375,-308526.375
27.642,-309540.094,-309531.875,-309393.125,-309384.906
27.652,-309676.938,-309694.625,-309536.219,-309553.906
27.662,-308878.344,-308929.625,-308743.688,-308795.031
27.672,-307313.812,-307376.062,-307185.156,-307247.469
27.682,-305586.406,-305641.031,-305463.969,-305518.656
27.692,-304052.594,-304095.688,-303936.719,-303979.844
27.702,-302459,-302511.594,-302349.875,-302402.562
27.712,-300300.531,-300370.969,-300198.219,-300268.75
27.722,-297909.594,-297969.406,-297814.312,-297874.188
27.732,-295633.719,-295689.656,-295545.719,-295601.75
27.742,-293000.938,-293076.25,-292920.406,-292995.781
27.752,-289467.656,-289571.688,-289394.594,-289498.688
27.762,-285159.375,-285271.625,-285093.875,-285206.219
27.772,-280642.656,-280743.219,-280585.031,-280685.688
27.782,-276547.438,-276617.625,-276498.094,-276568.375
27.792,-272767.844,-272836.5,-272727.156,-272795.875
27.802,-268393.656,-268488.094,-268361.781,-268456.312
27.812,-263387.188,-263482.531,-263364.469,-263459.906
27.822,-258299.188,-258381.594,-258285.969,-258368.469
27.832,-253686.594,-253731.609,-253683.266,-253728.391
27.842,-250412.609,-250393.297,-250419.516,-250400.297
27.852,-248955.594,-248876.141,-248972.828,-248893.5
27.862,-248919.516,-248810.359,-248947.016,-248837.984
27.872,-249473.703,-249364.25,-249511.328,-249402
27.882,-250097.156,-249993.859,-250144.781,-250041.609
27.892,-250876.484,-250770.141,-250933.953,-250827.734
27.902,-251666.078,-251576.656,-251733.219,-251643.922
27.912,-251682.547,-251637.75,-251759.422,-251714.734
27.922,-250488.344,-250487.25,-250575.25,-250574.266
27.932,-247808.609,-247866.375,-247906.062,-247963.906
27.942,-242916.062,-243052.734,-243025.109,-243161.828
27.952,-235960.953,-236137.234,-236082.938,-236259.25
27.962,-227884.969,-228068.016,-228021.141,-228204.203
27.972,-219790.156,-219934.719,-219941.344,-220085.922
27.982,-212699.609,-212789.172,-212865.891,-212955.531
27.992,-206319.547,-206391.109,-206501.094,-206572.734
28.002,-200133.906,-200188.094,-200331.219,-200385.484
28.012,-194185.891,-194217.547,-194399.391,-194431.172
28.022,-189403.656,-189361.156,-189632.672,-189590.375
28.032,-186790.688,-186673.75,-187032.859,-186916.234
28.042,-185611.125,-185472.625,-185864.547,-185726.391
28.052,-185439.328,-185262.453,-185702.406,-185525.922
28.062,-186924.391,-186700,-187194.406,-186970.469
28.072,-188991.5,-188802.734,-189267.156,-189078.797
28.082,-189795.141,-189674.734,-190077.812,-189957.719
28.092,-189470.094,-189376.438,-189761.047,-189667.688
28.102,-188448.719,-188387.406,-188748.703,-188687.609
28.112,-186661.688,-186621,-186971.656,-186931.156
28.122,-185128.656,-185054.062,-185447.938,-185373.594
28.132,-184687.266,-184584.375,-185013.703,-184911.109
28.142,-184367.578,-184292.422,-184700.547,-184625.656
28.152,-183434.781,-183379.812,-183775.016,-183720.25
28.162,-182225.172,-182177.688,-182572.797,-182525.516
28.172,-180517.422,-180501.781,-180873.078,-180857.562
28.182,-177605.531,-177635.219,-177971.328,-178001.047
28.192,-173951.156,-173977.75,-174328.516,-174355.141
28.202,-170686.766,-170685.812,-171074.828,-171073.953
28.212,-167731.469,-167729.703,-168129.391,-168127.719
28.222,-164805.906,-164797.859,-165213.469,-165205.531
28.232,-161821.5,-161819.125,-162238.703,-162236.406
28.242,-158592.906,-158593.719,-159020.188,-159021.078
28.252,-155418.391,-155408.125,-155855.484,-155845.312
28.262,-152163.547,-152163.375,-152610.562,-152610.453
28.272,-148526.484,-148532.906,-148984.422,-148990.875
28.282,-144768.344,-144767.594,-145237.562,-145236.875
28.292,-141117.875,-141106.141,-141598.031,-141586.375
28.302,-137926.906,-137884.641,-138416.375,-138374.297
28.312,-135943.016,-135839.984,-136437.312,-136334.672
28.322,-136655.609,-136439.719,-137144.703,-136929.594
28.332,-140359.641,-140081.859,-140833.016,-140556.188
28.342,-145218.766,-144958.438,-145673.219,-145413.719
28.352,-149586.344,-149380.109,-150024.016,-149818.375
28.362,-152506.969,-152375.172,-152932.25,-152800.781
28.372,-153813.375,-153741.266,-154230.484,-154158.531
28.382,-153342.328,-153345.5,-153755.594,-153758.688
28.392,-150636.266,-150714.656,-151051.125,-151129.203
28.402,-146296.516,-146399,-146717.047,-146819.156
28.412,-141784.406,-141861.047,-142210.953,-142287.266
28.422,-137761.719,-137816.359,-138192.656,-138247.016
28.432,-134077.094,-134117.031,-134511.094,-134550.781
28.442,-130456.008,-130496.07,-130892.523,-130932.32
28.452,-126249.898,-126316.641,-126690.586,-126756.945
28.462,-120915.453,-121016.523,-121364.133,-121464.672
28.472,-113949.266,-114100.219,-114412.516,-114562.68
28.482,-105400.906,-105570.695,-105887.008,-106055.82
28.492,-95900.8438,-96068.2344,-96418,-96584.2812
28.502,-85516.8672,-85679.9141,-86076.5391,-86238.2891
28.512,-74731.9688,-74844.7031,-75347.7891,-75459.3438
28.522,-63764.7344,-63843.1172,-64455.6875,-64532.9453
28.532,-50936.7109,-51035.5195,-51758.8867,-51855.8086
28.542,-32525.7793,-32716.2188,-33725.9062,-33909.1602
28.552,24950.2344,24552.9355,23487.2988,23065.7754
28.562,48619.2148,48398.918,47828.2891,47602.6055
28.572,65178.3828,65070.2852,64585.0234,64475.7812
28.582,78844.9297,78804.8359,78398.5312,78359.1797
28.592,90286.8828,90271.1953,89913.875,89898.5078
28.602,101540.797,101483.211,101231.422,101174.203
28.612,112919.758,112865.164,112656.367,112602.016
28.622,122463.523,122497.086,122237.242,122271.266
28.632,129781.211,129855.727,129581.422,129656.398
28.642,136335.672,136408.953,136160.047,136233.781
28.652,142183.281,142286.875,142027.797,142131.844
28.662,146586.766,146740.328,146449.375,146603.422
28.672,149040.453,149256.094,148917.875,149134.047
28.682,149695.047,149952,149586.141,149843.625
28.692,148731.281,149038.25,148634.375,148941.891
28.702,145441.016,145831.469,145355.344,145746.391
28.712,139357.531,139822.609,139281.688,139747.406
28.722,131440.297,131924.281,131374.609,131859.219
28.732,122525.242,123027.133,122470.078,122972.617
28.742,112099.961,112641.828,112056.57,112599.102
28.752,101223.734,101710.109,101193.828,101680.852
28.762,91761.7812,92163.5469,91748.8125,92151.1875
28.772,84301.5156,84601.6719,84308.4063,84609.125
28.782,79321.8828,79507.6953,79351.3594,79537.7266
28.792,77029.7188,77104.4062,77082.0859,77157.3594
28.802,76944.8125,76952.2188,77019.1172,77027.1484
28.812,77025.0078,77057.0781,77120.4219,77153.0859
28.822,76589.4062,76606.0938,76706.4531,76723.75
28.832,77102.1797,77055.2188,77238.7734,77192.5156
28.842,78893.5859,78804.1719,79046.8047,78958.1641
28.852,82421.6016,82251.8984,82586.6953,82417.9062
28.862,87822.1953,87617.8281,87994.3828,87790.9375
28.872,92973.9688,92826.8281,93152.4297,93006.0547
28.882,97085.3672,96969.2188,97271.125,97155.6484
28.892,100126.625,100068.062,100320.609,100262.586
28.902,101125.328,101149.266,101330.75,101355.031
28.912,100442.75,100500.695,100662.375,100720.586
28.922,98302.9062,98424.3516,98539.9453,98661.4844
28.932,93316.8984,93546.3906,93579.1016,93808.3359
28.942,86014.6172,86261.7344,86311.8047,86558.4766
28.952,78531.1172,78732.9375,78869.4922,79070.8828
28.962,72365.5469,72478.8438,72745.9062,72859.0703
28.972,68088.6953,68125.3828,68506.1094,68543.0703
28.982,64931.6992,64934.75,65382.6641,65386.2227
28.992,62338.8398,62313.2188,62821.5625,62796.6953
29.002,59844.1914,59820.1602,60359.832,60336.5859
29.012,56740.1367,56753.0703,57296.1406,57309.5625
29.022,48812.6836,49107.2266,49469.0781,49760.4258
29.032,26573.2441,27591.5078,27762.8457,28740.1152
29.042,-36518.8828,-35739.7422,-35722.1133,-34924.7852
29.052,-58551.2227,-58091.7773,-58020.7656,-57554.9844
29.062,-74650.6875,-74400.8516,-74189.2812,-73936.2109
29.072,-85710.9297,-85659.1875,-85302.7188,-85250.1797
29.082,-92311.7734,-92394.8828,-91918.5859,-92001.4766
29.092,-95308,-95509.1328,-94920.9297,-95122.6172
29.102,-96171.9922,-96400.9453,-95779.6719,-96009.3125
29.112,-96611.7812,-96840.2578,-96216.1172,-96445.3984
29.122,-96460.3828,-96716.9453,-96057.8359,-96315.3672
29.132,-95252.1094,-95539.6719,-94840.5,-95129.2656
29.142,-92885.1875,-93204.6328,-92458.6172,-92779.5234
29.152,-89705.4219,-90034.0547,-89261.0156,-89591.3125
29.162,-85741,-86095.1484,-85273.1094,-85629.2578
29.172,-81053.8125,-81406.1953,-80557.5156,-80912.1484
29.182,-77040.2656,-77325.0703,-76516.7109,-76803.5625
29.192,-74640.4453,-74863.6172,-74099.7969,-74324.7109
29.202,-72261.625,-72514.3828,-71702.8438,-71957.7031
29.212,-68989.2188,-69234.7578,-68405.0547,-68652.8359
29.222,-67469.4375,-67579.2344,-66873.1953,-66984.1328
29.232,-68690.8125,-68719.3594,-68106.4219,-68135.3672
29.242,-71494.0625,-71465.5391,-70933.1875,-70904.6016
29.252,-75337.2734,-75281.1562,-74806.0156,-74749.6641
29.262,-78813.2891,-78798.4688,-78306.4844,-78291.7656
29.272,-80485.2031,-80549.0547,-79990.9453,-80055.4219
29.282,-79114.5469,-79292.6016,-78614.4844,-78793.9375
29.292,-75571.5703,-75763.5156,-75052.2031,-75245.7734
29.302,-72171.5938,-72326.5547,-71632.5547,-71789
29.312,-68227.6328,-68416.7656,-67663.4531,-67854.4922
29.322,-65229.8008,-65274.8398,-64646.3711,-64692.168
29.332,-67686.8594,-67500.8281,-67130.4219,-66943.1562
29.342,-73653.8906,-73443.2734,-73146.5781,-72934.7812
29.352,-79839.0781,-79642.375,-79375.1484,-79177.5703
29.362,-85947.5625,-85763.7266,-85520.7266,-85336.2734
29.372,-91664.1953,-91512.2969,-91268.3203,-91116.0703
29.382,-96562.1641,-96451.0781,-96190.7969,-96079.6016
29.392,-100357.508,-100293.008,-100004.93,-99940.5234
29.402,-103027.922,-103004.281,-102689.414,-102666.023
29.412,-104312.438,-104346.047,-103983.422,-104017.477
29.422,-104032.211,-104114.195,-103707.969,-103790.562
29.432,-102262.531,-102395.328,-101938.906,-102072.484
29.442,-98305.7656,-98524.0156,-97975.9844,-98195.3438
29.452,-91848.4922,-92120.7266,-91503.5156,-91777.1641
29.462,-85360.2109,-85550.0938,-84998.0469,-85189.1484
29.472,-80772.5625,-80899.1094,-80399.6797,-80527.2422
29.482,-75446.4375,-75652.5,-75058.0703,-75265.6406
29.492,-68166.3359,-68378.9453,-67749.3281,-67963.7109
29.502,-62074.2383,-62165.2031,-61630.8867,-61722.9883
29.512,-57509.7812,-57581.6797,-57047.2422,-57120.2031
29.522,-52548.5352,-52615.9336,-52060.2188,-52128.7344
29.532,-48415.2461,-48384.4688,-47905.2031,-47874.5781
29.542,-47245.1641,-47071.9805,-46742.1055,-46567.4805
29.552,-50332.0312,-50021.3438,-49876.0977,-49562.8984
29.562,-54927.5781,-54677.7773,-54523.4727,-54272.1211
29.572,-57481.5547,-57345.4609,-57109.4453,-56972.793
29.582,-58173.3242,-58081.6406,-57820.3125,-57728.4336
29.592,-58828.3984,-58714.25,-58494.0234,-58379.5898
29.602,-60458.457,-60318.4102,-60147.2266,-60006.8164
29.612,-62617.6836,-62487.668,-62330.8281,-62200.5742
29.622,-64350.2461,-64257.5117,-64084.5625,-63991.8125
29.632,-65756.5703,-65667.9844,-65510.0156,-65421.4688
29.642,-67534.8594,-67435.8984,-67307.9453,-67209.0312
29.652,-69799.8359,-69691.2656,-69593.1094,-69484.5938
29.662,-73070.9922,-72928.7422,-72885.7734,-72743.5312
29.672,-76631.7734,-76522.5469,-76466.9688,-76357.8672
29.682,-79613.2656,-79530.4609,-79466.1562,-79383.5625
29.692,-82170.1016,-82113.7656,-82038.9219,-81982.8516
29.702,-83585.6562,-83593.4531,-83467.9922,-83476.1562
29.712,-83493.5,-83552.6328,-83387.2109,-83446.7812
29.722,-81650.8516,-81778.5781,-81554.0547,-81682.3047
29.732,-78506.3125,-78650.25,-78418.1562,-78562.6406
29.742,-74760.7188,-74927.6094,-74681.3281,-74848.8125
29.752,-69193.8594,-69442.0703,-69122.4453,-69371.3516
29.762,-62022.5781,-62278.4922,-61958.9805,-62215.6406
29.772,-53701.1758,-53997.4805,-53646.3164,-53943.4766
29.782,-44374.9141,-44638.3164,-44330.9062,-44595.2305
29.792,-37272.0664,-37360.8945,-37245.9023,-37335.5703
29.802,-31807.0059,-31920.3477,-31806.1504,-31920.3887
29.812,-19220.748,-19790.7617,-19266.9824,-19837.0996
29.822,24633.2949,23961.3398,24568.1152,23893.1855
29.832,43544.5781,43040.207,43484.0938,42978.2305
29.842,60013.2109,59636.3516,59950.9492,59573.1289
29.852,73319.4922,73112.4688,73255.5156,73047.8984
29.862,82745.8594,82676.5938,82677.1016,82607.4219
29.872,88382.6484,88454.5078,88307.4531,88379.0547
29.882,91038.6875,91191.3281,90955.0781,91107.5703
29.892,90683.8281,90968.2266,90589.5625,90873.9688
29.902,86489.3125,86900.2812,86379.7891,86790.9844
29.912,79411.2656,79897.4297,79280.7734,79767.4219
29.922,69438.5312,70054.2344,69276.9453,69893.7344
29.932,54784.3008,55612.3789,54565.0625,55395.9961
29.942,32852,34096.6133,32465.6738,33723.8594
29.952,-22681.168,-21235,-23229.7539,-21820.9434
29.962,-41669.8672,-40995.1641,-42019.457,-41351.832
29.972,-53595.6758,-53228.3945,-53894.1094,-53529.5508
29.982,-61794.7305,-61608.4258,-62058.8984,-61873.543
29.992,-68553.3828,-68380.7812,-68804.5,-68632.8438
30.002,-75930.375,-75759.2344,-76166.1406,-75995.7266
30.012,-83952.9766,-83773.7656,-84176.4375,-83997.9219
30.022,-92269.7969,-92110.4375,-92481.2344,-92322.4062
30.032,-100177.914,-100053.195,-100380.742,-100256.422
30.042,-107019.414,-106951.438,-107216.062,-107148.32
30.052,-112913.766,-112871.32,-113106.758,-113064.484
30.062,-118027.102,-118026.164,-118217.539,-118216.672
30.072,-121855.789,-121897.531,-122045.867,-122087.609
30.082,-125942.734,-125932.953,-126131.695,-126121.969
30.092,-130987.195,-130967.711,-131173.734,-131154.312
30.102,-135808.438,-135811.391,-135992.703,-135995.672
30.112,-140050.75,-140073.547,-140233.531,-140256.328
30.122,-143380.859,-143442.781,-143563.094,-143624.953
30.132,-145778.531,-145862.375,-145961.25,-146044.984
30.142,-147222.422,-147343.578,-147406.484,-147527.484
30.152,-147396.688,-147555.125,-147583.5,-147741.719
30.162,-146658.25,-146825.641,-146848.672,-147015.812
30.172,-146110.312,-146243.266,-146303.938,-146436.688
30.182,-146006.469,-146133.719,-146202.469,-146329.531
30.192,-145063.922,-145234.797,-145263.25,-145433.859
30.202,-143054.109,-143236.094,-143258,-143439.688
30.212,-140713.734,-140887.25,-140922.594,-141095.812
30.222,-138717.766,-138856.75,-138930.953,-139069.672
30.232,-137370.562,-137484.375,-137586.969,-137700.562
30.242,-136024.016,-136142.156,-136243.438,-136361.344
30.252,-134760.875,-134851.25,-134983.016,-135073.188
30.262,-134225.812,-134283.766,-134449.234,-134507.047
30.272,-133861.391,-133924.531,-134085.609,-134148.609
30.282,-133479.047,-133523.25,-133703.812,-133747.906
30.292,-133882.641,-133888.031,-134106.453,-134111.797
30.302,-134423.25,-134452.781,-134645.641,-134675.078
30.312,-133612.844,-133697.562,-133835.766,-133920.312
30.322,-131583.688,-131683.594,-131808.922,-131908.594
30.332,-129195.094,-129290.969,-129423.047,-129518.703
30.342,-126593.93,-126689.914,-126824.805,-126920.562
30.352,-124010.852,-124087.234,-124244.484,-124320.672
30.362,-121900.312,-121948.93,-122135.617,-122184.094
30.372,-120300.148,-120326.328,-120535.961,-120562.039
30.382,-119399.414,-119389.742,-119634.109,-119624.406
30.392,-119368.961,-119331.203,-119600.617,-119562.891
30.402,-119803.289,-119758.016,-120030.797,-119985.555
30.412,-120560.289,-120501.648,-120782.852,-120724.266
30.422,-121596.25,-121533.922,-121813.195,-121750.922
30.432,-122955.617,-122876.609,-123166.273,-123087.344
30.442,-125213.992,-125103.711,-125416.82,-125306.656
30.452,-127526.375,-127455.734,-127721.367,-127650.781
30.462,-128277.281,-128274.68,-128466.719,-128464.055
30.472,-128067.914,-128063.367,-128252.977,-128248.367
30.482,-128579.57,-128532.25,-128759.023,-128711.703
30.492,-130076.219,-130009.039,-130248.633,-130181.469
30.502,-131933.453,-131867.031,-132098.344,-132031.922
30.512,-133835.469,-133774.547,-133992.797,-133931.859
30.522,-135460.969,-135421.453,-135611.047,-135571.5
30.532,-136548.484,-136529.203,-136691.859,-136672.516
30.542,-137328.234,-137315.391,-137465.125,-137452.203
30.552,-137857.781,-137858.359,-137988.328,-137988.812
30.562,-138050.453,-138063.641,-138174.844,-138187.922
30.572,-137564.375,-137614.078,-137683.016,-137732.578
30.582,-135484.438,-135600.469,-135598.438,-135714.281
30.592,-131603.094,-131763.422,-131713.625,-131873.719
30.602,-126613.828,-126786.852,-126721.414,-126894.188
30.612,-121403.57,-121560.664,-121508.016,-121664.859
30.622,-115889.336,-116061.062,-115990.445,-116161.914
30.632,-109537.227,-109720.609,-109635.266,-109818.367
30.642,-103150.039,-103293.188,-103244.5,-103387.391
30.652,-97814.3906,-97900.1484,-97903.7188,-97989.2812
30.662,-93245.7031,-93314.0703,-93328.5234,-93396.6953
30.672,-88285.7656,-88369.7734,-88361.625,-88445.4297
30.682,-83130.8594,-83186.2344,-83198.9844,-83254.1641
30.692,-78445.25,-78465.6406,-78504.1953,-78524.4141
30.702,-75331.6484,-75259.4688,-75379.2109,-75306.9141
30.712,-73798.6953,-73706.3281,-73833.1406,-73740.6484
30.722,-71745.375,-71691.5938,-71766.25,-71712.3047
30.732,-70146.4375,-70015.7656,-70152.875,-70022.0312
30.742,-71385.2344,-71146.5781,-71376.9062,-71138.0312
30.752,-75724.2891,-75412.6797,-75702.5547,-75390.6797
30.762,-81539.4844,-81244.625,-81506.3047,-81211.1484
30.772,-86868.9375,-86637.1172,-86825.5,-86593.3906
30.782,-91127.7812,-90948.9766,-91074.6016,-90895.5391
30.792,-94707.25,-94557.9609,-94644.7422,-94495.1953
30.802,-97853.6172,-97733.3906,-97782.125,-97661.6641
30.812,-100439.938,-100349.32,-100359.586,-100268.758
30.822,-102861.633,-102768.953,-102772.75,-102679.844
30.832,-106100.508,-105973.812,-106004.227,-105877.273
30.842,-110252.812,-110121.93,-110150.414,-110019.281
30.852,-113821.133,-113746.484,-113712.547,-113637.711
30.862,-116755.906,-116682.312,-116640.953,-116567.164
30.872,-120304.805,-120206.969,-120184.445,-120086.398
30.882,-124278.367,-124188.922,-124153.391,-124063.742
30.892,-128069.82,-127994.086,-127940.375,-127864.469
30.902,-132075.75,-131986.359,-131942.391,-131852.828
30.912,-136326.141,-136249.328,-136189.391,-136112.438
30.922,-139772.016,-139742.203,-139631.391,-139601.469
30.932,-142647.562,-142617.969,-142502.75,-142473.062
30.942,-145600.547,-145573.734,-145451.891,-145425
30.952,-148225.953,-148223.109,-148073.391,-148070.484
30.962,-149956.781,-149992.531,-149799.625,-149835.344
30.972,-150606.938,-150676.156,-150444.266,-150513.5
30.982,-150322.953,-150416.844,-150153.906,-150247.844
30.992,-149395.062,-149503.109,-149219,-149327.141
31.002,-147441.25,-147594.359,-147256.984,-147410.25
31.012,-143997.719,-144188.219,-143803.219,-143993.938
31.022,-139811.828,-139997.938,-139605.703,-139792.047
31.032,-135375.375,-135559.266,-135156.719,-135340.859
31.042,-131120.438,-131270.984,-130888.922,-131039.711
31.052,-127509.172,-127627.562,-127265.383,-127383.961
31.062,-124690.445,-124764.32,-124435.484,-124509.477
31.072,-123380.242,-123383.18,-123117.023,-123119.93
31.082,-123638.586,-123602.992,-123370.516,-123334.805
31.092,-124023.727,-124011.5,-123751.281,-123738.992
31.102,-124106.789,-124086.008,-123829.547,-123808.688
31.112,-125060.461,-124994.562,-124780.586,-124714.508
31.122,-126662.281,-126600.227,-126381.414,-126319.203
31.132,-128048.086,-128001.578,-127766.008,-127719.375
31.142,-128843.008,-128823.898,-128558.68,-128539.516
31.152,-129164.289,-129151.398,-128876.953,-128864.023
31.162,-129397,-129385.641,-129106.711,-129095.32
31.172,-129506.938,-129498.602,-129213.672,-129205.32
31.182,-129959.648,-129928.922,-129664.43,-129633.633
31.192,-130428.008,-130418.047,-130131.117,-130121.133
31.202,-130495.148,-130488.438,-130195.945,-130189.234
31.212,-130867.844,-130841.531,-130567.289,-130540.93
31.222,-131270.375,-131262.219,-130968.781,-130960.625
31.232,-131045.641,-131060.469,-130741.844,-130756.727
31.242,-130245.438,-130274.953,-129938.367,-129967.984
31.252,-128918.703,-128966.195,-128607.367,-128655
31.262,-126754.75,-126834.625,-126437.273,-126517.391
31.272,-123421.617,-123534.055,-123095.086,-123207.867
31.282,-119532.617,-119633.242,-119195.328,-119296.281
31.292,-116045.68,-116116.203,-115698.445,-115769.219
31.302,-112938.953,-112993.797,-112582.664,-112637.727
31.312,-110673.078,-110673.242,-110310.297,-110310.508
31.322,-109679.961,-109643.984,-109314.93,-109278.875
31.332,-109123.344,-109087.906,-108757.734,-108722.227
31.342,-108787.461,-108736.219,-108422.305,-108370.938
31.352,-109011.555,-108938.391,-108648.977,-108575.625
31.362,-110307.625,-110194.586,-109951.336,-109837.977
31.372,-112040.188,-111948.477,-111691.609,-111599.672
31.382,-113089.211,-113031.617,-112746.367,-112688.672
31.392,-113428.68,-113396.602,-113089.703,-113057.602
31.402,-112984.664,-112977.281,-112647.539,-112640.211
31.412,-113253.508,-113176.602,-112920.633,-112843.578
31.422,-115590.062,-115455.117,-115267.438,-115132.203
31.432,-119012.031,-118872.414,-118702.266,-118562.375
31.442,-122791.672,-122651.07,-122495.148,-122354.305
31.452,-126666.109,-126542.797,-126382.484,-126259.008
31.462,-129701.602,-129637.258,-129428.648,-129364.266
31.472,-130904.219,-130912.734,-130638.07,-130646.719
31.482,-131018.461,-131031.578,-130757.148,-130770.414
31.492,-131629.844,-131610.469,-131374.547,-131355.266
31.502,-132899.844,-132868.25,-132651.969,-132620.422
31.512,-134889.562,-134826.125,-134650.422,-134587
31.522,-137792.172,-137707.516,-137563.219,-137478.562
31.532,-141250.391,-141158.859,-141032.266,-140940.719
31.542,-144987.812,-144896.031,-144780.562,-144688.797
31.552,-148818.266,-148733.766,-148621.672,-148537.188
31.562,-152320,-152262.312,-152133.297,-152075.672
31.572,-155083.625,-155054.062,-154905.719,-154876.25
31.582,-157762.406,-157719.172,-157593.047,-157549.922
31.592,-160686.156,-160649.062,-160525.484,-160488.484
31.602,-162967.922,-162973.172,-162815.172,-162820.547
31.612,-163815.891,-163877.141,-163669.719,-163731.172
31.622,-163139.75,-163243.641,-162998.969,-163103.094
31.632,-161509.078,-161625.844,-161373.062,-161490.078
31.642,-159699.938,-159805.359,-159568.781,-159674.422
31.652,-158046.594,-158142.562,-157920.641,-158016.812
31.662,-156243.438,-156348.594,-156122.781,-156228.172
31.672,-153738.953,-153868.844,-153623.312,-153753.438
31.682,-150518.547,-150655.453,-150407.672,-150544.828
31.692,-147252.172,-147370.766,-147146.328,-147265.156
31.702,-144052.188,-144168.594,-143951.734,-144068.359
31.712,-140629.203,-140743.703,-140534.312,-140649.031
31.722,-137366.438,-137455.562,-137277.531,-137366.875
31.732,-134592.781,-134660.812,-134510.516,-134578.734
31.742,-131931.234,-131997.031,-131856,-131921.984
31.752,-129417.453,-129462.367,-129349.641,-129394.719
31.762,-127407.664,-127427.547,-127347.82,-127367.859
31.772,-126260.633,-126235.109,-126209.375,-126183.984
31.782,-126965.289,-126859.086,-126923.375,-126817.281
31.792,-129834.406,-129671.93,-129802.273,-129639.891
31.802,-133962.797,-133787.25,-133940.219,-133764.766
31.812,-138354.891,-138196.656,-138341.312,-138183.188
31.822,-142104.969,-141993.422,-142099.812,-141988.375
31.832,-144681.25,-144618.281,-144684.078,-144621.219
31.842,-146180.141,-146154.562,-146190.703,-146165.25
31.852,-146552.719,-146569.906,-146570.969,-146588.266
31.862,-146128.875,-146156.172,-146154.859,-146182.266
31.872,-145774.594,-145787.984,-145808.266,-145821.766
31.882,-145529.625,-145546.594,-145570.938,-145588
31.892,-145265.984,-145278.281,-145314.859,-145327.266
31.902,-145104.625,-145115.484,-145160.984,-145171.922
31.912,-144643.094,-144672.062,-144706.984,-144736.031
31.922,-143897.625,-143924.297,-143969.125,-143995.875
31.932,-143302.812,-143318.734,-143381.812,-143397.828
31.942,-143038.531,-143038.344,-143124.797,-143124.703
31.952,-143463.297,-143433.781,-143556.266,-143526.859
31.962,-144412.078,-144378.75,-144511.25,-144478.031
31.972,-145384.078,-145353.812,-145489.234,-145459.078
31.982,-146608.359,-146564.203,-146719.094,-146675.047
31.992,-148079.469,-148032.797,-148195.375,-148148.797
32.002,-150489.219,-150386.969,-150609.297,-150507.203
32.012,-154746.859,-154592.75,-154869.406,-154715.484
32.022,-159731.047,-159591.562,-159855.25,-159715.922
32.032,-164692.688,-164558.516,-164818.312,-164684.297
32.042,-169473.547,-169364.719,-169600.516,-169491.828
32.052,-173521.922,-173451.875,-173650.562,-173580.609
32.062,-176480.297,-176455.672,-176611.188,-176586.609
32.072,-178356.234,-178362.5,-178489.938,-178496.234
32.082,-179893.031,-179896.938,-180029.594,-180033.516
32.092,-181130.609,-181157.969,-181270.047,-181297.422
32.102,-181656.047,-181702.125,-181798.719,-181844.781
32.112,-182224.609,-182248.188,-182370.297,-182393.891
32.122,-183197.594,-183213.875,-183345.812,-183362.109
32.132,-184337.719,-184346.594,-184488.141,-184497.031
32.142,-185768.25,-185765.484,-185920.453,-185917.719
32.152,-187298.453,-187301.016,-187452.188,-187454.75
32.162,-188497.281,-188516.906,-188652.625,-188672.234
32.172,-189100.688,-189139.703,-189257.938,-189296.938
32.182,-189464.375,-189497.047,-189623.562,-189656.219
32.192,-189996.438,-190020.953,-190157.266,-190181.766
32.202,-190695.484,-190711.688,-190857.641,-190873.828
32.212,-191852.219,-191842.344,-192015.141,-192005.25
32.222,-193963.719,-193917.047,-194126.438,-194079.797
32.232,-196921.281,-196858.156,-197082.969,-197019.891
32.242,-200208.5,-200146.188,-200368.766,-200306.5
32.252,-203247.922,-203208.484,-203406.875,-203367.453
32.262,-205552.531,-205542.781,-205710.609,-205700.844
32.272,-207310.797,-207310.422,-207468.266,-207467.875
32.282,-208914.594,-208916.203,-209071.438,-209073.016
32.292,-210434.484,-210440.453,-210590.641,-210596.578
32.302,-211628.297,-211649.188,-211783.844,-211804.703
32.312,-212605.359,-212623.875,-212760.328,-212778.797
32.322,-213628.453,-213644.547,-213782.672,-213798.719
32.332,-214652.438,-214666.938,-214805.766,-214820.219
32.342,-215881.234,-215882.375,-216033.406,-216034.5
32.352,-217354.281,-217350.938,-217505.016,-217501.625
32.362,-218981.062,-218970.078,-219130.141,-219119.109
32.372,-221021.828,-220990.156,-221168.859,-221137.172
32.382,-223893.141,-223828.453,-224037.516,-223972.828
32.392,-227813.25,-227717.641,-227954.281,-227858.688
32.402,-232471.75,-232367.609,-232609,-232504.875
32.412,-237112.234,-237027.219,-237245.766,-237160.75
32.422,-241320.812,-241254.328,-241450.891,-241384.391
32.432,-245200.109,-245146.109,-245326.906,-245272.891
32.442,-248671.688,-248638,-248795.406,-248761.688
32.452,-251666.281,-251648.219,-251787.156,-251769.047
32.462,-254217.812,-254216.781,-254336,-254334.938
32.472,-256154.938,-256178.219,-256270.703,-256293.906
32.482,-257335.469,-257382.516,-257449.078,-257496.047
32.492,-257854.328,-257916.797,-257966,-258028.391
32.502,-257936.25,-258007,-258046.109,-258116.766
32.512,-257511.859,-257599.938,-257620.031,-257708.016
32.522,-256481.359,-256581.562,-256588.031,-256688.125
32.532,-255134.766,-255234.188,-255239.969,-255339.297
32.542,-253455.625,-253565.938,-253559.422,-253669.625
32.552,-251322.141,-251436.844,-251424.625,-251539.234
32.562,-249188.172,-249285.359,-249289.281,-249386.359
32.572,-247346.859,-247430.375,-247446.375,-247529.797
32.582,-245554.703,-245635,-245652.531,-245732.75
32.592,-243971.375,-244030.141,-244067.375,-244126.062
32.602,-242892.859,-242931.766,-242986.766,-243025.609
32.612,-242115.094,-242147.516,-242206.734,-242239.078
32.622,-241250.688,-241292.172,-241340.031,-241381.453
32.632,-239662.609,-239735.766,-239749.875,-239822.953
32.642,-237327.438,-237410.75,-237412.828,-237496.062
32.652,-234568.953,-234660.234,-234652.531,-234743.734
32.662,-231533.438,-231620.484,-231615.234,-231702.188
32.672,-228894.562,-228949.594,-228974.375,-229029.328
32.682,-226717.953,-226766.375,-226795.562,-226843.906
32.692,-224290.312,-224351.266,-224365.734,-224426.609
32.702,-221713.328,-221763.031,-221786.531,-221836.172
32.712,-219433.422,-219467.562,-219504.266,-219538.344
32.722,-217420.156,-217444.797,-217488.5,-217513.094
32.732,-215657.891,-215670.141,-215723.625,-215735.812
32.742,-214189.938,-214191.391,-214252.938,-214254.328
32.752,-212994.281,-212986.844,-213054.422,-213046.938
32.762,-211929.172,-211921.844,-211986.406,-211979.031
32.772,-210748.938,-210747.953,-210803.281,-210802.25
32.782,-209567.031,-209557.297,-209618.469,-209608.703
32.792,-209027.625,-208984.516,-209076.016,-209032.859
32.802,-209491.875,-209418.453,-209537,-209463.531
32.812,-210934.938,-210834.016,-210976.656,-210875.703
32.822,-213217.172,-213100.062,-213255.406,-213138.281
32.832,-215964.641,-215847.906,-215999.438,-215882.688
32.842,-218682.031,-218582.328,-218713.531,-218613.812
32.852,-221067.406,-220986.609,-221095.781,-221014.953
32.862,-223168.641,-223100.766,-223194.031,-223126.125
32.872,-225002.094,-224950.188,-225024.641,-224972.703
32.882,-226386.719,-226357.953,-226406.562,-226377.734
32.892,-227073.188,-227072.312,-227090.453,-227089.547
32.902,-227263.406,-227269.734,-227278.219,-227284.5
32.912,-227462.312,-227463.078,-227474.734,-227475.453
32.922,-227718.344,-227720.812,-227728.422,-227730.859
32.932,-228029.078,-228025.422,-228036.906,-228033.219
32.942,-228713.875,-228694.328,-228719.516,-228699.938
32.952,-229611.812,-229595.25,-229615.344,-229598.75
32.962,-230582.656,-230559.188,-230584.172,-230560.672
32.972,-232002.172,-231962.172,-232001.766,-231961.734
32.982,-233460.312,-233440.234,-233458.062,-233437.969
32.992,-234045.781,-234065.5,-234041.797,-234061.484
33.002,-233727.672,-233768.672,-233722.016,-233762.984
33.012,-232755.797,-232817.078,-232748.516,-232809.766
33.022,-231070.953,-231151.062,-231062.078,-231142.156
33.032,-229135.562,-229205.641,-229125.141,-229195.188
33.042,-227330.938,-227395.188,-227319.031,-227383.25
33.052,-225338.25,-225411.141,-225324.891,-225397.766
33.062,-223088.781,-223159.797,-223074.031,-223145.016
33.072,-220996.328,-221049.812,-220980.219,-221033.688
33.082,-219276.109,-219314.641,-219258.75,-219297.266
33.092,-217775.766,-217808.203,-217757.234,-217789.656
33.102,-216267.797,-216300.578,-216248.156,-216280.922
33.112,-214785.125,-214808.938,-214764.438,-214788.234
33.122,-213776.453,-213774.156,-213754.828,-213752.516
33.132,-213334.562,-213319.984,-213312.141,-213297.547
33.142,-212935.078,-212928.656,-212911.922,-212905.484
33.152,-212356.859,-212354.469,-212333.031,-212330.625
33.162,-211600.016,-211605.891,-211575.562,-211581.422
33.172,-210508.25,-210524.625,-210483.203,-210499.562
33.182,-209442.531,-209442.828,-209416.953,-209417.25
33.192,-209078.344,-209047.125,-209052.391,-209021.156
33.202,-209516.422,-209465.719,-209490.266,-209439.547
33.212,-210272.484,-210223.516,-210246.219,-210197.25
33.222,-211060.047,-211011.5,-211033.75,-210985.188
33.232,-212070.594,-212011.781,-212044.359,-211985.547
33.242,-213606.5,-213530.469,-213580.453,-213504.406
33.252,-215549.422,-215473.359,-215523.641,-215447.578
33.262,-217282.203,-217227.375,-217256.75,-217201.922
33.272,-218712.078,-218662.484,-218686.953,-218637.359
33.282,-220359.875,-220297.641,-220335.141,-220272.906
33.292,-222458.891,-222387.906,-222434.656,-222363.672
33.302,-224595.078,-224539.188,-224571.375,-224515.5
33.312,-226155.203,-226129.266,-226132.031,-226106.094
33.322,-226971.953,-226970.5,-226949.25,-226947.812
33.332,-227153.125,-227170.938,-227130.875,-227148.719
33.342,-226882.719,-226910.578,-226860.922,-226888.797
33.352,-226282.625,-226319.516,-226261.312,-226298.219
33.362,-225413.844,-225454.219,-225393,-225433.406
33.372,-224556.609,-224588.672,-224536.297,-224568.375
33.382,-223744.859,-223777.438,-223725.109,-223757.703
33.392,-222844,-222876.797,-222824.844,-222857.672
33.402,-221910.672,-221941.406,-221892.156,-221922.922
33.412,-220898.484,-220930.672,-220880.625,-220912.844
33.422,-219966.906,-219988.047,-219949.75,-219970.906
33.432,-219202.359,-219221.172,-219185.969,-219204.797
33.442,-218181.578,-218214.562,-218165.953,-218198.938
33.452,-216912.031,-216942.125,-216897.172,-216927.281
33.462,-215833.812,-215850.328,-215819.766,-215836.297
33.472,-215012.828,-215021.062,-214999.641,-215007.906
33.482,-214513.562,-214505.125,-214501.297,-214492.875
33.492,-214608.922,-214576.906,-214597.609,-214565.609
33.502,-215425.172,-215368.609,-215414.875,-215358.328
33.512,-217276.172,-217182.203,-217266.922,-217172.969
33.522,-219948.281,-219848.062,-219940.125,-219839.922
33.532,-222544.953,-222466.312,-222537.875,-222459.25
33.542,-224658.906,-224602.062,-224652.875,-224596.047
33.552,-226226.719,-226191.062,-226221.703,-226186.078
33.562,-227602.969,-227565.703,-227599,-227561.75
33.572,-228976.172,-228946.797,-228973.203,-228943.859
33.582,-230001.469,-229990.375,-229999.516,-229988.438
33.592,-230608.734,-230610.156,-230607.797,-230609.234
33.602,-230842.109,-230855.609,-230842.172,-230855.688
33.612,-230925.484,-230936.859,-230926.562,-230937.969
33.622,-230934.531,-230953.703,-230936.641,-230955.828
33.632,-230382.547,-230427.469,-230385.688,-230430.625
33.642,-229280.141,-229330.188,-229284.344,-229334.422
33.652,-228284.375,-228316.375,-228289.656,-228321.656
33.662,-227871.281,-227878.781,-227877.609,-227885.125
33.672,-227910.5,-227910.109,-227917.875,-227917.5
33.682,-228025.125,-228025.391,-228033.562,-228033.828
33.692,-228239.594,-228232.109,-228249.062,-228241.594
33.702,-228715.031,-228698.328,-228725.531,-228708.844
33.712,-229455.891,-229432.062,-229467.406,-229443.594
33.722,-230385.938,-230358.078,-230398.438,-230370.594
33.732,-231590.438,-231549.672,-231603.906,-231563.156
33.742,-233488.781,-233419.125,-233503.156,-233433.516
33.752,-236273.875,-236183.234,-236289.078,-236198.453
33.762,-239332.531,-239255.016,-239348.531,-239271.031
33.772,-241831.141,-241787.438,-241847.969,-241804.281
33.782,-243375.484,-243367.688,-243393.188,-243385.391
33.792,-244128.297,-244141.578,-244146.922,-244160.203
33.802,-244176.594,-244216.719,-244196.172,-244236.297
33.812,-243310.203,-243379.047,-243330.812,-243399.672
33.822,-241866.234,-241938.75,-241887.938,-241960.453
33.832,-240214.969,-240289.531,-240237.781,-240312.359
33.842,-238434.297,-238504.125,-238458.25,-238528.078
33.852,-237034.656,-237073.234,-237059.719,-237098.297
33.862,-236776.5,-236764.281,-236802.547,-236790.328
33.872,-237870.5,-237818.766,-237897.375,-237845.656
33.882,-239813.906,-239748.328,-239841.5,-239775.938
33.892,-242115.016,-242045.125,-242143.266,-242073.391
33.902,-244699.203,-244623.578,-244728.062,-244652.453
33.912,-247394.125,-247327.109,-247423.562,-247356.562
33.922,-249637.047,-249599.688,-249667.109,-249629.75
33.932,-251025.422,-251021.406,-251056.172,-251052.156
33.942,-251456.062,-251484.344,-251487.625,-251515.906
33.952,-251080.047,-251127.781,-251112.5,-251160.234
33.962,-250201,-250259.375,-250234.406,-250292.766
33.972,-248802.109,-248878.047,-248836.547,-248912.469
33.982,-246773.469,-246864.203,-246809.031,-246899.734
33.992,-244375.375,-244464.141,-244412.109,-244500.859
34.002,-242186.188,-242250.219,-242224.062,-242288.094
34.012,-240888.859,-240909.219,-240927.75,-240948.109
34.022,-240673.891,-240661.031,-240713.609,-240700.766
34.032,-241214.203,-241182.016,-241254.641,-241222.453
34.042,-242386.703,-242333.422,-242427.703,-242374.422
34.052,-244247.172,-244175.281,-244288.609,-244216.734
34.062,-246494.109,-246423.438,-246535.906,-246465.25
34.072,-248542.812,-248492.234,-248584.984,-248534.406
34.082,-250016.359,-249990.625,-250058.969,-250033.234
34.092,-250865.875,-250861.453,-250909.016,-250904.594
34.102,-251104.266,-251122.312,-251148.031,-251166.062
34.112,-250477.391,-250528.531,-250521.906,-250573.031
34.122,-248996.172,-249065.531,-249041.562,-249110.906
34.132,-247065.047,-247139.969,-247111.406,-247186.297
34.142,-244712.5,-244800.391,-244759.891,-244847.75
34.152,-241886.906,-241981.906,-241935.438,-242030.406
34.162,-238793.422,-238886.359,-238843.141,-238936.047
34.172,-235754.375,-235832.219,-235805.25,-235883.078
34.182,-233134.375,-233188.422,-233186.344,-233240.375
34.192,-230956.406,-230993.797,-231009.359,-231046.719
34.202,-229341.25,-229351.281,-229395.047,-229405.062
34.212,-228261.75,-228260.703,-228316.234,-228315.188
34.222,-227216.359,-227219.391,-227271.5,-227274.531
34.232,-226329.594,-226316.672,-226385.344,-226372.422
34.242,-225855.219,-225831.578,-225911.438,-225887.781
34.252,-225525.547,-225503.969,-225582.156,-225560.578
34.262,-225074.234,-225060.188,-225131.234,-225117.188
34.272,-224421.344,-224413.578,-224478.75,-224470.984
34.282,-223709.375,-223700.109,-223767.156,-223757.891
34.292,-222992.078,-222984.5,-223050.203,-223042.625
34.302,-222286.047,-222275.844,-222344.469,-222334.266
34.312,-221659.531,-221648.547,-221718.203,-221707.219
34.322,-220798.484,-220803.672,-220857.406,-220862.594
34.332,-219519.297,-219534.266,-219578.547,-219593.516
34.342,-218106.422,-218118.016,-218166,-218177.578
34.352,-216869.969,-216870.953,-216929.781,-216930.734
34.362,-215860.906,-215855.766,-215920.828,-215915.672
34.372,-214954.203,-214947.062,-215014.156,-215007
34.382,-214113.688,-214104.156,-214173.609,-214164.078
34.392,-213273.5,-213266.25,-213333.328,-213326.078
34.402,-212369.969,-212364.172,-212429.672,-212423.859
34.412,-211478.859,-211470.438,-211538.375,-211529.953
34.422,-210673.594,-210662.891,-210732.844,-210722.141
34.432,-209769.469,-209767.281,-209828.422,-209826.219
34.442,-208659.984,-208661.922,-208718.641,-208720.578
34.452,-207479.531,-207482.203,-207537.844,-207540.5
34.462,-206083.812,-206098.141,-206141.781,-206156.109
34.472,-204350.25,-204372.641,-204407.906,-204430.281
34.482,-202327.344,-202357.859,-202384.703,-202415.188
34.492,-199912.891,-199954.828,-199970,-200011.906
34.502,-197296.984,-197333.438,-197353.812,-197390.25
34.512,-194885.734,-194906.625,-194942.172,-194963.047
34.522,-192928.953,-192928.344,-192984.797,-192984.156
34.532,-191646,-191617.734,-191700.953,-191672.688
34.542,-191236.203,-191177.719,-191289.969,-191231.5
34.552,-191606.375,-191531.062,-191658.688,-191583.375
34.562,-192319.953,-192244.812,-192370.656,-192295.531
34.572,-193194.109,-193115.969,-193243.125,-193165
34.582,-194338.688,-194256.047,-194385.922,-194303.281
34.592,-195508.484,-195439.734,-195553.875,-195485.125
34.602,-196126.203,-196087.766,-196169.875,-196131.422
34.612,-196144.797,-196122.312,-196186.797,-196164.312
34.622,-195785.609,-195775.531,-195826,-195815.906
34.632,-195235.562,-195226.781,-195274.312,-195265.516
34.642,-194718.344,-194708.625,-194755.375,-194745.656
34.652,-193938.562,-193947.312,-193973.891,-193982.641
34.662,-192613.609,-192638.141,-192647.266,-192671.781
34.672,-190954.656,-190982.188,-190986.641,-191014.156
34.682,-189281.156,-189302.312,-189311.391,-189332.531
34.692,-187742.391,-187756.078,-187770.781,-187784.453
34.702,-186405.156,-186409.938,-186431.625,-186436.391
34.712,-185105.938,-185113.344,-185130.422,-185137.797
34.722,-183824.062,-183823.484,-183846.5,-183845.891
34.732,-182945.047,-182925.203,-182965.328,-182945.453
34.742,-182367.672,-182346.906,-182385.719,-182364.953
34.752,-181689.844,-181677.844,-181705.656,-181693.641
34.762,-180606.203,-180611.266,-180619.766,-180624.812
34.772,-179267.5,-179270.688,-179278.781,-179281.953
34.782,-178023.984,-178021.391,-178032.953,-178030.328
34.792,-176829.141,-176826.172,-176835.734,-176832.75
34.802,-175700.109,-175690.938,-175704.297,-175695.109
34.812,-174797.547,-174777.734,-174799.297,-174779.469
34.822,-174264.344,-174232,-174263.625,-174231.266
34.832,-173821.719,-173797.812,-173818.531,-173794.609
34.842,-173023.766,-173015.75,-173018.109,-173010.078
34.852,-171864.547,-171864.75,-171856.375,-171856.547
34.862,-170512.953,-170517.359,-170502.25,-170506.625
34.872,-168881.016,-168896.969,-168867.719,-168883.656
34.882,-166956.828,-166975.922,-166940.891,-166959.969
34.892,-165029.094,-165041.719,-165010.484,-165023.094
34.902,-163057.625,-163075.453,-163036.297,-163054.109
34.912,-160749.156,-160777.938,-160725.031,-160753.797
34.922,-158178.531,-158207.969,-158151.531,-158180.938
34.932,-155432.953,-155464.672,-155402.969,-155434.656
34.942,-152760.828,-152776.641,-152727.812,-152743.594
34.952,-150495.953,-150494.484,-150459.922,-150458.438
34.962,-148471.844,-148464.469,-148432.844,-148425.438
34.972,-146749.312,-146723.5,-146707.391,-146681.547
34.982,-145538.734,-145495.734,-145494.016,-145450.984
34.992,-144727,-144677.016,-144679.625,-144629.609
35.002,-143757.094,-143727,-143707.047,-143676.906
35.012,-142183.891,-142175.5,-142130.969,-142122.547
35.022,-139959.422,-139972.266,-139903.375,-139916.188
35.032,-137040.484,-137072.562,-136980.969,-137013.031
35.042,-133655.484,-133692.578,-133592.203,-133629.297
35.052,-129764.203,-129820.656,-129696.797,-129753.258
35.062,-124929.172,-125012.711,-124856.93,-124940.484
35.072,-119424.195,-119504.508,-119346.383,-119426.719
35.082,-113957.633,-114015.312,-113873.836,-113931.523
35.092,-108881.086,-108909.031,-108791.125,-108819.055
35.102,-104688.258,-104663.359,-104592.43,-104567.469
35.112,-101923.25,-101841.859,-101822.57,-101741.07
35.122,-100287.75,-100180.219,-100183.211,-100075.531
35.132,-99326.3672,-99201.2734,-99218.6406,-99093.375
35.142,-98770.7188,-98643.6016,-98660.2812,-98532.9766
35.152,-98268.7109,-98146.9219,-98155.6641,-98033.6953
35.162,-98127.5391,-97987.4844,-98012.3516,-97872.0938
35.172,-98646.3281,-98493.3828,-98529.8359,-98376.6641
35.182,-99839.0078,-99669.0938,-99722.0703,-99551.9141
35.192,-101957.734,-101767.445,-101841.461,-101650.922
35.202,-104432.172,-104264.242,-104317.008,-104148.867
35.212,-106376.977,-106247.93,-106262.383,-106133.172
35.222,-107412.641,-107328.969,-107297.734,-107213.945
35.232,-107269.836,-107236.258,-107153.469,-107119.828
35.242,-105814.211,-105826.828,-105695.031,-105707.641
35.252,-103296.586,-103332.031,-103173.375,-103208.844
35.262,-100727.523,-100741.031,-100600.109,-100613.625
35.272,-98434.9297,-98447.3047,-98303.5547,-98315.9375
35.282,-95947.5156,-95965.3594,-95811.8203,-95829.6719
35.292,-93587.2969,-93585.25,-93447.3281,-93445.2656
35.302,-91689.4531,-91673.2031,-91545.7969,-91529.5078
35.312,-89755.625,-89750.4922,-89608.1562,-89603.0078
35.322,-87649.2891,-87639.6016,-87497.6328,-87487.9219
35.332,-85778.3594,-85751.6328,-85622.8203,-85596.0391
35.342,-84660.5859,-84597.3516,-84502.4609,-84439.1094
35.352,-84463.9219,-84379.8516,-84304.9219,-84220.6875
35.362,-84369.3516,-84302.5859,-84209.7266,-84142.8203
35.372,-84105.0234,-84040.5078,-83944.5156,-83879.875
35.382,-83722.0156,-83669.5469,-83560.4688,-83507.9062
35.392,-83211.3047,-83161.9453,-83048.5469,-82999.0938
35.402,-82449.2812,-82419.4688,-82284.8828,-82255.0234
35.412,-81075.5938,-81067.1953,-80908.3828,-80899.9844
35.422,-79527.8516,-79508.8281,-79357.4688,-79338.4141
35.432,-78456.0703,-78413.6406,-78283.4922,-78240.9844
35.442,-78126.8672,-78059.8594,-77953.7266,-77886.5781
35.452,-78207,-78140.1719,-78034.2188,-77967.2656
35.462,-78425.625,-78355.9219,-78253.5625,-78183.7266
35.472,-78734.4609,-78671.4609,-78563.375,-78500.2578
35.482,-78676.5234,-78637.3438,-78505.6953,-78466.4531
35.492,-78276.1875,-78243.6719,-78104.9531,-78072.3984
35.502,-77544.2266,-77532.8047,-77371.9609,-77360.5469
35.512,-76043.9922,-76064.1953,-75869.0469,-75889.3359
35.522,-73602.0469,-73653.6328,-73422.2188,-73473.9688
35.532,-69862.9141,-69960.0547,-69674.6484,-69772.0938
35.542,-65061.9883,-65165.0977,-64861.3672,-64964.8438
35.552,-60259.6758,-60332.2344,-60044.9727,-60117.8398
35.562,-55926.5938,-55966.0352,-55697.5,-55737.1523
35.572,-52535.3594,-52512.707,-52293.9688,-52271.2461
35.582,-50679.3047,-50592.4766,-50431.5391,-50344.3008
35.592,-50147.1523,-50021.2656,-49898.9805,-49772.4727
35.602,-50617.9727,-50465.5703,-50374.0508,-50220.9062
35.612,-51404.2148,-51270.0078,-51165.8086,-51030.9727
35.622,-51318.5,-51236.6602,-51081.6523,-50999.4336
35.632,-50177.7812,-50126.1055,-49937.8477,-49885.9375
35.642,-47974.0625,-47966.9961,-47725.8633,-47718.7773
35.652,-44122.7422,-44172.8555,-43856.4844,-43906.9219
35.662,-38067.3438,-38186.5508,-37764.082,-37884.2695
35.672,-28093.2871,-28351.1426,-27692.6621,-27954.2402
35.682,-6376.73682,-7420.03125,-4434.60107,-5836.27734
35.692,22564.7422,22339.3184,21886.9336,21660.5215
35.702,32859.8945,32806.1953,32389.6543,32353.1289
35.712,40979.043,41030.0195,40932.5156,40999.2773
35.722,46147.0391,46253.8711,46135.9922,46249.2773
35.732,50403.4531,50511.0195,50479.5938,50592.0586
35.742,54776.543,54856.2266,54862.0859,54943.8086
35.752,58669.6172,58792.1602,58785.3594,58909.0352
35.762,60860.7773,61038.2188,60980.6836,61158.1953
35.772,61974.5586,62165.8516,62111.5312,62302.4062
35.782,62699.1641,62889.9883,62838.9727,63028.9883
35.792,63529.2539,63702.2812,63678.582,63850.5586
35.802,64293.2578,64471.5117,64442.8281,64619.8477
35.812,64663.7109,64847.2773,64819.2461,65001.3555
35.822,64835.0586,65010.0664,64990.5234,65164
35.832,65200.9258,65355.9219,65359.4688,65512.8281
35.842,65648.8281,65801.0156,65805.5391,65956.0703
35.852,65663.9766,65829.3594,65822.6641,65986.2188
35.862,65383.9062,65537.6094,65541.6172,65693.4922
35.872,65521.3203,65641.1016,65679.3359,65797.2812
35.882,66283.4609,66377.5391,66437.5547,66529.8906
35.892,67010.4766,67111.6641,67162.6797,67262.0625
35.902,67685.6484,67764.8672,67833.9062,67911.4141
35.912,69075.3594,69112.3672,69219.8281,69255.2031
35.922,71482.7344,71478.2891,71619.9766,71614.0781
35.932,74509.6406,74493.5547,74640.3203,74622.8359
35.942,77361.3984,77359.9609,77485.0469,77482.2891
35.952,79641.5781,79658.0938,79760.4922,79775.6875
35.962,81504.6641,81525.5156,81618.6719,81638.2812
35.972,83267.5859,83287.8203,83377.875,83396.8984
35.982,84509.8438,84558.1484,84616.4219,84663.5703
35.992,84977.5391,85043.8672,85082.1641,85147.3359
36.002,84712.8828,84806.0703,84815.7734,84907.8359
36.012,83066.7344,83213.9062,83170.1953,83316.1797
36.022,80117.3594,80284.0938,80222.4453,80388
36.032,76514.2109,76693.3906,76622.5781,76800.5391
36.042,71404.7578,71651.4609,71518.4453,71763.8125
36.052,64111.293,64407.0703,64235.6875,64529.9062
36.062,55517.2773,55813.6016,55657.418,55951.9844
36.072,46205.3633,46496.2656,46369.9023,46658.6484
36.082,36266.2227,36526.8789,36469.0625,36727.0273
36.092,26025.334,26217.2832,26297.1895,26485.6094
36.102,15266.6104,15317.3906,15698.835,15746.0391
36.112,4293.59961,3070.77173,5510.2124,4614.84277
36.122,5822.12793,3870.46777,6710.97949,5106.04102
36.132,14189.7207,13121.542,14937.9775,13939.1689
36.142,25658.6309,24885.5781,26139.5742,25382.9004
36.152,37547.8672,36983.4141,37821.8281,37259.3203
36.162,47838.7812,47404.3086,48039.3867,47605.832
36.172,56796.6562,56451.9336,56948.1602,56603.3398
36.182,64553.707,64277.0469,64681.3164,64404.7383
36.192,71637.9375,71396.5625,71746.0469,71504.5781
36.202,78512.1484,78294.0781,78607.8906,78389.8672
36.212,85117.3594,84930.1797,85202.1484,85014.9453
36.222,91298.0938,91137.8984,91375.3594,91215.2031
36.232,97301.6953,97155.0391,97372.0313,97225.3906
36.242,102973.648,102859.172,103038.883,102924.445
36.252,107783.164,107712.227,107843.992,107773.07
36.262,111795.211,111749.5,111852.875,111807.211
36.272,115379.75,115350.469,115434.477,115405.227
36.282,118441.172,118438.531,118493.664,118491.07
36.292,120831.328,120851.727,120881.828,120902.25
36.302,122776.43,122808.789,122825.375,122857.789
36.312,124130.539,124190.203,124178.117,124237.82
36.322,124919.211,124986.367,124965.781,125032.977
36.332,125709.75,125769.219,125755.242,125814.758
36.342,126229.219,126309.625,126273.836,126354.297
36.352,126112.102,126207.664,126156.016,126251.609
36.362,125644.719,125743.5,125688.102,125786.93
36.372,124772.211,124887.273,124815.156,124930.258
36.382,123199.242,123334.047,123242.016,123376.859
36.392,121106.82,121243.062,121149.555,121285.828
36.402,119170.555,119281.734,119213.227,119324.445
36.412,117751.125,117838.891,117793.508,117881.32
36.422,116883.43,116944.422,116925.344,116986.391
36.432,116702.992,116736.336,116744.164,116777.562
36.442,116936.242,116961.742,116976.555,117002.117
36.452,117308.375,117327.008,117347.766,117366.453
36.462,117796.555,117809.398,117835.008,117847.898
36.472,118554.297,118551.227,118591.711,118588.688
36.482,119753.531,119735.836,119789.789,119772.148
36.492,121166.734,121147.703,121201.805,121182.805
36.502,122702.383,122678.273,122736.25,122712.18
36.512,124166.414,124154.539,124199.133,124187.281
36.522,125111.617,125122.656,125143.336,125154.398
36.532,125442.422,125472.086,125473.305,125502.977
36.542,125126.93,125178.578,125157.133,125208.789
36.552,124164.484,124231.484,124194.156,124261.141
36.562,122826.117,122895.914,122855.328,122925.109
36.572,121260.648,121333.609,121289.445,121362.375
36.582,119549.867,119616.758,119578.258,119645.125
36.592,118295.609,118328.016,118323.484,118355.867
36.602,117886.664,117889.266,117913.812,117916.398
36.612,118138.164,118120.445,118164.461,118146.727
36.622,118944.961,118909.469,118970.289,118934.789
36.632,120087.172,120048.695,120111.5,120073.008
36.642,121192.859,121161.758,121216.219,121185.094
36.652,122218.164,122187.117,122240.594,122209.523
36.662,123454.883,123413.758,123476.367,123435.219
36.672,124866.562,124827.703,124887.109,124848.227
36.682,126192.719,126160.109,126212.367,126179.734
36.692,127560.234,127522.695,127579.008,127541.438
36.702,129155.609,129112.477,129173.508,129130.344
36.712,130894.57,130851.625,130911.609,130868.633
36.722,132739.094,132694.031,132755.281,132710.203
36.732,134701.609,134657.125,134716.984,134672.469
36.742,136586.078,136551.562,136600.688,136566.156
36.752,138282.922,138255.219,138296.812,138269.078
36.762,139994.844,139964.875,140008.047,139978.047
36.772,141679.578,141658.078,141692.125,141670.594
36.782,143116.188,143105.281,143128.125,143117.203
36.792,144434.266,144423.859,144445.625,144435.203
36.802,145743.812,145735.344,145754.625,145746.125
36.812,147070.562,147060.453,147080.844,147070.719
36.822,148499.266,148485.719,148509.031,148495.469
36.832,150050.766,150034.547,150060.047,150043.797
36.842,151649.891,151635.719,151658.688,151644.5
36.852,153139.766,153132.828,153148.125,153141.172
36.862,154461.109,154459.938,154469.062,154467.859
36.872,155638.266,155642.328,155645.828,155649.875
36.882,156627.109,156639.328,156634.312,156646.516
36.892,157294.172,157319.469,157301.047,157326.328
36.902,157534.359,157573.125,157540.953,157579.703
36.912,157413.578,157459.672,157419.906,157465.984
36.922,157088.672,157136.656,157094.75,157142.719
36.932,156655.188,156704,156661.047,156709.828
36.942,156011.906,156068.297,156017.531,156073.922
36.952,155074.531,155134.875,155079.984,155140.312
36.962,154229.125,154273.062,154234.375,154278.312
36.972,153689.703,153723.984,153694.766,153729.047
36.982,153226.969,153259.047,153231.844,153263.922
36.992,152899.969,152920.5,152904.672,152925.203
37.002,152854.25,152863.938,152858.781,152868.453
37.012,153042.547,153045.406,153046.891,153049.734
37.022,153256.953,153263.375,153261.125,153267.547
37.032,153324.5,153334.031,153328.5,153338.047
37.042,153569.453,153562.031,153573.297,153565.875
37.052,154405.906,154376.516,154409.578,154380.188
37.062,155697.625,155661.984,155701.125,155665.469
37.072,156997.891,156970.812,157001.234,156974.141
37.082,158067.047,158049.891,158070.234,158053.062
37.092,158932.5,158921.734,158935.531,158924.766
37.102,159647.312,159641.766,159650.203,159644.641
37.112,160254.125,160251.5,160256.875,160254.234
37.122,160774.719,160776.078,160777.312,160778.672
37.132,161054.094,161067.703,161056.547,161070.172
37.142,160931.094,160957.172,160933.422,160959.5
37.152,160594.188,160620.281,160596.375,160622.469
37.162,160163.281,160191.984,160165.328,160194.031
37.172,159706.656,159730.297,159708.562,159732.203
37.182,159396.203,159412.516,159397.953,159414.266
37.192,159142.719,159158.609,159144.312,159160.203
37.202,158981.75,158989.812,158983.188,158991.234
37.212,158925.766,158932.812,158927,158934.062
37.222,158870.391,158875.609,158871.453,158876.672
37.232,159020.516,159012.188,159021.391,159013.047
37.242,159645.953,159619.938,159646.609,159620.594
37.252,160652.531,160621.438,160652.953,160621.875
37.262,161600.875,161580.359,161601.094,161580.562
37.272,162433.656,162412.281,162433.641,162412.266
37.282,163477.766,163446.266,163477.516,163446.016
37.292,164827.906,164788.859,164827.406,164788.359
37.302,166478.422,166431.484,166477.656,166430.734
37.312,168317.281,168270.609,168316.266,168269.594
37.322,170237.016,170190,170235.734,170188.719
37.332,172269.078,172221.422,172267.547,172219.875
37.342,174303.281,174262.141,174301.469,174260.312
37.352,176189.625,176156.766,176187.547,176154.672
37.362,177994.125,177963.312,177991.766,177960.938
37.372,179798.641,179770.844,179795.984,179768.188
37.382,181439.734,181423.281,181436.797,181420.328
37.392,182819.922,182812.188,182816.672,182808.938
37.402,184023.531,184020.781,184019.969,184017.219
37.412,185113.516,185115,185109.641,185111.125
37.422,185988.438,185999.672,185984.234,185995.469
37.432,186703.844,186714.172,186699.297,186709.625
37.442,187643.188,187639.531,187638.297,187634.656
37.452,188861.859,188853.172,188856.641,188847.953
37.462,190217.641,190204.688,190212.094,190199.125
37.472,191767.531,191747.672,191761.641,191741.781
37.482,193453.156,193432.766,193446.938,193426.547
37.492,195187.625,195166.453,195181.078,195159.906
37.502,196983.688,196961.688,196976.812,196954.812
37.512,198803.109,198782.516,198795.922,198775.312
37.522,200619.984,200601.328,200612.469,200593.812
37.532,202247.312,202241.766,202239.484,202233.922
37.542,203443.75,203454.172,203435.578,203445.984
37.552,204294.734,204311.969,204286.219,204303.438
37.562,204955.516,204977.312,204946.625,204968.422
37.572,205426.969,205454.281,205417.734,205445.031
37.582,205699.016,205731.25,205689.406,205721.625
37.592,205741.25,205779.719,205731.25,205769.719
37.602,205623.656,205661.453,205613.266,205651.062
37.612,205571.359,205601.078,205560.578,205590.297
37.622,205654.391,205678.594,205643.234,205667.438
37.632,205854.391,205872.906,205842.859,205861.375
37.642,206088.547,206107.266,206076.656,206095.375
37.652,206287.641,206304.875,206275.391,206292.609
37.662,206590.297,206600.312,206577.688,206587.703
37.672,206935.781,206948.406,206922.828,206935.453
37.682,207094.281,207113.562,207080.984,207100.266
37.692,207180.594,207195.438,207166.938,207181.781
37.702,207403.031,207411.281,207389.031,207397.281
37.712,207729.953,207735.203,207715.641,207720.875
37.722,208198.406,208195.938,208183.766,208181.297
37.732,208834.531,208828.766,208819.594,208813.828
37.742,209419.156,209419.5,209403.938,209404.281
37.752,209874.719,209876.688,209859.203,209861.172
37.762,210380.516,210377.656,210364.719,210361.859
37.772,210944.266,210942.406,210928.188,210926.344
37.782,211408.938,211411.969,211392.594,211395.625
37.792,211781.984,211785.797,211765.375,211769.188
37.802,212130.266,212134.5,212113.375,212117.609
37.812,212419.047,212426.5,212401.891,212409.359
37.822,212500.75,212517.953,212483.328,212500.516
37.832,212231.812,212260.422,212214.078,212242.703
37.842,211640.203,211676.406,211622.156,211658.359
37.852,210705.672,210752.719,210687.266,210734.328
37.862,209440.547,209492.516,209421.766,209473.734
37.872,208086,208132.547,208066.844,208113.391
37.882,206844.422,206882.594,206824.875,206863.047
37.892,205733.047,205764.984,205713.141,205745.078
37.902,204731.422,204756.875,204711.141,204736.609
37.912,203898.375,203914.844,203877.75,203894.219
37.922,203264.141,203273.766,203243.203,203252.828
37.932,202664.125,202675.703,202642.859,202654.438
37.942,202002.797,202013.375,201981.219,201991.797
37.952,201503.391,201502.766,201481.5,201480.875
37.962,201253.281,201246.203,201231.109,201224.016
37.972,201167.859,201155.828,201145.406,201133.375
37.982,201239.312,201222.797,201216.609,201200.094
37.992,201406.531,201389.391,201383.594,201366.453
38.002,201623.234,201604.844,201600.062,201581.656
38.012,201966.281,201942.234,201942.875,201918.828
38.022,202593.922,202559.797,202570.312,202536.188
38.032,203453.062,203417.406,203429.281,203393.625
38.042,204354.891,204321.812,204330.953,204297.875
38.052,205255.328,205224.766,205231.203,205200.656
38.062,206045.156,206023.234,206020.859,205998.938
38.072,206682.047,206665.109,206657.547,206640.594
38.082,207209.578,207198.094,207184.844,207173.359
38.092,207560.531,207556.891,207535.547,207531.906
38.102,207773.516,207772.031,207748.25,207746.766
38.112,208007.953,208003.938,207982.422,207978.406
38.122,208273.516,208270.688,208247.703,208244.875
38.132,208483.859,208483.641,208457.75,208457.531
38.142,208683.484,208681.234,208657.078,208654.828
38.152,209032.953,209023.547,209006.25,208996.859
38.162,209525.203,209515.156,209498.234,209488.203
38.172,209899.219,209897.922,209871.969,209870.672
38.182,210150.672,210149.281,210123.094,210121.719
38.192,210454.688,210450.656,210426.797,210422.781
38.202,210805.578,210801.234,210777.375,210773.031
38.212,211182.797,211177.5,211154.297,211148.984
38.222,211585.359,211580.297,211556.531,211551.484
38.232,211912.078,211912.578,211882.938,211883.422
38.242,212043.75,212051.438,212014.234,212021.938
38.252,212027.922,212037.234,211998.031,212007.344
38.262,212045.422,212050.016,212015.141,212019.75
38.272,212164.219,212166.656,212133.578,212136.031
38.282,212191.578,212201.312,212160.547,212170.281
38.292,212004.797,212020.391,211973.344,211988.969
38.302,211623.922,211644.828,211592.031,211612.938
38.312,211084.781,211108.125,211052.406,211075.781
38.322,210481.047,210503.281,210448.188,210470.438
38.332,209868.469,209889.234,209835.125,209855.906
38.342,209247.328,209266.859,209213.484,209233.031
38.352,208634.422,208651.453,208600.078,208617.125
38.362,208071.094,208084.594,208036.281,208049.781
38.372,207558.141,207568.922,207522.828,207533.641
38.382,207147.469,207151.75,207111.703,207116
38.392,206930.875,206927.438,206894.672,206891.25
38.402,206879.297,206871.812,206842.703,206835.25
38.412,206924.797,206914.734,206887.844,206877.797
38.422,207052.422,207039.984,207015.109,207002.688
38.432,207244.188,207230.469,207206.547,207192.844
38.442,207505.906,207489.875,207467.953,207451.938
38.452,207842.125,207824.781,207803.875,207786.547
38.462,208226.422,208209.062,208187.891,208170.547
38.472,208564.234,208551.984,208525.438,208513.203
38.482,208713.766,208709.766,208674.672,208670.688
38.492,208709.219,208707.828,208669.812,208668.438
38.502,208646.672,208646.625,208606.953,208606.922
38.512,208547.656,208548.203,208507.625,208508.188
38.522,208439.609,208439.906,208399.281,208399.578
38.532,208298.016,208300.391,208257.375,208259.766
38.542,208068.047,208073.234,208027.109,208032.312
38.552,207797.406,207801.109,207756.172,207759.891
38.562,207635.609,207632.891,207594.109,207591.406
38.572,207608.453,207602.812,207566.734,207561.094
38.582,207630.75,207624.609,207588.828,207582.688
38.592,207655.859,207650.562,207613.734,207608.469
38.602,207600.422,207599.828,207558.125,207557.547
38.612,207406.328,207409.891,207363.812,207367.391
38.622,207124.719,207129.266,207082,207086.562
38.632,206831.156,206834.328,206788.25,206791.438
38.642,206616.484,206614.672,206573.406,206571.609
38.652,206562.469,206554.656,206519.281,206511.484
38.662,206635.375,206625.219,206592.109,206581.969
38.672,206769.781,206758.188,206726.469,206714.906
38.682,206993.469,206978.359,206950.156,206935.047
38.692,207329.672,207312.062,207286.375,207268.797
38.702,207730.156,207712.219,207686.922,207669
38.712,208187.016,208167.625,208143.859,208124.5
38.722,208693.594,208674.562,208650.562,208631.531
38.732,209192.078,209175.281,209149.172,209132.391
38.742,209654.672,209640.047,209611.891,209597.281
38.752,210082.062,210069.094,210039.406,210026.469
38.762,210535.609,210520.781,210493.109,210478.312
38.772,211071.281,211054.781,211028.969,211012.484
38.782,211629.203,211614.797,211587.109,211572.719
38.792,212117.875,212107.375,212075.969,212065.5
38.802,212561.766,212551.797,212520.078,212510.141
38.812,213006.078,212997.328,212964.625,212955.891
38.822,213343.688,213341.891,213302.453,213300.672
38.832,213465.672,213471.672,213424.625,213430.656
38.842,213373.672,213385.422,213332.781,213344.562
38.852,213179.062,213190.5,213138.344,213149.797
38.862,213026.078,213033.797,212985.531,212993.266
38.872,212933.359,212939.438,212893.016,212899.109
38.882,212852.75,212858.547,212812.625,212818.438
38.892,212746.469,212753.203,212706.562,212713.312
38.902,212606.391,212612.953,212566.719,212573.297
38.912,212526.344,212528.141,212486.922,212488.75
38.922,212549.594,212548.875,212510.453,212509.75
38.932,212573.406,212574.406,212534.562,212535.594
38.942,212569.328,212570.141,212530.781,212531.625
38.952,212547.547,212549.469,212509.312,212511.266
38.962,212469.812,212473.516,212431.891,212435.609
38.972,212376.453,212378.734,212338.844,212341.156
38.982,212319.234,212319.875,212281.953,212282.625
38.992,212302.484,212301.391,212265.531,212264.484
39.002,212345.219,212341.625,212308.641,212305.062
39.012,212451.156,212445.781,212414.969,212409.609
39.022,212614.297,212606.953,212578.5,212571.172
39.032,212858.062,212847.703,212822.688,212812.344
39.042,213210.562,213196.781,213175.625,213161.875
39.052,213670.312,213654.188,213635.828,213619.719
39.062,214182.984,214167.188,214148.984,214133.203
39.072,214705.891,214690.812,214672.359,214657.312
39.082,215216.188,215202.984,215183.141,215169.953
39.092,215687.141,215676.047,215654.562,215643.484
39.102,216139.734,216129.25,216107.625,216097.172
39.112,216566.594,216558.203,216534.953,216526.609
39.122,216973.812,216965.578,216942.656,216934.438
39.132,217389,217381.328,217358.312,217350.656
39.142,217749.891,217745.766,217719.672,217715.562
39.152,218053.812,218050.438,218024.047,218020.703
39.162,218343.516,218340.828,218314.203,218311.547
39.172,218597.953,218597.047,218569.094,218568.219
39.182,218805.688,218805.969,218777.281,218777.578
39.192,219007.438,219006.672,218979.469,218978.734
39.202,219258,219255.016,219230.484,219227.531
39.212,219551.562,219547.781,219524.5,219520.734
39.222,219886.328,219880.938,219859.719,219854.359
39.232,220236.406,220231.828,220210.25,220205.703
39.242,220583.422,220578.406,220557.719,220552.734
39.252,220964.078,220957.891,220938.828,220932.672
39.262,221344.969,221340.469,221320.188,221315.703
39.272,221658.625,221657.328,221634.281,221633
39.282,221869.781,221872.219,221845.875,221848.328
39.292,221965.797,221971.906,221942.297,221948.422
39.302,221940.906,221950.5,221917.812,221927.422
39.312,221826.484,221837.266,221803.781,221814.594
39.322,221674.281,221684.781,221651.969,221662.469
39.332,221532.328,221540.797,221510.391,221518.875
39.342,221428.547,221435.25,221406.984,221413.703
39.352,221313.594,221321.516,221292.422,221300.359
39.362,221132.281,221141.766,221111.469,221120.984
39.372,220933.609,220941.266,220913.156,220920.844
39.382,220768.797,220774.781,220748.719,220754.734
39.392,220612.188,220617.797,220592.484,220598.125
39.402,220478.844,220482.062,220459.5,220462.734
39.412,220411.469,220411.797,220392.5,220392.859
39.422,220408.547,220406.828,220389.953,220388.25
39.432,220445.5,220442.922,220427.266,220424.719
39.442,220479.375,220477.688,220461.516,220459.844
39.452,220478.562,220478.25,220461.062,220460.766
39.462,220413.906,220416.141,220396.75,220399.016
39.472,220275.203,220279.25,220258.391,220262.453
39.482,220078.266,220083.672,220061.797,220067.234
39.492,219825.906,219832.375,219809.766,219816.25
39.502,219571.859,219576.266,219556.047,219560.469
39.512,219359.109,219361.891,219343.625,219346.422
39.522,219160.656,219163.094,219145.484,219147.953
39.532,218968.75,218970.375,218953.922,218955.547
39.542,218782.578,218783.969,218768.047,218769.469
39.552,218590.141,218591.469,218575.938,218577.281
39.562,218396.688,218397.531,218382.797,218383.656
39.572,218211.281,218211.5,218197.703,218197.922
39.582,218037.844,218037.391,218024.578,218024.141
39.592,217873.594,217872.688,217860.625,217859.734
39.602,217727.016,217725,217714.344,217712.359
39.612,217609.938,217606.859,217597.578,217594.516
39.622,217512.453,217508.984,217500.391,217496.938
39.632,217426.828,217422.906,217415.062,217411.172
39.642,217357.172,217352.797,217345.719,217341.359
39.652,217283.625,217280,217272.469,217268.844
39.662,217201.578,217197.609,217190.703,217186.75
39.672,217170.078,217163.234,217159.5,217152.672
39.682,217224.766,217215.453,217214.484,217205.188
39.692,217345.609,217335,217335.625,217325.031
39.702,217499.859,217489.234,217490.172,217479.562
39.712,217653,217643.406,217643.594,217634.016
39.722,217788.234,217779.703,217779.109,217770.594
39.732,217908.094,217900.328,217899.266,217891.5
39.742,218024.062,218016.5,218015.516,218007.953
39.752,218146.391,218138.938,218138.125,218130.672
39.762,218262.109,218255.594,218254.125,218247.625
39.772,218360.328,218354.516,218352.625,218346.828
39.782,218456.109,218450.281,218448.672,218442.859
39.792,218553.719,218548.266,218546.562,218541.125
39.802,218638.109,218633.547,218631.234,218626.672
39.812,218700.875,218697.172,218694.281,218690.578
39.822,218743.641,218740.594,218737.297,218734.266
39.832,218771.703,218769.094,218765.641,218763.031
39.842,218785.734,218783.672,218779.938,218777.891
39.852,218781.766,218780.266,218776.234,218774.734
39.862,218769.797,218768.156,218764.531,218762.891
39.872,218763,218761,218758.016,218756.016
39.882,218766.484,218764.016,218761.75,218759.297
39.892,218780.078,218777.344,218775.625,218772.891
39.902,218794.812,218792.188,218790.609,218788
39.912,218808.016,218805.344,218804.094,218801.422
39.922,218820.078,218817.484,218816.422,218813.828
39.932,218828.047,218825.578,218824.656,218822.188
39.942,218830.016,218827.75,218826.906,218824.625
39.952,218824.703,218822.594,218821.859,218819.75
39.962,218815.594,218813.438,218813.016,218810.859
39.972,218805.938,218803.703,218803.625,218801.391
39.982,218798.641,218796.203,218796.594,218794.156
39.992,218794.109,218791.578,218792.344,218789.797
