Time,Node36_UX,Node107_UX
1,0.291120065,-0.291120065
2,0.395382939,-0.392439323
2.01,0.394519349,-0.391516323
2.02,0.393577918,-0.390514454
2.03,0.392552973,-0.389428136
2.04,0.391437795,-0.388250552
2.05,0.390225795,-0.386974717
2.06,0.388911056,-0.385594322
2.07,0.387488495,-0.384104488
2.08,0.385954235,-0.382501775
2.09,0.384306306,-0.380783617
2.1,0.382544571,-0.378948358
2.11,0.380669825,-0.376996017
2.12,0.378683384,-0.374928508
2.13,0.376587813,-0.372748685
2.14,0.37438709,-0.370459937
2.15,0.372085872,-0.368066682
2.16,0.369688685,-0.365574935
2.17,0.367199971,-0.36299203
2.18,0.364625447,-0.36032504
2.19,0.361971745,-0.357580941
2.2,0.359245464,-0.354767362
2.21,0.356454448,-0.35189114
2.22,0.353606868,-0.348959085
2.23,0.350709724,-0.34597933
2.24,0.347769944,-0.342960118
2.25,0.344794932,-0.339909136
2.26,0.341792944,-0.336833052
2.27,0.338772512,-0.333737999
2.28,0.335740751,-0.330631209
2.29,0.332703637,-0.327520666
2.3,0.329667549,-0.324413522
2.31,0.32663867,-0.321316654
2.32,0.323622171,-0.318237443
2.33,0.320622994,-0.315182981
2.34,0.31764647,-0.312159418
2.35,0.314699203,-0.309171078
2.36,0.311790367,-0.306219152
2.37,0.308930074,-0.303303327
2.38,0.306125166,-0.300425993
2.39,0.303380291,-0.297591172
2.4,0.300699318,-0.294803115
2.41,0.298083286,-0.292068354
2.42,0.2955327,-0.289393419
2.43,0.293049566,-0.286782819
2.44,0.290635476,-0.284240967
2.45,0.288291886,-0.281771911
2.46,0.28602109,-0.279378383
2.47,0.283826675,-0.277061353
2.48,0.281714432,-0.274819136
2.49,0.279690124,-0.272649633
2.5,0.277757092,-0.270552745
2.51,0.275915522,-0.268531118
2.52,0.274162564,-0.266590039
2.53,0.272495552,-0.264734229
2.54,0.270913958,-0.262965901
2.55,0.269417582,-0.261286585
2.56,0.268006676,-0.259697013
2.57,0.266682644,-0.258196433
2.58,0.265448029,-0.256782627
2.59,0.264306529,-0.255451906
2.6,0.263260751,-0.254201359
2.61,0.262311174,-0.253029886
2.62,0.261456839,-0.251937496
2.63,0.260696878,-0.250923718
2.64,0.260028899,-0.249988917
2.65,0.259446605,-0.249136572
2.66,0.258943286,-0.248371391
2.67,0.258515286,-0.247695612
2.68,0.258162855,-0.247106433
2.69,0.257886563,-0.246601255
2.7,0.257687357,-0.246177898
2.71,0.257567649,-0.245831972
2.72,0.25752538,-0.245563065
2.73,0.257556579,-0.245372497
2.74,0.257661884,-0.245256764
2.75,0.257844214,-0.245209911
2.76,0.258106735,-0.24522557
2.77,0.258451452,-0.245298384
2.78,0.258874346,-0.245428879
2.79,0.259366051,-0.245622801
2.8,0.259920417,-0.245882554
2.81,0.260537078,-0.24620465
2.82,0.261214896,-0.246586275
2.83,0.261952701,-0.247024552
2.84,0.26275214,-0.247513709
2.85,0.263614362,-0.248048396
2.86,0.264537705,-0.248626011
2.87,0.26552113,-0.249243271
2.88,0.266566775,-0.24989367
2.89,0.267673437,-0.250573998
2.9,0.268835427,-0.251285503
2.91,0.270047248,-0.252029211
2.92,0.271301433,-0.252808099
2.93,0.27258982,-0.253625829
2.94,0.273909117,-0.254481184
2.95,0.275259017,-0.255369964
2.96,0.276642265,-0.256284926
2.97,0.278062681,-0.257217764
2.98,0.279516159,-0.258168118
2.99,0.280995358,-0.259138891
3,0.282496717,-0.260129229
3.01,0.284016919,-0.261138074
3.02,0.285551965,-0.262165086
3.03,0.287097626,-0.2632102
3.04,0.288651619,-0.264271457
3.05,0.290215669,-0.265342938
3.06,0.291792045,-0.26641824
3.07,0.293380038,-0.267494
3.08,0.294976214,-0.268569647
3.09,0.296578896,-0.269642916
3.1,0.298189613,-0.270708412
3.11,0.299806496,-0.271764214
3.12,0.301422919,-0.272813233
3.13,0.303034615,-0.273856104
3.14,0.304639631,-0.274891228
3.15,0.306231837,-0.275921271
3.16,0.307804578,-0.276949513
3.17,0.309357454,-0.277973068
3.18,0.310891928,-0.278987277
3.19,0.312406219,-0.279990826
3.2,0.313897192,-0.280983849
3.21,0.315365669,-0.281962623
3.22,0.316813092,-0.282922904
3.23,0.318237737,-0.283863719
3.24,0.319639694,-0.284782381
3.25,0.321021142,-0.285674222
3.26,0.322380219,-0.286538719
3.27,0.323711038,-0.287379483
3.28,0.325010491,-0.28819745
3.29,0.326276513,-0.288992623
3.3,0.327502518,-0.289769628
3.31,0.328680232,-0.290534894
3.32,0.329803352,-0.291292979
3.33,0.330867947,-0.292046176
3.34,0.331876306,-0.292790669
3.35,0.332838099,-0.293515367
3.36,0.33376222,-0.294210073
3.37,0.334650984,-0.29487129
3.38,0.335504611,-0.295497722
3.39,0.336326747,-0.296084767
3.4,0.337122049,-0.296626921
3.41,0.337890733,-0.297123246
3.42,0.33863449,-0.297571458
3.43,0.339358332,-0.297966094
3.44,0.340062809,-0.298306363
3.45,0.34074214,-0.298598394
3.46,0.341385721,-0.298853211
3.47,0.341987012,-0.299076827
3.48,0.342547253,-0.299267237
3.49,0.343074277,-0.299416338
3.5,0.343579258,-0.299512936
3.51,0.344064624,-0.299554689
3.52,0.344528783,-0.299543377
3.53,0.344978424,-0.299472599
3.54,0.345424254,-0.299332021
3.55,0.345870465,-0.299117905
3.56,0.346309116,-0.298838707
3.57,0.346723619,-0.298511615
3.58,0.347098178,-0.298153167
3.59,0.347421488,-0.297775616
3.6,0.347689503,-0.297384609
3.61,0.347908571,-0.296975236
3.62,0.348082784,-0.296543874
3.63,0.348209346,-0.296093913
3.64,0.348288476,-0.295626139
3.65,0.348323001,-0.29513882
3.66,0.348321025,-0.294625023
3.67,0.348293002,-0.294075518
3.68,0.348240709,-0.293489809
3.69,0.348163312,-0.292870068
3.7,0.348057374,-0.292221136
3.71,0.347916951,-0.291550417
3.72,0.347740968,-0.290860499
3.73,0.347532245,-0.290150116
3.74,0.347298489,-0.289413156
3.75,0.347043987,-0.288646957
3.76,0.34676121,-0.287860705
3.77,0.346441857,-0.287064393
3.78,0.346085274,-0.286260404
3.79,0.345696108,-0.285445843
3.8,0.345278669,-0.284618173
3.81,0.344828775,-0.283783362
3.82,0.344339236,-0.282950406
3.83,0.34380394,-0.28212724
3.84,0.343215588,-0.281323
3.85,0.342576336,-0.280537374
3.86,0.341899998,-0.2797584
3.87,0.341200947,-0.278973549
3.88,0.340490855,-0.278172995
3.89,0.33978086,-0.277347441
3.9,0.339081001,-0.276488689
3.91,0.338399307,-0.275590546
3.92,0.337738291,-0.274652327
3.93,0.337095469,-0.273678338
3.94,0.336460813,-0.272680418
3.95,0.33581751,-0.271677183
3.96,0.335161784,-0.2706742
3.97,0.33450082,-0.269666059
3.98,0.333833428,-0.268655711
3.99,0.333151434,-0.267653068
4,0.332452251,-0.266662437
4.01,0.33174092,-0.265680478
4.02,0.331022233,-0.264704075
4.03,0.330298023,-0.263733042
4.04,0.329571371,-0.262765923
4.05,0.328846204,-0.261800384
4.06,0.328120791,-0.260839722
4.07,0.327390891,-0.259889714
4.08,0.326656136,-0.258952238
4.09,0.325916565,-0.258028727
4.1,0.32516897,-0.257123834
4.11,0.324410379,-0.256241939
4.12,0.323643473,-0.255381738
4.13,0.322877369,-0.254535451
4.14,0.3221191,-0.253697349
4.15,0.321366376,-0.252870982
4.16,0.320615477,-0.252061296
4.17,0.319872814,-0.251263071
4.18,0.319146835,-0.250469005
4.19,0.318439216,-0.249678531
4.2,0.317753437,-0.248889238
4.21,0.317092334,-0.248099319
4.22,0.316450443,-0.247315223
4.23,0.31582068,-0.246544981
4.24,0.315198392,-0.245794152
4.25,0.314578491,-0.245068691
4.26,0.313951211,-0.244379186
4.27,0.313309637,-0.243733336
4.28,0.312665679,-0.243119972
4.29,0.312038697,-0.24252043
4.3,0.311434564,-0.241929488
4.31,0.310853007,-0.241348026
4.32,0.310297178,-0.240773459
4.33,0.309766179,-0.240207212
4.34,0.309253163,-0.239656612
4.35,0.308761797,-0.239118434
4.36,0.308313118,-0.23857204
4.37,0.307930786,-0.237994125
4.38,0.307630995,-0.237368808
4.39,0.307412714,-0.236697379
4.4,0.307261024,-0.235994957
4.41,0.307157633,-0.235279969
4.42,0.307077419,-0.234577618
4.43,0.306992696,-0.233915622
4.44,0.306890477,-0.233306988
4.45,0.306774833,-0.232747671
4.46,0.30664256,-0.232240878
4.47,0.306490296,-0.231789961
4.48,0.306334333,-0.23137863
4.49,0.306193701,-0.230987791
4.5,0.306072739,-0.230612853
4.51,0.305965284,-0.230259293
4.52,0.305876549,-0.229921424
4.53,0.305828003,-0.229577902
4.54,0.305832505,-0.22921576
4.55,0.305877151,-0.228847595
4.56,0.305945523,-0.228489609
4.57,0.306042176,-0.228137014
4.58,0.306184631,-0.227771989
4.59,0.306382069,-0.22738498
4.6,0.306623683,-0.226986395
4.61,0.306892703,-0.226592591
4.62,0.30718107,-0.226211193
4.63,0.307483722,-0.225846792
4.64,0.307797002,-0.225502538
4.65,0.308121213,-0.225177592
4.66,0.308450362,-0.22487738
4.67,0.308778911,-0.224606848
4.68,0.309114868,-0.22435737
4.69,0.309453805,-0.224132731
4.7,0.309773504,-0.22395449
4.71,0.310061537,-0.223834381
4.72,0.310307889,-0.223781692
4.73,0.310509773,-0.223798444
4.74,0.31068326,-0.223867763
4.75,0.310844325,-0.223972827
4.76,0.311005281,-0.224100429
4.77,0.311173178,-0.224242522
4.78,0.311347521,-0.224396975
4.79,0.311526783,-0.224564295
4.8,0.311711957,-0.224745077
4.81,0.31191333,-0.22492862
4.82,0.312143477,-0.225101246
4.83,0.312410568,-0.225254112
4.84,0.312718,-0.225383025
4.85,0.313064731,-0.225488308
4.86,0.313449701,-0.22557025
4.87,0.313865623,-0.225635401
4.88,0.314302306,-0.225693189
4.89,0.314754939,-0.225747663
4.9,0.315217348,-0.225804212
4.91,0.315682742,-0.225868844
4.92,0.316146344,-0.225945528
4.93,0.316602164,-0.226039439
4.94,0.317045443,-0.226154511
4.95,0.317476324,-0.22628977
4.96,0.317902163,-0.226437043
4.97,0.318327549,-0.226590958
4.98,0.318758995,-0.226744243
4.99,0.319216058,-0.226876603
5,0.319708567,-0.22697751
5.01,0.32023403,-0.227048794
5.02,0.320784636,-0.227097621
5.03,0.32134187,-0.227141867
5.04,0.321905967,-0.227180648
5.05,0.322498024,-0.227192225
5.06,0.323119921,-0.227174242
5.07,0.323757726,-0.227141002
5.08,0.324396669,-0.227106866
5.09,0.325025302,-0.22708152
5.1,0.325663722,-0.2270439
5.11,0.326352595,-0.226952818
5.12,0.32709955,-0.226800106
5.13,0.327879544,-0.226610321
5.14,0.328667594,-0.226407824
5.15,0.329445939,-0.226209739
5.16,0.330200559,-0.226029468
5.17,0.330915409,-0.225882484
5.18,0.331581939,-0.225776774
5.19,0.332209785,-0.225702168
5.2,0.332809574,-0.225647536
5.21,0.333377074,-0.225616649
5.22,0.333903065,-0.225618287
5.23,0.334387845,-0.225651721
5.24,0.334835534,-0.225712415
5.25,0.335245568,-0.225800544
5.26,0.335623919,-0.225909765
5.27,0.335984408,-0.226025909
5.28,0.336336075,-0.226139619
5.29,0.336681814,-0.226247734
5.3,0.337019095,-0.226352543
5.31,0.337344521,-0.226457222
5.32,0.337650926,-0.22656872
5.33,0.337935962,-0.226689162
5.34,0.33821169,-0.226806247
5.35,0.338474907,-0.226922967
5.36,0.338707914,-0.22705679
5.37,0.338907431,-0.227210223
5.38,0.339080824,-0.227375588
5.39,0.339245016,-0.227536595
5.4,0.339422118,-0.227671394
5.41,0.33962479,-0.227767379
5.42,0.339850846,-0.227826877
5.43,0.34008341,-0.227866868
5.44,0.3403152,-0.227894743
5.45,0.340552803,-0.227904007
5.46,0.340792615,-0.22789842
5.47,0.341029503,-0.227883384
5.48,0.341264404,-0.227858454
5.49,0.34148168,-0.227839472
5.5,0.341661817,-0.227845642
5.51,0.34180527,-0.227876304
5.52,0.341918866,-0.227924582
5.53,0.342004733,-0.22798829
5.54,0.342066328,-0.228063545
5.55,0.342126572,-0.228127425
5.56,0.342217355,-0.228148877
5.57,0.342352972,-0.228114196
5.58,0.342540074,-0.228017246
5.59,0.342793053,-0.227844705
5.6,0.343125518,-0.227583502
5.61,0.343526025,-0.227244666
5.62,0.343962076,-0.226860615
5.63,0.344407314,-0.226457904
5.64,0.344848012,-0.22605044
5.65,0.345274328,-0.22564832
5.66,0.345675421,-0.225262648
5.67,0.346055775,-0.224889225
5.68,0.34642706,-0.224516678
5.69,0.34677997,-0.224154631
5.7,0.347099113,-0.223818801
5.71,0.347383344,-0.223510668
5.72,0.347637198,-0.223226041
5.73,0.347864437,-0.222961516
5.74,0.348074096,-0.222708421
5.75,0.348292611,-0.222440693
5.76,0.348548466,-0.222130229
5.77,0.348845758,-0.221773319
5.78,0.349177683,-0.221377157
5.79,0.349541522,-0.22094485
5.8,0.349939082,-0.220474985
5.81,0.350367128,-0.219971191
5.82,0.35081718,-0.219442344
5.83,0.351277855,-0.218900225
5.84,0.351725757,-0.218368625
5.85,0.352137989,-0.217870843
5.86,0.352506317,-0.217415509
5.87,0.352829033,-0.217004731
5.88,0.353117768,-0.216627273
5.89,0.353397638,-0.216258414
5.9,0.353672266,-0.215894918
5.91,0.353928528,-0.215550296
5.92,0.35416073,-0.215230624
5.93,0.354362119,-0.214943032
5.94,0.354521008,-0.214699581
5.95,0.354635375,-0.214502661
5.96,0.354713253,-0.214344602
5.97,0.35475811,-0.21422229
5.98,0.354777208,-0.214128814
5.99,0.354793807,-0.214041255
6,0.354833811,-0.213934042
6.01,0.354907805,-0.21379691
6.02,0.355010889,-0.213635069
6.03,0.355145643,-0.213446246
6.04,0.355320837,-0.213221968
6.05,0.355529432,-0.212969565
6.06,0.355760581,-0.212700165
6.07,0.355998804,-0.212429527
6.08,0.356225171,-0.212176845
6.09,0.356444914,-0.211937144
6.1,0.3566695,-0.211699205
6.11,0.356904423,-0.211457766
6.12,0.357163136,-0.211199605
6.13,0.357444442,-0.210926132
6.14,0.357723948,-0.210661953
6.15,0.357978552,-0.210430361
6.16,0.358213048,-0.210226747
6.17,0.358453596,-0.210025116
6.18,0.35870028,-0.209825548
6.19,0.358931572,-0.209649723
6.2,0.359156525,-0.209488722
6.21,0.35939551,-0.209322301
6.22,0.359642944,-0.209156162
6.23,0.359891907,-0.208997332
6.24,0.360134389,-0.208853918
6.25,0.360355875,-0.208740511
6.26,0.3605529,-0.20866064
6.27,0.360726011,-0.208613805
6.28,0.360888641,-0.208586603
6.29,0.361056492,-0.208563357
6.3,0.361211935,-0.208561716
6.31,0.361332793,-0.208603857
6.32,0.361413038,-0.208695771
6.33,0.36145051,-0.208839528
6.34,0.36145865,-0.20902153
6.35,0.361472786,-0.209206102
6.36,0.361527518,-0.209357976
6.37,0.361621032,-0.209478884
6.38,0.361729107,-0.209593657
6.39,0.361831358,-0.209722853
6.4,0.361909105,-0.209885069
6.41,0.361952129,-0.210090472
6.42,0.361956593,-0.210342845
6.43,0.361925251,-0.21063943
6.44,0.361869671,-0.210968695
6.45,0.361810979,-0.211309587
6.46,0.361774276,-0.211637089
6.47,0.361774281,-0.211936541
6.48,0.361815225,-0.212203591
6.49,0.361882962,-0.212451643
6.5,0.361962466,-0.212695094
6.51,0.362053364,-0.212934433
6.52,0.362147327,-0.213177962
6.53,0.362240835,-0.213428985
6.54,0.362344856,-0.21367638
6.55,0.362462689,-0.213916627
6.56,0.362598066,-0.214145731
6.57,0.362767166,-0.214347261
6.58,0.362981561,-0.214509367
6.59,0.363246038,-0.214626974
6.6,0.363563713,-0.21469673
6.61,0.36391964,-0.214733392
6.62,0.364276841,-0.214773782
6.63,0.36461243,-0.214840631
6.64,0.364942692,-0.214917452
6.65,0.36528512,-0.214986509
6.66,0.365623068,-0.215064207
6.67,0.365937285,-0.215169554
6.68,0.36624271,-0.215287327
6.69,0.366564491,-0.215392099
6.7,0.366902888,-0.215483366
6.71,0.367232322,-0.215586479
6.72,0.36752689,-0.215727067
6.73,0.367777357,-0.215914038
6.74,0.367974788,-0.216155992
6.75,0.368106178,-0.216465629
6.76,0.368165518,-0.216848694
6.77,0.368147325,-0.217310467
6.78,0.368055781,-0.217846647
6.79,0.367910333,-0.218437805
6.8,0.367740451,-0.219054927
6.81,0.367578286,-0.219666344
6.82,0.367440823,-0.220254573
6.83,0.36735348,-0.220793236
6.84,0.367353226,-0.221244775
6.85,0.367462541,-0.221586248
6.86,0.36768123,-0.221817353
6.87,0.367985485,-0.221961361
6.88,0.368346082,-0.222046777
6.89,0.368740578,-0.222094794
6.9,0.369150638,-0.222123288
6.91,0.369548877,-0.222160364
6.92,0.369920992,-0.222220538
6.93,0.370292452,-0.222278189
6.94,0.370691314,-0.222305134
6.95,0.371113118,-0.222305672
6.96,0.371552875,-0.222284679
6.97,0.372032315,-0.222220332
6.98,0.37256368,-0.222100385
6.99,0.373131841,-0.2219403
7,0.373704281,-0.221773157
7.01,0.37424209,-0.221637626
7.02,0.374734775,-0.221543308
7.03,0.375218793,-0.221453223
7.04,0.375731929,-0.221329335
7.05,0.376270866,-0.221174777
7.06,0.376823392,-0.221001583
7.07,0.377393578,-0.22080546
7.08,0.377975821,-0.220591806
7.09,0.378564943,-0.220365603
7.1,0.379170991,-0.22011662
7.11,0.379791261,-0.219847387
7.12,0.380411676,-0.219571823
7.13,0.38103576,-0.219286242
7.14,0.381674188,-0.218979823
7.15,0.382319834,-0.218659557
7.16,0.382967875,-0.218330142
7.17,0.383624104,-0.217985664
7.18,0.384284547,-0.217629986
7.19,0.3849368,-0.217275413
7.2,0.385576025,-0.216926685
7.21,0.386191367,-0.216594565
7.22,0.386763629,-0.216298169
7.23,0.38729341,-0.216036819
7.24,0.387779972,-0.215811182
7.25,0.388217203,-0.215627309
7.26,0.38860626,-0.215483989
7.27,0.38893669,-0.215391627
7.28,0.389197438,-0.215361237
7.29,0.389390645,-0.215390638
7.3,0.389520239,-0.215475869
7.31,0.389594474,-0.215608649
7.32,0.389634914,-0.215767389
7.33,0.389665882,-0.215927752
7.34,0.389698237,-0.216078881
7.35,0.389726385,-0.216226384
7.36,0.389748151,-0.216372457
7.37,0.389781797,-0.216498861
7.38,0.38983108,-0.21660188
7.39,0.389881964,-0.216695619
7.4,0.389947787,-0.2167668
7.41,0.390058156,-0.216785887
7.42,0.390230894,-0.216735168
7.43,0.390472267,-0.216608487
7.44,0.390786015,-0.216402162
7.45,0.391172068,-0.216116296
7.46,0.391614799,-0.215766544
7.47,0.392083852,-0.215383303
7.48,0.392562458,-0.214983393
7.49,0.39304626,-0.21457123
7.5,0.393515323,-0.214166817
7.51,0.393951976,-0.2137879
7.52,0.394345421,-0.213445356
7.53,0.394684397,-0.213150531
7.54,0.394981964,-0.212890457
7.55,0.395262816,-0.212640534
7.56,0.39552953,-0.212398285
7.57,0.395761662,-0.212184253
7.58,0.395950193,-0.212007564
7.59,0.39610404,-0.211859412
7.6,0.39622111,-0.211742005
7.61,0.396296519,-0.211660347
7.62,0.396341292,-0.211603539
7.63,0.396374254,-0.211552881
7.64,0.3964161,-0.21148781
7.65,0.39648191,-0.211393364
7.66,0.39656967,-0.211271675
7.67,0.396665626,-0.211136603
7.68,0.396752609,-0.211005439
7.69,0.396814801,-0.210894129
7.7,0.396833122,-0.210821898
7.71,0.396808578,-0.210787898
7.72,0.396750907,-0.210782565
7.73,0.396660523,-0.210805673
7.74,0.39654917,-0.2108457
7.75,0.396412274,-0.21090752
7.76,0.396237423,-0.211004458
7.77,0.396032212,-0.211129456
7.78,0.395810646,-0.211267827
7.79,0.395582735,-0.211409033
7.8,0.395347024,-0.211554296
7.81,0.395111736,-0.211694709
7.82,0.394893424,-0.211813634
7.83,0.394689131,-0.211914878
7.84,0.394502049,-0.211995648
7.85,0.394345182,-0.212043052
7.86,0.394210188,-0.212065653
7.87,0.394076667,-0.212084034
7.88,0.393930096,-0.212112861
7.89,0.393772395,-0.212150286
7.9,0.393617089,-0.212182865
7.91,0.393476494,-0.212198404
7.92,0.393370028,-0.21217766
7.93,0.393311824,-0.212106704
7.94,0.39328949,-0.21199822
7.95,0.393277441,-0.211878291
7.96,0.393265902,-0.211757207
7.97,0.393260936,-0.211628896
7.98,0.393261655,-0.211493964
7.99,0.393261322,-0.211359068
8,0.393263514,-0.211220633
8.01,0.393265285,-0.21108161
8.02,0.39325234,-0.210956328
8.03,0.393214981,-0.210854519
8.04,0.393162797,-0.21076664
8.05,0.393123233,-0.2106653
8.06,0.393091547,-0.210555293
8.07,0.393034036,-0.210470379
8.08,0.392934219,-0.210427089
8.09,0.392786775,-0.210430773
8.1,0.392564229,-0.210508879
8.11,0.392242085,-0.210685658
8.12,0.391844425,-0.210935832
8.13,0.391399098,-0.211231219
8.14,0.390919538,-0.211559658
8.15,0.39043094,-0.211896416
8.16,0.389946376,-0.212228434
8.17,0.389479872,-0.212541835
8.18,0.389050536,-0.212817595
8.19,0.388666557,-0.213047632
8.2,0.388336447,-0.213223517
8.21,0.38806064,-0.213344899
8.22,0.387845946,-0.21340504
8.23,0.387705965,-0.213390409
8.24,0.387621814,-0.21331996
8.25,0.387537255,-0.21325
8.26,0.387395232,-0.213237622
8.27,0.387151064,-0.213327487
8.28,0.386773103,-0.213551164
8.29,0.386269453,-0.213900469
8.3,0.385677048,-0.214338433
8.31,0.385027997,-0.214832969
8.32,0.384353225,-0.215353182
8.33,0.38367869,-0.215873137
8.34,0.383009821,-0.216387417
8.35,0.382346844,-0.216895803
8.36,0.381682687,-0.217405364
8.37,0.380996957,-0.217936491
8.38,0.380275599,-0.218503226
8.39,0.379507479,-0.219116689
8.4,0.37868848,-0.21978098
8.41,0.377838975,-0.220475709
8.42,0.376976886,-0.221182934
8.43,0.37610282,-0.221902036
8.44,0.375224867,-0.222624903
8.45,0.374344431,-0.223350116
8.46,0.373455245,-0.224083918
8.47,0.37257892,-0.224804677
8.48,0.371736348,-0.225491479
8.49,0.370923441,-0.22614839
8.5,0.370141601,-0.226773984
8.51,0.369389889,-0.227369177
8.52,0.368655499,-0.227946748
8.53,0.367926158,-0.228518943
8.54,0.367204388,-0.229083214
8.55,0.36648953,-0.229640188
8.56,0.365756118,-0.230215304
8.57,0.364994593,-0.230818089
8.58,0.364228161,-0.231425307
8.59,0.363481518,-0.232012229
8.6,0.362765023,-0.23256847
8.61,0.362077886,-0.23309479
8.62,0.361410065,-0.233601202
8.63,0.360753679,-0.234095561
8.64,0.360104466,-0.234582096
8.65,0.359448451,-0.235074755
8.66,0.358768519,-0.235590621
8.67,0.358060341,-0.236133991
8.68,0.357323703,-0.236705048
8.69,0.356544556,-0.237317811
8.7,0.355708408,-0.23798674
8.71,0.354820708,-0.238706356
8.72,0.353902568,-0.239455517
8.73,0.352977342,-0.240210842
8.74,0.352065862,-0.240951473
8.75,0.351190786,-0.241654729
8.76,0.350373213,-0.242299487
8.77,0.349620332,-0.242878538
8.78,0.348934768,-0.243389236
8.79,0.348325824,-0.243822258
8.8,0.347781031,-0.244190056
8.81,0.347280074,-0.244512926
8.82,0.346834017,-0.244779785
8.83,0.346446942,-0.244986535
8.84,0.34609984,-0.245152171
8.85,0.345772874,-0.245296513
8.86,0.345460509,-0.245425084
8.87,0.345180279,-0.245520334
8.88,0.344934312,-0.245580123
8.89,0.344710611,-0.245616439
8.9,0.34450349,-0.245634962
8.91,0.344297332,-0.245651296
8.92,0.344071788,-0.245685786
8.93,0.343820138,-0.245745138
8.94,0.343552817,-0.245818906
8.95,0.34329195,-0.245884955
8.96,0.343045338,-0.245935481
8.97,0.342792411,-0.245991054
8.98,0.342527364,-0.246057477
8.99,0.342266685,-0.24611826
9,0.342023022,-0.246160755
9.01,0.341785222,-0.246196122
9.02,0.341520899,-0.246256757
9.03,0.341210108,-0.246362601
9.04,0.340844704,-0.246521791
9.05,0.340405086,-0.246753917
9.06,0.339870037,-0.247080189
9.07,0.33924846,-0.247491696
9.08,0.33857511,-0.247953689
9.09,0.337872354,-0.248443821
9.1,0.33714525,-0.248957057
9.11,0.336412386,-0.249474837
9.12,0.335694388,-0.249976555
9.13,0.33501574,-0.250437759
9.14,0.334407717,-0.250827203
9.15,0.333862303,-0.25115294
9.16,0.333360095,-0.251434404
9.17,0.332904133,-0.251668592
9.18,0.332489874,-0.25186008
9.19,0.332099571,-0.252026651
9.2,0.331708787,-0.25219278
9.21,0.33130825,-0.252367769
9.22,0.330912757,-0.252536857
9.23,0.330522209,-0.252700175
9.24,0.330124275,-0.252870093
9.25,0.329722162,-0.253043441
9.26,0.329321303,-0.253214823
9.27,0.328918696,-0.253387283
9.28,0.328503867,-0.253571332
9.29,0.328075875,-0.253767954
9.3,0.327657146,-0.253954762
9.31,0.327249958,-0.254129523
9.32,0.326837966,-0.254308633
9.33,0.326423256,-0.254490051
9.34,0.326000368,-0.25467928
9.35,0.325556633,-0.25488904
9.36,0.325092395,-0.255119027
9.37,0.324601538,-0.255375402
9.38,0.324086151,-0.255656122
9.39,0.323568478,-0.255938987
9.4,0.323043314,-0.256229257
9.41,0.322489313,-0.256548331
9.42,0.321917811,-0.256884924
9.43,0.321351548,-0.257216345
9.44,0.32080058,-0.257532597
9.45,0.320273171,-0.257825479
9.46,0.319780186,-0.258084185
9.47,0.319317869,-0.258312537
9.48,0.318865781,-0.258531038
9.49,0.318411958,-0.258751711
9.5,0.317944316,-0.258986697
9.51,0.317449981,-0.259248921
9.52,0.316953303,-0.259514085
9.53,0.316492763,-0.259743765
9.54,0.316081432,-0.259924955
9.55,0.315733589,-0.260043448
9.56,0.315461069,-0.260087484
9.57,0.315246184,-0.260074829
9.58,0.315055631,-0.26003887
9.59,0.314865046,-0.260004044
9.6,0.314669748,-0.259975093
9.61,0.314472838,-0.259948973
9.62,0.314276721,-0.259923335
9.63,0.314082824,-0.259896808
9.64,0.313879099,-0.259881499
9.65,0.313646434,-0.259896568
9.66,0.313384572,-0.259942291
9.67,0.313104597,-0.260007596
9.68,0.31281654,-0.260082482
9.69,0.312526476,-0.260160923
9.7,0.312230352,-0.260247026
9.71,0.311915373,-0.260353634
9.72,0.311564998,-0.260497323
9.73,0.311173654,-0.260683691
9.74,0.310755818,-0.260898285
9.75,0.310332416,-0.261120223
9.76,0.309920538,-0.261332478
9.77,0.30954008,-0.261515222
9.78,0.309222173,-0.261637391
9.79,0.308994128,-0.261671751
9.8,0.30885099,-0.26162335
9.81,0.308765316,-0.26151973
9.82,0.308714136,-0.261383965
9.83,0.308686621,-0.261226995
9.84,0.308672412,-0.261059315
9.85,0.308657001,-0.260895649
9.86,0.308639246,-0.260738299
9.87,0.308629232,-0.260577425
9.88,0.30861856,-0.260420093
9.89,0.308583969,-0.260289259
9.9,0.308512875,-0.260197608
9.91,0.308409391,-0.260140978
9.92,0.308299086,-0.260093838
9.93,0.308202605,-0.260035524
9.94,0.308109866,-0.259976141
9.95,0.307999121,-0.259937451
9.96,0.307857774,-0.259932051
9.97,0.307687559,-0.25995816
9.98,0.307503824,-0.260000336
9.99,0.307321069,-0.26004387
10,0.307123798,-0.260103866
10.01,0.306888709,-0.260203471
10.02,0.306627884,-0.260330851
10.03,0.306360435,-0.260467111
10.04,0.306091087,-0.260607706
10.05,0.305822037,-0.260750564
10.06,0.305555412,-0.260893617
10.07,0.305300381,-0.261027758
10.08,0.305065941,-0.261144045
10.09,0.304858894,-0.261235738
10.1,0.304667325,-0.261314807
10.11,0.304444054,-0.261428476
10.12,0.304153451,-0.261612368
10.13,0.303790446,-0.261871511
10.14,0.30335814,-0.262202772
10.15,0.302875721,-0.262586975
10.16,0.30236373,-0.263003601
10.17,0.301834108,-0.263440739
10.18,0.301300856,-0.263884411
10.19,0.300771172,-0.264327435
10.2,0.300234147,-0.26478073
10.21,0.299662794,-0.265271293
10.22,0.299042814,-0.26581342
10.23,0.298368986,-0.266412325
10.24,0.297637532,-0.26707178
10.25,0.296854129,-0.267786103
10.26,0.296032735,-0.268541331
10.27,0.29520019,-0.269310619
10.28,0.294390353,-0.270060103
10.29,0.293643449,-0.270749556
10.3,0.292982612,-0.271355841
10.31,0.292391869,-0.271894927
10.32,0.291838971,-0.272399059
10.33,0.291311661,-0.272880482
10.34,0.290825148,-0.273323977
10.35,0.290373754,-0.273735208
10.36,0.289918787,-0.274152858
10.37,0.289451414,-0.274585743
10.38,0.288996366,-0.275009116
10.39,0.288564425,-0.275412177
10.4,0.288155564,-0.275794943
10.41,0.287775654,-0.276151528
10.42,0.287430558,-0.276476052
10.43,0.287120079,-0.276768702
10.44,0.286822888,-0.27705079
10.45,0.286496265,-0.277365022
10.46,0.286113332,-0.277738254
10.47,0.28567395,-0.278170603
10.48,0.28519006,-0.278650104
10.49,0.284680319,-0.27915808
10.5,0.284150094,-0.279689146
10.51,0.28359609,-0.280246579
10.52,0.283037724,-0.280810947
10.53,0.282486645,-0.281370584
10.54,0.281912735,-0.281955594
10.55,0.281291082,-0.282590869
10.56,0.280626602,-0.283271476
10.57,0.27992461,-0.283992081
10.58,0.279204242,-0.284733531
10.59,0.278507042,-0.285454266
10.6,0.277865094,-0.286122184
10.61,0.277278346,-0.286737325
10.62,0.27671534,-0.287331131
10.63,0.276143589,-0.287936071
10.64,0.275536771,-0.28857845
10.65,0.274862316,-0.289290816
10.66,0.274113541,-0.290079835
10.67,0.273320502,-0.290915427
10.68,0.272518487,-0.291762289
10.69,0.271736655,-0.292591241
10.7,0.270984605,-0.293392668
10.71,0.270256761,-0.294172127
10.72,0.269557155,-0.294925567
10.73,0.268897969,-0.295640788
10.74,0.268279689,-0.296317283
10.75,0.267686387,-0.296970961
10.76,0.267090958,-0.297628909
10.77,0.266463761,-0.298320745
10.78,0.265794455,-0.299056792
10.79,0.265085456,-0.299834611
10.8,0.264328303,-0.300662645
10.81,0.263511093,-0.301552775
10.82,0.262641331,-0.302497478
10.83,0.261731569,-0.30348418
10.84,0.260786766,-0.304507903
10.85,0.25982763,-0.305547919
10.86,0.258881267,-0.306577103
10.87,0.257957756,-0.307585354
10.88,0.257068753,-0.308560998
10.89,0.256231547,-0.309486725
10.9,0.255443846,-0.310364806
10.91,0.254692767,-0.311208103
10.92,0.253971093,-0.312023815
10.93,0.253262366,-0.312828378
10.94,0.252551065,-0.313637294
10.95,0.251840793,-0.314446939
10.96,0.251149426,-0.31523942
10.97,0.250512082,-0.315979596
10.98,0.249945473,-0.316650737
10.99,0.249421129,-0.317281292
11,0.248909619,-0.317900671
11.01,0.248403117,-0.318516683
11.02,0.247893069,-0.31913786
11.03,0.247369573,-0.319774087
11.04,0.246822074,-0.320435901
11.05,0.246235944,-0.321137914
11.06,0.245618505,-0.321872784
11.07,0.244980441,-0.322629814
11.08,0.244305265,-0.323425472
11.09,0.243591302,-0.324261416
11.1,0.242861443,-0.325114741
11.11,0.242125729,-0.325975388
11.12,0.241388922,-0.32683858
11.13,0.240646804,-0.327708515
11.14,0.239872156,-0.328612398
11.15,0.239052764,-0.329562425
11.16,0.23819939,-0.330547821
11.17,0.237323154,-0.33155745
11.18,0.236437763,-0.332577589
11.19,0.23556497,-0.333586471
11.2,0.234722173,-0.334566678
11.21,0.233903658,-0.335523909
11.22,0.233089489,-0.336478082
11.23,0.232265111,-0.337443735
11.24,0.231434346,-0.338417032
11.25,0.23060734,-0.339387813
11.26,0.229786002,-0.340354153
11.27,0.228975669,-0.341310697
11.28,0.228190162,-0.342243611
11.29,0.227452283,-0.343130075
11.3,0.226766692,-0.343965414
11.31,0.226108229,-0.344774768
11.32,0.225450057,-0.345584959
11.33,0.224786705,-0.346401444
11.34,0.224121158,-0.347221223
11.35,0.223439124,-0.348058574
11.36,0.22273792,-0.348916167
11.37,0.222031671,-0.349779864
11.38,0.221320814,-0.350649214
11.39,0.220585653,-0.351543898
11.4,0.219810033,-0.352480059
11.41,0.219000334,-0.353451304
11.42,0.218175042,-0.354439135
11.43,0.217361065,-0.355416631
11.44,0.216565778,-0.3563764
11.45,0.215770247,-0.35733736
11.46,0.214973049,-0.358300919
11.47,0.21417125,-0.359269997
11.48,0.213344488,-0.36026494
11.49,0.212502447,-0.361276052
11.5,0.211668279,-0.362280166
11.51,0.210844796,-0.363274455
11.52,0.210022067,-0.364268832
11.53,0.209205006,-0.365258368
11.54,0.208419387,-0.366217274
11.55,0.207678585,-0.367132156
11.56,0.206995616,-0.36798998
11.57,0.206374327,-0.36878688
11.58,0.205807399,-0.369530152
11.59,0.205310376,-0.370204234
11.6,0.20488635,-0.370806012
11.61,0.204503503,-0.371367283
11.62,0.204135773,-0.371914085
11.63,0.203779233,-0.37245033
11.64,0.203423913,-0.37298597
11.65,0.203058725,-0.373532076
11.66,0.202701574,-0.37407073
11.67,0.202378441,-0.374575931
11.68,0.202092108,-0.375044878
11.69,0.201825992,-0.37549413
11.7,0.201563506,-0.375940252
11.71,0.201279916,-0.376407962
11.72,0.200945669,-0.376926799
11.73,0.200565627,-0.377491892
11.74,0.200167143,-0.378075885
11.75,0.199782593,-0.378646384
11.76,0.199442029,-0.379173317
11.77,0.199146225,-0.379655881
11.78,0.198875505,-0.380113721
11.79,0.198597243,-0.380579437
11.8,0.198282566,-0.381081886
11.81,0.197924015,-0.381628517
11.82,0.197511716,-0.382229198
11.83,0.197041221,-0.382888367
11.84,0.196537964,-0.383580582
11.85,0.196037597,-0.384270176
11.86,0.19554815,-0.38494909
11.87,0.195058045,-0.385628873
11.88,0.194563783,-0.386312999
11.89,0.194069385,-0.386997427
11.9,0.193582648,-0.387674331
11.91,0.193113612,-0.388333648
11.92,0.192675902,-0.388961724
11.93,0.19227988,-0.389548166
11.94,0.191911212,-0.390107275
11.95,0.191530542,-0.390678379
11.96,0.191098319,-0.391301003
11.97,0.190589815,-0.391999866
11.98,0.190000718,-0.392779268
11.99,0.189347883,-0.393622344
12,0.188646061,-0.394514327
12.01,0.187899805,-0.395450637
12.02,0.187120944,-0.396419419
12.03,0.186314795,-0.397415331
12.04,0.185469377,-0.398450324
12.05,0.184586463,-0.399522598
12.06,0.183688922,-0.400609257
12.07,0.182771012,-0.401716012
12.08,0.181802132,-0.402873437
12.09,0.180795504,-0.40406828
12.1,0.179796231,-0.405255413
12.11,0.178825248,-0.406413867
12.12,0.177882859,-0.407543305
12.13,0.176959337,-0.40865342
12.14,0.176039983,-0.409758879
12.15,0.175122035,-0.410862415
12.16,0.174210605,-0.411958886
12.17,0.173300859,-0.413053095
12.18,0.172377009,-0.414160802
12.19,0.171429296,-0.415291735
12.2,0.170475827,-0.416427761
12.21,0.169544319,-0.417541134
12.22,0.168632354,-0.418634239
12.23,0.167716324,-0.419730653
12.24,0.166787444,-0.420839132
12.25,0.165880472,-0.42192489
12.26,0.165031385,-0.422951918
12.27,0.164234289,-0.423926077
12.28,0.163478864,-0.424857653
12.29,0.162756377,-0.42575535
12.3,0.162040726,-0.426645235
12.31,0.161316739,-0.427542454
12.32,0.160581243,-0.428450152
12.33,0.159817532,-0.429385006
12.34,0.159009326,-0.430363273
12.35,0.158163572,-0.431377977
12.36,0.157318856,-0.432390509
12.37,0.156522213,-0.433353804
12.38,0.15577995,-0.434261522
12.39,0.155069838,-0.435135859
12.4,0.154391915,-0.435976746
12.41,0.153739192,-0.436791143
12.42,0.15308361,-0.437607081
12.43,0.15241196,-0.438437739
12.44,0.151729859,-0.439277477
12.45,0.151049877,-0.440113698
12.46,0.150384219,-0.440934171
12.47,0.149743351,-0.441728402
12.48,0.149131237,-0.442492396
12.49,0.148544639,-0.443229366
12.5,0.147972361,-0.44395048
12.51,0.147403903,-0.444666209
12.52,0.146852261,-0.445363535
12.53,0.146350349,-0.446009518
12.54,0.14591405,-0.446588245
12.55,0.145523541,-0.447119511
12.56,0.145149203,-0.447632906
12.57,0.144773928,-0.448145516
12.58,0.144373828,-0.448681205
12.59,0.143918745,-0.449270114
12.6,0.143398594,-0.449922312
12.61,0.142825946,-0.450625215
12.62,0.142216086,-0.451363521
12.63,0.141561791,-0.452144434
12.64,0.140858242,-0.452972753
12.65,0.140122722,-0.453831179
12.66,0.13936334,-0.454711585
12.67,0.138587113,-0.45560693
12.68,0.137821236,-0.456490001
12.69,0.137081596,-0.457344891
12.7,0.136362025,-0.458177745
12.71,0.135659897,-0.458991168
12.72,0.134972149,-0.459788207
12.73,0.134295463,-0.46057216
12.74,0.133627441,-0.461345409
12.75,0.132948676,-0.462127344
12.76,0.132243833,-0.462933285
12.77,0.131525036,-0.463751095
12.78,0.130801045,-0.464572001
12.79,0.130056231,-0.465411617
12.8,0.129280246,-0.466280279
12.81,0.128495323,-0.467155743
12.82,0.127717854,-0.468021603
12.83,0.126939653,-0.468886034
12.84,0.126170708,-0.469739037
12.85,0.125425637,-0.470565981
12.86,0.124698392,-0.471372906
12.87,0.123983338,-0.472165434
12.88,0.123267168,-0.472956865
12.89,0.122532604,-0.473764468
12.9,0.121797241,-0.474570642
12.91,0.121090788,-0.47534567
12.92,0.120418713,-0.476084077
12.93,0.119771979,-0.476794893
12.94,0.119151895,-0.477476803
12.95,0.118568503,-0.47811976
12.96,0.1180123,-0.478733261
12.97,0.117477489,-0.479323101
12.98,0.116983138,-0.479870207
12.99,0.116539535,-0.480364288
13,0.116143448,-0.480808573
13.01,0.115794086,-0.481203852
13.02,0.115488216,-0.481553355
13.03,0.11521459,-0.481868331
13.04,0.114959516,-0.482162469
13.05,0.114727991,-0.482430777
13.06,0.114530496,-0.482662774
13.07,0.114352912,-0.482872579
13.08,0.114155593,-0.483099842
13.09,0.113905084,-0.483378023
13.1,0.113614872,-0.483693639
13.11,0.113318281,-0.48401337
13.12,0.113029475,-0.484323056
13.13,0.112736001,-0.484635156
13.14,0.112409721,-0.48497781
13.15,0.112053007,-0.485348652
13.16,0.111695718,-0.485717829
13.17,0.111340575,-0.486082624
13.18,0.110976328,-0.486454292
13.19,0.110613716,-0.486822101
13.2,0.110269777,-0.48716902
13.21,0.109948732,-0.487490835
13.22,0.109644793,-0.487793341
13.23,0.109360335,-0.488074174
13.24,0.109101885,-0.488326815
13.25,0.108859491,-0.488561229
13.26,0.108620028,-0.488790548
13.27,0.108379207,-0.489019074
13.28,0.108134452,-0.489249392
13.29,0.107876355,-0.489490919
13.3,0.107589076,-0.489759503
13.31,0.10726921,-0.490058558
13.32,0.106933221,-0.490371624
13.33,0.106588019,-0.490691799
13.34,0.106209377,-0.491043322
13.35,0.105784973,-0.491438523
13.36,0.10533115,-0.491861064
13.37,0.104863268,-0.492295592
13.38,0.10439322,-0.49273023
13.39,0.103920502,-0.493165495
13.4,0.103426096,-0.493620418
13.41,0.10288845,-0.494116564
13.42,0.102303986,-0.49465752
13.43,0.101690485,-0.495225516
13.44,0.101070672,-0.495797838
13.45,0.100470223,-0.496348827
13.46,9.99101503E-02,-0.496857488
13.47,9.939670914E-02,-0.497317587
13.48,9.894762054E-02,-0.497711421
13.49,9.858204989E-02,-0.498019846
13.5,9.829516666E-02,-0.498247717
13.51,9.808129187E-02,-0.498400738
13.52,9.791490242E-02,-0.498504458
13.53,9.773693986E-02,-0.498617962
13.54,9.750771924E-02,-0.498780953
13.55,9.723501224E-02,-0.498985667
13.56,9.692513964E-02,-0.499225785
13.57,9.655682689E-02,-0.499522588
13.58,9.613022494E-02,-0.499875929
13.59,9.567737414E-02,-0.500253772
13.6,9.52412601E-02,-0.500613142
13.61,9.484828416E-02,-0.500927661
13.62,9.448875055E-02,-0.501207054
13.63,9.41414439E-02,-0.501472561
13.64,9.38025849E-02,-0.501727981
13.65,9.348441157E-02,-0.501961093
13.66,9.318418409E-02,-0.502174658
13.67,9.289201689E-02,-0.502378584
13.68,9.261828982E-02,-0.502562509
13.69,9.237138658E-02,-0.502718072
13.7,9.213761553E-02,-0.502858989
13.71,9.189922529E-02,-0.503003034
13.72,9.163819333E-02,-0.503168246
13.73,9.133475033E-02,-0.503374402
13.74,9.099135439E-02,-0.503619044
13.75,9.062572611E-02,-0.503884453
13.76,9.024805032E-02,-0.504160454
13.77,8.986513397E-02,-0.504440261
13.78,8.947202414E-02,-0.504728846
13.79,8.904754689E-02,-0.5050474
13.8,8.858789259E-02,-0.505399746
13.81,8.812564306E-02,-0.505753313
13.82,8.770738172E-02,-0.506061538
13.83,8.735363091E-02,-0.506303932
13.84,8.70642878E-02,-0.506480634
13.85,8.684484008E-02,-0.506586195
13.86,8.668615127E-02,-0.506629789
13.87,8.657607752E-02,-0.5066236
13.88,8.651084721E-02,-0.506571442
13.89,8.64655329E-02,-0.506498291
13.9,8.640160802E-02,-0.506442722
13.91,8.629372704E-02,-0.506430106
13.92,8.614544089E-02,-0.506456877
13.93,8.596744895E-02,-0.506512303
13.94,8.575520258E-02,-0.506600913
13.95,8.552370051E-02,-0.506707696
13.96,8.531044501E-02,-0.50679515
13.97,8.51392184E-02,-0.506839534
13.98,8.501904037E-02,-0.506831894
13.99,8.496232566E-02,-0.506759889
14,8.498441108E-02,-0.506608287
14.01,8.507444845E-02,-0.506388156
14.02,8.518644106E-02,-0.506146856
14.03,8.528150943E-02,-0.505923564
14.04,8.535427157E-02,-0.505721946
14.05,8.541614544E-02,-0.505529995
14.06,8.547715715E-02,-0.505337393
14.07,8.555557298E-02,-0.505125567
14.08,8.567035697E-02,-0.504875901
14.09,8.579768923E-02,-0.504612398
14.1,8.589981283E-02,-0.50437293
14.11,8.596669824E-02,-0.504167693
14.12,8.60006184E-02,-0.503994531
14.13,8.601690587E-02,-0.503838182
14.14,8.603159076E-02,-0.50368267
14.15,8.605463649E-02,-0.503518059
14.16,8.611872077E-02,-0.503311682
14.17,8.624104053E-02,-0.503046316
14.18,8.639142758E-02,-0.502752082
14.19,8.655188844E-02,-0.502446993
14.2,8.673220616E-02,-0.502121331
14.21,8.694218071E-02,-0.501765336
14.22,8.717918696E-02,-0.501381653
14.23,8.742148366E-02,-0.500992049
14.24,8.764084115E-02,-0.50062479
14.25,8.782078994E-02,-0.500296393
14.26,8.795312735E-02,-0.500015107
14.27,8.80243474E-02,-0.499794483
14.28,8.803323235E-02,-0.499635785
14.29,8.799632182E-02,-0.499522524
14.3,8.790967031E-02,-0.499458694
14.31,8.775948583E-02,-0.499458142
14.32,8.753978875E-02,-0.499526931
14.33,8.725598477E-02,-0.4996598
14.34,8.695314581E-02,-0.499812046
14.35,8.666721687E-02,-0.499948414
14.36,8.638639824E-02,-0.500080674
14.37,8.611225319E-02,-0.500206415
14.38,8.587214342E-02,-0.500297711
14.39,8.56890194E-02,-0.500331301
14.4,8.55766526E-02,-0.500293599
14.41,8.551565883E-02,-0.500205456
14.42,8.547935272E-02,-0.50009398
14.43,8.547724825E-02,-0.499948337
14.44,8.553317009E-02,-0.499744327
14.45,8.565479656E-02,-0.499474211
14.46,8.581884007E-02,-0.499160166
14.47,8.600081648E-02,-0.498826367
14.48,8.62083625E-02,-0.498466245
14.49,8.644914646E-02,-0.498072511
14.5,8.670480376E-02,-0.497663484
14.51,8.694943639E-02,-0.497265169
14.52,8.717222453E-02,-0.496888448
14.53,8.738701768E-02,-0.496519557
14.54,8.761154831E-02,-0.496140813
14.55,8.78432341E-02,-0.495754848
14.56,8.807451687E-02,-0.495369256
14.57,8.830652292E-02,-0.494982956
14.58,8.853547917E-02,-0.494599761
14.59,8.876229512E-02,-0.494218799
14.6,8.899173456E-02,-0.493835342
14.61,8.922634185E-02,-0.493446876
14.62,8.945285472E-02,-0.493066691
14.63,8.964547702E-02,-0.492720614
14.64,8.980831704E-02,-0.492404568
14.65,8.995461143E-02,-0.492105353
14.66,9.009401869E-02,-0.491813333
14.67,9.023983688E-02,-0.491515233
14.68,9.040134166E-02,-0.491201795
14.69,9.05897E-02,-0.490861865
14.7,9.08170385E-02,-0.490483329
14.71,9.107996469E-02,-0.490069586
14.72,9.136797867E-02,-0.489631148
14.73,9.168726379E-02,-0.489161844
14.74,9.204591903E-02,-0.488653591
14.75,9.244148362E-02,-0.488108863
14.76,9.285545102E-02,-0.48754618
14.77,9.327182697E-02,-0.486981556
14.78,9.367378337E-02,-0.486431838
14.79,9.403476593E-02,-0.485923605
14.8,9.435735232E-02,-0.485454303
14.81,9.464904589E-02,-0.485016455
14.82,9.488680448E-02,-0.484633123
14.83,9.505624249E-02,-0.484318718
14.84,9.518106376E-02,-0.484049563
14.85,9.529212512E-02,-0.48379483
14.86,9.541179896E-02,-0.483532163
14.87,9.555533017E-02,-0.483246336
14.88,9.572617412E-02,-0.482933902
14.89,9.593618964E-02,-0.482583016
14.9,9.619924303E-02,-0.48217982
14.91,9.651641772E-02,-0.481723238
14.92,9.687893942E-02,-0.481222055
14.93,9.726164403E-02,-0.480701447
14.94,9.763319005E-02,-0.480192777
14.95,9.797224485E-02,-0.4797174
14.96,9.827321945E-02,-0.479280933
14.97,9.855412646E-02,-0.478865389
14.98,9.882294506E-02,-0.478462811
14.99,9.906245231E-02,-0.478090442
15,9.92715865E-02,-0.477749365
15.01,9.946306018E-02,-0.477426892
15.02,9.964435619E-02,-0.477115561
15.03,9.981233146E-02,-0.476818533
15.04,9.997638086E-02,-0.476526435
15.05,0.100164637,-0.47621115
15.06,0.100389947,-0.475859845
15.07,0.100641369,-0.475483471
15.08,0.100894891,-0.475106052
15.09,0.101146152,-0.474731966
15.1,0.101414022,-0.474342362
15.11,0.10171276,-0.473922997
15.12,0.102056934,-0.473459313
15.13,0.102467526,-0.472930339
15.14,0.102950594,-0.472330025
15.15,0.103502507,-0.471662014
15.16,0.104119368,-0.470930213
15.17,0.104791932,-0.470143884
15.18,0.105507001,-0.46931624
15.19,0.106244592,-0.468467282
15.2,0.106988811,-0.467612921
15.21,0.10773474,-0.466758092
15.22,0.108475494,-0.465909699
15.23,0.109193786,-0.465085042
15.24,0.109870549,-0.464303206
15.25,0.110503748,-0.463566242
15.26,0.111106721,-0.462860828
15.27,0.111693892,-0.462172553
15.28,0.112276897,-0.461489796
15.29,0.112857003,-0.4608113
15.3,0.113425405,-0.460145881
15.31,0.113968252,-0.459507403
15.32,0.114476001,-0.458905421
15.33,0.114946351,-0.458342247
15.34,0.115386061,-0.457811132
15.35,0.115827226,-0.457279994
15.36,0.116300307,-0.45671838
15.37,0.116794575,-0.456137024
15.38,0.117282698,-0.455563269
15.39,0.117756724,-0.455005072
15.4,0.118235226,-0.454443869
15.41,0.118754618,-0.453843256
15.42,0.119336933,-0.453181203
15.43,0.119972671,-0.452467215
15.44,0.120629497,-0.451733634
15.45,0.121266709,-0.451021166
15.46,0.121871024,-0.450343103
15.47,0.122454383,-0.449687512
15.48,0.123010763,-0.449060423
15.49,0.123523763,-0.448478245
15.5,0.123975417,-0.447958948
15.51,0.124338866,-0.447529401
15.52,0.124607994,-0.447195725
15.53,0.124811103,-0.446929627
15.54,0.124977475,-0.446701832
15.55,0.125115966,-0.446503489
15.56,0.125235471,-0.446325706
15.57,0.125354829,-0.446149651
15.58,0.125490368,-0.445958996
15.59,0.125658941,-0.445736891
15.6,0.125883205,-0.44546068
15.61,0.126173059,-0.445120461
15.62,0.126517137,-0.444727598
15.63,0.126907116,-0.444290414
15.64,0.127345619,-0.443806287
15.65,0.127840998,-0.443266865
15.66,0.128391446,-0.442673955
15.67,0.128961181,-0.442063342
15.68,0.129518287,-0.441466943
15.69,0.130061196,-0.44088633
15.7,0.130584206,-0.440327206
15.71,0.131088111,-0.43978878
15.72,0.131599766,-0.439244199
15.73,0.132143037,-0.438669595
15.74,0.132720373,-0.438062521
15.75,0.133310714,-0.437444037
15.76,0.133895326,-0.436832875
15.77,0.134477243,-0.436226002
15.78,0.135072328,-0.435607555
15.79,0.135690103,-0.434968012
15.8,0.136314419,-0.43432352
15.81,0.136926851,-0.433692503
15.82,0.137530213,-0.433072148
15.83,0.138118252,-0.432468703
15.84,0.138670991,-0.431902146
15.85,0.139195443,-0.431365462
15.86,0.139711021,-0.430839236
15.87,0.140216591,-0.430324598
15.88,0.140707907,-0.429825793
15.89,0.141187461,-0.429340326
15.9,0.141645175,-0.428878273
15.91,0.142074669,-0.428446008
15.92,0.142478524,-0.42804095
15.93,0.142852322,-0.427667509
15.94,0.143195445,-0.427326304
15.95,0.143507893,-0.427017328
15.96,0.143775747,-0.426754496
15.97,0.143980145,-0.426556666
15.98,0.144116115,-0.426428804
15.99,0.144203171,-0.426351392
16,0.144281541,-0.426284193
16.01,0.144381331,-0.426197097
16.02,0.144518054,-0.426074583
16.03,0.14469966,-0.425908698
16.04,0.14492303,-0.425702556
16.05,0.145175512,-0.425468804
16.06,0.145439595,-0.42522495
16.07,0.145727865,-0.424958401
16.08,0.146055236,-0.424654239
16.09,0.146397269,-0.424336899
16.1,0.146721384,-0.424038955
16.11,0.147005698,-0.423782282
16.12,0.147246379,-0.423570705
16.13,0.147459459,-0.423388182
16.14,0.147660355,-0.423219288
16.15,0.147848567,-0.423064514
16.16,0.148026563,-0.422921384
16.17,0.148218018,-0.422766215
16.18,0.148438666,-0.422583267
16.19,0.148687313,-0.422373728
16.2,0.148976698,-0.422124856
16.21,0.149320216,-0.421823253
16.22,0.149698204,-0.421488576
16.23,0.150073324,-0.421158161
16.24,0.15043817,-0.420839404
16.25,0.150804132,-0.420520902
16.26,0.151172654,-0.420201204
16.27,0.151559534,-0.419864503
16.28,0.151973538,-0.419502025
16.29,0.152378168,-0.419150261
16.3,0.152736726,-0.418845898
16.31,0.1530556,-0.418582539
16.32,0.153372461,-0.418322495
16.33,0.153724543,-0.418028524
16.34,0.154117592,-0.417694872
16.35,0.154537438,-0.417335705
16.36,0.154975785,-0.416959313
16.37,0.155426966,-0.416571351
16.38,0.155881827,-0.416180965
16.39,0.156343803,-0.415784708
16.4,0.156824008,-0.415371457
16.41,0.157320358,-0.414943285
16.42,0.157829857,-0.414503179
16.43,0.158345493,-0.414058141
16.44,0.158869486,-0.413605939
16.45,0.159433755,-0.413114644
16.46,0.160060832,-0.412561714
16.47,0.160743562,-0.411954297
16.48,0.161452611,-0.411321719
16.49,0.162154145,-0.410697801
16.5,0.162832142,-0.410098552
16.51,0.16349238,-0.40951818
16.52,0.164140221,-0.408951309
16.53,0.164762976,-0.408410615
16.54,0.165361473,-0.407895258
16.55,0.165945341,-0.407395595
16.56,0.166513339,-0.406912852
16.57,0.16705796,-0.406454525
16.58,0.167567766,-0.406032038
16.59,0.16805362,-0.405634512
16.6,0.168547506,-0.405229951
16.61,0.16908662,-0.404781145
16.62,0.169699195,-0.404259852
16.63,0.170386986,-0.40366431
16.64,0.171139411,-0.403005091
16.65,0.171946635,-0.402292022
16.66,0.172802834,-0.401530914
16.67,0.173698266,-0.400731497
16.68,0.174610564,-0.399916122
16.69,0.175528008,-0.399096498
16.7,0.176459376,-0.398263832
16.71,0.17741003,-0.397412745
16.72,0.178367307,-0.396555888
16.73,0.179309361,-0.395715092
16.74,0.180227973,-0.394898559
16.75,0.181137466,-0.394091953
16.76,0.18203376,-0.393299335
16.77,0.182878721,-0.392558826
16.78,0.183664602,-0.391878156
16.79,0.184431679,-0.391217032
16.8,0.18519999,-0.3905554
16.81,0.185951293,-0.389911486
16.82,0.186669944,-0.389300921
16.83,0.187353838,-0.388725792
16.84,0.188017847,-0.388171211
16.85,0.188676498,-0.387622635
16.86,0.189324402,-0.387085438
16.87,0.189958476,-0.386562686
16.88,0.190574756,-0.38605833
16.89,0.191164633,-0.385580959
16.9,0.191735654,-0.385123013
16.91,0.192294236,-0.384678057
16.92,0.192830166,-0.384256288
16.93,0.193337362,-0.383863773
16.94,0.193818597,-0.383497719
16.95,0.194278064,-0.383153917
16.96,0.194730025,-0.382818087
16.97,0.195203144,-0.382461551
16.98,0.195728159,-0.382053556
16.99,0.196324083,-0.381575078
17,0.19698216,-0.381034861
17.01,0.197687275,-0.380448012
17.02,0.198443223,-0.379810719
17.03,0.199240008,-0.379132967
17.04,0.200051225,-0.378441144
17.05,0.200875248,-0.37773686
17.06,0.201723167,-0.377009006
17.07,0.202586562,-0.376265987
17.08,0.203460541,-0.375512677
17.09,0.204358758,-0.374735406
17.1,0.205293834,-0.373921536
17.11,0.206270723,-0.373066096
17.12,0.207271577,-0.372186918
17.13,0.208262116,-0.371318266
17.14,0.20922928,-0.370473182
17.15,0.210171015,-0.369653698
17.16,0.211079157,-0.368867961
17.17,0.211945544,-0.368124115
17.18,0.212768672,-0.367423643
17.19,0.21355956,-0.366755508
17.2,0.214344604,-0.366093296
17.21,0.215152798,-0.365407996
17.22,0.21598858,-0.364695153
17.23,0.216858464,-0.363948238
17.24,0.217783683,-0.363146004
17.25,0.218764317,-0.362288355
17.26,0.21979696,-0.361378683
17.27,0.220884873,-0.360413713
17.28,0.222010996,-0.359410488
17.29,0.223149835,-0.358394487
17.3,0.224273037,-0.357394045
17.31,0.225338297,-0.356451451
17.32,0.226322865,-0.355589433
17.33,0.22724701,-0.354787704
17.34,0.228132259,-0.354024717
17.35,0.22897945,-0.353299618
17.36,0.229800005,-0.352600966
17.37,0.230617727,-0.351904942
17.38,0.231447439,-0.351196706
17.39,0.232299437,-0.350465947
17.4,0.233185862,-0.349700509
17.41,0.234101183,-0.348905911
17.42,0.23502295,-0.348104584
17.43,0.235947004,-0.347300676
17.44,0.236893814,-0.346473699
17.45,0.237880513,-0.345606506
17.46,0.238903315,-0.344702869
17.47,0.239951305,-0.343773688
17.48,0.241012628,-0.342830803
17.49,0.242060979,-0.341900505
17.5,0.243065004,-0.34101413
17.51,0.244026395,-0.34016997
17.52,0.244965421,-0.339347738
17.53,0.245868316,-0.338561183
17.54,0.246715722,-0.337829647
17.55,0.247516386,-0.337144366
17.56,0.24827685,-0.336498781
17.57,0.24899557,-0.335894422
17.58,0.249671692,-0.335332124
17.59,0.250303324,-0.334813764
17.6,0.250902173,-0.334327618
17.61,0.251487858,-0.333854054
17.62,0.252083526,-0.333369906
17.63,0.252699313,-0.332865028
17.64,0.253321745,-0.332352881
17.65,0.253953594,-0.33183068
17.66,0.254602838,-0.331290434
17.67,0.255255757,-0.330745851
17.68,0.255890497,-0.330218772
17.69,0.256490432,-0.329725809
17.7,0.257057535,-0.329264973
17.71,0.257596572,-0.328831483
17.72,0.258102815,-0.328430052
17.73,0.258588797,-0.328048133
17.74,0.259080022,-0.327660208
17.75,0.25957569,-0.327267064
17.76,0.26004043,-0.326904061
17.77,0.260435528,-0.3266099
17.78,0.260750138,-0.326395408
17.79,0.261004668,-0.326240159
17.8,0.261215975,-0.326127275
17.81,0.26138453,-0.326056268
17.82,0.261523672,-0.326013782
17.83,0.261661065,-0.325972135
17.84,0.261807416,-0.325920606
17.85,0.261955349,-0.325866562
17.86,0.262108775,-0.32580608
17.87,0.262284787,-0.325722058
17.88,0.262497213,-0.325600664
17.89,0.262738912,-0.325449041
17.9,0.262997884,-0.325279192
17.91,0.263280695,-0.325084547
17.92,0.263598148,-0.3248543
17.93,0.263945336,-0.324593355
17.94,0.264305667,-0.324318304
17.95,0.264685586,-0.324022692
17.96,0.265091929,-0.323699673
17.97,0.265515603,-0.323358335
17.98,0.265968995,-0.322986281
17.99,0.2664517,-0.322583908
18,0.266928428,-0.322186499
18.01,0.267384488,-0.321808731
18.02,0.267847891,-0.321422578
18.03,0.268343253,-0.321003409
18.04,0.268881601,-0.320540196
18.05,0.269479812,-0.320016056
18.06,0.270119147,-0.31944972
18.07,0.270747406,-0.318893383
18.08,0.271347501,-0.318364119
18.09,0.271932492,-0.317848854
18.1,0.272510672,-0.317339282
18.11,0.273087368,-0.316830068
18.12,0.273658071,-0.316325713
18.13,0.274225382,-0.315823606
18.14,0.274815703,-0.315297339
18.15,0.275461263,-0.314714674
18.16,0.276173159,-0.314064512
18.17,0.276934236,-0.313364004
18.18,0.277726054,-0.312631585
18.19,0.278531004,-0.311884858
18.2,0.279330475,-0.311142424
18.21,0.280123326,-0.310405418
18.22,0.280905788,-0.309677602
18.23,0.281664901,-0.30897193
18.24,0.282387753,-0.308301304
18.25,0.283054702,-0.307685363
18.26,0.283666174,-0.307123671
18.27,0.28424348,-0.306594912
18.28,0.284806354,-0.306079345
18.29,0.285352545,-0.305579217
18.3,0.285869424,-0.305107153
18.31,0.286374445,-0.304645692
18.32,0.286896927,-0.304165513
18.33,0.287458347,-0.303645136
18.34,0.288074226,-0.303069038
18.35,0.288752145,-0.302429637
18.36,0.289495508,-0.301723527
18.37,0.290293613,-0.30096141
18.38,0.291124426,-0.300165314
18.39,0.291970115,-0.299353072
18.4,0.292816866,-0.298538492
18.41,0.293665969,-0.29772028
18.42,0.294532736,-0.296883123
18.43,0.295428967,-0.296015215
18.44,0.296363864,-0.295107353
18.45,0.297355516,-0.294141446
18.46,0.298397985,-0.293123429
18.47,0.29945527,-0.292089302
18.48,0.300531335,-0.291035097
18.49,0.301658475,-0.289928518
18.5,0.302851488,-0.288754764
18.51,0.304103761,-0.287520448
18.52,0.305375885,-0.286264975
18.53,0.306616829,-0.285039377
18.54,0.307801316,-0.283868926
18.55,0.308914677,-0.282768291
18.56,0.30993311,-0.281761271
18.57,0.31086248,-0.280842001
18.58,0.31174158,-0.279971687
18.59,0.312590425,-0.279130312
18.6,0.313410539,-0.278316354
18.61,0.314214225,-0.277517508
18.62,0.315017825,-0.276717433
18.63,0.31582291,-0.27591456
18.64,0.316629668,-0.2751087
18.65,0.317446483,-0.27429147
18.66,0.318281154,-0.273455075
18.67,0.319149141,-0.272584052
18.68,0.320071251,-0.271657599
18.69,0.321054721,-0.270668478
18.7,0.322098312,-0.269617932
18.71,0.323195668,-0.268512319
18.72,0.324311409,-0.26738702
18.73,0.325404758,-0.266282816
18.74,0.326455745,-0.265219676
18.75,0.327449157,-0.26421282
18.76,0.328377895,-0.263269348
18.77,0.329247231,-0.26238399
18.78,0.330066319,-0.261547598
18.79,0.330855788,-0.260739546
18.8,0.331647501,-0.259927976
18.81,0.332460996,-0.259093352
18.82,0.333303636,-0.258228317
18.83,0.334176405,-0.257331891
18.84,0.335075866,-0.256407516
18.85,0.335997648,-0.255459566
18.86,0.33693025,-0.254499549
18.87,0.337863974,-0.253537166
18.88,0.338795597,-0.252575648
18.89,0.339710753,-0.251629364
18.9,0.340604803,-0.250702962
18.91,0.341491102,-0.249783091
18.92,0.342371511,-0.248867897
18.93,0.343245465,-0.247957953
18.94,0.344128248,-0.24703798
18.95,0.345035093,-0.246092752
18.96,0.345952902,-0.245135375
18.97,0.346854706,-0.244192823
18.98,0.347725685,-0.243279927
18.99,0.348562825,-0.242399707
19,0.349374288,-0.241544009
19.01,0.350179307,-0.240693609
19.02,0.350997282,-0.239829117
19.03,0.351847821,-0.23893093
19.04,0.352749885,-0.237980099
19.05,0.353707482,-0.23697262
19.06,0.354697214,-0.235931902
19.07,0.355686032,-0.234891002
19.08,0.356665021,-0.233858844
19.09,0.357637282,-0.232832338
19.1,0.358603349,-0.231810958
19.11,0.359571576,-0.230786363
19.12,0.360564976,-0.229735546
19.13,0.361609672,-0.228632397
19.14,0.362719141,-0.227463448
19.15,0.363894245,-0.226227845
19.16,0.365129057,-0.224931528
19.17,0.366412663,-0.223585418
19.18,0.367735674,-0.222198915
19.19,0.369094633,-0.220775488
19.2,0.370476717,-0.219327971
19.21,0.371867617,-0.217870682
19.22,0.373261498,-0.216409472
19.23,0.374651652,-0.214951057
19.24,0.376034594,-0.213498936
19.25,0.377411752,-0.212051694
19.26,0.3787755,-0.210616967
19.27,0.38009164,-0.209228968
19.28,0.381328765,-0.207919114
19.29,0.382501475,-0.206672819
19.3,0.383657492,-0.205442377
19.31,0.384831353,-0.204193261
19.32,0.386024545,-0.202923998
19.33,0.387221222,-0.201650446
19.34,0.388408057,-0.200385943
19.35,0.389588324,-0.19912723
19.36,0.39076166,-0.197874681
19.37,0.391914353,-0.196642022
19.38,0.39303584,-0.195439831
19.39,0.394117077,-0.194277162
19.4,0.395136826,-0.193175269
19.41,0.396072107,-0.192157145
19.42,0.396926304,-0.191219423
19.43,0.397718275,-0.190343258
19.44,0.398472329,-0.189504356
19.45,0.399224189,-0.18866701
19.46,0.399997013,-0.187808073
19.47,0.400787688,-0.186930672
19.48,0.401585381,-0.186045651
19.49,0.402392648,-0.18515047
19.5,0.403228629,-0.184226001
19.51,0.404105295,-0.183260285
19.52,0.405029381,-0.182246601
19.53,0.406007847,-0.181178
19.54,0.407018213,-0.180076976
19.55,0.408032212,-0.178971806
19.56,0.409055942,-0.17785641
19.57,0.410118071,-0.176702131
19.58,0.411251133,-0.17547645
19.59,0.412478066,-0.174156442
19.6,0.413806034,-0.172734956
19.61,0.415208527,-0.171238512
19.62,0.416632508,-0.169720161
19.63,0.418048335,-0.168209561
19.64,0.419450734,-0.166712001
19.65,0.420840756,-0.165226446
19.66,0.422237332,-0.16373398
19.67,0.423659317,-0.162215763
19.68,0.425106333,-0.160672187
19.69,0.426566344,-0.159115304
19.7,0.428022076,-0.157562399
19.71,0.429466617,-0.156020403
19.72,0.430894649,-0.154494648
19.73,0.432300372,-0.152990947
19.74,0.433690279,-0.151502824
19.75,0.435052368,-0.150042295
19.76,0.436360559,-0.148635456
19.77,0.437610538,-0.147286635
19.78,0.438806172,-0.145991981
19.79,0.439942647,-0.144756324
19.8,0.441018709,-0.143580932
19.81,0.442051304,-0.142448874
19.82,0.443062877,-0.141337721
19.83,0.444049502,-0.140251413
19.84,0.444993991,-0.139207152
19.85,0.445892957,-0.138208339
19.86,0.446756295,-0.137245095
19.87,0.447607969,-0.13629347
19.88,0.448476659,-0.1353248
19.89,0.449383415,-0.134318044
19.9,0.450353165,-0.133248288
19.91,0.45139668,-0.132104775
19.92,0.452489529,-0.130911946
19.93,0.453613405,-0.129688118
19.94,0.454778621,-0.128422995
19.95,0.455991416,-0.127110349
19.96,0.457226026,-0.125775956
19.97,0.458451688,-0.124450594
19.98,0.459651013,-0.123151665
19.99,0.460796105,-0.12190708
20,0.461872156,-0.120731662
20.01,0.462888835,-0.119615756
20.02,0.46384432,-0.118561201
20.03,0.464751481,-0.11755514
20.04,0.465653861,-0.116554047
20.05,0.466569708,-0.115539683
20.06,0.467476467,-0.114534619
20.07,0.46835277,-0.113560234
20.08,0.469188452,-0.112626708
20.09,0.469976619,-0.111740948
20.1,0.470714803,-0.110905435
20.11,0.471405642,-0.110117548
20.12,0.4720627,-0.109363734
20.13,0.472696297,-0.108633687
20.14,0.473303569,-0.107930286
20.15,0.473901598,-0.10723646
20.16,0.474507687,-0.106534918
20.17,0.475104649,-0.10584286
20.18,0.47568912,-0.10516366
20.19,0.476265635,-0.104492798
20.2,0.476840824,-0.103823653
20.21,0.477442434,-0.103128491
20.22,0.478077227,-0.102400562
20.23,0.478732442,-0.101652632
20.24,0.479399724,-0.100893072
20.25,0.48008019,-0.100120772
20.26,0.480785644,-9.932393913E-02
20.27,0.481513437,-9.850523351E-02
20.28,0.482249459,-9.767877595E-02
20.29,0.482989568,-9.68487185E-02
20.3,0.483737724,-9.601111296E-02
20.31,0.48447538,-9.51845181E-02
20.32,0.485170047,-9.440143199E-02
20.33,0.485845875,-9.363771934E-02
20.34,0.486555545,-9.284071039E-02
20.35,0.487299558,-9.200991408E-02
20.36,0.48806487,-9.115838349E-02
20.37,0.488853476,-9.028413106E-02
20.38,0.489645594,-8.940695103E-02
20.39,0.490431148,-8.853692795E-02
20.4,0.491223381,-8.766083048E-02
20.41,0.49201404,-8.678692217E-02
20.42,0.492782199,-8.593613862E-02
20.43,0.49351773,-8.511861858E-02
20.44,0.494233801,-8.432120525E-02
20.45,0.494953755,-8.352056672E-02
20.46,0.495674618,-8.271968539E-02
20.47,0.496396118,-8.191884152E-02
20.48,0.497145633,-8.109066813E-02
20.49,0.497952159,-8.020617692E-02
20.5,0.49882692,-7.925414895E-02
20.51,0.499763117,-7.824139203E-02
20.52,0.500749791,-7.717887093E-02
20.53,0.501780148,-7.607338806E-02
20.54,0.502834029,-7.49451103E-02
20.55,0.503882814,-7.382266479E-02
20.56,0.504913377,-7.271918951E-02
20.57,0.505924245,-7.163616412E-02
20.58,0.506914322,-7.057469391E-02
20.59,0.507889101,-6.952929507E-02
20.6,0.508864054,-6.848450457E-02
20.61,0.509842159,-6.743734986E-02
20.62,0.510809904,-6.640135213E-02
20.63,0.511747214,-6.539659248E-02
20.64,0.512644683,-6.443248494E-02
20.65,0.513506097,-6.350525196E-02
20.66,0.514328189,-6.261816667E-02
20.67,0.515114644,-6.176755296E-02
20.68,0.5158796,-6.093927815E-02
20.69,0.516638635,-6.01177719E-02
20.7,0.517409177,-5.928561138E-02
20.71,0.518194085,-5.843994437E-02
20.72,0.518980905,-5.759322792E-02
20.73,0.519755494,-5.675961153E-02
20.74,0.520501819,-5.595513325E-02
20.75,0.521203745,-5.51959348E-02
20.76,0.521861533,-5.448176014E-02
20.77,0.52248728,-5.380051895E-02
20.78,0.523088141,-5.314506127E-02
20.79,0.52366226,-5.251724779E-02
20.8,0.524222575,-5.190414521E-02
20.81,0.524810123,-5.126472292E-02
20.82,0.525446552,-5.057733405E-02
20.83,0.526116691,-4.985715348E-02
20.84,0.526798795,-4.912592973E-02
20.85,0.527483686,-4.839284185E-02
20.86,0.528175577,-4.765368382E-02
20.87,0.528877462,-4.690546388E-02
20.88,0.529589903,-4.614762409E-02
20.89,0.530314666,-4.537840136E-02
20.9,0.531044586,-4.460496478E-02
20.91,0.531753191,-4.385378936E-02
20.92,0.532394698,-4.317066149E-02
20.93,0.532948216,-4.257647663E-02
20.94,0.533438818,-4.204616821E-02
20.95,0.533890487,-4.155575564E-02
20.96,0.534308913,-4.109955408E-02
20.97,0.534714374,-4.065728862E-02
20.98,0.53513209,-4.02037407E-02
20.99,0.535562778,-3.973819653E-02
21,0.53600066,-3.92664352E-02
21.01,0.536444098,-3.879009812E-02
21.02,0.536902682,-3.829959508E-02
21.03,0.537384652,-3.778668904E-02
21.04,0.537878318,-3.72630721E-02
21.05,0.538369142,-3.674328278E-02
21.06,0.538842401,-3.624204637E-02
21.07,0.539277313,-3.578014692E-02
21.08,0.539664936,-3.536652948E-02
21.09,0.540013084,-3.499338244E-02
21.1,0.540324456,-3.465800834E-02
21.11,0.540601658,-3.435780315E-02
21.12,0.540866483,-3.407097646E-02
21.13,0.541141161,-3.377529902E-02
21.14,0.541412342,-3.348412101E-02
21.15,0.541667182,-3.321028808E-02
21.16,0.541924117,-3.293536406E-02
21.17,0.54218667,-3.26558269E-02
21.18,0.542449375,-3.237714306E-02
21.19,0.542720183,-3.20913615E-02
21.2,0.542999688,-3.17978887E-02
21.21,0.543276122,-3.15084938E-02
21.22,0.543537817,-3.123484254E-02
21.23,0.543785225,-3.097648475E-02
21.24,0.544011855,-3.073991252E-02
21.25,0.544202859,-3.053997172E-02
21.26,0.544362435,-3.03724651E-02
21.27,0.544504224,-3.022375182E-02
21.28,0.544633203,-3.008885501E-02
21.29,0.544746673,-2.997047068E-02
21.3,0.544847957,-2.986527643E-02
21.31,0.544946631,-2.976369338E-02
21.32,0.545051066,-2.965734975E-02
21.33,0.545151576,-2.955593076E-02
21.34,0.545236453,-2.947114054E-02
21.35,0.545338677,-2.936999831E-02
21.36,0.545487294,-2.922345491E-02
21.37,0.545659306,-2.905450899E-02
21.38,0.545820703,-2.889717037E-02
21.39,0.545960136,-2.876278512E-02
21.4,0.546080171,-2.864878541E-02
21.41,0.546179184,-2.855679043E-02
21.42,0.546263905,-2.848006531E-02
21.43,0.546355739,-2.839719889E-02
21.44,0.546461406,-2.830146803E-02
21.45,0.546568455,-2.820532385E-02
21.46,0.546673915,-2.81117335E-02
21.47,0.546777493,-2.802098643E-02
21.48,0.546865451,-2.794681586E-02
21.49,0.54692955,-2.789745268E-02
21.5,0.54695565,-2.788702005E-02
21.51,0.546918648,-2.7940584E-02
21.52,0.546826031,-2.805051998E-02
21.53,0.546702551,-2.819257069E-02
21.54,0.546556463,-2.835874822E-02
21.55,0.546394938,-2.854124313E-02
21.56,0.546221167,-2.873675985E-02
21.57,0.546030228,-2.895035201E-02
21.58,0.545822353,-2.918178811E-02
21.59,0.545605833,-2.942280198E-02
21.6,0.545397391,-2.965666554E-02
21.61,0.545210598,-2.986981265E-02
21.62,0.545049907,-3.005777966E-02
21.63,0.54492462,-3.021126331E-02
21.64,0.544856733,-3.030825837E-02
21.65,0.54486399,-3.033101345E-02
21.66,0.544944516,-3.028138948E-02
21.67,0.54508512,-3.017255898E-02
21.68,0.545270088,-3.00202163E-02
21.69,0.545498826,-2.982492517E-02
21.7,0.545754874,-2.960309136E-02
21.71,0.545995886,-2.939692437E-02
21.72,0.546215138,-2.921254952E-02
21.73,0.546426726,-2.90360374E-02
21.74,0.546624706,-2.887439708E-02
21.75,0.546782585,-2.87541906E-02
21.76,0.546874391,-2.870099881E-02
21.77,0.546896166,-2.871859697E-02
21.78,0.546855319,-2.879876779E-02
21.79,0.546769347,-2.892419362E-02
21.8,0.546669126,-2.906537457E-02
21.81,0.546577202,-2.919982023E-02
21.82,0.54649824,-2.932239185E-02
21.83,0.546432192,-2.943304091E-02
21.84,0.546370711,-2.954005135E-02
21.85,0.546296916,-2.966027807E-02
21.86,0.546201865,-2.980263554E-02
21.87,0.546083628,-2.996904372E-02
21.88,0.545954303,-3.014738635E-02
21.89,0.545834543,-3.0316996E-02
21.9,0.545735017,-3.046717772E-02
21.91,0.545669017,-3.058461503E-02
21.92,0.545642179,-3.06636454E-02
21.93,0.545627602,-3.073114794E-02
21.94,0.545589937,-3.082244889E-02
21.95,0.545523648,-3.09430812E-02
21.96,0.545452457,-3.106932436E-02
21.97,0.545388782,-3.118875193E-02
21.98,0.545304148,-3.132982355E-02
21.99,0.545166794,-3.152429253E-02
22,0.544981819,-3.176706764E-02
22.01,0.544774266,-3.203310748E-02
22.02,0.544560007,-3.230652971E-02
22.03,0.544345268,-3.258109329E-02
22.04,0.544127724,-3.285910936E-02
22.05,0.543888298,-3.31596423E-02
22.06,0.543601846,-3.350782756E-02
22.07,0.543250618,-3.392141373E-02
22.08,0.542830043,-3.440496655E-02
22.09,0.542336991,-3.496161162E-02
22.1,0.541777146,-3.558565784E-02
22.11,0.541182682,-3.624492189E-02
22.12,0.540588446,-3.690454313E-02
22.13,0.540008372,-3.755057341E-02
22.14,0.539448195,-3.81772642E-02
22.15,0.538909789,-3.878272783E-02
22.16,0.53838777,-3.937233465E-02
22.17,0.537887375,-3.994083705E-02
22.18,0.537403302,-4.049352478E-02
22.19,0.53690734,-4.105859616E-02
22.2,0.536391102,-4.16444289E-02
22.21,0.535871067,-4.223453356E-02
22.22,0.535346225,-4.282991006E-02
22.23,0.534807175,-4.343994885E-02
22.24,0.534266788,-4.405176762E-02
22.25,0.533742372,-4.46480474E-02
22.26,0.533257166,-4.520553853E-02
22.27,0.532832924,-4.570247173E-02
22.28,0.532462546,-4.614593533E-02
22.29,0.53212303,-4.655891563E-02
22.3,0.531795708,-4.696006842E-02
22.31,0.531478416,-4.735154551E-02
22.32,0.531173934,-4.773055614E-02
22.33,0.530861256,-4.811809384E-02
22.34,0.530507397,-4.854713434E-02
22.35,0.53009774,-4.903228534E-02
22.36,0.529633087,-4.957273843E-02
22.37,0.529119196,-5.016272754E-02
22.38,0.528571434,-5.078687797E-02
22.39,0.528014965,-5.142001474E-02
22.4,0.527477871,-5.203404314E-02
22.41,0.526979186,-5.260991598E-02
22.42,0.526519077,-5.314745229E-02
22.43,0.526093383,-5.365079837E-02
22.44,0.525685687,-5.413635749E-02
22.45,0.525256828,-5.464327824E-02
22.46,0.524779764,-5.519859126E-02
22.47,0.524244231,-5.581255197E-02
22.48,0.523655312,-5.648007011E-02
22.49,0.523029486,-5.718465726E-02
22.5,0.522367172,-5.792588263E-02
22.51,0.52165829,-5.871381604E-02
22.52,0.520914341,-5.953694517E-02
22.53,0.520156101,-6.037448151E-02
22.54,0.519366788,-6.124319708E-02
22.55,0.518513307,-6.217617286E-02
22.56,0.5175989,-6.317015715E-02
22.57,0.516661298,-6.418740759E-02
22.58,0.515729077,-6.519933733E-02
22.59,0.514820742,-6.618742653E-02
22.6,0.513953418,-6.713453774E-02
22.61,0.513131539,-6.803622204E-02
22.62,0.512363694,-6.888387913E-02
22.63,0.511651492,-6.967588502E-02
22.64,0.510966455,-7.044070632E-02
22.65,0.510283334,-7.120357786E-02
22.66,0.509599732,-7.19668861E-02
22.67,0.508899996,-7.274627361E-02
22.68,0.508167998,-7.355785742E-02
22.69,0.507416614,-7.438875076E-02
22.7,0.506660853,-7.522393577E-02
22.71,0.505897719,-7.606639683E-02
22.72,0.505113493,-7.692984323E-02
22.73,0.504292371,-7.783006727E-02
22.74,0.503424006,-7.877740652E-02
22.75,0.502497264,-7.978298659E-02
22.76,0.501512415,-8.084652702E-02
22.77,0.500509913,-8.192756596E-02
22.78,0.499539299,-8.29765501E-02
22.79,0.498613408,-8.39806352E-02
22.8,0.497730229,-8.494181886E-02
22.81,0.496891767,-8.585808444E-02
22.82,0.496089676,-8.673776856E-02
22.83,0.495316927,-8.758788708E-02
22.84,0.494566942,-8.841500974E-02
22.85,0.493827873,-8.923097255E-02
22.86,0.49310147,-9.003401651E-02
22.87,0.492389114,-9.082275006E-02
22.88,0.491683044,-9.160492549E-02
22.89,0.490986211,-9.237758132E-02
22.9,0.49029067,-9.314865201E-02
22.91,0.489581714,-9.393283748E-02
22.92,0.488874921,-9.471454823E-02
22.93,0.488202806,-9.546126257E-02
22.94,0.487574341,-9.616399676E-02
22.95,0.486972807,-9.683946E-02
22.96,0.486391936,-9.749391079E-02
22.97,0.485830001,-9.812906694E-02
22.98,0.485272584,-9.875933554E-02
22.99,0.484697579,-9.94068144E-02
23,0.484086815,-0.100089668
23.01,0.483440827,-0.100807352
23.02,0.482761977,-0.101557498
23.03,0.482045908,-0.102344454
23.04,0.481307946,-0.103152888
23.05,0.480575672,-0.10395521
23.06,0.479859829,-0.104740669
23.07,0.479158909,-0.105510762
23.08,0.478464005,-0.106274388
23.09,0.477763623,-0.107043033
23.1,0.477050116,-0.107824334
23.11,0.476303886,-0.108637883
23.12,0.47550673,-0.109501874
23.13,0.474657292,-0.110417657
23.14,0.473744487,-0.11139631
23.15,0.472759237,-0.112446903
23.16,0.471720865,-0.113550106
23.17,0.470638628,-0.114696657
23.18,0.469489657,-0.115909414
23.19,0.468264136,-0.117198188
23.2,0.46697861,-0.118546426
23.21,0.465648037,-0.119939161
23.22,0.46428134,-0.121367465
23.23,0.462887449,-0.122822397
23.24,0.461468366,-0.12430195
23.25,0.460032208,-0.125797998
23.26,0.458620435,-0.127269073
23.27,0.457262786,-0.128685429
23.28,0.455944572,-0.130061748
23.29,0.454647754,-0.131416058
23.3,0.453364133,-0.132756554
23.31,0.452104067,-0.134072871
23.32,0.450887936,-0.135344621
23.33,0.449724961,-0.136562576
23.34,0.448624222,-0.137717651
23.35,0.44757683,-0.138818727
23.36,0.446563904,-0.139884677
23.37,0.445584047,-0.140916895
23.38,0.444627491,-0.141925141
23.39,0.443666277,-0.142937369
23.4,0.442678068,-0.143975911
23.41,0.441675713,-0.145027911
23.42,0.440678044,-0.146074534
23.43,0.439679136,-0.1471217
23.44,0.438683719,-0.148164674
23.45,0.43768664,-0.149208604
23.46,0.436654582,-0.1502868
23.47,0.435561262,-0.151425544
23.48,0.434391744,-0.152639767
23.49,0.433160667,-0.153914825
23.5,0.4319046,-0.155214147
23.51,0.430634341,-0.156526929
23.52,0.429354957,-0.1578481
23.53,0.428082662,-0.159161443
23.54,0.426821207,-0.160463201
23.55,0.42555391,-0.161770052
23.56,0.424257737,-0.163105027
23.57,0.422935796,-0.164465012
23.58,0.421606633,-0.16583146
23.59,0.420278453,-0.167196161
23.6,0.418956099,-0.168554268
23.61,0.417637056,-0.169908292
23.62,0.416316308,-0.171263246
23.63,0.414995974,-0.172617007
23.64,0.413661976,-0.173983651
23.65,0.412295654,-0.175381832
23.66,0.410908618,-0.176799941
23.67,0.409522525,-0.178216314
23.68,0.40815922,-0.179609106
23.69,0.406843407,-0.180953609
23.7,0.405586307,-0.182238599
23.71,0.404396293,-0.183455699
23.72,0.403284624,-0.184593649
23.73,0.402240355,-0.185663391
23.74,0.401221077,-0.186707331
23.75,0.400176142,-0.187776115
23.76,0.39908203,-0.18889326
23.77,0.397928198,-0.190069308
23.78,0.396701206,-0.191317699
23.79,0.395400379,-0.192639106
23.8,0.394027002,-0.194032241
23.81,0.39259302,-0.195485161
23.82,0.391120709,-0.196975585
23.83,0.38962842,-0.198485163
23.84,0.388130652,-0.199999395
23.85,0.386634906,-0.201510777
23.86,0.385132207,-0.203028285
23.87,0.383598178,-0.204576294
23.88,0.382026116,-0.206161505
23.89,0.380425403,-0.207774537
23.9,0.378807391,-0.209404038
23.91,0.377190546,-0.211031539
23.92,0.375586519,-0.212645391
23.93,0.373997421,-0.214243482
23.94,0.372430256,-0.215818807
23.95,0.37089689,-0.2173595
23.96,0.369407578,-0.218855307
23.97,0.367961912,-0.220306636
23.98,0.366540465,-0.221732913
23.99,0.365118002,-0.223159375
24,0.36368145,-0.224599094
24.01,0.362234739,-0.226048142
24.02,0.360774128,-0.227510261
24.03,0.359277998,-0.22900707
24.04,0.357736435,-0.230548484
24.05,0.356156749,-0.232127195
24.06,0.354560379,-0.233721764
24.07,0.352972119,-0.235307399
24.08,0.35138999,-0.236886081
24.09,0.349794922,-0.238476882
24.1,0.348183089,-0.240083629
24.11,0.346572989,-0.241687824
24.12,0.344984811,-0.243269282
24.13,0.343422083,-0.244824478
24.14,0.341877391,-0.246360827
24.15,0.340352853,-0.247876212
24.16,0.338866948,-0.249352158
24.17,0.33743361,-0.250774733
24.18,0.336056222,-0.252140557
24.19,0.33473035,-0.253454067
24.2,0.333437711,-0.254733548
24.21,0.332164428,-0.255992882
24.22,0.330906044,-0.257236526
24.23,0.32964719,-0.258479855
24.24,0.328373906,-0.259736831
24.25,0.327078346,-0.261015304
24.26,0.325747584,-0.262328201
24.27,0.324384982,-0.263672167
24.28,0.323016632,-0.265021112
24.29,0.321657875,-0.266359698
24.3,0.320292391,-0.26770425
24.31,0.318903869,-0.269071083
24.32,0.317504404,-0.270448105
24.33,0.316106117,-0.271823201
24.34,0.314703286,-0.273202096
24.35,0.313291655,-0.274589049
24.36,0.31187601,-0.275979282
24.37,0.310468827,-0.277360319
24.38,0.309100418,-0.278701858
24.39,0.30781195,-0.279962733
24.4,0.306637379,-0.281108994
24.41,0.305575828,-0.282141525
24.42,0.304583006,-0.283104621
24.43,0.303620354,-0.284036848
24.44,0.302690508,-0.284935574
24.45,0.301795358,-0.285798917
24.46,0.300907166,-0.286654617
24.47,0.300013942,-0.287514673
24.48,0.299115812,-0.288378963
24.49,0.298198009,-0.28926226
24.5,0.297264176,-0.290160926
24.51,0.296327702,-0.291061579
24.52,0.295390733,-0.291962077
24.53,0.294468934,-0.292846763
24.54,0.293580052,-0.293697896
24.55,0.292733592,-0.294505976
24.56,0.291929639,-0.295270926
24.57,0.291153569,-0.296007377
24.58,0.290391875,-0.296728842
24.59,0.289648949,-0.297430938
24.6,0.288951683,-0.298086777
24.61,0.288315041,-0.298681404
24.62,0.287719469,-0.299234381
24.63,0.287142221,-0.299768461
24.64,0.286574226,-0.300292722
24.65,0.286001583,-0.300821072
24.66,0.285408735,-0.301369076
24.67,0.284775889,-0.301956533
24.68,0.284070864,-0.302615631
24.69,0.283279364,-0.303360669
24.7,0.282421706,-0.304171337
24.71,0.281531786,-0.305013745
24.72,0.280625412,-0.305872093
24.73,0.279708193,-0.306740776
24.74,0.278793377,-0.307606557
24.75,0.27789406,-0.308456348
24.76,0.277015656,-0.309284743
24.77,0.276160337,-0.310089577
24.78,0.275340553,-0.31085841
24.79,0.274565761,-0.311581794
24.8,0.273827598,-0.312268102
24.81,0.27311704,-0.312926364
24.82,0.27243326,-0.313557418
24.83,0.271767111,-0.314170421
24.84,0.27110105,-0.314782922
24.85,0.270420735,-0.315409272
24.86,0.269728045,-0.316047602
24.87,0.269032226,-0.316688671
24.88,0.268317188,-0.317348579
24.89,0.267575742,-0.318034522
24.9,0.266842383,-0.318712013
24.91,0.266135547,-0.319362624
24.92,0.265441391,-0.320000209
24.93,0.264750811,-0.320633879
24.94,0.264056714,-0.321270738
24.95,0.263341797,-0.321928095
24.96,0.262586926,-0.322625094
24.97,0.261785072,-0.323368768
24.98,0.260932636,-0.324162727
24.99,0.260025171,-0.325011422
25,0.25907449,-0.325903049
25.01,0.258106608,-0.326811601
25.02,0.257148345,-0.327710266
25.03,0.25622314,-0.328575615
25.04,0.255338893,-0.329399758
25.05,0.254497226,-0.330181084
25.06,0.253712044,-0.330905697
25.07,0.252982376,-0.331574578
25.08,0.252287565,-0.332208396
25.09,0.251599676,-0.332835094
25.1,0.25089466,-0.33347873
25.11,0.250171808,-0.334140022
25.12,0.249438298,-0.334811799
25.13,0.24870617,-0.335482029
25.14,0.247986332,-0.336139813
25.15,0.247288703,-0.336775239
25.16,0.246628341,-0.337373261
25.17,0.246004864,-0.337934269
25.18,0.2454025,-0.338474045
25.19,0.244795972,-0.339017877
25.2,0.2441709,-0.339580149
25.21,0.243537831,-0.340150324
25.22,0.242918567,-0.340706608
25.23,0.242331007,-0.34123111
25.24,0.241778679,-0.34172031
25.25,0.241248903,-0.3421869
25.26,0.240728477,-0.342644091
25.27,0.240229446,-0.343079844
25.28,0.239777936,-0.343468045
25.29,0.239392338,-0.34379031
25.3,0.239072838,-0.344046466
25.31,0.238805612,-0.34425035
25.32,0.238576581,-0.344416052
25.33,0.238366865,-0.344562465
25.34,0.238148907,-0.344717153
25.35,0.237891967,-0.344910866
25.36,0.237580621,-0.345159031
25.37,0.237215885,-0.345460632
25.38,0.236794238,-0.345819187
25.39,0.236319166,-0.346231215
25.4,0.235817283,-0.346670103
25.41,0.235314559,-0.347109889
25.42,0.234811657,-0.347549918
25.43,0.23430324,-0.347995537
25.44,0.233796098,-0.348439966
25.45,0.233284428,-0.348889014
25.46,0.232749622,-0.3493613
25.47,0.232181625,-0.349866884
25.48,0.231575642,-0.350410567
25.49,0.230933936,-0.350990093
25.5,0.230273643,-0.351588333
25.51,0.22961922,-0.352180838
25.52,0.228993479,-0.352744805
25.53,0.228403327,-0.35327334
25.54,0.227843102,-0.353772114
25.55,0.227304167,-0.354249774
25.56,0.226766361,-0.354726491
25.57,0.226209228,-0.355222728
25.58,0.225620712,-0.355750549
25.59,0.225004795,-0.356305977
25.6,0.224372996,-0.3568775
25.61,0.223731361,-0.357459079
25.62,0.223098189,-0.358032425
25.63,0.222497068,-0.358573955
25.64,0.221941913,-0.359069767
25.65,0.221442569,-0.359510023
25.66,0.220987434,-0.359906337
25.67,0.220548985,-0.36028624
25.68,0.22011138,-0.360665584
25.69,0.219659628,-0.361059364
25.7,0.219181276,-0.361480042
25.71,0.218671147,-0.3619328
25.72,0.218130534,-0.362416348
25.73,0.217572661,-0.362917469
25.74,0.217017796,-0.363415901
25.75,0.216489959,-0.363887631
25.76,0.216008826,-0.364312993
25.77,0.215576298,-0.364690093
25.78,0.215196917,-0.365014401
25.79,0.214893567,-0.365263041
25.8,0.214667977,-0.365434294
25.81,0.214500389,-0.365547933
25.82,0.214383469,-0.365611299
25.83,0.214317301,-0.365624323
25.84,0.214292322,-0.365596578
25.85,0.214291812,-0.365544802
25.86,0.21429735,-0.365487429
25.87,0.214293536,-0.365439874
25.88,0.214277301,-0.365405216
25.89,0.214262893,-0.365369217
25.9,0.214275621,-0.365306582
25.91,0.214314748,-0.365218081
25.92,0.214350425,-0.365133626
25.93,0.214367425,-0.36506855
25.94,0.214367052,-0.365021794
25.95,0.2143388,-0.365004076
25.96,0.214263522,-0.365034375
25.97,0.214139122,-0.36511444
25.98,0.213982887,-0.365225609
25.99,0.213809944,-0.365352479
26,0.21361745,-0.365499469
26.01,0.213398107,-0.365674076
26.02,0.213159283,-0.365868637
26.03,0.212916538,-0.366067615
26.04,0.21267648,-0.366264371
26.05,0.212422515,-0.366475524
26.06,0.212128072,-0.366727637
26.07,0.211790097,-0.367023766
26.08,0.211435142,-0.367337352
26.09,0.211082671,-0.367648949
26.1,0.210732642,-0.36795861
26.11,0.210393928,-0.368257477
26.12,0.210059274,-0.368552813
26.13,0.209693216,-0.368880093
26.14,0.209277799,-0.369257275
26.15,0.20881229,-0.369685094
26.16,0.208292475,-0.370167767
26.17,0.207728313,-0.370695341
26.18,0.207143533,-0.371244092
26.19,0.206542313,-0.371809848
26.2,0.205930443,-0.372386826
26.21,0.205328335,-0.372954621
26.22,0.204738269,-0.373510957
26.23,0.204160157,-0.374055929
26.24,0.203589223,-0.374594315
26.25,0.203007197,-0.375144392
26.26,0.202412266,-0.375707975
26.27,0.201810858,-0.376278638
26.28,0.201207835,-0.376851522
26.29,0.200602467,-0.377427361
26.3,0.199983299,-0.37801761
26.31,0.199344935,-0.378627671
26.32,0.198691128,-0.37925379
26.33,0.198022489,-0.379895359
26.34,0.197327715,-0.380563682
26.35,0.19660031,-0.381265258
26.36,0.19584262,-0.381997742
26.37,0.195043372,-0.382772409
26.38,0.194189835,-0.383601992
26.39,0.193280871,-0.384487628
26.4,0.192325177,-0.385420624
26.41,0.191352028,-0.386371706
26.42,0.190392578,-0.387309722
26.43,0.189458574,-0.388222925
26.44,0.188547365,-0.389113972
26.45,0.187645932,-0.389995883
26.46,0.186742057,-0.390880875
26.47,0.185833641,-0.391771052
26.48,0.184924531,-0.392662566
26.49,0.184020686,-0.393549462
26.5,0.183118534,-0.394435311
26.51,0.182197775,-0.395340416
26.52,0.181241635,-0.396281551
26.53,0.180246902,-0.397261931
26.54,0.179215444,-0.398279688
26.55,0.178148713,-0.39933337
26.56,0.1770454,-0.400424288
26.57,0.175912374,-0.401545575
26.58,0.174766391,-0.402680474
26.59,0.173615442,-0.403820997
26.6,0.17245291,-0.40497376
26.61,0.171273612,-0.406143948
26.62,0.170088778,-0.407320331
26.63,0.168897946,-0.408503372
26.64,0.167676787,-0.409717399
26.65,0.166434607,-0.410953109
26.66,0.165218389,-0.412163517
26.67,0.164054658,-0.4133221
26.68,0.162939496,-0.414432775
26.69,0.161862859,-0.415505587
26.7,0.160820376,-0.416544906
26.71,0.159803606,-0.417559173
26.72,0.158801369,-0.418559567
26.73,0.157800929,-0.419558825
26.74,0.156775929,-0.420583303
26.75,0.155718024,-0.421641346
26.76,0.154649954,-0.422710212
26.77,0.153587071,-0.423774549
26.78,0.152532865,-0.424830866
26.79,0.151499251,-0.425867247
26.8,0.150510029,-0.42685989
26.81,0.149581551,-0.427792444
26.82,0.148705505,-0.428673218
26.83,0.147857746,-0.429526355
26.84,0.147006008,-0.430384121
26.85,0.146123951,-0.431272854
26.86,0.145203801,-0.432200327
26.87,0.14424103,-0.433171066
26.88,0.14323084,-0.434189868
26.89,0.142180787,-0.435249173
26.9,0.141109387,-0.436330466
26.91,0.140033864,-0.437416521
26.92,0.138964101,-0.43849745
26.93,0.13790553,-0.43956782
26.94,0.136865926,-0.440619855
26.95,0.135858154,-0.441640686
26.96,0.134893296,-0.44261923
26.97,0.133971364,-0.443555471
26.98,0.133087844,-0.44445392
26.99,0.132243015,-0.445314296
27,0.1314222,-0.446151273
27.01,0.130600862,-0.446989385
27.02,0.129780415,-0.447827214
27.03,0.128978088,-0.44864753
27.04,0.128193007,-0.449451202
27.05,0.127414538,-0.450248862
27.06,0.126637544,-0.451045642
27.07,0.125859063,-0.451844502
27.08,0.125075038,-0.452649496
27.09,0.124271956,-0.453474133
27.1,0.12344128,-0.454326947
27.11,0.122588433,-0.455202511
27.12,0.12171987,-0.456094367
27.13,0.120838658,-0.456999445
27.14,0.119962754,-0.457899783
27.15,0.119125766,-0.458761769
27.16,0.118358632,-0.459554463
27.17,0.117691991,-0.460247218
27.18,0.117131243,-0.460834631
27.19,0.116660057,-0.461333027
27.2,0.116261139,-0.461759696
27.21,0.115903379,-0.462145741
27.22,0.115557234,-0.462520702
27.23,0.115200926,-0.462906351
27.24,0.11482217,-0.46331497
27.25,0.114423702,-0.463743818
27.26,0.11400864,-0.464189771
27.27,0.113584003,-0.464645811
27.28,0.113162383,-0.465099337
27.29,0.112750835,-0.465543291
27.3,0.112350466,-0.465976562
27.31,0.111961736,-0.466398683
27.32,0.111588522,-0.466805773
27.33,0.111239041,-0.46718961
27.34,0.110913305,-0.467550175
27.35,0.110609137,-0.467889641
27.36,0.110337278,-0.468197259
27.37,0.110103816,-0.468466936
27.38,0.109909864,-0.468697552
27.39,0.109764729,-0.468879792
27.4,0.109664859,-0.4690172
27.41,0.109584342,-0.469135678
27.42,0.109508849,-0.469249546
27.43,0.109440978,-0.4693562
27.44,0.109378208,-0.469458152
27.45,0.109327759,-0.469548175
27.46,0.109304927,-0.469610961
27.47,0.109299384,-0.469656825
27.48,0.109282697,-0.469714182
27.49,0.10924088,-0.469797006
27.5,0.109175561,-0.469903667
27.51,0.109092302,-0.470028604
27.52,0.108998093,-0.470164833
27.53,0.108898601,-0.470306686
27.54,0.108794115,-0.47045387
27.55,0.108683014,-0.470608004
27.56,0.108577402,-0.470756976
27.57,0.108505345,-0.470872715
27.58,0.108484969,-0.470937055
27.59,0.108502952,-0.47096323
27.6,0.108528373,-0.470981921
27.61,0.108534811,-0.471019203
27.62,0.108506877,-0.471090674
27.63,0.108439016,-0.47120237
27.64,0.108332965,-0.471351993
27.65,0.108204614,-0.471523352
27.66,0.108071424,-0.471699821
27.67,0.107939746,-0.471875804
27.68,0.10782006,-0.472040889
27.69,0.107721185,-0.472185728
27.7,0.107636235,-0.472316949
27.71,0.107553683,-0.472446005
27.72,0.107468722,-0.4725776
27.73,0.107389997,-0.472703017
27.74,0.107343805,-0.472795663
27.75,0.107349926,-0.472835467
27.76,0.107414216,-0.472816897
27.77,0.10754211,-0.472735802
27.78,0.1077319,-0.472594374
27.79,0.107972449,-0.472402886
27.8,0.108248889,-0.472175883
27.81,0.108550191,-0.471924412
27.82,0.108868664,-0.471656094
27.83,0.109200653,-0.471374564
27.84,0.109548467,-0.471077475
27.85,0.109896661,-0.470780247
27.86,0.11021404,-0.470514047
27.87,0.110487963,-0.470291493
27.88,0.110722903,-0.470108084
27.89,0.110925587,-0.469957074
27.9,0.11111396,-0.469820497
27.91,0.111315139,-0.469671222
27.92,0.111537934,-0.469500427
27.93,0.111789141,-0.469301308
27.94,0.11208845,-0.469054167
27.95,0.112433201,-0.468761658
27.96,0.112805391,-0.468441779
27.97,0.113192736,-0.468106807
27.98,0.113583096,-0.467768872
27.99,0.113968303,-0.467436133
28,0.114348435,-0.467108503
28.01,0.114728956,-0.46678051
28.02,0.115109346,-0.466452667
28.03,0.115478185,-0.466136386
28.04,0.115832164,-0.465834967
28.05,0.11618223,-0.465537458
28.06,0.116539073,-0.465233158
28.07,0.116914223,-0.464910533
28.08,0.117310272,-0.464566985
28.09,0.117710432,-0.464219294
28.1,0.118098843,-0.463883316
28.11,0.118461881,-0.463572664
28.12,0.118787155,-0.463299719
28.13,0.119076578,-0.46306256
28.14,0.119334447,-0.462856879
28.15,0.119547832,-0.462695596
28.16,0.119704297,-0.462591135
28.17,0.119809027,-0.4625383
28.18,0.119877682,-0.462521417
28.19,0.119934407,-0.462516328
28.2,0.119986928,-0.462515296
28.21,0.120024379,-0.462529178
28.22,0.120049149,-0.462555573
28.23,0.120072856,-0.46258285
28.24,0.120112101,-0.4625944
28.25,0.120181525,-0.462575573
28.26,0.120270855,-0.462536641
28.27,0.120363183,-0.462494511
28.28,0.120455969,-0.462451716
28.29,0.120551675,-0.462405783
28.3,0.120652757,-0.462354249
28.31,0.120769228,-0.462287094
28.32,0.120919158,-0.462186245
28.33,0.121111269,-0.462042981
28.34,0.121340819,-0.461862047
28.35,0.121610512,-0.461640738
28.36,0.121939124,-0.461360273
28.37,0.12233454,-0.461012763
28.38,0.122774256,-0.460620707
28.39,0.123224825,-0.460217544
28.4,0.123661891,-0.459827614
28.41,0.124077837,-0.45945852
28.42,0.124475628,-0.459107284
28.43,0.12486099,-0.45876817
28.44,0.125248569,-0.458426521
28.45,0.125645467,-0.458075228
28.46,0.126048943,-0.457717025
28.47,0.126462233,-0.457348668
28.48,0.126873799,-0.45698169
28.49,0.127265123,-0.456634599
28.5,0.127631394,-0.4563122
28.51,0.127962241,-0.456024857
28.52,0.128249219,-0.455781004
28.53,0.128495025,-0.45557794
28.54,0.12871451,-0.455400804
28.55,0.128924914,-0.455232351
28.56,0.129131056,-0.455067756
28.57,0.129346471,-0.454893482
28.58,0.12958811,-0.454692572
28.59,0.129862951,-0.454458051
28.6,0.130182025,-0.454178885
28.61,0.130558366,-0.453842042
28.62,0.130982437,-0.453457059
28.63,0.131420708,-0.453057464
28.64,0.131848778,-0.452667658
28.65,0.132271155,-0.452283126
28.66,0.132700398,-0.451891307
28.67,0.133133884,-0.45149482
28.68,0.13357056,-0.451094716
28.69,0.134019115,-0.450682305
28.7,0.134489324,-0.45024781
28.71,0.134987767,-0.449784649
28.72,0.135512097,-0.44929517
28.73,0.136074185,-0.448767498
28.74,0.13667847,-0.448197195
28.75,0.137298788,-0.447610425
28.76,0.137918596,-0.447023728
28.77,0.138535925,-0.446439071
28.78,0.139151429,-0.445855798
28.79,0.13977124,-0.445267777
28.8,0.140397592,-0.444672772
28.81,0.141028485,-0.444072781
28.82,0.141678219,-0.443453504
28.83,0.142367037,-0.442794697
28.84,0.143096958,-0.442094341
28.85,0.143862052,-0.441358364
28.86,0.144653563,-0.440595523
28.87,0.145453219,-0.43982409
28.88,0.146252263,-0.43905282
28.89,0.147054526,-0.43827788
28.9,0.147857891,-0.437501389
28.91,0.148672611,-0.436713091
28.92,0.149521964,-0.435889708
28.93,0.150404816,-0.435032372
28.94,0.151300906,-0.434161347
28.95,0.152198793,-0.433288071
28.96,0.153104533,-0.432406488
28.97,0.154032984,-0.431501739
28.98,0.154983006,-0.430574963
28.99,0.155947044,-0.429633716
29,0.156932123,-0.42867097
29.01,0.157937713,-0.427687257
29.02,0.158950748,-0.42669564
29.03,0.159962565,-0.425704782
29.04,0.160973139,-0.424714708
29.05,0.161992436,-0.423715451
29.06,0.163029942,-0.422697522
29.07,0.164078051,-0.421668529
29.08,0.165117716,-0.420647517
29.09,0.166140995,-0.419642427
29.1,0.167149797,-0.418651348
29.11,0.16813841,-0.417679992
29.12,0.169091131,-0.416744061
29.13,0.169996496,-0.415855016
29.14,0.170859173,-0.41500819
29.15,0.171695652,-0.41418709
29.16,0.172527112,-0.413370537
29.17,0.173373604,-0.412538478
29.18,0.174252181,-0.411673858
29.19,0.175175021,-0.410764499
29.2,0.176136474,-0.409816051
29.21,0.177125205,-0.408839845
29.22,0.178131328,-0.407845767
29.23,0.179135894,-0.406852766
29.24,0.180128773,-0.405870969
29.25,0.181115108,-0.404895231
29.26,0.182097542,-0.403922909
29.27,0.183069939,-0.402960136
29.28,0.184017001,-0.402022209
29.29,0.184918717,-0.401129138
29.3,0.185774086,-0.400281922
29.31,0.18659958,-0.399464087
29.32,0.187403327,-0.398667503
29.33,0.188187262,-0.397890235
29.34,0.188963125,-0.397120539
29.35,0.189747539,-0.396341793
29.36,0.19055774,-0.395536757
29.37,0.191408074,-0.394691086
29.38,0.192292336,-0.393810983
29.39,0.193185543,-0.392921427
29.4,0.194063131,-0.392046984
29.41,0.194914332,-0.391198419
29.42,0.195744404,-0.390370473
29.43,0.196570513,-0.389545978
29.44,0.197409537,-0.388708055
29.45,0.198270964,-0.387847216
29.46,0.199152909,-0.386965343
29.47,0.200044563,-0.386073245
29.48,0.200946372,-0.385170473
29.49,0.201869062,-0.384246303
29.5,0.202817663,-0.383295702
29.51,0.203793063,-0.382317783
29.52,0.20479193,-0.381315874
29.53,0.205797178,-0.380307064
29.54,0.206789988,-0.379310168
29.55,0.207767079,-0.378328468
29.56,0.208728824,-0.377361591
29.57,0.209668932,-0.376415828
29.58,0.210589011,-0.375489568
29.59,0.211505413,-0.374566463
29.6,0.212433854,-0.373630794
29.61,0.213385045,-0.372671851
29.62,0.214361012,-0.371687607
29.63,0.215347872,-0.370691946
29.64,0.216327244,-0.369703251
29.65,0.217281641,-0.368739007
29.66,0.218203159,-0.367807121
29.67,0.219099485,-0.366899905
29.68,0.219984048,-0.366003931
29.69,0.220858241,-0.365117808
29.7,0.22170958,-0.364254021
29.71,0.222536815,-0.36341382
29.72,0.223348714,-0.362588442
29.73,0.224140678,-0.361782484
29.74,0.224895437,-0.361013218
29.75,0.225604143,-0.360289496
29.76,0.226273414,-0.3596047
29.77,0.226921356,-0.358940728
29.78,0.227556825,-0.358288726
29.79,0.228165486,-0.35766303
29.8,0.228736162,-0.357074821
29.81,0.229274005,-0.35651895
29.82,0.22979344,-0.355980992
29.83,0.230319058,-0.355436363
29.84,0.230876428,-0.354859495
29.85,0.23147588,-0.35424006
29.86,0.232109656,-0.35358582
29.87,0.232764546,-0.352909988
29.88,0.233436202,-0.352216913
29.89,0.234121514,-0.351509709
29.9,0.234803588,-0.350805275
29.91,0.235462032,-0.350124006
29.92,0.236078719,-0.349484032
29.93,0.236627461,-0.348911548
29.94,0.237092534,-0.348422281
29.95,0.237480215,-0.34800996
29.96,0.237813262,-0.347651835
29.97,0.23812095,-0.347318632
29.98,0.238415548,-0.346998091
29.99,0.238695051,-0.346692221
30,0.238958512,-0.346401973
30.01,0.239220636,-0.346112649
30.02,0.239506517,-0.345799159
30.03,0.239822636,-0.345455026
30.04,0.240166345,-0.345082904
30.05,0.24054857,-0.344671867
30.06,0.24096575,-0.344225482
30.07,0.241388487,-0.343773152
30.08,0.241798743,-0.343332918
30.09,0.242193256,-0.342908048
30.1,0.242567919,-0.342502657
30.11,0.24293225,-0.342107233
30.12,0.243305147,-0.341702883
30.13,0.243684967,-0.341291258
30.14,0.244058258,-0.340885813
30.15,0.244421649,-0.340489926
30.16,0.244771942,-0.340106803
30.17,0.245095922,-0.339749663
30.18,0.245390167,-0.339421937
30.19,0.245668268,-0.339110041
30.2,0.245937989,-0.338806219
30.21,0.246199074,-0.338510733
30.22,0.246449921,-0.338225193
30.23,0.246687915,-0.337952219
30.24,0.246915154,-0.337689722
30.25,0.247131929,-0.337437417
30.26,0.247334652,-0.3371989
30.27,0.247523674,-0.336973828
30.28,0.247702252,-0.336758951
30.29,0.24787573,-0.336548933
30.3,0.248054412,-0.336333476
30.31,0.248261165,-0.33608972
30.32,0.248516764,-0.335796891
30.33,0.248818582,-0.335457618
30.34,0.249147661,-0.335090858
30.35,0.249481756,-0.334718861
30.36,0.249804912,-0.334357588
30.37,0.250104398,-0.334019782
30.38,0.250365073,-0.333720593
30.39,0.250582081,-0.333464888
30.4,0.250768552,-0.333239548
30.41,0.250939295,-0.333029774
30.42,0.25110041,-0.332829477
30.43,0.251251993,-0.332638566
30.44,0.251388265,-0.332462829
30.45,0.251501111,-0.332310389
30.46,0.251581884,-0.332189905
30.47,0.251627446,-0.332104528
30.48,0.251642889,-0.332049182
30.49,0.251633534,-0.332018565
30.5,0.251606804,-0.33200528
30.51,0.25156987,-0.332002187
30.52,0.251521514,-0.332010551
30.53,0.251456134,-0.332036067
30.54,0.251366269,-0.332086737
30.55,0.251247037,-0.332167517
30.56,0.251099949,-0.332275768
30.57,0.25092904,-0.332406997
30.58,0.250737406,-0.332558563
30.59,0.250517575,-0.33273812
30.6,0.250259988,-0.332955248
30.61,0.24997716,-0.333197463
30.62,0.24968676,-0.333447118
30.63,0.249388095,-0.33370493
30.64,0.249079341,-0.333972743
30.65,0.248770145,-0.334240927
30.66,0.248475947,-0.334494055
30.67,0.248206775,-0.334722116
30.68,0.247967972,-0.334919781
30.69,0.247772062,-0.33507454
30.7,0.247634081,-0.335171371
30.71,0.247552367,-0.335211951
30.72,0.247515461,-0.335207755
30.73,0.247520883,-0.335161275
30.74,0.247557952,-0.335083209
30.75,0.247605186,-0.334995053
30.76,0.247646592,-0.334912815
30.77,0.247672679,-0.334845994
30.78,0.247676736,-0.334801306
30.79,0.247656341,-0.334781169
30.8,0.247620813,-0.334776257
30.81,0.247580018,-0.3347767
30.82,0.247530343,-0.334786112
30.83,0.247466061,-0.334810223
30.84,0.247380145,-0.334856057
30.85,0.247264862,-0.33493134
30.86,0.247127368,-0.33502891
30.87,0.246979056,-0.335137372
30.88,0.246827483,-0.335249174
30.89,0.24668557,-0.335351404
30.9,0.246560748,-0.335436642
30.91,0.246455851,-0.335502064
30.92,0.246383679,-0.335534879
30.93,0.246348881,-0.33553045
30.94,0.246338526,-0.335501726
30.95,0.246335274,-0.335466062
30.96,0.246327851,-0.335434742
30.97,0.246314564,-0.335409464
30.98,0.246297485,-0.335388155
30.99,0.24627929,-0.33536814
31,0.246263168,-0.335346235
31.01,0.246267368,-0.335304194
31.02,0.246320709,-0.335213221
31.03,0.246428404,-0.335068173
31.04,0.24657952,-0.334880241
31.05,0.246762295,-0.33466133
31.06,0.246956124,-0.334431464
31.07,0.247140508,-0.334210718
31.08,0.247301077,-0.334013734
31.09,0.24743588,-0.333842623
31.1,0.247554245,-0.333688069
31.11,0.247660093,-0.33354618
31.12,0.24775008,-0.333420313
31.13,0.247820528,-0.333314161
31.14,0.247871949,-0.333227227
31.15,0.247904934,-0.333158938
31.16,0.247919986,-0.333108805
31.17,0.247925835,-0.333068113
31.18,0.247934211,-0.333025148
31.19,0.247942687,-0.332982342
31.2,0.247943282,-0.332947676
31.21,0.247945869,-0.332911291
31.22,0.247963792,-0.332859846
31.23,0.248000125,-0.332790252
31.24,0.248054433,-0.332702919
31.25,0.248120478,-0.332604069
31.26,0.248185376,-0.332506588
31.27,0.248231707,-0.332427909
31.28,0.248253434,-0.33237409
31.29,0.24826141,-0.332334302
31.3,0.248258022,-0.332306172
31.31,0.248249891,-0.332283093
31.32,0.24826484,-0.332237248
31.33,0.248315637,-0.33215585
31.34,0.248393164,-0.332047967
31.35,0.248490214,-0.331920784
31.36,0.248602923,-0.33177818
31.37,0.248725634,-0.331625822
31.38,0.248851514,-0.331470553
31.39,0.248975006,-0.33131794
31.4,0.249089335,-0.331174766
31.41,0.249187458,-0.331048081
31.42,0.249264766,-0.330942505
31.43,0.249312639,-0.330866667
31.44,0.249322492,-0.330829162
31.45,0.249307343,-0.330816986
31.46,0.249289081,-0.330808264
31.47,0.24926339,-0.330807318
31.48,0.249218554,-0.33082587
31.49,0.249166435,-0.330852074
31.5,0.249117461,-0.330875521
31.51,0.249067498,-0.330900357
31.52,0.249017746,-0.330925393
31.53,0.248978059,-0.330940797
31.54,0.248960741,-0.330934259
31.55,0.248965454,-0.330906037
31.56,0.248976812,-0.330871428
31.57,0.248984026,-0.330841237
31.58,0.248989694,-0.330812917
31.59,0.249000788,-0.330779511
31.6,0.249019651,-0.330738666
31.61,0.249042334,-0.330694323
31.62,0.249066505,-0.330648814
31.63,0.249094552,-0.330599758
31.64,0.249129069,-0.330544563
31.65,0.249175005,-0.33047828
31.66,0.249232396,-0.330400873
31.67,0.249296096,-0.330317487
31.68,0.249363385,-0.330230845
31.69,0.249428363,-0.330146856
31.7,0.249483931,-0.330072625
31.71,0.249523092,-0.330015158
31.72,0.249544416,-0.329975894
31.73,0.249551447,-0.329951299
31.74,0.249539651,-0.329945914
31.75,0.249507778,-0.329961001
31.76,0.249459169,-0.329993232
31.77,0.249398434,-0.33003802
31.78,0.249339471,-0.330081502
31.79,0.249288317,-0.330117699
31.8,0.249229429,-0.330162315
31.81,0.249147061,-0.330231284
31.82,0.249032391,-0.330332224
31.83,0.248880335,-0.330469703
31.84,0.248699164,-0.330636792
31.85,0.248506437,-0.330816147
31.86,0.248321376,-0.3309883
31.87,0.248154738,-0.331142507
31.88,0.248016582,-0.331268658
31.89,0.24792066,-0.331353008
31.9,0.247869359,-0.331393154
31.91,0.247860179,-0.331391606
31.92,0.247895457,-0.331346022
31.93,0.247970937,-0.331260673
31.94,0.248068268,-0.331153922
31.95,0.248176288,-0.331036982
31.96,0.248291757,-0.330914182
31.97,0.248407246,-0.330792748
31.98,0.248524435,-0.330669273
31.99,0.248653841,-0.33053335
32,0.248804036,-0.330376838
32.01,0.248978111,-0.330196651
32.02,0.249174139,-0.329994803
32.03,0.249384457,-0.329778965
32.04,0.249604283,-0.329553954
32.05,0.249831,-0.329322394
32.06,0.250056604,-0.329092307
32.07,0.250288605,-0.328856189
32.08,0.250540439,-0.328600613
32.09,0.250809675,-0.328328017
32.1,0.251088968,-0.32804575
32.11,0.251370249,-0.327761887
32.12,0.251647603,-0.327482348
32.13,0.251915967,-0.327212198
32.14,0.252167496,-0.326959287
32.15,0.252398885,-0.326726922
32.16,0.252620394,-0.326504846
32.17,0.25284178,-0.326283302
32.18,0.253053924,-0.326071412
32.19,0.253246548,-0.325879454
32.2,0.253421574,-0.325705508
32.21,0.253588369,-0.325540205
32.22,0.253755583,-0.325374898
32.23,0.253921347,-0.325211453
32.24,0.25408457,-0.325050964
32.25,0.254252315,-0.324886363
32.26,0.25442426,-0.324717975
32.27,0.254597192,-0.32454901
32.28,0.254778174,-0.324372406
32.29,0.254967007,-0.324188359
32.3,0.255147083,-0.324013479
32.31,0.25530791,-0.323858254
32.32,0.255452691,-0.32371948
32.33,0.255584972,-0.323593611
32.34,0.255707788,-0.323477609
32.35,0.255826942,-0.32336567
32.36,0.255946454,-0.323253772
32.37,0.25607037,-0.323137868
32.38,0.256203397,-0.32301325
32.39,0.256345498,-0.322879953
32.4,0.25649563,-0.32273902
32.41,0.256653302,-0.322590941
32.42,0.256819091,-0.322435136
32.43,0.256999855,-0.322264749
32.44,0.257193499,-0.322081872
32.45,0.25738161,-0.321904918
32.46,0.257556371,-0.321741702
32.47,0.257730707,-0.321579298
32.48,0.257916557,-0.321405763
32.49,0.258114348,-0.321220669
32.5,0.258320928,-0.321027171
32.51,0.25853176,-0.3208298
32.52,0.258741271,-0.32063413
32.53,0.258948089,-0.320441531
32.54,0.259152017,-0.320252197
32.55,0.259351855,-0.320067327
32.56,0.259542941,-0.319891579
32.57,0.259712198,-0.319738029
32.58,0.25984824,-0.319618061
32.59,0.259951063,-0.319531674
32.6,0.260030132,-0.319469399
32.61,0.260089984,-0.319426695
32.62,0.260127858,-0.319406317
32.63,0.260148382,-0.319403636
32.64,0.260164178,-0.319406022
32.65,0.26018074,-0.319407979
32.66,0.260192244,-0.319415324
32.67,0.260196649,-0.319430098
32.68,0.260197724,-0.319448523
32.69,0.26020505,-0.319461014
32.7,0.260224362,-0.319461833
32.71,0.260246952,-0.319459687
32.72,0.260271638,-0.319455758
32.73,0.260312451,-0.319436012
32.74,0.260382835,-0.319387008
32.75,0.260484229,-0.31930732
32.76,0.260606634,-0.319206957
32.77,0.260739246,-0.319096724
32.78,0.260878038,-0.318980641
32.79,0.26102223,-0.318859482
32.8,0.261169496,-0.318735566
32.81,0.261320078,-0.318608649
32.82,0.261482181,-0.318470519
32.83,0.261663547,-0.318313432
32.84,0.261856227,-0.318145334
32.85,0.262053073,-0.317973372
32.86,0.262261459,-0.317790166
32.87,0.262486566,-0.317590527
32.88,0.262724677,-0.317378173
32.89,0.262977298,-0.31715159
32.9,0.263247341,-0.316907864
32.91,0.263525515,-0.316656281
32.92,0.263806568,-0.316402089
32.93,0.264094889,-0.316140892
32.94,0.264389578,-0.315873584
32.95,0.264681798,-0.315608998
32.96,0.264962805,-0.315355873
32.97,0.265227919,-0.315118882
32.98,0.265477462,-0.314897697
32.99,0.265706391,-0.314697354
33,0.265905013,-0.31452754
33.01,0.266074674,-0.314386902
33.02,0.266221978,-0.314268829
33.03,0.266354808,-0.31416543
33.04,0.266481661,-0.314068202
33.05,0.266609079,-0.313970599
33.06,0.266747735,-0.313861941
33.07,0.266906769,-0.313733086
33.08,0.267078905,-0.313591308
33.09,0.267254851,-0.313445897
33.1,0.26744136,-0.313290096
33.11,0.267642956,-0.313119376
33.12,0.267853798,-0.312939576
33.13,0.26806544,-0.312759138
33.14,0.268274247,-0.312581693
33.15,0.268481523,-0.312405928
33.16,0.268687554,-0.312231555
33.17,0.268896749,-0.312054156
33.18,0.269108778,-0.311874059
33.19,0.269318677,-0.311696223
33.2,0.269530027,-0.31151706
33.21,0.269743742,-0.311335652
33.22,0.269952939,-0.311158875
33.23,0.270153017,-0.310991327
33.24,0.270342223,-0.310834752
33.25,0.270516181,-0.31069352
33.26,0.270667993,-0.310574521
33.27,0.270798746,-0.310476661
33.28,0.270918256,-0.310390115
33.29,0.271031935,-0.310309465
33.3,0.271146162,-0.310228323
33.31,0.271269037,-0.310138586
33.32,0.271399437,-0.310041373
33.33,0.271534348,-0.309939696
33.34,0.271675416,-0.309831906
33.35,0.271829692,-0.309710945
33.36,0.271997055,-0.309576935
33.37,0.272167885,-0.309439491
33.38,0.272335098,-0.309305694
33.39,0.272493593,-0.309180639
33.4,0.272652574,-0.309055112
33.41,0.272830911,-0.30891024
33.42,0.273033626,-0.308740997
33.43,0.273256787,-0.308551317
33.44,0.273497113,-0.308344476
33.45,0.273744841,-0.308130236
33.46,0.273982056,-0.307926502
33.47,0.274203061,-0.307738966
33.48,0.274420587,-0.307554885
33.49,0.274644545,-0.307364343
33.5,0.274880645,-0.307161627
33.51,0.275134926,-0.306940692
33.52,0.275409314,-0.306699609
33.53,0.275702521,-0.306439662
33.54,0.276013,-0.306162395
33.55,0.276335548,-0.305873005
33.56,0.276661307,-0.305580344
33.57,0.27699184,-0.305282845
33.58,0.277333282,-0.304974365
33.59,0.277678796,-0.304661737
33.6,0.278011872,-0.304361465
33.61,0.278319656,-0.304086396
33.62,0.278600394,-0.303838279
33.63,0.278862062,-0.303609128
33.64,0.279113069,-0.303390531
33.65,0.279354286,-0.303181609
33.66,0.2795787,-0.302989371
33.67,0.279781339,-0.302818784
33.68,0.279967284,-0.30266476
33.69,0.280141489,-0.302522339
33.7,0.28030299,-0.302392482
33.71,0.280454733,-0.302272236
33.72,0.280602852,-0.302155463
33.73,0.280747287,-0.302042219
33.74,0.280887885,-0.301932652
33.75,0.2810283,-0.301823105
33.76,0.281174584,-0.301707521
33.77,0.281340368,-0.301572267
33.78,0.281539624,-0.301403371
33.79,0.281774715,-0.30119847
33.8,0.282038609,-0.300964596
33.81,0.28231846,-0.300714596
33.82,0.282600264,-0.300462467
33.83,0.282875556,-0.300216672
33.84,0.283137504,-0.299984035
33.85,0.283383825,-0.299766836
33.86,0.283621897,-0.299557692
33.87,0.283856635,-0.299351681
33.88,0.2840886,-0.29914824
33.89,0.284319212,-0.298945946
33.9,0.284545222,-0.298748044
33.91,0.284764155,-0.298557005
33.92,0.284979263,-0.298369573
33.93,0.285194929,-0.298181361
33.94,0.285417821,-0.2979857
33.95,0.285651029,-0.297779495
33.96,0.285891063,-0.297566236
33.97,0.286138444,-0.297345398
33.98,0.286393897,-0.297116254
33.99,0.286666157,-0.296870066
34,0.286973423,-0.296588633
34.01,0.287317158,-0.296270491
34.02,0.287689089,-0.295923913
34.03,0.288083004,-0.295555107
34.04,0.288489387,-0.295173589
34.05,0.288895722,-0.294791868
34.06,0.289292598,-0.294419354
34.07,0.289683306,-0.294052752
34.08,0.290070183,-0.293689721
34.09,0.290446946,-0.293336542
34.1,0.290818436,-0.29298837
34.11,0.291193713,-0.292636143
34.12,0.291575062,-0.292277574
34.13,0.291964866,-0.291910277
34.14,0.292363271,-0.291534103
34.15,0.292764286,-0.291155043
34.16,0.293159596,-0.290781409
34.17,0.293548876,-0.290413525
34.18,0.293938053,-0.290045459
34.19,0.29433065,-0.289673687
34.2,0.294732177,-0.289292699
34.21,0.295154471,-0.288890654
34.22,0.295605119,-0.288459965
34.23,0.296082446,-0.288002306
34.24,0.296577133,-0.287526993
34.25,0.297075924,-0.287047283
34.26,0.297572697,-0.286569295
34.27,0.298069909,-0.286090571
34.28,0.298570161,-0.285608506
34.29,0.299069855,-0.285126699
34.3,0.299567608,-0.284646531
34.31,0.30006665,-0.284164769
34.32,0.300568403,-0.283679991
34.33,0.301076472,-0.283188591
34.34,0.301594253,-0.28268717
34.35,0.302122445,-0.282175031
34.36,0.3026656,-0.281647618
34.37,0.303234851,-0.281093799
34.38,0.303842912,-0.280500857
34.39,0.304494851,-0.279863725
34.4,0.305181767,-0.279191302
34.41,0.305890768,-0.278496481
34.42,0.30661612,-0.277784994
34.43,0.307353189,-0.277061472
34.44,0.308096678,-0.276331214
34.45,0.308842822,-0.275597984
34.46,0.309585217,-0.274868182
34.47,0.310315292,-0.27415038
34.48,0.31102795,-0.273449675
34.49,0.31172363,-0.272765625
34.5,0.312400225,-0.272100337
34.51,0.313052751,-0.271458795
34.52,0.31368275,-0.270839455
34.53,0.314290754,-0.270241786
34.54,0.314873385,-0.269669163
34.55,0.315436148,-0.269116082
34.56,0.315988897,-0.268572687
34.57,0.316532685,-0.268037925
34.58,0.317070357,-0.267508953
34.59,0.317610071,-0.266977609
34.6,0.318154618,-0.266441104
34.61,0.318698745,-0.265904691
34.62,0.319227396,-0.265383423
34.63,0.319730439,-0.264887435
34.64,0.320207315,-0.264417285
34.65,0.32065999,-0.263971005
34.66,0.321100448,-0.263536612
34.67,0.321538083,-0.263104712
34.68,0.32196568,-0.262682519
34.69,0.322379239,-0.262274036
34.7,0.32278509,-0.261872929
34.71,0.323187586,-0.261474848
34.72,0.323588437,-0.261078081
34.73,0.32398977,-0.260680502
34.74,0.324393226,-0.260280471
34.75,0.324798031,-0.259878762
34.76,0.325199772,-0.259479786
34.77,0.325597133,-0.259084863
34.78,0.325999978,-0.258684125
34.79,0.326421283,-0.258264599
34.8,0.326869646,-0.257817688
34.81,0.327349272,-0.257339185
34.82,0.327858875,-0.256830378
34.83,0.328390641,-0.256299081
34.84,0.328935163,-0.255754701
34.85,0.329487513,-0.255202166
34.86,0.330045256,-0.254643912
34.87,0.330603306,-0.254085026
34.88,0.331152782,-0.253534389
34.89,0.331690237,-0.252995447
34.9,0.332221965,-0.252461908
34.91,0.332752599,-0.25192914
34.92,0.333283796,-0.251395486
34.93,0.333822199,-0.250854303
34.94,0.334369957,-0.250303443
34.95,0.334925651,-0.249744327
34.96,0.33549566,-0.249170574
34.97,0.336078907,-0.248583264
34.98,0.336657581,-0.248000209
34.99,0.337218488,-0.247434601
35,0.337758248,-0.246889824
35.01,0.338272869,-0.24636987
35.02,0.338766124,-0.245870966
35.03,0.339246976,-0.245384153
35.04,0.339715101,-0.244909752
35.05,0.340167387,-0.244450879
35.06,0.340609053,-0.244002316
35.07,0.341047821,-0.243556341
35.08,0.341486049,-0.243110598
35.09,0.341921023,-0.242667803
35.1,0.342351541,-0.242229157
35.11,0.342784825,-0.241787442
35.12,0.343228165,-0.241335368
35.13,0.343677741,-0.240876757
35.14,0.344127167,-0.240417995
35.15,0.34457307,-0.239962458
35.16,0.345010935,-0.239514662
35.17,0.345442749,-0.239072621
35.18,0.345880907,-0.238623943
35.19,0.346335884,-0.238158154
35.2,0.346806482,-0.237676454
35.21,0.347287198,-0.237184346
35.22,0.347778226,-0.236681639
35.23,0.348286096,-0.236161804
35.24,0.348814155,-0.235621497
35.25,0.349354367,-0.235068753
35.26,0.349899218,-0.234511091
35.27,0.350453121,-0.233944099
35.28,0.351024302,-0.233359551
35.29,0.351611183,-0.232759029
35.3,0.352201496,-0.232154803
35.31,0.352783847,-0.231558267
35.32,0.353352632,-0.23097503
35.33,0.353907013,-0.230405931
35.34,0.35444746,-0.229850503
35.35,0.354974243,-0.229308477
35.36,0.35549162,-0.228775599
35.37,0.356002795,-0.228248667
35.38,0.356507106,-0.227728346
35.39,0.357004705,-0.227214485
35.4,0.35749506,-0.22670762
35.41,0.357980488,-0.226205435
35.42,0.358464354,-0.22570457
35.43,0.358941736,-0.225209948
35.44,0.359408657,-0.224725548
35.45,0.359870293,-0.224246198
35.46,0.360331572,-0.223766972
35.47,0.36079602,-0.223284347
35.48,0.361270434,-0.222791529
35.49,0.361761876,-0.222281457
35.5,0.362281277,-0.221743204
35.51,0.362834184,-0.221171226
35.52,0.363410541,-0.220575579
35.53,0.36399668,-0.219969935
35.54,0.364583234,-0.219363664
35.55,0.365170606,-0.218756366
35.56,0.365762245,-0.218144594
35.57,0.366353832,-0.217532671
35.58,0.366939812,-0.216926155
35.59,0.367516999,-0.216328235
35.6,0.368087115,-0.215737192
35.61,0.368652476,-0.215150714
35.62,0.369205346,-0.214576538
35.63,0.369739208,-0.214021188
35.64,0.370261153,-0.213477574
35.65,0.370784888,-0.212931993
35.66,0.371316638,-0.212378222
35.67,0.371853356,-0.211819313
35.68,0.372393546,-0.211256764
35.69,0.372940227,-0.210687559
35.7,0.373496166,-0.210108936
35.71,0.374061822,-0.209520437
35.72,0.374638957,-0.208920303
35.73,0.375236867,-0.208299244
35.74,0.375866954,-0.207645858
35.75,0.376527128,-0.20696224
35.76,0.377200873,-0.206264909
35.77,0.377869734,-0.205572322
35.78,0.378525121,-0.204893073
35.79,0.379162813,-0.204231388
35.8,0.37977447,-0.203595609
35.81,0.380358865,-0.202986968
35.82,0.380921424,-0.202400043
35.83,0.381465886,-0.201831099
35.84,0.382002004,-0.201270386
35.85,0.382550184,-0.200697502
35.86,0.383128761,-0.200094116
35.87,0.383741577,-0.199456388
35.88,0.384383071,-0.198789882
35.89,0.385050393,-0.198097452
35.9,0.385740962,-0.197381682
35.91,0.38644336,-0.196653993
35.92,0.387141854,-0.195930122
35.93,0.387823542,-0.195222974
35.94,0.388482191,-0.194538787
35.95,0.38911854,-0.193876826
35.96,0.38973165,-0.193238034
35.97,0.390316972,-0.192626963
35.98,0.390874889,-0.192043234
35.99,0.391415721,-0.191476533
36,0.391958551,-0.190907779
36.01,0.392519391,-0.190320964
36.02,0.393102865,-0.189711468
36.03,0.393710318,-0.189077948
36.04,0.394346079,-0.188416079
36.05,0.395009738,-0.187726274
36.06,0.39569105,-0.187018783
36.07,0.396376268,-0.186307354
36.08,0.397055846,-0.185601537
36.09,0.397723967,-0.184907155
36.1,0.39837091,-0.184233931
36.11,0.398988804,-0.18358974
36.12,0.399579362,-0.182972874
36.13,0.400143749,-0.182382172
36.14,0.40068012,-0.181819482
36.15,0.401189798,-0.181283486
36.16,0.40167927,-0.180767701
36.17,0.402158951,-0.180261717
36.18,0.402635561,-0.179758815
36.19,0.403115615,-0.179252485
36.2,0.403603631,-0.178738214
36.21,0.404094475,-0.178221137
36.22,0.404586906,-0.1777025
36.23,0.405086045,-0.177177185
36.24,0.405591628,-0.176645458
36.25,0.406098347,-0.176112634
36.26,0.406601564,-0.175583351
36.27,0.40710113,-0.175057764
36.28,0.407597901,-0.174535019
36.29,0.408092498,-0.174014499
36.3,0.408586454,-0.173494676
36.31,0.409075568,-0.172979752
36.32,0.409553347,-0.172476227
36.33,0.410020038,-0.171983854
36.34,0.41048148,-0.171496801
36.35,0.410942008,-0.171010735
36.36,0.411401996,-0.170525284
36.37,0.411861021,-0.170040877
36.38,0.412318139,-0.169558461
36.39,0.412771801,-0.169079588
36.4,0.413222239,-0.168604028
36.41,0.413671189,-0.168130052
36.42,0.41411677,-0.167659542
36.43,0.414555736,-0.167195747
36.44,0.414988251,-0.166738507
36.45,0.415412422,-0.166289719
36.46,0.415824645,-0.165852991
36.47,0.416223146,-0.165430099
36.48,0.416605115,-0.165023858
36.49,0.416970987,-0.164633836
36.5,0.417326906,-0.164253892
36.51,0.41768049,-0.163876412
36.52,0.418039341,-0.163493798
36.53,0.418411718,-0.163097793
36.54,0.418802561,-0.162683459
36.55,0.419209504,-0.162253165
36.56,0.419628841,-0.16181062
36.57,0.420061123,-0.161355276
36.58,0.420504354,-0.160889131
36.59,0.420948323,-0.160422399
36.6,0.421385107,-0.159963006
36.61,0.421812837,-0.159512824
36.62,0.422232981,-0.15907039
36.63,0.422649176,-0.158632068
36.64,0.423059155,-0.158200128
36.65,0.423456254,-0.157781239
36.66,0.423838782,-0.157377093
36.67,0.424210619,-0.156983814
36.68,0.424576055,-0.156597115
36.69,0.424938544,-0.156213544
36.7,0.425297672,-0.155833518
36.71,0.425652732,-0.155457748
36.72,0.426008986,-0.155080973
36.73,0.42636934,-0.154700289
36.74,0.426730024,-0.154319469
36.75,0.427083901,-0.153945654
36.76,0.427428799,-0.153581015
36.77,0.427768325,-0.15322195
36.78,0.428104326,-0.152866614
36.79,0.42843736,-0.152514451
36.8,0.428769942,-0.15216295
36.81,0.429106104,-0.151808078
36.82,0.429445053,-0.151450632
36.83,0.429780168,-0.151097234
36.84,0.430106898,-0.150752438
36.85,0.430425117,-0.15041637
36.86,0.430733492,-0.150090369
36.87,0.431030333,-0.149776124
36.88,0.431318055,-0.149471223
36.89,0.431597959,-0.149174367
36.9,0.431866678,-0.148888926
36.91,0.432122683,-0.148616429
36.92,0.432366099,-0.148356755
36.93,0.432599944,-0.148106886
36.94,0.432829845,-0.147861198
36.95,0.433057582,-0.147617912
36.96,0.433284477,-0.147375708
36.97,0.433514217,-0.147130901
36.98,0.433748782,-0.14688151
36.99,0.43398336,-0.14663235
37,0.43421004,-0.146391332
37.01,0.434423407,-0.146163873
37.02,0.434619867,-0.145953569
37.03,0.434799408,-0.145760433
37.04,0.434961664,-0.145584834
37.05,0.435101702,-0.145431706
37.06,0.435218689,-0.145301884
37.07,0.435319092,-0.145188903
37.08,0.435409869,-0.145085807
37.09,0.435498527,-0.14498509
37.1,0.435593947,-0.144877872
37.11,0.435699573,-0.144760709
37.12,0.435814271,-0.144634737
37.13,0.435935914,-0.14450208
37.14,0.436061247,-0.144365993
37.15,0.436190809,-0.144225939
37.16,0.436327815,-0.144078703
37.17,0.436474796,-0.143921754
37.18,0.436635878,-0.143750963
37.19,0.436810381,-0.143567014
37.2,0.436990964,-0.143377245
37.21,0.437169362,-0.143189923
37.22,0.437338215,-0.143012408
37.23,0.437491053,-0.142851173
37.24,0.437625066,-0.142709028
37.25,0.437746288,-0.142579941
37.26,0.437860959,-0.142457673
37.27,0.437968606,-0.142342697
37.28,0.438070505,-0.14223374
37.29,0.438170654,-0.1421268
37.3,0.438268135,-0.1420228
37.31,0.438361036,-0.141923649
37.32,0.438450962,-0.141827744
37.33,0.438542945,-0.141730051
37.34,0.438641472,-0.141626086
37.35,0.438744243,-0.141518147
37.36,0.438847822,-0.141409668
37.37,0.438950731,-0.14130213
37.38,0.439052547,-0.141195954
37.39,0.439151979,-0.141092431
37.4,0.43924578,-0.140994809
37.41,0.439334179,-0.140902858
37.42,0.439421555,-0.1408122
37.43,0.439512449,-0.140718292
37.44,0.439607515,-0.140620482
37.45,0.439705581,-0.14051994
37.46,0.43980591,-0.140417403
37.47,0.439905555,-0.140315817
37.48,0.440002624,-0.140217075
37.49,0.44009615,-0.140122141
37.5,0.440182949,-0.140034202
37.51,0.440259709,-0.139956568
37.52,0.440322477,-0.139893191
37.53,0.440370313,-0.139845013
37.54,0.440408362,-0.139806886
37.55,0.440442011,-0.139773422
37.56,0.44047576,-0.139740121
37.57,0.440514345,-0.139702247
37.58,0.440559959,-0.139657602
37.59,0.440613015,-0.139605776
37.6,0.440671763,-0.139548517
37.61,0.440730575,-0.139491452
37.62,0.440785071,-0.13943896
37.63,0.440832902,-0.13939339
37.64,0.440870925,-0.139357884
37.65,0.440896184,-0.139335394
37.66,0.440905244,-0.139329353
37.67,0.440897388,-0.139340472
37.68,0.440877655,-0.139363702
37.69,0.440850747,-0.139394307
37.7,0.440819706,-0.139429154
37.71,0.440788549,-0.1394643
37.72,0.440757631,-0.139499559
37.73,0.440722201,-0.139539645
37.74,0.440682532,-0.139584243
37.75,0.440645554,-0.139626423
37.76,0.440614572,-0.139662867
37.77,0.440587988,-0.139695171
37.78,0.44056265,-0.139726482
37.79,0.440537672,-0.139757683
37.8,0.440514607,-0.139787219
37.81,0.440493765,-0.139814777
37.82,0.440473075,-0.139842427
37.83,0.440451595,-0.139871107
37.84,0.440431664,-0.139898477
37.85,0.440414458,-0.139923359
37.86,0.440396872,-0.139948857
37.87,0.440375318,-0.139978554
37.88,0.440351151,-0.140011097
37.89,0.440325683,-0.140045172
37.9,0.44029547,-0.140084223
37.91,0.440255527,-0.140133232
37.92,0.440204315,-0.140193741
37.93,0.440145035,-0.140262548
37.94,0.440082421,-0.14033492
37.95,0.44001855,-0.140408777
37.96,0.439952547,-0.140484991
37.97,0.439886717,-0.140561255
37.98,0.439824931,-0.140633698
37.99,0.439769615,-0.140699888
38,0.439726768,-0.140753825
38.01,0.439700306,-0.14079159
38.02,0.439688137,-0.140815267
38.03,0.439693395,-0.140821719
38.04,0.439721491,-0.14080553
38.05,0.439769235,-0.140769879
38.06,0.439829611,-0.140721768
38.07,0.439896887,-0.140666906
38.08,0.43996555,-0.14061077
38.09,0.4400311,-0.140557738
38.1,0.440088531,-0.140512668
38.11,0.440132789,-0.140480888
38.12,0.440160572,-0.140465964
38.13,0.440166731,-0.140472788
38.14,0.440147999,-0.140504188
38.15,0.440107285,-0.140557605
38.16,0.44004887,-0.140629457
38.17,0.439975826,-0.140716454
38.18,0.439889165,-0.140817345
38.19,0.439787488,-0.140933533
38.2,0.439670461,-0.141065316
38.21,0.439539593,-0.141211183
38.22,0.439394492,-0.141371511
38.23,0.439235867,-0.141545583
38.24,0.439069222,-0.141727883
38.25,0.438899019,-0.141913943
38.26,0.438725357,-0.142103655
38.27,0.438549532,-0.142295715
38.28,0.438374949,-0.142486713
38.29,0.438202369,-0.14267588
38.3,0.438034126,-0.142860878
38.31,0.437872435,-0.143039485
38.32,0.437713637,-0.143215354
38.33,0.43755777,-0.143388446
38.34,0.437409437,-0.14355415
38.35,0.437269299,-0.143711804
38.36,0.437137813,-0.143860946
38.37,0.437018734,-0.143997816
38.38,0.436913542,-0.144120933
38.39,0.436816787,-0.144235739
38.4,0.43672175,-0.144348953
38.41,0.436624185,-0.144464818
38.42,0.436520228,-0.144587195
38.43,0.436409212,-0.144716751
38.44,0.436292889,-0.144851731
38.45,0.436172368,-0.144991026
38.46,0.436046381,-0.145135901
38.47,0.435912118,-0.145289165
38.48,0.435769515,-0.14545088
38.49,0.435619256,-0.145620361
38.5,0.435463233,-0.145795713
38.51,0.435306822,-0.14597156
38.52,0.435154893,-0.146143028
38.53,0.435010969,-0.146306591
38.54,0.434877794,-0.146459501
38.55,0.434755057,-0.146602066
38.56,0.434641452,-0.146735589
38.57,0.434536077,-0.146860966
38.58,0.43443325,-0.146983878
38.59,0.434325526,-0.147111766
38.6,0.434209626,-0.147247905
38.61,0.43408433,-0.147393518
38.62,0.433949949,-0.147548287
38.63,0.433809616,-0.147709078
38.64,0.433665687,-0.147873535
38.65,0.433516441,-0.148043373
38.66,0.433360626,-0.148219843
38.67,0.433200138,-0.148401045
38.68,0.433035223,-0.148586731
38.69,0.43286374,-0.148779037
38.7,0.432684918,-0.148978733
38.71,0.432498727,-0.149185844
38.72,0.432304729,-0.149400807
38.73,0.43210441,-0.149622131
38.74,0.431900134,-0.14984745
38.75,0.431691182,-0.150077478
38.76,0.431477249,-0.150312517
38.77,0.431260853,-0.150550046
38.78,0.43104262,-0.150789435
38.79,0.430821555,-0.151031676
38.8,0.430596806,-0.151277616
38.81,0.430367082,-0.151528543
38.82,0.430131099,-0.151785739
38.83,0.429888785,-0.152049271
38.84,0.429641876,-0.1523174
38.85,0.429392264,-0.152588231
38.86,0.429140832,-0.152860879
38.87,0.428888639,-0.153134279
38.88,0.428638218,-0.153405895
38.89,0.428392895,-0.153672398
38.9,0.428154405,-0.153932049
38.91,0.427922231,-0.154185363
38.92,0.427695053,-0.154433654
38.93,0.427473614,-0.154676179
38.94,0.427260021,-0.154910823
38.95,0.42705122,-0.15514064
38.96,0.426842365,-0.155370471
38.97,0.426633179,-0.155600592
38.98,0.426423274,-0.155831386
38.99,0.426210197,-0.156065305
39,0.425992391,-0.156303902
39.01,0.425771258,-0.156545773
39.02,0.425549865,-0.156787848
39.03,0.425326402,-0.157031935
39.04,0.425094146,-0.157284753
39.05,0.42484972,-0.157549678
39.06,0.424596364,-0.157823466
39.07,0.424339061,-0.158101134
39.08,0.424080372,-0.158380117
39.09,0.423821097,-0.158659613
39.1,0.423561425,-0.158939428
39.11,0.423301353,-0.159219565
39.12,0.423042956,-0.159497945
39.13,0.422790073,-0.159770727
39.14,0.422543122,-0.160037489
39.15,0.422300976,-0.160299356
39.16,0.422062332,-0.160557629
39.17,0.421824589,-0.160814905
39.18,0.421587076,-0.161071852
39.19,0.421349097,-0.161329165
39.2,0.421109888,-0.161587605
39.21,0.420870121,-0.161846499
39.22,0.420627968,-0.162107671
39.23,0.420378361,-0.162376187
39.24,0.420118562,-0.162654783
39.25,0.419852265,-0.162939764
39.26,0.419582745,-0.163227852
39.27,0.419307569,-0.163521478
39.28,0.419023334,-0.163824043
39.29,0.418727863,-0.164137722
39.3,0.41842101,-0.16446266
39.31,0.418103726,-0.164797902
39.32,0.417775909,-0.165143549
39.33,0.417438427,-0.165498732
39.34,0.417093976,-0.165860752
39.35,0.416743501,-0.166228662
39.36,0.41638623,-0.166603231
39.37,0.416023933,-0.16698269
39.38,0.41565962,-0.167364023
39.39,0.415294308,-0.167746214
39.4,0.414927645,-0.168129611
39.41,0.414561288,-0.168512555
39.42,0.414196158,-0.168894124
39.43,0.413827435,-0.169279136
39.44,0.413450786,-0.169671922
39.45,0.413065682,-0.170073008
39.46,0.412670969,-0.170483548
39.47,0.412266081,-0.170904106
39.48,0.411851707,-0.171333989
39.49,0.411427951,-0.171773095
39.5,0.410995089,-0.172221144
39.51,0.410553465,-0.17267779
39.52,0.410106051,-0.173140062
39.53,0.409658848,-0.173601954
39.54,0.409214948,-0.174060376
39.55,0.408773927,-0.174515746
39.56,0.408335847,-0.174968004
39.57,0.407901538,-0.175416316
39.58,0.407472506,-0.175859176
39.59,0.407049043,-0.176296289
39.6,0.40662802,-0.176730785
39.61,0.40620629,-0.177165807
39.62,0.405782221,-0.177602986
39.63,0.405356164,-0.17804197
39.64,0.404929375,-0.178481503
39.65,0.404500304,-0.178923131
39.66,0.404068409,-0.179367397
39.67,0.403637253,-0.179810736
39.68,0.403207696,-0.180252287
39.69,0.402776588,-0.180695198
39.7,0.402342301,-0.181141097
39.71,0.4019035,-0.181591318
39.72,0.401458555,-0.182047487
39.73,0.40100966,-0.182507414
39.74,0.400559789,-0.182968119
39.75,0.400107769,-0.183430776
39.76,0.39965225,-0.183896734
39.77,0.399195165,-0.18436406
39.78,0.398737973,-0.184831292
39.79,0.398280359,-0.185298745
39.8,0.397822506,-0.185766237
39.81,0.39736716,-0.186231016
39.82,0.396918737,-0.18668867
39.83,0.396479844,-0.18713659
39.84,0.396052666,-0.187572587
39.85,0.395639,-0.187994867
39.86,0.395236731,-0.188405542
39.87,0.394841323,-0.188809148
39.88,0.394449884,-0.189208576
39.89,0.394061206,-0.189605032
39.9,0.393673538,-0.190000268
39.91,0.393284801,-0.190396363
39.92,0.392896006,-0.190792302
39.93,0.392509429,-0.191185813
39.94,0.392122885,-0.191579076
39.95,0.391733068,-0.1919754
39.96,0.391339091,-0.192375669
39.97,0.390940556,-0.192780281
39.98,0.390537707,-0.193188993
39.99,0.390131294,-0.193601053
40,0.389720558,-0.19401722
40.01,0.389302118,-0.194440876
40.02,0.388874231,-0.194873761
40.03,0.388438593,-0.195314181
40.04,0.387996881,-0.195760457
40.05,0.387551524,-0.196210161
40.06,0.387104769,-0.196661045
40.07,0.386657453,-0.197112272
40.08,0.386211225,-0.197562192
40.09,0.385767048,-0.198009843
40.1,0.385323089,-0.198457056
40.11,0.384877965,-0.198905217
40.12,0.38443246,-0.199353538
40.13,0.383986708,-0.199801888
40.14,0.383537963,-0.200253011
40.15,0.383084188,-0.200708944
40.16,0.382628401,-0.201166671
40.17,0.382172943,-0.201623848
40.18,0.381716229,-0.202082064
40.19,0.381256982,-0.202542591
40.2,0.380795052,-0.203005584
40.21,0.380330257,-0.203471222
40.22,0.379863975,-0.203938128
40.23,0.379399183,-0.204403326
40.24,0.378937316,-0.20486538
40.25,0.378476293,-0.205326372
40.26,0.378013508,-0.205788908
40.27,0.377550585,-0.206251364
40.28,0.377090924,-0.206710342
40.29,0.376636474,-0.207163892
40.3,0.376187852,-0.207611397
40.31,0.375744254,-0.208053661
40.32,0.375304397,-0.208491971
40.33,0.374867686,-0.208926918
40.34,0.374433644,-0.209358982
40.35,0.374001305,-0.20978913
40.36,0.373570027,-0.210218004
40.37,0.37313862,-0.210646794
40.38,0.372704699,-0.211077886
40.39,0.372266929,-0.211512616
40.4,0.371825463,-0.211950831
40.41,0.371380475,-0.212392359
40.42,0.370932091,-0.212837075
40.43,0.370480137,-0.213285151
40.44,0.370024302,-0.213736902
40.45,0.369564589,-0.214192325
40.46,0.369102412,-0.214650006
40.47,0.368641037,-0.21510668
40.48,0.368182205,-0.215560608
40.49,0.36772549,-0.216012216
40.5,0.367270345,-0.216462052
40.51,0.366816277,-0.216910611
40.52,0.366363411,-0.217357769
40.53,0.365912875,-0.217802398
40.54,0.365464848,-0.218244322
40.55,0.365016986,-0.218685885
40.56,0.364567219,-0.219129156
40.57,0.364115612,-0.219574075
40.58,0.363662956,-0.220019851
40.59,0.363210884,-0.220464851
40.6,0.362761405,-0.220907069
40.61,0.3623151,-0.221345924
40.62,0.361871183,-0.221782204
40.63,0.361427835,-0.222217729
40.64,0.360982614,-0.222654943
40.65,0.360534389,-0.223094977
40.66,0.360083495,-0.223537499
40.67,0.359629592,-0.223982851
40.68,0.359171762,-0.22443195
40.69,0.358710026,-0.224884777
40.7,0.358244466,-0.225341254
40.71,0.357775049,-0.225801412
40.72,0.357302528,-0.226264503
40.73,0.356827869,-0.226729561
40.74,0.35635169,-0.227195968
40.75,0.3558734,-0.227664318
40.76,0.355391637,-0.228135976
40.77,0.354906396,-0.228610947
40.78,0.354419334,-0.229087577
40.79,0.353931151,-0.229565165
40.8,0.353441365,-0.230044197
40.81,0.352951343,-0.230523309
40.82,0.352464053,-0.230999531
40.83,0.351981666,-0.231470696
40.84,0.35150389,-0.231937099
40.85,0.351028311,-0.232401154
40.86,0.350553173,-0.23286462
40.87,0.350078335,-0.233327638
40.88,0.349604416,-0.233789594
40.89,0.349131951,-0.234249952
40.9,0.3486597,-0.234709955
40.91,0.34818596,-0.23517131
40.92,0.347711287,-0.235633459
40.93,0.347236634,-0.236095452
40.94,0.346762303,-0.236556992
40.95,0.346289032,-0.23701734
40.96,0.34581679,-0.237476529
40.97,0.345344673,-0.237935467
40.98,0.344872023,-0.238394813
40.99,0.344398182,-0.238855226
41,0.343922594,-0.239317265
41.01,0.343444946,-0.239781246
41.02,0.342964605,-0.240247802
41.03,0.342480548,-0.24071796
41.04,0.341991954,-0.241192541
41.05,0.341499063,-0.24167131
41.06,0.341002618,-0.242153523
41.07,0.340503366,-0.242638436
41.08,0.340002149,-0.24312521
41.09,0.339499164,-0.24361365
41.1,0.338994669,-0.244103499
41.11,0.338488786,-0.244594639
41.12,0.337981156,-0.24508743
41.13,0.337472579,-0.245581074
41.14,0.336963787,-0.246074842
41.15,0.336454539,-0.246568977
41.16,0.335944967,-0.247063349
41.17,0.335435566,-0.247557465
41.18,0.334926039,-0.248051625
41.19,0.33441524,-0.248546976
41.2,0.333902519,-0.249044171
41.21,0.333387492,-0.249543597
41.22,0.332870324,-0.25004509
41.23,0.33235136,-0.250548307
41.24,0.331830169,-0.251053684
41.25,0.33130684,-0.251561131
41.26,0.330782637,-0.252069387
41.27,0.330259038,-0.252576977
41.28,0.329737224,-0.253082723
41.29,0.329218177,-0.253585644
41.3,0.328702186,-0.254085453
41.31,0.328188737,-0.254582668
41.32,0.327676798,-0.255078323
41.33,0.327165297,-0.255573491
41.34,0.326654395,-0.256068014
41.35,0.326145275,-0.256560711
41.36,0.325637905,-0.257051618
41.37,0.325131258,-0.257541762
41.38,0.324625128,-0.258031352
41.39,0.324119271,-0.258520636
41.4,0.323612736,-0.259010565
41.41,0.323104802,-0.259501864
41.42,0.322595384,-0.259994619
41.43,0.322085085,-0.26048823
41.44,0.321574749,-0.260981856
41.45,0.321065392,-0.261474481
41.46,0.320557851,-0.261965273
41.47,0.320052476,-0.262453882
41.48,0.319549542,-0.262940037
41.49,0.319048459,-0.26342433
41.5,0.318548135,-0.263907855
41.51,0.318048339,-0.264390845
41.52,0.317549152,-0.264873221
41.53,0.317050588,-0.265354973
41.54,0.316552803,-0.265835946
41.55,0.316055833,-0.266316107
41.56,0.315559515,-0.266795619
41.57,0.315063669,-0.267274668
41.58,0.314568234,-0.267753315
41.59,0.314073025,-0.268231746
41.6,0.313577691,-0.268710318
41.61,0.313082124,-0.269189137
41.62,0.31258639,-0.269668143
41.63,0.312090405,-0.27014742
41.64,0.311594409,-0.270626731
41.65,0.311098683,-0.271105796
41.66,0.310602426,-0.271585421
41.67,0.310104406,-0.272066837
41.68,0.309604106,-0.272550565
41.69,0.309101718,-0.273036415
41.7,0.30859785,-0.27352378
41.71,0.308093105,-0.274012061
41.72,0.307587791,-0.274500951
41.73,0.307081895,-0.274990465
41.74,0.306575235,-0.275480788
41.75,0.306067925,-0.275971807
41.76,0.305560273,-0.276463218
41.77,0.305052237,-0.276955063
41.78,0.304543685,-0.277447478
41.79,0.304034799,-0.277940281
41.8,0.303525885,-0.278433169
41.81,0.303017123,-0.278925966
41.82,0.302508545,-0.27941864
41.83,0.302000184,-0.27991116
41.84,0.301492171,-0.280403397
41.85,0.300984462,-0.280895397
41.86,0.30047682,-0.281387402
41.87,0.299969005,-0.28187965
41.88,0.299460878,-0.282372283
41.89,0.298952496,-0.282865248
41.9,0.298443938,-0.283358466
41.91,0.297935233,-0.28385191
41.92,0.297426436,-0.284345527
41.93,0.296917626,-0.284839241
41.94,0.296408879,-0.285332977
41.95,0.2959002,-0.285826733
41.96,0.295391541,-0.286320557
41.97,0.294882832,-0.286814522
41.98,0.294374028,-0.287308675
41.99,0.293865156,-0.28780299
