Time,Tower_FX,Tower_FY,Tower_MY,Tower_MZ
1,0,29891522.3,0,0
2,-13017.5236,29430574.7,4.104662472E-05,396768.83
2.01,-12218.4698,29330328.1,4.381660706E-05,393974.472
2.02,-12345.8049,29313876.3,4.586003091E-05,398162.876
2.03,-11482.8142,29277968.2,4.935355936E-05,392126.057
2.04,-15167.6634,29262036.8,4.712408613E-05,429214.733
2.05,-16136.1085,29240126.4,4.727682127E-05,447788.754
2.06,-18357.6638,29225392.3,4.547566959E-05,481297.971
2.07,-10551.7809,29209697.4,5.745741E-05,418680.694
2.08,-17206.1213,29197634.4,5.207782116E-05,480906.283
2.09,-23307.8141,29186217.5,4.510611E-05,552768.544
2.1,-33143.9883,29177181.1,3.007882447E-05,678393.341
2.11,-24324.1068,29169200.3,4.053474506E-05,639968.214
2.12,-25787.233,29162950.8,4.035928437E-05,680983.597
2.13,-30698.6154,29157710.3,3.584105746E-05,756430.697
2.14,-33480.1442,29153717.7,3.354799329E-05,822245.006
2.15,-31118.6977,29150501.2,3.99316841E-05,841287.005
2.16,-10477.1812,29148105.5,7.985455718E-05,667929.847
2.17,-4367.31414,29146181.9,1.057898764E-04,585397.174
2.18,-11926.1751,29144687.9,1.105161182E-04,621504.32
2.19,7262.45199,29143349.3,1.5688557E-04,409464.125
2.2,-130.189751,29142089.8,1.624527523E-04,416910.265
2.21,-17666.9124,29140689.3,1.433785782E-04,542863.885
2.22,5578.93781,29139066,1.8862766E-04,308057.633
2.23,1137.04816,29137045.9,1.915322193E-04,294029.913
2.24,14533.5605,29134556.2,2.256351255E-04,109542.919
2.25,4133.14687,29131464.3,2.159409222E-04,136007.611
2.26,-9809.78902,29127715.2,1.90216065E-04,225155.689
2.27,-9264.17693,29123214.9,1.831243887E-04,209848.341
2.28,8739.66671,29117930.3,2.120933594E-04,20311.0203
2.29,10463.4806,29111801.7,2.165466432E-04,-50479.9862
2.3,7156.59262,29104819.1,2.09385027E-04,-73597.0444
2.31,31243.0833,29096954.5,2.579421505E-04,-357887.067
2.32,33819.8288,29088220.2,2.693700805E-04,-482944.181
2.33,52960.0925,29078616.1,3.166296742E-04,-778573.27
2.34,39870.1665,29068174.7,2.926202925E-04,-790104.883
2.35,19596.3592,29056919.7,2.351108158E-04,-691063.357
2.36,-60502.1857,29044901.5,8.948161615E-06,70735.3472
2.37,-67667.9185,29032163.8,-9.033228676E-05,308327.466
2.38,-66278.7059,29018769.9,-1.652145995E-04,484983.378
2.39,-95879.9474,29004777.3,-3.027593752E-04,958426.892
2.4,-55275.2521,28990260.9,-2.589785426E-04,797519.111
2.41,-29502.0194,28975290.2,-2.092071602E-04,679270.033
2.42,-31034.7692,28959948.6,-2.003880336E-04,755535.696
2.43,-18489.0896,28944313.7,-1.4734949E-04,691269.676
2.44,4484.46425,28928472.7,-5.174043105E-05,487893.15
2.45,-9637.17819,28912507.1,-4.48987104E-05,592618.07
2.46,4557.81954,28896506.1,3.258651527E-05,444933.174
2.47,-54576.2129,28880551.4,-1.052967355E-04,999048.679
2.48,-87078.8048,28864729.3,-2.112816953E-04,1429354.18
2.49,-114868.749,28849120,-3.271763003E-04,1897573.82
2.5,-109780.147,28833805.4,-3.461019011E-04,2093910.56
2.51,-74577.0554,28818860.9,-2.430740923E-04,1964088.61
2.52,-26712.7588,28804363,-4.769710539E-05,1603007.38
2.53,-38306.2037,28790380.4,2.171878624E-06,1704844.13
2.54,-16593.3016,28776981.6,1.545238471E-04,1492939.59
2.55,-14048.6052,28764227.7,2.534962442E-04,1418461.52
2.56,-27911.1373,28752178.1,2.915094567E-04,1493208.89
2.57,-36404.5598,28740886,3.256133628E-04,1548233.29
2.58,-87969.9137,28730400.9,1.890598388E-04,2055476.1
2.59,-112790.241,28720766.3,9.861654023E-05,2420065.38
2.6,-122954.543,28712022.6,4.349895039E-05,2698650.41
2.61,-126783.377,28704202.7,1.824680922E-05,2927260.46
2.62,-115956.639,28697336.8,6.261629943E-05,3006964
2.63,-151784.077,28691448,-4.391604182E-05,3515867.25
2.64,-71865.8715,28686558.4,2.772256996E-04,2939826.56
2.65,-54535.8693,28682683.2,4.459955813E-04,2782396.36
2.66,34236.7092,28679835.2,9.218164774E-04,1841461.26
2.67,-9908.00344,28678019.7,9.421082485E-04,2013033.39
2.68,-13821.0587,28677237.9,1.05475873E-03,1883398.53
2.69,7794.48635,28677488.4,1.233739116E-03,1523461.41
2.7,-83596.4104,28678760.5,9.520022976E-04,2239790.62
2.71,-38672.5919,28681046.8,1.119073313E-03,1820284.88
2.72,914.299808,28684335,1.298549066E-03,1354589.06
2.73,-22847.3854,28688604.8,1.253047591E-03,1411870.83
2.74,-78226.9995,28693837.8,1.031550392E-03,1854763.52
2.75,-92266.5915,28700013.6,9.115925946E-04,2034193.57
2.76,-182794.438,28707107.2,4.50266483E-04,3021729.9
2.77,-136715.098,28715094,4.946870954E-04,2861143.9
2.78,-79932.7063,28723946.5,6.580740274E-04,2479610.22
2.79,12232.3108,28733633.9,1.06423526E-03,1577926.6
2.8,-78727.1868,28744123.7,7.7611422E-04,2279930.34
2.81,-34141.5753,28755386.4,9.670820357E-04,1848741.39
2.82,-50935.7887,28767391.4,9.195161E-04,1940931.68
2.83,-88681.5491,28780103.7,7.624658811E-04,2270357.98
2.84,-129248.73,28793492.2,5.446735739E-04,2733130.68
2.85,-132227.035,28807523.5,4.522854225E-04,2921116.24
2.86,-117929.54,28822164.1,4.465959546E-04,2938999.94
2.87,-203646.214,28837377.1,4.102463321E-05,3915149.77
2.88,-224999.234,28853130.2,-1.550755771E-04,4453174.09
2.89,-162382.194,28869391.6,1.292678358E-05,4200510.26
2.9,-177608.062,28886125.9,-5.392473076E-05,4547436.27
2.91,-122765.493,28903302.3,1.864853805E-04,4206840.69
2.92,-45334.9854,28920891.4,5.823104258E-04,3495646.09
2.93,-46388.1168,28938858.9,7.224108561E-04,3356754.54
2.94,-75043.0268,28957173.2,7.261992908E-04,3490168.94
2.95,-69160.2236,28975806.6,8.168049521E-04,3354317.41
2.96,-221218.075,28994726,2.505319824E-04,4788124.43
2.97,-143106.899,29013910.3,4.673606856E-04,4287965.47
2.98,-91706.1561,29033333.8,6.482558683E-04,3866808.64
2.99,-102520.96,29052963,6.433031613E-04,3906400.88
3,-84087.6236,29072776,7.314310855E-04,3681520.86
3.01,-58576.7349,29092747.4,8.463113737E-04,3341930.58
3.02,-51014.18,29112852.5,9.003942806E-04,3112967.09
3.03,-211.597509,29133070.1,1.098449689E-03,2432239.28
3.04,-81125.2389,29153374.6,8.416283143E-04,2951908.96
3.05,-85095.8272,29173747.9,7.75735733E-04,2906189.85
3.06,-136088.952,29194172.5,5.31724166E-04,3362912.29
3.07,-73693.2687,29214630.7,6.291755911E-04,2804657.47
3.08,-96711.7657,29235103.2,4.904947841E-04,2955089.54
3.09,-122487.835,29255570.5,3.319217287E-04,3182875.47
3.1,-170938.67,29276019.6,8.907042966E-05,3717440.06
3.11,-52645.7386,29296439.4,3.066047384E-04,2700549.96
3.12,-75831.4546,29316812.1,1.917987248E-04,2806756.51
3.13,-58324.1776,29337123.6,1.73965276E-04,2548238.4
3.14,-50948.7085,29357366.1,1.276063346E-04,2368514.6
3.15,92038.7235,29377530.2,3.978715225E-04,807548.392
3.16,474.753618,29397599.8,1.756667074E-04,1250018.5
3.17,30943.1947,29417567.7,1.719154549E-04,699451.598
3.18,-9484.32005,29437429.4,2.605772819E-05,825485.258
3.19,79810.152,29457176.7,1.001061736E-04,-248539.136
3.2,28042.7166,29476799.9,-4.225124343E-05,-105794.213
3.21,-8564.82208,29496290.4,-1.621435988E-04,21307.1142
3.22,43423.9817,29515646.9,-1.65590492E-04,-612279.78
3.23,11313.8882,29534858.1,-2.502662873E-04,-518526.397
3.24,-10393.7512,29553918,-3.097147475E-04,-437947.163
3.25,-42654.754,29572821.5,-3.558330363E-04,-168653.907
3.26,76166.7862,29591563.2,-3.17224127E-04,-1321776.59
3.27,47850.7387,29610133.8,-3.355558597E-04,-1283004.07
3.28,72715.9105,29628528.1,-3.331477402E-04,-1705400.73
3.29,113243.917,29646742.9,-3.277322389E-04,-2312623.03
3.3,238003.816,29664772.2,-3.735877369E-04,-3856717.7
3.31,251414.911,29682609.7,-3.908638243E-04,-4576028.24
3.32,354707.848,29700250.5,-4.783991979E-04,-6209640.55
3.33,323419.407,29717690.8,-4.205744758E-04,-6703903.47
3.34,254862.686,29734930.5,-2.170234609E-04,-6712431.1
3.35,123804.854,29751973.5,2.441419634E-04,-5859200.16
3.36,161257.82,29768817.1,5.4341473E-04,-6322522.18
3.37,134339.526,29785452.2,1.000104589E-03,-6193080.25
3.38,130054.073,29801870.6,1.447711408E-03,-6209152.74
3.39,19639.1624,29818067.8,2.24825059E-03,-5111169.35
3.4,54490.0442,29834035.3,2.72363074E-03,-5172364.96
3.41,50933.6563,29849764.6,3.278138097E-03,-4909144.61
3.42,-83938.546,29865258.6,4.31479921E-03,-3324207.43
3.43,-42262.8741,29880503.6,4.77917022E-03,-3159056.68
3.44,-70907.6071,29895495.9,5.430438914E-03,-2384325.6
3.45,84088.8287,29910230.1,5.133287844E-03,-3410724.75
3.46,130919.26,29924708.4,5.03548392E-03,-3745427.21
3.47,88716.8713,29938939.6,5.273334391E-03,-3333478.7
3.48,72993.7528,29952914.9,5.433638141E-03,-3072386.39
3.49,-144724.772,29966639.6,6.848985606E-03,-742878.91
3.5,-127548.186,29980100.7,7.161183773E-03,-236603.869
3.51,-86572.9557,29993291.8,7.181365207E-03,-13520.2685
3.52,-198997.408,30006224,8.024073682E-03,1590720.92
3.53,-325627.557,30018889.1,9.099443039E-03,3592084.68
3.54,-422642.356,30031274.9,1.01014364E-02,5592896.34
3.55,-358304.118,30043373,9.837368733E-03,6166448.31
3.56,-222892.388,30055190.6,8.567440248E-03,5798859.31
3.57,-58897.7961,30066744.1,6.474811009E-03,4722396.64
3.58,-3445.51074,30078040.2,4.780654698E-03,4259395.02
3.59,133947.242,30089070.3,2.208287328E-03,2786043.7
3.6,11240.4619,30099821,1.760951862E-03,3553693.57
3.61,-40782.3806,30110277.2,1.118028303E-03,3888345.32
3.62,69268.6962,30120438.1,-7.786329311E-04,2734895.23
3.63,25219.1001,30130301.9,-1.378137648E-03,2820601.23
3.64,34402.4254,30139864.3,-2.279943331E-03,2456393.22
3.65,12147.8733,30149121.8,-2.734149618E-03,2396101.85
3.66,-195635.042,30158063.8,-1.106015968E-03,4243025.71
3.67,-101518.794,30166693.4,-1.968428574E-03,3584402.65
3.68,-130451.938,30175004.8,-1.775753804E-03,3931684.32
3.69,-133091.154,30182988.8,-1.836054177E-03,4043935.58
3.7,40908.3023,30190648.8,-3.76650143E-03,2397019.38
3.71,-59498.7077,30197970.8,-3.191733673E-03,3052615.3
3.72,50518.0422,30204955.2,-4.564892697E-03,1830949.53
3.73,-112438.956,30211596.6,-3.140034443E-03,3104455.44
3.74,-123552.21,30217894.5,-2.880057618E-03,3244244.8
3.75,-54068.3991,30223857.8,-3.40432504E-03,2635704.35
3.76,121568.345,30229483.8,-5.280509293E-03,765378.092
3.77,45590.9384,30234766.8,-4.842505359E-03,975556.37
3.78,121187.411,30239710.7,-5.73435595E-03,-140160.883
3.79,-34376.7836,30244318,-4.199518787E-03,918191.747
3.8,123279.52,30248599.8,-5.520456185E-03,-774714.663
3.81,186040.293,30252560.3,-6.132210901E-03,-1868992.38
3.82,241941.283,30256193.6,-6.76356443E-03,-3064703.89
3.83,392845.109,30259509.6,-8.336035323E-03,-5308745.35
3.84,429513.144,30262506.9,-8.931052291E-03,-6747509.61
3.85,272539.753,30265192.3,-7.533435106E-03,-6292530.75
3.86,199416.611,30267588.9,-6.456510538E-03,-6210233.37
3.87,103707.804,30269714.8,-4.952586231E-03,-5642600.87
3.88,22655.1083,30271576.6,-3.44683582E-03,-4942596.38
3.89,-79238.4523,30273177.5,-1.715303595E-03,-3784014.93
3.9,-142534.878,30274519,-3.017553045E-04,-2726946.56
3.91,-219052.45,30275602,1.127219971E-03,-1356752.54
3.92,-131236.442,30276424.9,1.155630814E-03,-1441433.41
3.93,-189540.152,30276997.2,1.987997549E-03,-284032.386
3.94,158693.46,30277324.4,-2.189379556E-04,-3087979.86
3.95,111137.096,30277431.9,-1.424239089E-04,-2793317.9
3.96,11624.4974,30277343.3,2.913314681E-04,-1903361.07
3.97,40311.4267,30277060,4.304328262E-05,-2001578.43
3.98,157093.511,30276599.5,-7.448231129E-04,-3061243.76
3.99,211575.602,30275980,-1.267216559E-03,-3807695.85
4,122638.657,30275219.1,-1.068364765E-03,-3255917.27
4.01,123607.384,30274325.2,-1.220988417E-03,-3366673.89
4.02,90135.4741,30273311.5,-1.209939131E-03,-3113852.92
4.03,126746.942,30272189.8,-1.459241856E-03,-3485990.41
4.04,6582.78613,30270973.4,-1.167983653E-03,-2367113.72
4.05,95381.0684,30269667.4,-1.519139758E-03,-3046286.83
4.06,121625.793,30268279.7,-1.699441303E-03,-3304739.41
4.07,154401.046,30266822.7,-1.885407402E-03,-3717981.43
4.08,108758.619,30265303.3,-1.914076052E-03,-3413404.46
4.09,207269.959,30263726.6,-2.163564983E-03,-4436927.09
4.1,213499.909,30262101.4,-2.268492673E-03,-4768918.47
4.11,257763.321,30260436.6,-2.389760346E-03,-5504361.49
4.12,123830.408,30258741.7,-2.452391488E-03,-4537050.14
4.13,72255.2834,30257024.5,-2.61564181E-03,-4047679.79
4.14,89927.9495,30255287.2,-2.797604582E-03,-4093143.99
4.15,203765.747,30253535,-2.862134018E-03,-5153696.56
4.16,106277.911,30251780.4,-3.081968066E-03,-4380306.04
4.17,-20396.4673,30250032.4,-3.456970853E-03,-3067622.14
4.18,42266.0588,30248285.9,-3.593897031E-03,-3307914.9
4.19,-24504.2159,30246553.5,-3.935043166E-03,-2410594.17
4.2,-103192.686,30244844,-4.345850313E-03,-1250921.58
4.21,-6936.04637,30243153.4,-4.280229548E-03,-1643971.92
4.22,45415.5792,30241493.6,-4.160693874E-03,-1858079.18
4.23,74046.2186,30239878.3,-3.986025602E-03,-2001671.3
4.24,129316.239,30238312.7,-3.633540773E-03,-2492054.86
4.25,188022.703,30236805.1,-3.168288384E-03,-3166279.25
4.26,396633.174,30235360.4,-1.921172532E-03,-5503563.58
4.27,222012.883,30233995.9,-2.248809413E-03,-4518996.23
4.28,-120.58985,30232717.4,-3.202897433E-03,-2618765.59
4.29,-28300.14,30231523,-3.587166625E-03,-2052364.83
4.3,40826.8394,30230420.3,-3.446666664E-03,-2393705.61
4.31,-90201.3423,30229420.2,-4.275450811E-03,-927798.004
4.32,-39043.6976,30228521.8,-4.178504198E-03,-975252.207
4.33,-4190.06194,30227726.3,-4.032782669E-03,-980764.734
4.34,91821.481,30227042.4,-3.341807375E-03,-1726587.81
4.35,-289591.709,30226483.9,-5.587522417E-03,2068070.55
4.36,-410013.688,30226041.8,-6.757920001E-03,4184704.83
4.37,-718297.863,30225708.7,-9.358680864E-03,8508927.52
4.38,-716824.817,30225475.1,-1.010362193E-02,10414867.4
4.39,-572497.965,30225341.3,-9.511848334E-03,10829488.3
4.4,-527928.596,30225343.1,-9.007132692E-03,11755814
4.41,-271162.426,30225509.6,-6.616505287E-03,10337454.8
4.42,-32449.0707,30225870.8,-3.742966094E-03,8375627.82
4.43,185710.365,30226439.5,-5.565004975E-04,5919933.62
4.44,5490.52742,30227188.4,-9.888300893E-05,6866407.13
4.45,76863.2022,30228094.4,1.663871422E-03,5713667.42
4.46,314941.006,30229175.8,4.553920677E-03,2724799.61
4.47,-30256.8998,30230404.4,3.286660699E-03,4947512.73
4.48,-74994.8155,30231789.1,3.41405705E-03,5018690.38
4.49,-251952.201,30233345.5,2.263868044E-03,6596052.7
4.5,5628.69975,30235082.4,4.004668955E-03,4216202.46
4.51,-129917.804,30236984.8,3.238003738E-03,5145422.9
4.52,-305117.904,30239030.3,1.935155238E-03,6770536.94
4.53,-577222.388,30241227.4,-4.136819667E-04,9858351.79
4.54,-357065.814,30243584.7,4.042706664E-04,8677000.93
4.55,-143936.283,30246095.7,1.633569225E-03,6991650.72
4.56,-263425.231,30248726.9,9.674780839E-04,8030287.87
4.57,-421251.986,30251479.2,-1.469181462E-04,9748961.12
4.58,-633775.794,30254347.8,-1.865789249E-03,12432000.8
4.59,-447562.63,30257348.5,-1.176942054E-03,11618757.1
4.6,-314733.25,30260480.8,-4.904222851E-04,10834947.7
4.61,-241503.142,30263735.5,6.369567893E-05,10233081.5
4.62,-261186.941,30267113.6,1.172924383E-04,10360138.7
4.63,-109329.255,30270620.5,1.115360461E-03,8796557.21
4.64,-249189.325,30274235.6,5.288545301E-04,9768616.09
4.65,-111985.785,30277970,1.277435139E-03,8284065.9
4.66,-169.296667,30281835.8,1.940037109E-03,6733474.41
4.67,-123171.48,30285791.8,1.425561242E-03,7226479.79
4.68,-226916.103,30289848.8,8.21978754E-04,7855825.88
4.69,318267.803,30294061.5,3.15484453E-03,2268635.4
4.7,189030.91,30298354.6,2.767170334E-03,2084815.36
4.71,450107.905,30302722.2,3.896646698E-03,-1717235.61
4.72,581219.03,30307179.2,4.519753002E-03,-4740072.86
4.73,340280.672,30311660.4,3.684911198E-03,-4335932
4.74,295200.5,30316223.4,3.35675617E-03,-5179350.98
4.75,212564.294,30320887.6,2.842474022E-03,-5405362.78
4.76,82773.4994,30325642.1,2.163913777E-03,-4888127.83
4.77,239909.21,30330486.3,2.316238664E-03,-6834637.08
4.78,123609.145,30335383.1,1.822643602E-03,-6354104.74
4.79,294867.842,30340322,2.058333093E-03,-8422492.77
4.8,77101.5277,30345291.6,1.505289157E-03,-6914473.85
4.81,2361.849,30350299,1.270021597E-03,-6255645.34
4.82,-79438.5984,30355345.4,1.074167964E-03,-5233315.86
4.83,-173239.525,30360416.3,9.155276266E-04,-3859026.67
4.84,-98925.972,30365494.2,1.022014304E-03,-3900817.42
4.85,-202371.893,30370570,9.634936601E-04,-2326331.03
4.86,-125986.37,30375640.5,1.090549718E-03,-2303823.48
4.87,-3027.03544,30380699.1,1.235077251E-03,-2921745.69
4.88,-40326.392,30385760.3,1.275069862E-03,-2267847.11
4.89,21528.0891,30390825.2,1.338944011E-03,-2521577.72
4.9,113967.957,30395894.8,1.372889838E-03,-3228021.29
4.91,75414.552,30400979.7,1.383524172E-03,-2871548.53
4.92,210661.579,30406075.2,1.337240579E-03,-4166507.26
4.93,189522.061,30411185.2,1.314324294E-03,-4220116.59
4.94,273357.199,30416308.7,1.222962796E-03,-5289450.58
4.95,139324.766,30421445.5,1.293196541E-03,-4355838.38
4.96,74975.4142,30426593.5,1.369518735E-03,-3784084.79
4.97,174197.098,30431738.4,1.294675734E-03,-4659082.43
4.98,-215044.028,30436893.6,1.801377677E-03,-886617.792
4.99,-286968.779,30442039.4,2.061376259E-03,670078.146
5,-188311.779,30447146.6,2.070361494E-03,732591.144
5.01,-348437.461,30452222.3,2.385787389E-03,3073122.69
5.02,28699.5081,30457243.7,1.784484561E-03,376100.486
5.03,8349.26267,30462222,1.65368873E-03,704258.407
5.04,-406534.829,30467163.4,2.278126805E-03,4953363.72
5.05,-374189.402,30472023.3,2.258707483E-03,5778881.31
5.06,-183551.895,30476792.8,1.852348901E-03,4918607.96
5.07,-223016.006,30481490,1.760708746E-03,5778309.1
5.08,106276.293,30486115.6,8.532541251E-04,2975474.31
5.09,-139080.055,30490663.6,1.044928793E-03,5089971.29
5.1,-729753.679,30495099.1,2.194402504E-03,11216432.9
5.11,-830828.834,30499392.9,2.58653456E-03,13943614.2
5.12,-462257.624,30503547,1.881945362E-03,12165307.2
5.13,-399178.335,30507586.6,1.57966736E-03,12377781
5.14,-139165.704,30511539.9,7.305090476E-04,10332409.7
5.15,-137328.506,30515392.3,3.574665218E-04,10190691.6
5.16,100990.006,30519123.6,-5.355660511E-04,7591183.12
5.17,239896.791,30522724,-1.257333614E-03,5378007.6
5.18,112007.113,30526146.2,-1.358316599E-03,5445895.07
5.19,-11213.8961,30529376.4,-1.309007128E-03,5805213.91
5.2,84262.5917,30532432.8,-1.612493172E-03,4314141.86
5.21,246963.179,30535315.7,-2.059153598E-03,1912511.26
5.22,240294.123,30537995.9,-2.164197028E-03,798321.442
5.23,192150.731,30540460.5,-2.120166106E-03,149388.844
5.24,273808.184,30542718.2,-2.270729427E-03,-1617810.2
5.25,297993.959,30544755.6,-2.295243329E-03,-2962499.39
5.26,63494.1885,30546551.4,-1.783128644E-03,-1726778.75
5.27,112681.393,30548130.8,-1.706316369E-03,-2676161.19
5.28,-3445.72284,30549484.6,-1.330640771E-03,-2008560.53
5.29,114584.777,30550599.9,-1.351655525E-03,-3379176.56
5.3,117429.349,30551462.8,-1.218634939E-03,-3822387.01
5.31,151535.98,30552060.2,-1.152680279E-03,-4564920.49
5.32,385481.974,30552393.7,-1.421758198E-03,-7335369.44
5.33,26909.1994,30552452.7,-8.435846569E-04,-4701341.91
5.34,134282.898,30552261.6,-8.687393366E-04,-5801249.42
5.35,442866.3,30551815.3,-1.200889596E-03,-9080785.28
5.36,392952.261,30551100.3,-1.131909465E-03,-9550837.73
5.37,369968.684,30550126.6,-1.086897626E-03,-10118496
5.38,299393.739,30548911.9,-9.776574354E-04,-10046499.3
5.39,-77626.7988,30547489,-5.270564641E-04,-6666403.08
5.4,-31774.3717,30545859.5,-4.798326116E-04,-6520905.37
5.41,-240746.37,30544017.6,-2.171096252E-04,-3870746.87
5.42,124994.671,30541936.3,-4.686596663E-04,-6494437.45
5.43,128388.606,30539618.2,-4.707504272E-04,-6368680.94
5.44,-35431.1223,30537105.1,-3.633907352E-04,-4629002.94
5.45,24247.6217,30534379.8,-4.048952128E-04,-4666382.94
5.46,166514.763,30531451.1,-5.01286303E-04,-5674923.65
5.47,-41794.363,30528352.6,-4.190851237E-04,-3554381.48
5.48,165143.593,30525070.6,-5.270127928E-04,-5085059.96
5.49,506480.426,30521601.1,-6.778111215E-04,-8460516.92
5.5,323430.904,30517999.7,-6.450875847E-04,-7484385.73
5.51,383315.685,30514247.8,-6.799930177E-04,-8476913.17
5.52,276759.696,30510348.7,-6.813337029E-04,-7875891.52
5.53,404145.16,30506310.5,-7.17327187E-04,-9367973.61
5.54,168218.109,30502148.1,-7.217764178E-04,-7493882.69
5.55,-291657.579,30497889.1,-7.538270295E-04,-2780639.84
5.56,-313912.185,30493491.2,-8.138839537E-04,-1250349.23
5.57,-435347.7,30488945.1,-8.790634685E-04,1328391.23
5.58,-588842.068,30484253.2,-9.470555217E-04,4446688.7
5.59,-879664.338,30479402.1,-1.048861242E-03,9289506.85
5.6,-865874.059,30474359.2,-1.086213932E-03,11728091
5.61,-455886.137,30469122.8,-9.619674677E-04,10058053.7
5.62,-368952.568,30463791.4,-8.513211261E-04,10440221.8
5.63,-175961.38,30458403.8,-6.609720406E-04,9390501.37
5.64,-238518.302,30452948.3,-5.448843119E-04,10357936.6
5.65,8351.58139,30447408.6,-2.94246719E-04,8273314.77
5.66,-44254.6163,30441786.2,-1.602306256E-04,8521562.9
5.67,-336520.239,30436054.8,-1.757228581E-04,11211481.6
5.68,-100813.182,30430215.2,2.955721378E-05,9320600
5.69,63464.5632,30424293.8,2.215048127E-04,7513835.07
5.7,67113.2416,30418284.2,3.335304092E-04,6801787.8
5.71,1459.39927,30412173.2,3.769289786E-04,6765527.86
5.72,58273.5147,30405954.1,4.551560546E-04,5666022.94
5.73,-43984.8623,30399617.5,4.203609619E-04,6016441.04
5.74,-152650.536,30393156.5,3.456887352E-04,6675630.97
5.75,-739523.307,30386549.2,-4.709564861E-05,12429472.2
5.76,-493522.599,30379841.4,-2.714940285E-05,11293836.6
5.77,-625266.435,30373010.6,-1.902937326E-04,13343883.2
5.78,-476607.09,30366036.8,-2.026363582E-04,12777969.4
5.79,-634858.369,30358929,-3.653769008E-04,14923905.6
5.8,-605962.087,30351672.9,-4.496188345E-04,15509231.4
5.81,-465950.506,30344300,-4.897884927E-04,14888914.5
5.82,-540178.761,30336782.7,-6.255829626E-04,15987153.8
5.83,-170240.393,30329171.5,-6.157075245E-04,12755474.4
5.84,4226.50445,30321467.2,-6.937161307E-04,10530462.8
5.85,161625.54,30313642.7,-8.077395593E-04,7962420.69
5.86,88919.1673,30305682.6,-9.978479589E-04,7332911.91
5.87,300166.832,30297604.5,-1.158142039E-03,4054059.84
5.88,-308202.601,30289350.4,-1.393338121E-03,8525669.13
5.89,-72289.2097,30281018.6,-1.551817995E-03,6068930.79
5.9,29173.9273,30272651.1,-1.720458373E-03,4485406.05
5.91,127906.575,30264165.2,-1.905188329E-03,2607349.32
5.92,129520.65,30255588.6,-2.066785519E-03,1527348.12
5.93,408890.749,30246929.2,-2.303531465E-03,-2291662.91
5.94,420983.956,30238168,-2.463598349E-03,-4058393.71
5.95,365070.591,30229288.1,-2.547195309E-03,-5120159.02
5.96,366498.645,30220338.5,-2.587018295E-03,-6490664.57
5.97,473182.315,30211329.2,-2.645920847E-03,-8821268.23
5.98,150744.548,30202249.1,-2.311355843E-03,-7019054.22
5.99,-18047.0578,30193143.7,-1.922154804E-03,-5850690.25
6,-211854.96,30184045.2,-1.367421272E-03,-3869626.89
6.01,-33513.4198,30174928.8,-1.14975032E-03,-5088221.67
6.02,-60382.565,30165755.8,-7.556351668E-04,-4641041.7
6.03,-322352.776,30156527.7,-2.054165411E-05,-1759545.14
6.04,-132126.773,30147261,1.544399261E-04,-2694522.36
6.05,-60191.5531,30137948.1,3.800128485E-04,-2885289.49
6.06,-77046.5104,30128604.4,6.681105873E-04,-2405208.74
6.07,405633.411,30119234,-2.166450429E-05,-6868041.51
6.08,142741.357,30109867.9,4.642544169E-04,-5046631.57
6.09,28510.1084,30100529.1,8.286672505E-04,-4079460.99
6.1,150400.556,30091219.3,7.842554258E-04,-5086104.4
6.11,-173777.097,30081970.7,1.709031582E-03,-1934323.76
6.12,-165830.421,30072783.8,2.03692791E-03,-1307712.63
6.13,141231.86,30063646.6,1.535271106E-03,-3657613.81
6.14,345847.003,30054580.2,9.774471835E-04,-5806151.74
6.15,457426.346,30045599.2,4.830417773E-04,-7561463.12
6.16,-81987.1929,30036722.4,1.893553957E-03,-3030366.69
6.17,2458.44803,30027937.5,1.928975424E-03,-3368477.96
6.18,379750.88,30019230.6,9.517175127E-04,-6788889.14
6.19,294780.68,30010634.2,1.083236177E-03,-6593553.3
6.2,-227106.318,30002161.5,2.823502837E-03,-1800313.64
6.21,199429.695,29993770.4,1.790148085E-03,-5142772.38
6.22,50001.4492,29985477.9,2.377124006E-03,-3746992.01
6.23,125265.614,29977294,2.206674745E-03,-4333315.51
6.24,407948.513,29969187.7,1.176632528E-03,-7117870.51
6.25,311624.123,29961186.9,1.308732326E-03,-6840537.54
6.26,387900.679,29953277.2,8.961621902E-04,-8053935.49
6.27,383136.033,29945453,8.092760582E-04,-8582497.73
6.28,-111703.864,29937743.1,2.824015646E-03,-4176504.54
6.29,344830.909,29930102.1,1.406881557E-03,-8036354.34
6.3,566732.325,29922524.2,4.61093266E-04,-10636846.2
6.31,478602.292,29915044.2,5.759092973E-04,-10771587.1
6.32,735116.599,29907616.8,-6.37316318E-04,-14067826.5
6.33,512725.529,29900266.5,1.28406926E-04,-13131859
6.34,323689.128,29893008.5,1.109227616E-03,-11953315.3
6.35,-274303.031,29885868.4,4.325272032E-03,-6083969.79
6.36,-147192.891,29878808.8,4.837836993E-03,-5960176.02
6.37,158478.683,29871761.7,4.212442171E-03,-7906814.43
6.38,164510.041,29864770.4,4.434535558E-03,-7709637.55
6.39,513954.028,29857808.2,2.894996565E-03,-10987445.8
6.4,490968.48,29850902.6,2.727459777E-03,-11375029.6
6.41,602033.514,29844057,1.954781732E-03,-13074951.1
6.42,621470.45,29837256.9,1.597668071E-03,-14066651.7
6.43,462130.635,29830535.7,2.186567976E-03,-13298136.9
6.44,424337.1,29823879.4,2.459706119E-03,-13296691.2
6.45,-50359.5173,29817332.5,5.015562552E-03,-8761593.97
6.46,25256.0152,29810854,5.370248471E-03,-8542395
6.47,-252961.852,29804441.8,7.316617297E-03,-4914348.96
6.48,-55488.0199,29798074.2,7.017552111E-03,-5437852.33
6.49,177691.094,29791719.2,6.137544414E-03,-6806971.74
6.5,-78524.962,29785475,7.264937213E-03,-3942270.13
6.51,142324.865,29779280.7,6.227723161E-03,-5247115.39
6.52,204700.583,29773145.9,5.670906981E-03,-5506109.02
6.53,-77874.0791,29767132,6.686149338E-03,-2550791.29
6.54,-20616.2178,29761181.2,6.32985119E-03,-2301104
6.55,-33240.9001,29755298.9,6.212162939E-03,-1503733.49
6.56,-295619.889,29749523.7,7.247195084E-03,1745823.41
6.57,-448444.676,29743825.9,7.974736096E-03,4519517.94
6.58,-432414.425,29738184.5,7.952201724E-03,5941027.55
6.59,-665312.174,29732624.8,8.948091179E-03,9722180.55
6.6,-525890.892,29727133,8.27373144E-03,10243731.2
6.61,-222687.864,29721729,6.555368198E-03,8688285.88
6.62,209935.339,29716483,3.824568419E-03,4917096.28
6.63,-204538.325,29711413.2,4.526519442E-03,8457520.09
6.64,-394053.972,29706433.8,4.711272964E-03,10711716.8
6.65,-238341.398,29701518.1,3.65073715E-03,9999915.7
6.66,182459.419,29696714.5,1.308444056E-03,6121506.93
6.67,-163629.468,29692028.4,1.880220378E-03,8783075.84
6.68,-411976.361,29687413.1,2.433958346E-03,11274263.7
6.69,-459294.472,29682862.3,2.472188023E-03,12413452.4
6.7,-174374.019,29678394.5,1.237196815E-03,10258852.7
6.71,160908.233,29674035.6,-4.059320024E-04,6802543.17
6.72,143250.694,29669758.3,-9.187367289E-04,5971641.24
6.73,262935.154,29665537.1,-1.801478255E-03,3792156.59
6.74,500453.108,29661367.1,-3.034073996E-03,167361.2
6.75,532440.336,29657208.8,-3.579421869E-03,-1991271.41
6.76,640218.166,29653049.6,-4.243336912E-03,-4953905.02
6.77,821679.792,29648889.4,-5.046574336E-03,-8837871.44
6.78,444550.16,29644689.2,-4.114308166E-03,-7495495.98
6.79,558957.73,29640507.1,-4.32137112E-03,-10035814.1
6.8,-138075.532,29636356.9,-2.256478139E-03,-4556663.04
6.81,116809.656,29632283.8,-2.432531978E-03,-6833863.8
6.82,-287058.207,29628248.5,-1.084698398E-03,-2977995.43
6.83,-722810.422,29624219.1,3.811461656E-04,2167305.33
6.84,-905178.083,29620192.5,1.315680274E-03,5983518.93
6.85,-1128698.52,29616097.9,2.248951585E-03,10655753.4
6.86,-797350.566,29611889.1,2.010456926E-03,10247254.2
6.87,-691321.763,29607576.5,2.010561597E-03,11193940.8
6.88,-456833.144,29603223.2,1.712887298E-03,10440101.9
6.89,-440904.738,29598870.1,1.699532753E-03,11235263.5
6.9,-173329.051,29594541.4,1.343841683E-03,9368616.53
6.91,229728.533,29590271.6,8.409283691E-04,5418447.94
6.92,-320974.29,29586037.1,1.402867652E-03,9942940.06
6.93,-507498.348,29581808.8,1.637235902E-03,12161715.7
6.94,-589504.441,29577611.4,1.792696009E-03,13860759.7
6.95,-157118.831,29573478.8,1.645237314E-03,10493180.9
6.96,-859527.306,29569382.2,2.114360336E-03,17360541.6
6.97,-747246.052,29565334.5,2.214407003E-03,17720331.8
6.98,-808130.886,29561359.7,2.379961621E-03,19586194.4
6.99,-400979.61,29557464,2.580922308E-03,16721719.6
7,-99229.9206,29553707.6,2.934386905E-03,13834206.5
7.01,276660.219,29550074.5,3.456658781E-03,9326415.09
7.02,-320305.3,29546444.9,3.660837824E-03,13621584.4
7.03,-698649.604,29542783.4,3.713799193E-03,17215474.1
7.04,-652833.643,29539202.3,3.882463491E-03,17591289.5
7.05,-297154.273,29535700.9,4.385846798E-03,14665229.1
7.06,-693134.93,29532191.1,4.293155931E-03,18307221.2
7.07,-434355.761,29528729.3,4.788047908E-03,16322607.8
7.08,-361805.461,29525332.6,5.164993011E-03,15601151.9
7.09,-597620.918,29521888.2,5.135615311E-03,17685293.2
7.1,-565734.823,29518466.8,5.371215094E-03,17686832.4
7.11,-296998.203,29515090.9,6.039586122E-03,15233164.4
7.12,-372042.61,29511688.8,6.239651695E-03,15495709.7
7.13,-603858.209,29508226.9,6.036179804E-03,17491413.1
7.14,-417907.034,29504789.5,6.520749058E-03,15910204.6
7.15,-290062.588,29501355.6,6.997132234E-03,14439915.8
7.16,-553288.157,29497836.4,6.619312601E-03,16521153.3
7.17,-333156.282,29494321.4,7.202792293E-03,14429383.4
7.18,-331611.416,29490791,7.350088255E-03,14013672
7.19,-76628.4372,29487228.6,8.1740127E-03,10999531.5
7.2,-351124.207,29483590.2,7.646811744E-03,12702400.1
7.21,430779.209,29479988.8,9.898629588E-03,4491697.47
7.22,-42304.6298,29476275,8.953942347E-03,6998259.22
7.23,258782.783,29472468.6,9.875755494E-03,2876362.33
7.24,350567.907,29468676.5,1.021287824E-02,311720.022
7.25,273219.994,29464756.6,9.984008267E-03,-801039.99
7.26,487709.83,29460819.1,1.048300138E-02,-4514151.12
7.27,733426.694,29456827,1.113481741E-02,-8959729.7
7.28,654479.475,29452725.5,1.076369666E-02,-10674004.2
7.29,750951.913,29448551.2,1.074467087E-02,-13802402
7.3,768504.201,29444337.1,1.035957522E-02,-16192823.3
7.31,589570.314,29440079.4,9.16179861E-03,-16513772.9
7.32,374426.952,29435839.4,7.552014468E-03,-15839799.8
7.33,278370.957,29431654.1,6.109144583E-03,-15639648.5
7.34,394301.688,29427493.5,5.353133387E-03,-17182649.5
7.35,516903.57,29423288.9,4.782191525E-03,-18971237.8
7.36,287156.31,29419039.1,3.110480244E-03,-17430320.3
7.37,17074.931,29414795.3,1.14042091E-03,-14784101.7
7.38,671331.116,29410491.5,2.328208805E-03,-20601214
7.39,118786.416,29406167.5,-1.319775302E-04,-15878603.6
7.4,65871.7822,29401865.3,-1.167079062E-03,-14787662.7
7.41,-373560.817,29397581.8,-3.55349517E-03,-9482768.66
7.42,-207262.206,29393301.3,-3.978696646E-03,-9186655.1
7.43,-530411.182,29389003.4,-5.780636653E-03,-4350787.24
7.44,-416804.653,29384693,-6.093382807E-03,-3175116.44
7.45,-563464.422,29380359.2,-7.009620248E-03,334625.235
7.46,-67789.428,29376014.3,-5.663937673E-03,-2356744.43
7.47,-36527.3614,29371741.4,-5.351952562E-03,-1688128.35
7.48,-144630.132,29367641.6,-5.368551871E-03,155924.186
7.49,101834.389,29363629.2,-4.304521209E-03,-1298934.83
7.5,366655.236,29359755.9,-3.005063789E-03,-3625446.52
7.51,182661.618,29356084.4,-2.927675964E-03,-2212972.24
7.52,693748.015,29352552.2,-9.33628863E-04,-7351110.28
7.53,324015.702,29349205.9,-1.310501344E-03,-4922595.41
7.54,153705.649,29346033.1,-1.397588115E-03,-3648900.72
7.55,39358.753,29342985.6,-1.507620909E-03,-2413246.18
7.56,358203.47,29340080.7,-5.224888774E-04,-5288797.92
7.57,560532.875,29337327.9,2.977449602E-04,-7821763.02
7.58,197478.276,29334756.2,-2.490452496E-04,-5236326.61
7.59,478786.01,29332298.6,5.610284489E-04,-8172082.28
7.6,433396.122,29329962.2,6.741974248E-04,-8473037.78
7.61,478299.389,29327750.5,9.504862805E-04,-9621718.11
7.62,109924.157,29325655.5,3.223308468E-04,-6664119.94
7.63,184387.734,29323660.2,4.680503604E-04,-7208214.4
7.64,-337461.761,29321774.2,-5.025069182E-04,-1894830.85
7.65,34026.3741,29319951.5,5.172883305E-05,-4279382.18
7.66,-206087.163,29318184.7,-3.159526944E-04,-1412298.79
7.67,299731.23,29316465,4.834879303E-04,-5549506.32
7.68,87314.3909,29314802.6,3.200383972E-04,-3702044.4
7.69,566003.34,29313194.8,1.047597463E-03,-8354606.42
7.7,547903.954,29311632.1,1.193543128E-03,-9149743.26
7.71,146122.748,29310157.6,9.144053914E-04,-6115049.25
7.72,710629.06,29308693,1.522358941E-03,-11680978.8
7.73,47308.1159,29307316.3,1.128080513E-03,-6296989.82
7.74,434655.224,29305996.5,1.475188898E-03,-9860302.73
7.75,549102.305,29304709,1.644076605E-03,-11502273.4
7.76,454044.147,29303512.2,1.713045864E-03,-11431755.9
7.77,340679.16,29302377.8,1.810447615E-03,-10855336.4
7.78,211500.768,29301322.7,1.9515469E-03,-9779242.72
7.79,232234.839,29300338.5,2.131482069E-03,-9853199.24
7.8,366377.039,29299416.1,2.28679821E-03,-11094876.1
7.81,-237839.097,29298615.2,2.660655443E-03,-5259935.83
7.82,208933.988,29297861.3,2.736416167E-03,-8444655.26
7.83,-34999.2678,29297176.6,3.064479716E-03,-5754624.2
7.84,-202365.326,29296613.2,3.394605973E-03,-3345809.87
7.85,-180834.143,29296101.2,3.613076709E-03,-2342783.78
7.86,139387.187,29295653.6,3.441206299E-03,-4448328.41
7.87,99103.1831,29295319.5,3.47115272E-03,-3804110.85
7.88,325513.377,29295106.3,3.120265322E-03,-5796061.42
7.89,-168513.833,29295040.7,3.697193687E-03,-1113027.49
7.9,91193.5416,29295083.6,3.345967805E-03,-2804347.89
7.91,-425386.104,29295260.1,4.167198391E-03,2684313.1
7.92,-449629.812,29295572.3,4.348374353E-03,4406155.19
7.93,-531978.941,29295981.8,4.608729166E-03,6802013.25
7.94,-67491.7893,29296517.9,3.660629891E-03,3773979.54
7.95,-150097.721,29297236.4,3.488350708E-03,4993372.22
7.96,-188468.549,29298153.2,3.215358095E-03,5849020.78
7.97,-295218.013,29299225,3.137727482E-03,7486392.35
7.98,-63466.1554,29300456.3,2.275671946E-03,5914353.22
7.99,-241482.583,29301861.8,2.26848325E-03,7810235.56
8,-294373.68,29303436.3,2.057834409E-03,8804193.81
8.01,62212.7998,29305179.1,7.913205608E-04,5807609.69
8.02,-110958.908,29307102,7.118654503E-04,7150580.73
8.03,230638.173,29309201,-6.643090156E-04,3680683.87
8.04,-583679.572,29311437.1,1.10222314E-03,10979919.3
8.05,-265581.848,29313807.9,2.288657993E-04,8882267.76
8.06,60937.515,29316352.3,-8.868331297E-04,5978855.03
8.07,267714.481,29319051,-1.945702306E-03,3277999
8.08,162705.441,29321889.4,-2.152788115E-03,3185599
8.09,489470.397,29324855.2,-3.478817744E-03,-958653.592
8.1,1092181.75,29327954.3,-5.768485165E-03,-8650401.76
8.11,652380.784,29331083.5,-5.179693286E-03,-7398750.89
8.12,332431.003,29334250.9,-4.426123496E-03,-6170859.31
8.13,672214.119,29337561.2,-5.254732572E-03,-10552473.5
8.14,-4279.84753,29340971.8,-3.165569323E-03,-5531523.9
8.15,204184.411,29344515.5,-3.235650509E-03,-7659191.45
8.16,69709.1462,29348176,-2.395664448E-03,-6683205.18
8.17,-364477.971,29351923.2,-6.456696348E-04,-2401458.31
8.18,-77588.1579,29355753.7,-7.727947264E-04,-4161864.18
8.19,-578701.177,29359633.9,1.09773798E-03,1314413.04
8.2,-291401.757,29363548.1,9.055702809E-04,75332.2326
8.21,-512791.927,29367476.2,1.863448476E-03,3297767.55
8.22,-760316.92,29371433.3,2.881249385E-03,7225247.04
8.23,-711760.954,29375397.4,3.14056358E-03,8828137.36
8.24,-74893.5678,29379373.3,1.71643338E-03,4329604.3
8.25,460937.416,29383436,1.469294842E-04,-868297.274
8.26,776949.251,29387637.2,-1.128952687E-03,-5314209.3
8.27,1365332.54,29391933.4,-3.0884738E-03,-13276563.7
8.28,1294535.79,29396263,-3.612431433E-03,-16045770.6
8.29,909068.32,29400589.5,-3.237352568E-03,-15416937.8
8.3,779005.763,29404982.8,-3.110370602E-03,-16188984.2
8.31,541833.263,29409527.2,-2.641364362E-03,-15418781.8
8.32,196025.384,29414259.5,-1.87408253E-03,-12878961.6
8.33,280784.503,29419160.5,-1.820458009E-03,-13675933.9
8.34,290939.774,29424182.7,-1.706268023E-03,-13853057.7
8.35,169169.452,29429307.6,-1.440512844E-03,-12711523
8.36,656837.437,29434467.2,-2.111182089E-03,-17307605
8.37,556685.88,29439676.3,-2.074614978E-03,-17169855
8.38,825452.855,29444928.9,-2.516488648E-03,-20482769.9
8.39,891337.123,29450204.5,-2.758593336E-03,-22297245.1
8.4,761280.716,29455561.5,-2.822383537E-03,-22276402.3
8.41,339447.666,29461031.5,-2.658647659E-03,-18881594.8
8.42,753902.813,29466541.1,-3.168856982E-03,-22718243.2
8.43,350509.704,29472150.2,-3.184198984E-03,-19301338.4
8.44,445752.126,29477850.4,-3.513747905E-03,-19898720.9
8.45,605235.177,29483540.5,-3.882991938E-03,-21236669.3
8.46,395743.008,29489342.7,-4.167655998E-03,-19297749.6
8.47,-160329.641,29495286.6,-4.509426246E-03,-13310356.6
8.48,347661.27,29501186,-4.915246894E-03,-16541769.5
8.49,-94705.9491,29507161.3,-5.382871379E-03,-11497378.7
8.5,69930.8792,29513208.9,-5.729432023E-03,-11560561.8
8.51,76556.5025,29519235,-6.075941474E-03,-10374455.3
8.52,215317.696,29525343.3,-6.265000701E-03,-10654891.1
8.53,242301.467,29531509.9,-6.432952178E-03,-10187464.3
8.54,-138563.854,29537832.2,-6.936841388E-03,-5757917.31
8.55,526944.806,29544121.8,-6.418780009E-03,-10909841.3
8.56,408772.663,29550530.6,-6.463667703E-03,-9898026.68
8.57,267334.218,29557132.1,-6.551099367E-03,-8511967.62
8.58,-179397.588,29563830.2,-7.217423726E-03,-3643349.03
8.59,-83736.463,29570573.7,-7.222983793E-03,-3147955.23
8.6,-333418.259,29577381.3,-7.729194098E-03,535871.138
8.61,-68496.5062,29584253.8,-7.28299768E-03,-454906.344
8.62,-146133.591,29591208.8,-7.268313049E-03,1277617.96
8.63,-108725.133,29598282.9,-6.948581765E-03,1904476.62
8.64,-62126.6457,29605428.2,-6.517298027E-03,2299369.21
8.65,224579.709,29612659.5,-5.378239446E-03,61858.3723
8.66,162763.5,29619999.8,-4.872276379E-03,520611.935
8.67,144453.667,29627430.3,-4.301062769E-03,612189.781
8.68,270849.158,29634902.8,-3.375689649E-03,-715963.627
8.69,574313.41,29642426.9,-1.83995745E-03,-4196273.67
8.7,421636.625,29650010.8,-1.481362627E-03,-3906822.24
8.71,329882.54,29657620.6,-1.179596508E-03,-3864752.05
8.72,13519.4294,29665237.2,-1.826830865E-03,-1283334.11
8.73,-47012.2793,29672859.8,-1.985425421E-03,-482758.124
8.74,-369687.356,29680485.2,-3.11935208E-03,3116812.91
8.75,-548862.207,29688099.3,-4.0130479E-03,6039396.74
8.76,-753393.88,29695672.7,-5.086196321E-03,9657397.26
8.77,-602928.191,29703183.7,-4.906271201E-03,10143768.8
8.78,-1007458.22,29710632.9,-6.453239722E-03,15741186.3
8.79,-909227.354,29718004,-6.326652643E-03,17179408
8.8,-479502.593,29725314.8,-4.669818899E-03,14984587.4
8.81,-926270.211,29732601.7,-5.76139131E-03,20317236
8.82,-1045659.07,29739833,-5.92549636E-03,23349462
8.83,-670762.756,29747026.6,-4.209043723E-03,21685664.7
8.84,-808166.073,29754199.1,-3.997542414E-03,24028994
8.85,-353519.185,29761416.1,-1.51023204E-03,20599669.4
8.86,-1012814.38,29768602.8,-3.010632662E-03,27143209.3
8.87,-852258.889,29775731.8,-1.910215098E-03,26945515.6
8.88,-675361.452,29782893.7,-6.343354895E-04,26183116
8.89,-865700.402,29790000.4,-5.928716407E-04,28441764.3
8.9,-537130.145,29797159,1.285378179E-03,25877903.3
8.91,-466700.172,29804350.6,2.392867263E-03,25013767.4
8.92,-196728.501,29811555.7,4.276636439E-03,21828757.7
8.93,-498399.24,29818693.1,4.03344965E-03,23677650.7
8.94,-438657.387,29825759,4.76491637E-03,22600728.8
8.95,-969184.126,29832707,3.146980826E-03,27331263.4
8.96,-207740.49,29839726.3,5.892543967E-03,20358044.1
8.97,-433539.512,29846705.7,5.517614805E-03,21404758.7
8.98,-479239.821,29853501.5,5.580077634E-03,21063984.9
8.99,-654818.578,29860264.9,4.993648611E-03,22267381.5
9,-634786.667,29866931.1,4.917895732E-03,21920254.9
9.01,-59613.4836,29873656.8,6.774258443E-03,15966232.8
9.02,6909.27558,29880250.6,7.250458994E-03,13652567.8
9.03,162910.845,29886679.3,7.983334486E-03,10258321.1
9.04,308287.719,29892993.1,8.623723321E-03,6702613.54
9.05,836799.025,29899202.9,1.046011576E-02,-996360.633
9.06,707368.067,29905151.3,1.035535949E-02,-3306378.83
9.07,478725.979,29910821.9,9.66185181E-03,-4177562.55
9.08,175161.03,29916408.1,8.403886497E-03,-3473099.59
9.09,489878.427,29922028,8.708506443E-03,-8040102.32
9.1,185586.361,29927549.2,7.343838662E-03,-7021436.16
9.11,-19842.8291,29932960.7,6.079688229E-03,-6126738.74
9.12,95648.2648,29938377,5.584932165E-03,-7709777
9.13,-742149.106,29943678.8,2.639731736E-03,98700.7701
9.14,-323397.842,29948979.7,2.650971139E-03,-2508255.67
9.15,-106358.892,29954156.9,2.458090377E-03,-3973815.67
9.16,-369401.288,29959106.4,1.324267724E-03,-1253329.8
9.17,-238262.433,29963913.4,1.089798782E-03,-1728383.37
9.18,-117593.871,29968583.5,9.556286068E-04,-2344250.24
9.19,83322.762,29973122.3,1.125793081E-03,-4088286.98
9.2,413838.78,29977543.5,1.697389511E-03,-7602262.24
9.21,-86177.814,29981875.2,6.527855976E-04,-3581665.2
9.22,100473.037,29986159.2,8.211603828E-04,-5153620.31
9.23,266397.57,29990404.9,1.011063382E-03,-6865629.34
9.24,196466.684,29994623.4,8.280930198E-04,-6678387.92
9.25,77160.5516,29998830.7,5.257786062E-04,-5765168.83
9.26,229906.057,30003035,6.698164281E-04,-7219990.27
9.27,167320.292,30007247,4.921006641E-04,-6866383.93
9.28,531448.01,30011458.2,1.021374024E-03,-10634578.4
9.29,-64932.5831,30015700.8,8.025978083E-05,-5618669.18
9.3,-11829.5808,30019978,-6.723397978E-06,-5622079.51
9.31,399427.526,30024246.1,4.708978055E-04,-9227770.51
9.32,79116.3034,30028552.6,-4.406317362E-06,-6595293.73
9.33,219472.642,30032873.8,1.072030262E-04,-7780153.07
9.34,480593.494,30037183.9,4.201641804E-04,-10432901.7
9.35,289399.443,30041524.5,1.877989464E-04,-9243431.39
9.36,433335.037,30045868.2,3.440970049E-04,-10909564.5
9.37,620285.223,30050198.7,5.771032359E-04,-13292482.4
9.38,80591.9704,30054574.1,-6.805337629E-05,-8858186.25
9.39,217637.566,30058948.9,-2.143999549E-05,-9811597.91
9.4,694935.407,30063269.6,4.608147406E-04,-14427633.9
9.41,371544.181,30067614.9,1.298167462E-04,-12268911.7
9.42,167943.794,30071969.1,-1.433436899E-04,-10479647.6
9.43,128208.797,30076292.7,-2.898183125E-04,-9700050.32
9.44,25679.7574,30080604,-4.987563525E-04,-8197398.97
9.45,-103631.558,30084889.7,-7.365671304E-04,-6175825.62
9.46,-226872.623,30089134.3,-9.706604615E-04,-3886902.02
9.47,169410.264,30093284.3,-6.767707E-04,-6524719.73
9.48,120669.189,30097392.7,-7.156400629E-04,-5732313.07
9.49,174239.671,30101478.5,-6.466059062E-04,-5924752.15
9.5,526649.543,30105488.4,-2.858745858E-04,-9223410.3
9.51,234164.96,30109498.1,-4.507019455E-04,-6974561.91
9.52,-402348.166,30113515.3,-9.793763979E-04,-566426.263
9.53,-244953.362,30117437.3,-9.287364194E-04,-464548.618
9.54,-515467.515,30121297.1,-1.194665424E-03,3513411.36
9.55,-849094.785,30125119.9,-1.521918769E-03,8658801.46
9.56,-556667.17,30128822.5,-1.367965694E-03,8333475.86
9.57,-408585.711,30132461.4,-1.246835194E-03,8606940.84
9.58,-17296.7014,30136106,-8.889147344E-04,5886145.19
9.59,-197896.654,30139795.9,-8.914801681E-04,7840407.51
9.6,-112968.589,30143487.5,-7.2940407E-04,7473549.1
9.61,-241952.06,30147152.3,-7.159172863E-04,9023313.35
9.62,-192777.751,30150792.3,-6.022340231E-04,9000403.98
9.63,-257482.991,30154410.6,-5.639628949E-04,9950587.05
9.64,225417.77,30158032.1,-1.877787072E-04,5476808.38
9.65,11362.877,30161659.9,-1.969892206E-04,6734639.97
9.66,11742.0131,30165263.7,-1.134152135E-04,6286783.27
9.67,-100411.612,30168834.4,-1.131425563E-04,7021054.98
9.68,-189539.927,30172362.4,-1.204103418E-04,7751711.17
9.69,-100576.557,30175864.2,-4.683954162E-05,6912381.61
9.7,-30458.1037,30179337.2,2.141998883E-05,6011056.31
9.71,225015.167,30182783.9,1.861291386E-04,3037760.82
9.72,304863.986,30186187,2.795330758E-04,1182941.62
9.73,199508.985,30189515.2,2.814069799E-04,981928.174
9.74,-61091.1986,30192765.5,1.906576995E-04,2657404.06
9.75,-84109.4474,30195964.9,1.755765822E-04,2655438.55
9.76,-348528.812,30199107.6,5.203920458E-05,5172800.26
9.77,-525400.341,30202188.1,-5.256101229E-05,7469036.9
9.78,-1096050.7,30205190.8,-3.236930417E-04,14193677.7
9.79,-905985.998,30208118.4,-3.252279266E-04,14684514.7
9.8,-751316.561,30210950.9,-3.087065324E-04,15030384.6
9.81,-488317.603,30213694.3,-2.191798857E-04,13737937.3
9.82,-501768.726,30216382.4,-1.979917294E-04,14498164.7
9.83,-434136.912,30219016.1,-1.393837474E-04,14401635.7
9.84,-233757.826,30221619.7,-2.301365298E-05,12771049.2
9.85,-205321.861,30224182.7,5.368709171E-05,12294535.1
9.86,-418520.878,30226683.6,5.071730624E-05,14120267.7
9.87,-361307.38,30229150.1,1.2450741E-04,13758224
9.88,54405.003,30231634.3,3.301298356E-04,9640845.13
9.89,26815.4177,30234089.9,4.193602876E-04,8866055.68
9.9,203490.543,30236519.8,5.760643935E-04,6075836.81
9.91,-129270.074,30238891.9,5.546311807E-04,8020021.5
9.92,-433569.024,30241201,5.000678562E-04,10519702.9
9.93,-161354.888,30243557.6,6.219253995E-04,8078025.95
9.94,-17072.3341,30245912.6,7.234289838E-04,6231815.06
9.95,231616.4,30248239.1,8.836621528E-04,2931717.43
9.96,141088.538,30250509.2,9.235256099E-04,2464376.14
9.97,153195.839,30252723.5,9.810470191E-04,1233198.25
9.98,-196040.555,30254885.9,8.603124943E-04,3693589.11
9.99,67994.0316,30257047.8,9.597224244E-04,922101.114
10,518459.042,30259207.9,1.176174895E-03,-4300404.46
10.01,280871.56,30261247.4,1.111029924E-03,-3762779.6
10.02,11558.1014,30263203.7,9.697604988E-04,-2233524.02
10.03,250526.04,30265159.4,1.030913247E-03,-4971027.21
10.04,-43166.5633,30267066.1,8.234516963E-04,-2900932.63
10.05,274549.029,30268930.4,9.114113907E-04,-6207347.24
10.06,-89057.9184,30270731.7,6.363466005E-04,-3348811.62
10.07,28468.264,30272480.1,5.902594858E-04,-4407458.17
10.08,-149460.535,30274181.4,3.692873132E-04,-2663947.07
10.09,-171774.274,30275822.7,2.24899926E-04,-2048565.5
10.1,448655.444,30277394.9,5.2352886E-04,-7759455.54
10.11,935600.198,30278863.6,8.668797252E-04,-13689425.6
10.12,720688.016,30280228.9,7.939807278E-04,-13810046.6
10.13,1059717.97,30281493.6,1.050770965E-03,-18834236.2
10.14,734999.771,30282692.2,8.246632788E-04,-17877906.7
10.15,566488.821,30283876.5,6.141985588E-04,-17617855.9
10.16,663387.723,30285054.6,5.430468666E-04,-19403477.5
10.17,324544.279,30286254.3,1.214810913E-04,-16979714.6
10.18,465529.722,30287447.5,2.149819571E-05,-18441174.9
10.19,303864.947,30288618.3,-3.050781167E-04,-17086665.5
10.2,893397.815,30289701.8,4.577488161E-06,-22845650.3
10.21,883331.022,30290693.1,-7.155092585E-05,-23965060.2
10.22,918143.104,30291642.7,-1.080286261E-04,-25503452
10.23,1189437.2,30292482.2,5.752235622E-05,-29332926.1
10.24,903236.857,30293320.2,-2.415988878E-04,-28161253.5
10.25,1145470.8,30294106.6,-1.331075905E-04,-31481145.8
10.26,582019.037,30294936.9,-7.40479684E-04,-27152760
10.27,584878.013,30295811.6,-9.433394424E-04,-27041060.7
10.28,-64790.1517,30296751.1,-1.754143533E-03,-20210613.7
10.29,-312133.105,30297753.9,-2.287255068E-03,-15791741.9
10.3,-203268.738,30298577.8,-2.478961189E-03,-14237450
10.31,129602.314,30299220.9,-2.346742425E-03,-15289302.9
10.32,251590.177,30299762.6,-2.265252786E-03,-15144354.1
10.33,-72806.9133,30300349.8,-2.526359673E-03,-10892275.4
10.34,-246657.104,30300898.1,-2.682818521E-03,-7359218.59
10.35,457608.005,30301231.1,-2.029556666E-03,-12233659
10.36,434491.376,30301608,-1.859521185E-03,-11694572.9
10.37,-27993.5607,30302170.6,-2.070519775E-03,-6840902.76
10.38,-31730.9439,30302667.3,-1.968825676E-03,-5397098.08
10.39,-53852.0675,30303119,-1.8732949E-03,-3805963.55
10.4,-175568.356,30303604.6,-1.844857679E-03,-1304232.11
10.41,-292649.18,30304108,-1.818523601E-03,1370334.58
10.42,-318964.743,30304607.7,-1.723957555E-03,3331338.41
10.43,-331778.035,30305115.7,-1.609237205E-03,5102092.21
10.44,307596.681,30305616.3,-9.977633399E-04,222900.211
10.45,457729.075,30306245.6,-6.645744163E-04,-1480800.99
10.46,463437.801,30307013.4,-4.355290591E-04,-2269523.44
10.47,381323.669,30307797.5,-3.01020925E-04,-2191167.76
10.48,203094.696,30308569.2,-2.665771076E-04,-977758.132
10.49,25948.5775,30309307.3,-2.707568923E-04,644985.009
10.5,389918.709,30310000.5,-4.959636247E-06,-2746461.38
10.51,-36771.0389,30310692.8,-1.388268446E-04,840369.684
10.52,-244100.289,30311354.3,-1.979677412E-04,3221602.23
10.53,171591.125,30311935.7,-2.289275313E-06,-73481.9285
10.54,601011.724,30312471.4,1.999529613E-04,-4636016.55
10.55,230844.174,30312974.4,1.175211871E-04,-2340825.74
10.56,463632.291,30313388.1,2.074238787E-04,-5151935.62
10.57,297486.434,30313701.3,1.847333938E-04,-4456752.52
10.58,-217572.178,30313925.4,9.200488617E-05,103385.492
10.59,-490028.188,30314050,6.430313974E-05,3593362.85
10.6,-643918.33,30314060.6,6.869457064E-05,6597532.99
10.61,-217883.671,30313926.8,1.156396276E-04,4096159.83
10.62,54728.8292,30313667.9,1.152236855E-04,1992489.55
10.63,163903.424,30313314.4,8.302541996E-05,735729.684
10.64,635626.123,30312856.9,4.845815154E-06,-4440237.64
10.65,857001.847,30312287.7,-9.487015664E-05,-8288740.19
10.66,344983.477,30311578.8,-8.380037537E-05,-5347909.51
10.67,260500.6,30310734.5,-7.722334548E-05,-5323359.96
10.68,-188393.586,30309800.2,5.814109897E-05,-1311528.38
10.69,-228658.478,30308792.3,1.37638624E-04,-291626.833
10.7,-88710.0521,30307693.3,1.576059501E-04,-925522.602
10.71,-203214.274,30306496.4,2.389425803E-04,589336.715
10.72,-335170.416,30305204,3.360104348E-04,2548969.9
10.73,-467319.03,30303813.5,4.463033553E-04,4856083.87
10.74,-190579.946,30302319.6,3.612517046E-04,3358285.89
10.75,-152702.111,30300738.5,3.318406685E-04,3516322.49
10.76,395093.325,30299091,2.683805204E-06,-1620920.47
10.77,329476.44,30297393.6,-7.285941676E-05,-1980408.54
10.78,357306.321,30295635.2,-1.789572332E-04,-3169262.36
10.79,398457.222,30293811.2,-2.70657617E-04,-4477019.86
10.8,717379.959,30291932.8,-5.208409222E-04,-8672894.85
10.81,598994.621,30289997.7,-5.299688973E-04,-9246627.82
10.82,409150.079,30288013,-4.514120459E-04,-8773171.92
10.83,622518.18,30285995.8,-5.732350344E-04,-11752660
10.84,340935.812,30283958.8,-4.090658415E-04,-10236414.8
10.85,41320.5151,30281921.3,-1.944301269E-04,-7798637.44
10.86,8210.31644,30279886.2,-1.073482822E-04,-7160670.4
10.87,4509.80222,30277835.6,-5.46636736E-05,-6699337.15
10.88,-440002.72,30275768.6,2.200617339E-04,-1803488.52
10.89,-260670.8,30273647.7,1.7226728E-04,-2033312.41
10.9,-216729.258,30271448.2,1.530478721E-04,-1325220.56
10.91,-167565.379,30269190.5,1.053206489E-04,-876581.113
10.92,-169203.885,30266876.3,6.553945129E-05,-47704.7368
10.93,294610.641,30264501.5,-1.629556845E-04,-3923450.22
10.94,-131084.973,30262118.3,-8.233573634E-05,-67352.1506
10.95,101541.937,30259705.4,-1.989631917E-04,-1811447.33
10.96,-602380.091,30257273.4,-7.463182535E-05,5333167.77
10.97,-775914.033,30254811.8,-8.570787358E-05,8819337.02
10.98,-484812.032,30252269.9,-1.686416006E-04,8123619.64
10.99,-72782.1142,30249707.4,-2.142374384E-04,5322169.38
11,-297467.31,30247186.7,-1.849636526E-04,7749727.19
11.01,-47633.3603,30244688.1,-1.329795693E-04,5909922.13
11.02,-37771.9274,30242198.4,-5.75122277E-05,5851551.67
11.03,32510.2541,30239722,5.475414083E-05,5050227.11
11.04,277448.358,30237257.3,2.419645469E-04,2308375.73
11.05,300133.479,30234800.4,4.11350597E-04,1140141.66
11.06,-174198.212,30232316.8,3.633126489E-04,4878370.77
11.07,459293.056,30229829.4,7.488606292E-04,-1280490.42
11.08,338741.776,30227331.3,8.525482515E-04,-1426090.53
11.09,87861.1764,30224788.4,8.239324341E-04,-60825.0808
11.1,-136.380385,30222221.2,7.921713959E-04,428066.797
11.11,147803.742,30219630.9,9.073462058E-04,-1204702.62
11.12,-207947.915,30216995.9,6.0004696E-04,1846052.45
11.13,532326.147,30214324.8,1.255363038E-03,-5208277.58
11.14,438446.24,30211584.2,1.286491848E-03,-5686160.25
11.15,416840.654,30208748.7,1.348626339E-03,-6730265.28
11.16,312262.606,30205833.5,1.225482089E-03,-6726986.22
11.17,276642.174,30202845,1.101695522E-03,-7112559.59
11.18,40594.0279,30199790.3,6.398968734E-04,-5328093.44
11.19,-188792.849,30196674.4,4.978565187E-05,-2969021.11
11.2,-125802.804,30193488.2,-2.007414458E-04,-2906427.17
11.21,133392.579,30190199.5,-6.345030544E-05,-4957716.78
11.22,218057.335,30186800.4,-4.377795576E-05,-5928788.38
11.23,310046.83,30183295.8,4.970661694E-05,-7182734.37
11.24,-59218.5724,30179704.4,-6.72539773E-04,-3990309.1
11.25,255546.488,30176021.2,-3.100353525E-04,-6707271.71
11.26,-68152.0854,30172261.3,-1.026296947E-03,-3744989.11
11.27,52067.6813,30168429.9,-1.003314092E-03,-4481149.85
11.28,-392313.946,30164534.4,-2.08830183E-03,231164.085
11.29,-515757.053,30160580.5,-2.706102697E-03,2786208.79
11.3,-114487.788,30156523.7,-2.183390344E-03,423125.527
11.31,-29832.5453,30152406.9,-2.015089589E-03,138521.951
11.32,265489.336,30148255.1,-1.237133293E-03,-2561025.8
11.33,-232540.405,30144089.3,-2.133824581E-03,1972462.19
11.34,369153.025,30139877.7,-7.24577604E-04,-3319667.88
11.35,187489.324,30135647.2,-8.482869287E-04,-2205872.73
11.36,59468.5629,30131417.6,-9.525784616E-04,-1303055.79
11.37,27640.8266,30127167.2,-9.625487412E-04,-945816.388
11.38,229118.983,30122910,-4.068793787E-04,-2874399.93
11.39,574490.037,30118648.9,6.534729338E-04,-6771648.52
11.4,317269.156,30114397.1,3.457862602E-04,-5505966.54
11.41,357378.118,30110139.8,5.763679745E-04,-6558502.37
11.42,-29500.5291,30105888.8,-3.8326468E-04,-3331165.29
11.43,-223541.859,30101656.4,-1.112928678E-03,-1074557.04
11.44,269436.37,30097412.5,-1.132873694E-04,-5165821.55
11.45,116152.429,30093166.6,-4.838378222E-04,-4043379.68
11.46,-43670.4248,30088924,-9.512448763E-04,-2526500.43
11.47,556392.52,30084648.1,5.413868705E-04,-8148862.54
11.48,275063.996,30080368.4,1.343252128E-05,-6442440.89
11.49,-75512.5646,30076093.1,-9.171013664E-04,-3382234.79
11.5,125505.007,30071793.3,-6.096683545E-04,-4847907.79
11.51,-31468.8127,30067487.2,-1.143128328E-03,-3227620.17
11.52,396943.909,30063156.4,-1.056241356E-04,-7140834.2
11.53,-497659.352,30058839.4,-2.475141687E-03,1194559.82
11.54,-91970.9247,30054500.9,-1.783149462E-03,-1323400.06
11.55,-565585.263,30050135.8,-3.253388102E-03,4083986.26
11.56,-640638.08,30045758.6,-3.799850144E-03,6499498.14
11.57,-327103.965,30041317.2,-3.233297211E-03,5258631.47
11.58,-798827.676,30036871.7,-4.513715393E-03,10981287.9
11.59,-927708.664,30032396.3,-5.04517835E-03,14343883.8
11.6,-505417.001,30027872.2,-4.039812153E-03,12486233.3
11.61,-292638.978,30023374.3,-3.201373314E-03,11500671.6
11.62,-370725.265,30018950.3,-2.944541657E-03,12741069.3
11.63,-361471.596,30014572.6,-2.494590384E-03,13241607
11.64,17516.231,30010244.2,-1.041561303E-03,9947269.2
11.65,-381785.981,30005951.1,-1.475581124E-03,13418115.8
11.66,-619392.369,30001655.8,-1.757314889E-03,16178940.7
11.67,-704818.165,29997369.5,-1.818443879E-03,18033102.7
11.68,-484674.204,29993114.6,-1.086651819E-03,16927440.8
11.69,-353403.501,29988921.8,-4.201109764E-04,16060653.2
11.7,-301702.849,29984784.5,1.280934368E-04,15557883.8
11.71,359784.596,29980759.1,2.264522869E-03,8756093.7
11.72,123825.394,29976748.6,2.402453051E-03,9258974.01
11.73,-105150.401,29972673.5,2.31933291E-03,10221266.6
11.74,-235306.641,29968596.2,2.218864954E-03,10882762.8
11.75,-822297.67,29964459,8.306034707E-04,16452391
11.76,-607206.527,29960361.9,1.100156781E-03,15440269.1
11.77,-542762.206,29956290.6,1.141851622E-03,15418693.7
11.78,-264422.094,29952204.4,1.801575595E-03,12965469.9
11.79,265983.299,29948161.8,3.224653069E-03,7281338.72
11.8,34267.8481,29944030.4,3.075891702E-03,7879247.55
11.81,378462.76,29939855.5,4.087231171E-03,3285254.53
11.82,473116.981,29935638.9,4.581454629E-03,451074.285
11.83,303057.032,29931291.2,4.423843239E-03,29334.2157
11.84,-158333.16,29926858.3,3.405635131E-03,3081587.24
11.85,-179340.769,29922442.1,3.075707807E-03,2985742.57
11.86,115944.476,29918066.4,3.415110854E-03,-141202.351
11.87,-750.020937,29913613.9,3.007745546E-03,130493.371
11.88,122661.952,29909103.9,3.058593605E-03,-1672922.61
11.89,-64739.1258,29904537.4,2.485315443E-03,-554048.398
11.9,-25000.4402,29899928.9,2.300564043E-03,-1206459.76
11.91,-236484.691,29895283.5,1.614895622E-03,658341.046
11.92,-335018.399,29890601.8,1.089126601E-03,1947574.67
11.93,-328875.794,29885896,7.59680267E-04,2501404.63
11.94,222513.134,29881154.2,1.549477348E-03,-2427636.97
11.95,505711.965,29876353.1,2.080440263E-03,-6047230.17
11.96,881316.104,29871486.4,2.894534087E-03,-11322470.2
11.97,922688.991,29866548.8,3.168824737E-03,-14084276.6
11.98,875058.029,29861550,3.211199682E-03,-15969318.1
11.99,587985.075,29856546.6,2.71042796E-03,-15173394.3
12,912552.936,29851584.1,3.113530818E-03,-19661809.9
12.01,572521.773,29846668.2,2.431892572E-03,-18151484.5
12.02,659536.364,29841812.2,2.328620033E-03,-20005344.2
12.03,780567.712,29836998,2.279503185E-03,-22219621.7
12.04,1009910.69,29832201,2.443920573E-03,-25760948.9
12.05,495288.097,29827467.2,1.464056721E-03,-22282736.2
12.06,605573.564,29822811.2,1.286720955E-03,-23657344.3
12.07,1204933.85,29818121.7,1.899133995E-03,-30030783.9
12.08,1075012.03,29813457,1.601195111E-03,-30564340.4
12.09,374553.061,29808938.9,3.90257925E-04,-24953016.1
12.1,402995.971,29804512.8,1.548674845E-05,-24682583.1
12.11,301766.068,29800164.6,-5.164784561E-04,-23047270.2
12.12,367482.907,29795871.1,-7.816272554E-04,-22852273.6
12.13,586198.483,29791535.6,-7.657363023E-04,-24288871.4
12.14,535782.006,29787245.7,-1.011204909E-03,-23560573.5
12.15,459595.885,29783024.9,-1.274223354E-03,-22426039.4
12.16,432449.244,29778851.6,-1.471076156E-03,-21535223.4
12.17,675409.937,29774692.7,-1.295174861E-03,-23275003.9
12.18,721019.855,29770605.7,-1.280495353E-03,-23645912.1
12.19,703493.281,29766641.1,-1.316807665E-03,-23514107.4
12.2,24737.7114,29762899.1,-2.170597024E-03,-16661887.5
12.21,350086.07,29759170.6,-1.963185263E-03,-18168877.2
12.22,347436.545,29755468.1,-2.035172933E-03,-17165861
12.23,733630.429,29751878.8,-1.604846679E-03,-20208251
12.24,188105.194,29748504.8,-2.137424734E-03,-14855707.6
12.25,-428663.176,29745387.8,-2.863019162E-03,-7481032.97
12.26,-80153.8227,29742162.5,-2.638323819E-03,-8189717
12.27,-183013.322,29739013,-2.770046728E-03,-5346715.93
12.28,-227010.205,29736027.2,-2.800785259E-03,-3036901.47
12.29,60830.7525,29733089.2,-2.456596525E-03,-3996713.56
12.3,288533.273,29730296.6,-2.079136887E-03,-5211584.28
12.31,-51956.924,29727760.4,-2.209571155E-03,-1438429.69
12.32,433614.435,29725303.6,-1.592112128E-03,-5182021.69
12.33,351982.074,29722997.1,-1.434131032E-03,-4496772.98
12.34,585427.392,29720868.3,-9.992237056E-04,-6939093.72
12.35,-31073.6511,29718900.6,-1.333370907E-03,-1428239.28
12.36,-410460.921,29717037.5,-1.579751254E-03,3168075.16
12.37,-807020.841,29715184.3,-1.911977176E-03,8917359.93
12.38,-48173.8617,29713308.7,-1.294333856E-03,3929975.75
12.39,-601413.605,29711571.9,-1.621523875E-03,10080183
12.4,-444956.18,29709952.6,-1.43802672E-03,10273751.8
12.41,-88108.7384,29708368.2,-1.073655629E-03,8091994.79
12.42,-73890.1569,29706926.8,-9.101843227E-04,8234889.44
12.43,-63277.4444,29705589.4,-7.563292547E-04,8268847.04
12.44,-311457.033,29704311.6,-8.023448697E-04,10826691.2
12.45,-297578.135,29703048.7,-7.127393589E-04,11295712
12.46,-567612.08,29701801.6,-8.178917351E-04,14523918.4
12.47,-499845.936,29700566.9,-7.418980695E-04,14927293.7
12.48,-608382.968,29699353.5,-7.677188865E-04,16869810.4
12.49,-450019.004,29698169.6,-6.492031186E-04,16273133.6
12.5,-347297.195,29697034.3,-5.509940881E-04,15763199.4
12.51,-393480.838,29695927.4,-5.267210076E-04,16371955.3
12.52,-909652.862,29694787.5,-7.434735031E-04,21750219.6
12.53,-1072398.45,29693603.5,-8.328344495E-04,24823115.9
12.54,-927461.044,29692419.3,-7.951434788E-04,25166801.7
12.55,-514535.283,29691282.2,-6.345506886E-04,22296893.4
12.56,-554678.611,29690188.1,-6.257548887E-04,22797877.3
12.57,-314795.364,29689144.4,-5.221622204E-04,20478954.5
12.58,140020.412,29688199,-3.46484108E-04,15374875.3
12.59,170230.188,29687240.6,-2.933479162E-04,13302148.9
12.6,187010.223,29686222.9,-2.514911218E-04,11262117.9
12.61,-106246.54,29685112.4,-2.952922276E-04,12358447
12.62,119050.345,29683996.1,-2.269039362E-04,9019098.75
12.63,399614.213,29682914.4,-1.45278418E-04,4626820.98
12.64,-34183.4544,29681690.9,-1.968239412E-04,6697232.6
12.65,132674.31,29680467.8,-1.472831093E-04,3915120.67
12.66,134596.247,29679270.3,-1.20895341E-04,2519161.33
12.67,-144214.57,29677994.5,-1.316517265E-04,3947230.68
12.68,-448118.406,29676713.8,-1.449618084E-04,6445186.09
12.69,-54065.7396,29675510.9,-7.886077744E-05,2803306.16
12.7,-296693.198,29674256.3,-7.516677113E-05,4612245.72
12.71,-98714.6511,29672951.7,-3.018428671E-05,2598418.63
12.72,-102015.094,29671623.7,-1.335444336E-06,2235369.11
12.73,-135683.521,29670229,2.460746353E-05,2184489.78
12.74,61499.9223,29668821.9,6.754020111E-05,-17183.0791
12.75,459734.654,29667388,1.285775515E-04,-4682679.66
12.76,103998.679,29665872.5,1.3337403E-04,-2745822.89
12.77,103899.288,29664337.8,1.549053662E-04,-3416571.7
12.78,265710.873,29662841.7,1.840514526E-04,-5556412.98
12.79,591424.964,29661346.6,2.301157322E-04,-9727148.33
12.8,250150.155,29659827.4,2.080644923E-04,-7954198.37
12.81,-64286.9544,29658338.2,1.606395762E-04,-5507712.36
12.82,417054.643,29656933.7,1.926940891E-04,-10101072.2
12.83,104253.258,29655560.5,1.231466294E-04,-7883368.01
12.84,-91872.3517,29654236.4,4.283830929E-05,-6054201.94
12.85,114588.637,29652970.5,1.296213355E-05,-7615051.4
12.86,102539.629,29651746.3,-5.033689781E-05,-7483891.5
12.87,88606.3151,29650563.1,-1.176308183E-04,-7300955.27
12.88,608892.506,29649399.4,-4.638390036E-05,-12378563.1
12.89,230398.379,29648288.2,-1.846076806E-04,-9712079.04
12.9,-125339.664,29647266.1,-3.715994589E-04,-6318883.82
12.91,-78590.8649,29646312.2,-4.769471051E-04,-5924738.57
12.92,-67809.1153,29645424.8,-5.844485134E-04,-5287211.26
12.93,85800.2975,29644588,-6.169121713E-04,-6147455.95
12.94,-363420.125,29643835.9,-8.885813706E-04,-1335147.48
12.95,-60174.918,29643130,-8.599825226E-04,-2964623.16
12.96,28734.6705,29642464.8,-8.730107863E-04,-3170819.51
12.97,-350939.949,29641907.2,-1.105922656E-03,988384.851
12.98,-461925.142,29641409.3,-1.245804143E-03,3414922.27
12.99,-346004.799,29640946.2,-1.247172397E-03,3840047.76
13,-520840.426,29640550,-1.380147752E-03,6790671.4
13.01,-432842.073,29640216.1,-1.336363311E-03,7453141.4
13.02,-474901.876,29639947.1,-1.337443142E-03,9149255.12
13.03,-226419.221,29639755.8,-1.093157406E-03,7914944.98
13.04,-316100.329,29639662.2,-1.032187284E-03,9376280.9
13.05,-664383.029,29639650.3,-1.189491509E-03,13547328.1
13.06,-349367.946,29639687.2,-8.61437436E-04,11895084.2
13.07,-230970.182,29639806.1,-6.054853039E-04,11346971.4
13.08,561162.647,29640061.8,3.116383797E-04,3577524.58
13.09,83762.1526,29640425.8,2.418291562E-04,6520006.68
13.1,-129585.701,29640798.3,2.571560794E-04,7923108.82
13.11,-310010.679,29641184.5,1.905197874E-04,9658761.68
13.12,-213801.218,29641593.6,3.359558612E-04,9000638.71
13.13,202127.413,29642061.1,8.231643824E-04,4859481.72
13.14,308689.325,29642559.2,1.097507163E-03,2723002.45
13.15,-324127.438,29643011.4,6.085478165E-04,7714163.11
13.16,-134566.367,29643467.4,7.643630368E-04,6100732.07
13.17,77336.4658,29643944.3,9.727672598E-04,3855716.77
13.18,-123417.874,29644369.2,8.06865294E-04,5124644.25
13.19,-288034.1,29644755.3,6.110759402E-04,6562831.08
13.2,-332508.474,29645111.9,4.869768472E-04,7263533.05
13.21,-243388.283,29645433.3,4.961964506E-04,6724852.22
13.22,-204154.409,29645703.6,4.84502393E-04,6444590.04
13.23,-482642.931,29645899.6,1.637475234E-04,9238609.88
13.24,-220399.492,29646054.5,3.297240887E-04,7308859.18
13.25,-136050.796,29646161.7,3.815944304E-04,6518860.75
13.26,-117266.689,29646199.8,3.946707016E-04,6103396.41
13.27,-67457.0499,29646188.8,4.331891091E-04,5354111.44
13.28,-50671.035,29646124.6,4.419184133E-04,4817743.01
13.29,252698.31,29646029.2,7.047938997E-04,1366397.8
13.3,273477.727,29645884.5,7.56534863E-04,6926.79162
13.31,159948.841,29645677,6.798783205E-04,-51194.7185
13.32,-100157.159,29645430.9,4.45407209E-04,1729337.94
13.33,387714.567,29645200.2,7.599658875E-04,-3287439.55
13.34,626922.907,29644952.7,9.430173346E-04,-6986382.32
13.35,218977.861,29644631.4,6.742436558E-04,-4809679.2
13.36,374031.854,29644309.6,7.377023623E-04,-7135992.04
13.37,68145.3035,29644002.9,5.026882534E-04,-5088094.77
13.38,177187.415,29643721.7,5.049507414E-04,-6426571.88
13.39,339694.394,29643458.7,5.518112098E-04,-8456128.4
13.4,649214.515,29643181.5,6.996476461E-04,-12358740.6
13.41,739974.032,29642877.1,7.526920234E-04,-14772700.2
13.42,531620.151,29642561.6,6.603560876E-04,-14335501.1
13.43,383998.394,29642282.4,5.812709551E-04,-13854499
13.44,193152.138,29642074.1,4.780277926E-04,-12442569.9
13.45,-156647.906,29641959.2,3.116779187E-04,-8880031.44
13.46,-48764.1371,29641902.5,3.069525192E-04,-8959995.07
13.47,-224962.402,29641879.8,2.213354149E-04,-6408859.66
13.48,-752697.096,29641921.9,3.805463369E-05,86429.0998
13.49,-381064.244,29641939.6,9.543083287E-05,-1083668.94
13.5,-643135.935,29641954,1.110078568E-05,3158130.54
13.51,-537654.624,29641991.8,8.32802351E-06,4217946.56
13.52,221870.529,29642011.6,1.296595082E-04,-1549641.59
13.53,579030.363,29642157.3,1.824110546E-04,-5320877.74
13.54,505761.717,29642479.4,1.70529596E-04,-5777460.91
13.55,115390.673,29642917.1,1.194420352E-04,-2823195.63
13.56,861663.012,29643409.3,1.879978635E-04,-10255794.2
13.57,616518.137,29644030.1,1.617299721E-04,-9594393.18
13.58,464310.166,29644788.7,1.437042784E-04,-9338009.11
13.59,2468.09785,29645671.5,1.090579123E-04,-5428472.19
13.6,-400247.256,29646718,8.039738938E-05,-938948.133
13.61,-136047.17,29647873.8,7.899293475E-05,-2087933.42
13.62,-33585.2128,29649130.7,6.854517932E-05,-2313126.26
13.63,140582.979,29650498.1,5.82832086E-05,-3610484.87
13.64,-235639.957,29651988.4,3.708045581E-05,183493.754
13.65,-137881.586,29653568.3,2.510719428E-05,140596.961
13.66,80051.9771,29655215.5,1.519095835E-05,-1330403.51
13.67,-176390.101,29656971.2,4.358244343E-07,1318093.03
13.68,-319735.949,29658811.1,-1.215084541E-05,3444608.59
13.69,-138932.655,29660707.9,-1.939269564E-05,2690363.13
13.7,47095.0281,29662678.5,-2.304488813E-05,1357712.55
13.71,61628.2473,29664743.1,-2.562207969E-05,1200080.23
13.72,488088.785,29666889.1,-1.506330311E-05,-3158931.45
13.73,381760.229,29669119.2,-1.212558117E-05,-3250294.58
13.74,166670.888,29671413.9,-1.431597108E-05,-2023611.45
13.75,167759.376,29673758,-1.29782151E-05,-2350557.86
13.76,79281.9959,29676162.4,-1.6899919E-05,-1769789.93
13.77,31004.3853,29678626.4,-2.116930804E-05,-1385402.01
13.78,412689.156,29681140.9,1.324532132E-06,-5177785.99
13.79,495326.041,29683701.9,1.393324636E-05,-6931106.48
13.8,156883.758,29686305.5,-7.019013733E-06,-4684261.43
13.81,-331545.243,29688956.1,-5.890043553E-05,-2841.89649
13.82,-674028.637,29691662.9,-1.184451652E-04,4507495.91
13.83,-344371.827,29694385.1,-1.15442704E-04,3132677.99
13.84,-844012.02,29697112,-1.913383144E-04,9192863.95
13.85,-572715.041,29699830,-1.824788696E-04,8658278.35
13.86,-472773.921,29702536.7,-1.771588328E-04,9180007.57
13.87,-695781.157,29705264,-2.046831567E-04,12518688.3
13.88,-375129.377,29708011.1,-1.502162359E-04,10911162.3
13.89,-16880.251,29710813.5,-6.284046839E-05,8057085.01
13.9,254601.638,29713708.1,3.845488931E-05,5030136.54
13.91,290355.198,29716681.4,1.120903142E-04,3638051.26
13.92,-73714.5156,29719673.3,1.010714612E-04,6156014.2
13.93,352284.285,29722704.5,2.27622364E-04,1676413.15
13.94,125364.301,29725775,2.318768894E-04,2705719.23
13.95,-308489.147,29728857.4,1.64904833E-04,6308808.33
13.96,-501034.233,29731995.5,1.147451521E-04,8675599.49
13.97,-553807.675,29735190.2,8.554374047E-05,10126475.7
13.98,-687257.666,29738421.8,3.700474956E-05,12463542.4
13.99,-952746.931,29741671.4,-5.260387015E-05,16410700.7
14,-1003643.85,29744935.7,-9.04421783E-05,18825311.7
14.01,-438588.693,29748248.5,8.07136422E-05,15115158.9
14.02,-36731.9858,29751645,2.773985417E-04,11500872.7
14.03,-82186.5744,29755105.6,3.742893533E-04,11234179.7
14.04,-155266.661,29758596.5,4.520183593E-04,11348025.8
14.05,-291246.217,29762094.9,4.881118153E-04,12297030.8
14.06,-269798.415,29765613.5,5.649655954E-04,11984878.4
14.07,-830640.286,29769111,3.995471719E-04,17450293.6
14.08,-425316.652,29772672,5.788839519E-04,14591499.6
14.09,144228.888,29776348.9,8.955282596E-04,9079762.75
14.1,-52874.6454,29780006.6,9.451446228E-04,9687906.38
14.11,227202.185,29783696.3,1.187289828E-03,6004950.17
14.12,-55033.6456,29787372.9,1.163317403E-03,7358436.05
14.13,-187010.347,29791019.9,1.1558591E-03,7888366.29
14.14,-113280.092,29794718.5,1.217840332E-03,6785255.98
14.15,-425444.274,29798397.6,1.062720496E-03,9374359.11
14.16,-1043094.81,29802044.4,6.638465454E-04,15827188.8
14.17,-155064.411,29805811.4,1.075782162E-03,8774292.11
14.18,-317100.306,29809553.5,1.007044487E-03,10024494.7
14.19,-296230.102,29813222.1,1.04515658E-03,9685772.13
14.2,-505686.02,29816889.4,9.170852128E-04,11742387.5
14.21,-446935.4,29820532.7,9.342472986E-04,11600889.8
14.22,-293868.814,29824188,1.03378264E-03,10382827.7
14.23,102973.547,29827844.5,1.352923974E-03,6291011.94
14.24,203584.778,29831479.2,1.529835736E-03,4167283.45
14.25,308035.635,29835067.4,1.712470486E-03,1753578.21
14.26,463405.406,29838631.3,1.923262518E-03,-1354589.51
14.27,734770.833,29842161.4,2.225789534E-03,-5960468.62
14.28,302298.424,29845600.6,1.962971751E-03,-4104763.14
14.29,536316.793,29849037.2,2.113780607E-03,-7752131.57
14.3,865633.298,29852500,2.356251812E-03,-12768322.2
14.31,675829.19,29855882.6,2.193079506E-03,-13366984.2
14.32,1187279.57,29859233.2,2.561960852E-03,-20386262.4
14.33,441420.867,29862524.4,1.867565545E-03,-15870481
14.34,46466.7197,29865886,1.275329372E-03,-12907573.2
14.35,469502.696,29869369.8,1.313111136E-03,-16876814.7
14.36,491179.513,29872834.4,1.09629845E-03,-17829317.7
14.37,-48133.9568,29876276.9,3.721412936E-04,-13170624.3
14.38,47002.3751,29879713,1.243392973E-04,-13359071.2
14.39,-466214.385,29883159.4,-6.596947464E-04,-7555180.69
14.4,-168552.051,29886551.1,-7.346884682E-04,-8620297.86
14.41,283030.408,29889786.9,-5.393690761E-04,-11894630.4
14.42,-104946.305,29892993.4,-9.967852354E-04,-7967335.11
14.43,-220759.38,29896171.4,-1.255884026E-03,-5781724.36
14.44,-551580.439,29899318,-1.73201357E-03,-1060943.12
14.45,-230765.399,29902397.7,-1.602145122E-03,-2117443.65
14.46,52716.2213,29905417.2,-1.385501852E-03,-3637781.98
14.47,-130962.98,29908502.1,-1.515632926E-03,-1310373.61
14.48,-389580.313,29911636,-1.744249383E-03,2199396.44
14.49,-43372.8744,29914756,-1.429726566E-03,281038.104
14.5,61372.6095,29917922.2,-1.245888221E-03,-158031.185
14.51,345666.113,29921179.2,-8.469547926E-04,-2789872.12
14.52,44660.1972,29924538.6,-9.525471617E-04,-278166.985
14.53,-117665.913,29927968,-1.00299943E-03,1545675.98
14.54,-135954.192,29931431.2,-9.639051013E-04,2358647.85
14.55,105768.311,29934948.3,-6.796645576E-04,537067.796
14.56,-150557.929,29938546.4,-8.00466301E-04,3044524.77
14.57,44731.4464,29942204.1,-5.621429086E-04,1601351.02
14.58,27931.2396,29945912.4,-4.833124739E-04,1806939.48
14.59,-189920.508,29949675.7,-5.851492504E-04,3982948.76
14.6,72981.4104,29953465.1,-3.218099621E-04,1878618.15
14.61,-348940.024,29957285.6,-5.915539039E-04,5965413.74
14.62,682434.858,29961124.3,2.478695167E-04,-3557362.02
14.63,-17422.4261,29964993.7,-1.352601017E-04,1740324.13
14.64,259592.933,29968857.6,1.102924443E-04,-1160375.52
14.65,19757.5029,29972704.2,-1.162644146E-05,628433.343
14.66,-77829.9163,29976529.5,-6.652712502E-05,1470992.05
14.67,-115399.872,29980330.2,-9.9290784E-05,2026352.41
14.68,-286510.551,29984097.5,-2.130771622E-04,3988037
14.69,-358439.376,29987821.7,-2.77680299E-04,5368815.33
14.7,-552743.903,29991490.9,-4.005747279E-04,8150178.38
14.71,-69016.6332,29995103.1,-2.191653263E-04,4566183.19
14.72,-566639.246,29998651.6,-4.233765319E-04,9580234.93
14.73,-364037.262,30002134.2,-3.895279556E-04,8711535.37
14.74,-641309.498,30005545.5,-4.974482452E-04,12208860.8
14.75,-307998.312,30008888.8,-4.76685485E-04,10132537.5
14.76,-133771.859,30012193.8,-5.213337145E-04,8806929.79
14.77,-299430.823,30015444.1,-6.266620239E-04,10328200
14.78,460731.708,30018685.9,-7.421180319E-04,2957127.3
14.79,118840.317,30021875.9,-8.866048336E-04,4729800.81
14.8,45952.1827,30024976.4,-1.023156725E-03,4566346.01
14.81,400564.013,30028052.7,-1.23609244E-03,433430.566
14.82,723094.87,30031080.8,-1.514937582E-03,-4302750.82
14.83,392184.317,30034006.9,-1.57733917E-03,-3291691.1
14.84,86253.4769,30036850.1,-1.51306756E-03,-1616162.99
14.85,97128.6937,30039688.5,-1.492646316E-03,-2213294.94
14.86,-342185.094,30042502.9,-1.133962985E-03,1725049.16
14.87,-12800.0013,30045310.2,-1.209332282E-03,-929529.667
14.88,-377119.421,30048066.7,-7.935566185E-04,2626992.07
14.89,-456926.389,30050763.3,-5.247488176E-04,4184968.34
14.9,-504040.984,30053408.9,-2.603224074E-04,5705801.4
14.91,-478967.388,30055978.5,-1.001453886E-04,6568625.21
14.92,-297553.743,30058479.1,-1.884142418E-04,5774733.17
14.93,122076.927,30060924.3,-7.202344081E-04,2093311.73
14.94,188555.845,30063324.7,-9.901050214E-04,858535.326
14.95,444707.831,30065684.7,-1.564336584E-03,-2472469.93
14.96,173533.893,30067993,-1.396327366E-03,-1100685
14.97,-73089.7708,30070257.1,-1.067978773E-03,717268.524
14.98,495735.006,30072523.8,-1.947912737E-03,-4941030.83
14.99,290014.218,30074767.9,-1.742320288E-03,-4246007.99
15,249489.928,30076989.5,-1.696349471E-03,-4728057.33
15.01,194703.653,30079212.8,-1.523603591E-03,-4822039.48
15.02,162832.483,30081442.1,-1.334996949E-03,-4988910.36
15.03,449475.585,30083675.2,-1.756350598E-03,-8222777.17
15.04,-378422.424,30085910.2,8.721845898E-06,-947034.152
15.05,6013.71304,30088168,-3.203201687E-04,-3734639.29
15.06,-421829.267,30090432.6,8.91076014E-04,800826.298
15.07,358909.656,30092676.8,-4.350728391E-04,-5847893.07
15.08,29379.9861,30094899.1,2.56824912E-04,-3220546.02
15.09,55134.6901,30097117.8,2.884247707E-04,-3448030.78
15.1,-334001.822,30099331.1,1.31011897E-03,572084.983
15.11,-120903.419,30101539.6,1.106694944E-03,-519825.548
15.12,-776953.915,30103747.6,2.806791242E-03,6610211.95
15.13,-569694.047,30105936,2.739936964E-03,6637062.04
15.14,-725913.213,30108086.5,3.341430405E-03,9831466.26
15.15,-707639.049,30110217.7,3.470481762E-03,11494254.4
15.16,-661339.339,30112333.5,3.424413679E-03,12794222.8
15.17,-632436.036,30114457.1,3.292114365E-03,14031763.4
15.18,-440196.545,30116607.8,2.669740771E-03,13455211.2
15.19,-271068.936,30118816.3,1.944243305E-03,12526636.9
15.2,-319803.463,30121082.5,1.633670717E-03,13249900.6
15.21,-256910.775,30123394.3,1.100441799E-03,12902658.2
15.22,-99194.8458,30125753.6,3.392453927E-04,11396023.3
15.23,152488.986,30128170.8,-6.944154435E-04,8472512.27
15.24,231593.495,30130630.5,-1.39315616E-03,6596361.07
15.25,3435.33613,30133079.6,-1.326973604E-03,7580399.61
15.26,31464.4612,30135526.1,-1.637232806E-03,6589377.86
15.27,-208404.712,30137962.6,-1.274244798E-03,8251046.15
15.28,-110672.562,30140403.5,-1.513236646E-03,7106427.5
15.29,-67541.0071,30142855,-1.64627664E-03,6299467.64
15.3,107753.441,30145291.5,-2.075647559E-03,4026305.7
15.31,281322.44,30147706.5,-2.550213765E-03,1355619.38
15.32,211797.911,30150052,-2.543914371E-03,704588.297
15.33,399834.201,30152342.7,-2.986807078E-03,-2306010.91
15.34,-124.326186,30154541.4,-2.242831856E-03,194411.83
15.35,-424930.134,30156667.5,-1.238093027E-03,3991155.27
15.36,-215447.522,30158797.1,-1.296069361E-03,2609568.7
15.37,159396.419,30160871,-1.794024307E-03,-940998.443
15.38,158900.447,30162821.1,-1.758702704E-03,-1709477.98
15.39,118963.932,30164653.4,-1.6432629E-03,-2045527.8
15.4,-386442.34,30166380.6,-6.310984732E-04,2481962.57
15.41,-618450.76,30168040.9,7.611351905E-05,5581810.04
15.42,-505114.472,30169635.9,2.247830973E-04,5862443.35
15.43,-290902.221,30171122.9,8.849319671E-05,4796800.73
15.44,210256.513,30172510.6,-6.73040698E-04,258059.285
15.45,428200.81,30173808.2,-1.155879544E-03,-2719488.67
15.46,32932.5929,30175000.6,-6.862794595E-04,-104180.312
15.47,292376.521,30176118.8,-1.0996697E-03,-2995478.22
15.48,494126.376,30177178.1,-1.471876114E-03,-5873617.77
15.49,514746.091,30178162.1,-1.607410122E-03,-7478102.42
15.5,1064412.44,30179078.6,-2.515835372E-03,-14369510.9
15.51,1126427.78,30179898.5,-2.802598807E-03,-17658068.2
15.52,936566.854,30180617.2,-2.66282194E-03,-18519452
15.53,528100.36,30181304.5,-2.053622639E-03,-16512825.7
15.54,722505.711,30182024.8,-2.124724337E-03,-19373761.5
15.55,575530.467,30182764.5,-1.740174997E-03,-19159089.4
15.56,458627.624,30183513.7,-1.345041917E-03,-18820739.3
15.57,247218.63,30184273.5,-7.737038609E-04,-17082034.8
15.58,239770.921,30185033,-4.278006401E-04,-16769064.2
15.59,-165770.276,30185798.8,4.268624154E-04,-12354061.4
15.6,-245232.548,30186540.4,9.25268168E-04,-10153997.5
15.61,-176863.869,30187180.9,1.200717443E-03,-9169207.56
15.62,-7852.58281,30187712.2,1.256423625E-03,-9409524.52
15.63,-294893.842,30188193.4,1.781811863E-03,-5523968.99
15.64,-139761.067,30188596.3,1.782159527E-03,-5384409.76
15.65,-629500.553,30188970.3,2.490338444E-03,842692.103
15.66,65102.2794,30189232.7,1.827841739E-03,-3693183.74
15.67,270232.769,30189449.7,1.52640738E-03,-5075313.71
15.68,189783.526,30189784.9,1.471025503E-03,-4304151.38
15.69,170485.377,30190141.3,1.372457522E-03,-3920463.69
15.7,505536.334,30190504.7,8.764255321E-04,-7065649.86
15.71,-182109.642,30190961.6,1.474013807E-03,-837249.443
15.72,-123377.469,30191444.1,1.405557055E-03,-425744.279
15.73,-466439.386,30191934.3,1.774606941E-03,3936014.36
15.74,-57231.296,30192441.2,1.365435365E-03,1458772.71
15.75,85686.6043,30192985.7,1.127368085E-03,599906.554
15.76,-26501.8503,30193634.4,1.109609468E-03,1792589.62
15.77,-92888.7347,30194325.3,1.075020127E-03,2795026.22
15.78,-447884.919,30195048.7,1.362299061E-03,6832344.82
15.79,-86828.2567,30195765.9,9.816694529E-04,4510497.27
15.8,36791.1229,30196512.3,7.522280945E-04,3620364.48
15.81,24354.6641,30197309.1,6.216392763E-04,3645378.79
15.82,-187583.076,30198122.5,7.042464306E-04,5693686.19
15.83,490188.011,30198934.9,-3.584155547E-05,-686299.384
15.84,86765.6999,30199757.7,1.456039404E-04,2056153.16
15.85,14188.3104,30200558.5,1.085292829E-04,2390882.2
15.86,-62926.5257,30201325.4,1.221477229E-04,3070675.63
15.87,236936.654,30202063,-2.004938409E-04,96471.089
15.88,-125743.959,30202761.3,4.311155991E-05,3010832.71
15.89,242764.662,30203416.6,-3.108289796E-04,-538241.179
15.9,279811.219,30204022.8,-4.212726193E-04,-1619684.29
15.91,121794.608,30204557.8,-3.542781312E-04,-911337.261
15.92,389745.062,30205026.6,-6.210141956E-04,-4013021.05
15.93,265477.453,30205415.9,-5.704777362E-04,-3815046.18
15.94,355110.128,30205721,-6.724173682E-04,-5461496.52
15.95,404378.164,30205941.1,-7.339074313E-04,-6840775.95
15.96,831468.792,30206065.3,-1.128793232E-03,-12117776.4
15.97,748695.638,30206073,-1.131630753E-03,-13286576.1
15.98,857848.09,30205959.8,-1.255731907E-03,-16126866.4
15.99,231221.235,30205763.7,-6.983545474E-04,-11698984.4
16,87495.621,30205544.5,-4.087971747E-04,-10461390.6
16.01,-19044.9458,30205297.6,-1.062321291E-04,-9077259.67
16.02,-258911.254,30204999.8,3.224771916E-04,-6091854.59
16.03,-50645.5086,30204593.5,3.760268843E-04,-6961125.32
16.04,-222054.995,30204073.1,6.98070105E-04,-4517838.31
16.05,255650.371,30203416.9,4.320844685E-04,-8203221.14
16.06,20769.6677,30202662,6.893725297E-04,-5900662.37
16.07,-501987.425,30201872.2,1.245853431E-03,-185134.694
16.08,174274.353,30200938.5,8.014199839E-04,-5112994.31
16.09,124065.796,30199935.2,8.469554704E-04,-4472288.3
16.1,636923.245,30198893.3,3.461719577E-04,-9507893.62
16.11,474313.69,30197826.8,3.722518151E-04,-8973615.02
16.12,512730.72,30196751.4,2.584786065E-04,-10102821.4
16.13,117086.543,30195663.8,5.800140149E-04,-6870966.06
16.14,380635.433,30194564.9,3.756477244E-04,-9265621.02
16.15,287802.126,30193464.1,4.585290515E-04,-8688321.06
16.16,125761.084,30192400.9,6.254637634E-04,-7240650.82
16.17,-311825.861,30191367.6,1.104729299E-03,-2556875.21
16.18,118025.323,30190314.4,8.301334034E-04,-5475916.07
16.19,-362264.583,30189284,1.319207039E-03,-339563.53
16.2,-416291.838,30188276.2,1.471818485E-03,1612577.22
16.21,-444376.26,30187229.9,1.590194376E-03,3502429.38
16.22,210520.938,30186155.1,9.972250463E-04,-1515864.01
16.23,133467.397,30185128.1,9.393177969E-04,-903643.975
16.24,-153050.079,30184171.3,1.095543908E-03,1892112.01
16.25,87152.9229,30183195.6,8.149686098E-04,172329.919
16.26,-181621.188,30182240.8,9.770314978E-04,2921202.45
16.27,-518452.053,30181303,1.260375502E-03,6934339.29
16.28,35340.0998,30180343.5,7.486956855E-04,2866910.24
16.29,498004.906,30179414.2,1.83180484E-04,-1750904.58
16.3,312360.993,30178555,1.355924197E-04,-1164794.09
16.31,73920.4256,30177704.6,2.112305834E-04,433068.306
16.32,-522719.212,30176837.4,7.133847166E-04,6291192.96
16.33,-436122.091,30175951.6,7.039403869E-04,6776803.59
16.34,-322109.099,30175048.3,6.356782629E-04,6760829.3
16.35,-263621.523,30174137.6,5.657742041E-04,6884077
16.36,-297168.947,30173221.2,5.548057606E-04,7738555.8
16.37,-142497.836,30172291.9,3.723626059E-04,6743488.45
16.38,-132873.698,30171345,2.865904435E-04,6772973.21
16.39,-462837.557,30170360,5.008196964E-04,10124971.7
16.4,-241108.661,30169338.5,2.975767389E-04,8750070.14
16.41,-325489.212,30168279.1,3.15548714E-04,9871521.09
16.42,-331341.975,30167174.6,2.73984324E-04,10309647.3
16.43,-19005.0892,30166050.2,-3.277224958E-05,7563305.05
16.44,-740632.166,30164845.4,4.638601553E-04,14353738.9
16.45,-798785.198,30163565.8,5.446081766E-04,16240744.1
16.46,-859065.479,30162230.6,6.322782004E-04,18348590.4
16.47,-585952.9,30160834,4.363016081E-04,17099180.7
16.48,-169810.299,30159440.3,6.358143661E-05,13649942.4
16.49,-124883.189,30158026.5,-1.002538893E-04,12769340.5
16.5,-32827.4609,30156574.1,-2.965675767E-04,11245436.3
16.51,-390736.517,30155025,-1.511180123E-04,14018406.5
16.52,117517.312,30153447.1,-5.6621317E-04,8971824.73
16.53,-15627.0464,30151809.9,-5.803836763E-04,9111010.4
16.54,-208222.035,30150046.3,-5.200099688E-04,10092256.9
16.55,70383.0477,30148267.8,-7.35468794E-04,6923218.46
16.56,-153341.214,30146394.8,-6.348283671E-04,8103988.94
16.57,369218.491,30144486.3,-9.923099754E-04,2334734.89
16.58,78828.1833,30142475,-8.680961409E-04,3499372.22
16.59,-119260.652,30140329,-7.497138971E-04,4441117.59
16.6,-462603.441,30138132.4,-4.92679962E-04,7492924.8
16.61,-876839.822,30135866.2,-1.454346669E-04,12144137.6
16.62,-791702.066,30133574.9,-6.244395965E-05,12861687.6
16.63,-752114.017,30131193.5,1.470690687E-05,13812009.4
16.64,-704141.142,30128692.6,5.562793679E-05,14495327.6
16.65,-625107.257,30126093.5,5.415184722E-05,14720242.1
16.66,-732661.172,30123386.3,1.349966312E-04,16574536.4
16.67,-341927.504,30120624,-6.134637839E-05,13649885.5
16.68,-278833.214,30117800.4,-1.285441997E-04,12999765.4
16.69,-401920.588,30114880.6,-1.044689565E-04,13972221.3
16.7,-522390.088,30111893.3,-6.147586107E-05,15248322.2
16.71,-342709.546,30108871.3,-1.56880274E-04,13805401.7
16.72,-137247.456,30105828.8,-2.826364368E-04,11619771.7
16.73,74988.1005,30102757,-4.28969927E-04,8799617.3
16.74,-185087.212,30099607.1,-3.571868474E-04,10188678.2
16.75,-287565.185,30096398.5,-3.225553497E-04,10670873.1
16.76,422113.519,30093256.1,-6.42708653E-04,3325055.66
16.77,579472.155,30090067.1,-7.697973572E-04,-269397.98
16.78,-4054.38001,30086701.8,-5.708777742E-04,3155094.1
16.79,-228728.769,30083306.7,-4.559234165E-04,4603366.08
16.8,237690.712,30079998.6,-6.011433198E-04,-183242.843
16.81,254243.652,30076644.5,-5.999180619E-04,-1623232.54
16.82,408642.23,30073211.7,-6.521562651E-04,-4481062.28
16.83,319095.154,30069714.2,-6.119886429E-04,-5137148.28
16.84,-28674.1904,30066148.8,-4.604035064E-04,-2900244.33
16.85,361240.24,30062599.7,-5.497105258E-04,-7068924.22
16.86,215666.653,30058996.6,-4.723467778E-04,-6740877.16
16.87,305014.304,30055323.5,-4.676287171E-04,-8393780.88
16.88,518604.478,30051595.7,-5.071360119E-04,-11363594.1
16.89,424062.553,30047784.6,-4.554863255E-04,-11720249.2
16.9,240012.821,30043917.5,-3.635307154E-04,-10847969.3
16.91,585476.256,30040009.3,-4.244039017E-04,-14694837.8
16.92,536942.082,30036037.2,-3.8053199E-04,-15364015.3
16.93,599208.423,30032000.5,-3.645581088E-04,-16979898.5
16.94,541557.532,30027912.9,-3.082152603E-04,-17398593.5
16.95,555219.414,30023793.5,-2.635211176E-04,-18303466.7
16.96,153836.605,30019680.2,-8.783467277E-05,-14963714
16.97,-50357.0962,30015596.3,6.111915685E-05,-12509107
16.98,-386309.81,30011533.4,2.656952046E-04,-8108936.41
16.99,-327677.131,30007434.5,3.694354148E-04,-6816508.66
17,15922.1645,30003216.6,3.715281186E-04,-8518385.9
17.01,-379338.96,29998984.5,5.608233313E-04,-3732453.04
17.02,-235620.404,29994708.4,6.043364375E-04,-3405135.71
17.03,84724.9678,29990348.4,5.706936885E-04,-5177195.84
17.04,101958.568,29986020,5.930102173E-04,-4833255.73
17.05,-303147.536,29981761.6,7.481906135E-04,-344170.283
17.06,16956.7917,29977487.1,6.893185281E-04,-2121240.78
17.07,-12493.6194,29973240.1,7.136928832E-04,-1217855.17
17.08,-209538.101,29969087.6,7.910137574E-04,1305697.4
17.09,-368479.914,29964981.1,8.716168856E-04,3936226.9
17.1,-416017.383,29960914.6,9.167829968E-04,5793841.94
17.11,-496601.408,29956896.2,9.652430116E-04,8015075.85
17.12,194363.141,29952928.7,6.647641475E-04,2591729.61
17.13,10165.5157,29949105.2,6.458880354E-04,4122057.09
17.14,115543.508,29945404.6,5.02844821E-04,3065224.49
17.15,190539.533,29941772.3,3.630992652E-04,2095280.5
17.16,267191.768,29938216.4,2.074173236E-04,832386.596
17.17,381612.608,29934724.1,2.204897451E-05,-1024622.93
17.18,213351.439,29931286.3,-8.004061306E-06,-347087.843
17.19,128948.511,29927886.1,-4.078123205E-05,-90331.164
17.2,-418211.167,29924520.3,2.635822412E-04,5057710.71
17.21,-280164.166,29921184.5,2.245847545E-04,4691496.75
17.22,-231229.741,29917873.4,2.100184327E-04,4892954.75
17.23,-806918.232,29914567.5,6.330772886E-04,11129872.2
17.24,-584512.914,29911254.6,5.506030567E-04,10787971.7
17.25,-597674.927,29907921.8,5.757048324E-04,12244775.3
17.26,-853749.682,29904559.7,7.668214791E-04,16006254.7
17.27,-612955.57,29901181.2,5.385693463E-04,15381708.5
17.28,-374019.173,29897804.4,1.926004275E-04,14093589.9
17.29,-305880.079,29894444,-1.044851144E-04,13770795.5
17.3,289116.491,29891143.4,-1.003838374E-03,7919171.84
17.31,600208.126,29887894.7,-1.794133657E-03,3375607.46
17.32,339362.265,29884592.2,-2.003174858E-03,3715252.24
17.33,31708.5559,29881202.3,-1.97692913E-03,5242560.39
17.34,333576.861,29877809.8,-2.520910366E-03,1512275.84
17.35,142033.456,29874392,-2.493152001E-03,1997660.26
17.36,-79395.3255,29870933.8,-2.304193421E-03,3246421.72
17.37,-196528.375,29867489.6,-2.111405519E-03,4111633.86
17.38,-219550.475,29864054.2,-1.983386505E-03,4356731.47
17.39,-430719.558,29860605.6,-1.557435825E-03,6561783.28
17.4,-452937.576,29857144,-1.339340898E-03,7411204.54
17.41,-46524.4471,29853684.2,-1.830382958E-03,4035785.71
17.42,-74813.8701,29850179.5,-1.825468354E-03,3971259.77
17.43,-282903.781,29846621.7,-1.502595196E-03,5750905.22
17.44,-556679.877,29843035.2,-9.310443039E-04,8778947.34
17.45,-442014.206,29839442.6,-9.362641067E-04,8609788.71
17.46,-342212.946,29835838.4,-1.015778706E-03,8285980.34
17.47,-350631.926,29832212.6,-9.90791749E-04,8733041.8
17.48,-57559.4564,29828598.2,-1.58512726E-03,6161132.63
17.49,307129.791,29825008.2,-2.503273897E-03,2122558.54
17.5,466663.306,29821424.3,-3.190405529E-03,-810779.509
17.51,-154643.917,29817797.6,-2.233254803E-03,3717211.74
17.52,347630.951,29814219.7,-3.252660261E-03,-1399465.07
17.53,580432.518,29810697.1,-3.911854192E-03,-4968858.59
17.54,420366.914,29807155,-3.793338445E-03,-5257818
17.55,361372.033,29803639.3,-3.695164863E-03,-6036550.95
17.56,592717.631,29800179.5,-4.138348398E-03,-9465074.92
17.57,394795.054,29796756,-3.640168483E-03,-9101905.69
17.58,738823.701,29793377.3,-4.25102158E-03,-13613286.1
17.59,480434.247,29790033,-3.530065044E-03,-12799890
17.6,385124.842,29786742.7,-2.984765853E-03,-12924806.3
17.61,259383.57,29783535.6,-2.228883027E-03,-12328327.7
17.62,-154603.92,29780426.5,-6.532556491E-04,-8452664.12
17.63,442448.005,29777368.1,-1.404924041E-03,-13598320.7
17.64,127312.872,29774327.3,-2.54725942E-04,-11009427.7
17.65,36218.3706,29771331,4.608481508E-04,-9921076.4
17.66,242154.974,29768337.4,4.546454327E-04,-11425207.6
17.67,391580.902,29765358.7,3.959739176E-04,-12883966.7
17.68,653047.585,29762384.2,-9.932468112E-05,-15834970.4
17.69,622896.758,29759438.6,8.958108783E-06,-16462699
17.7,432071.723,29756557.4,5.930568069E-04,-15355878.3
17.71,759986.958,29753701,-3.776826319E-05,-18882680.1
17.72,536116.061,29750921.6,6.103112711E-04,-17630254.2
17.73,259430.264,29748261.8,1.55540133E-03,-15274302.6
17.74,156591.354,29745681.6,2.237060372E-03,-13844183.3
17.75,653011.34,29743120.4,1.343334084E-03,-18138414.4
17.76,1003240.17,29740580.3,4.683891395E-04,-22212866.6
17.77,1244982.58,29738102.1,-3.469142541E-04,-26098730.2
17.78,953333.52,29735719.5,1.846657504E-04,-25145920.2
17.79,750853.582,29733451,7.653512577E-04,-24252816.7
17.8,991168.897,29731229.8,3.826037572E-04,-27154028.4
17.81,786963.443,29729138.5,1.045500125E-03,-26139022.1
17.82,537494.151,29727202.9,1.964485414E-03,-24116491.2
17.83,288160.108,29725386.1,3.048344035E-03,-21340867.4
17.84,630151.431,29723587.8,2.704728043E-03,-23824721.9
17.85,387045.455,29721878.7,3.594324137E-03,-21269818.3
17.86,313840.435,29720276.4,4.119935345E-03,-19840305.5
17.87,11839.2278,29718735.1,5.224159247E-03,-15846907.8
17.88,66925.2393,29717228,5.509616144E-03,-14709384.1
17.89,345244.182,29715665.1,5.102558993E-03,-15957848.3
17.9,-7459.56386,29714244.7,5.998780511E-03,-11658329
17.91,31183.2669,29712874.7,6.049308669E-03,-10459146.2
17.92,-233187.627,29711546.4,6.755082719E-03,-6309562.78
17.93,245682.176,29710201,5.702210975E-03,-9081439.99
17.94,-38513.3382,29708970.1,6.146068851E-03,-5455992.82
17.95,-343861.273,29707920.6,6.719412761E-03,-1066060.49
17.96,156700.957,29706799.5,5.517708247E-03,-4000999.75
17.97,-381940.356,29705859.9,6.411715647E-03,2111481.99
17.98,-437147.703,29705030.8,6.400574482E-03,4543167.84
17.99,60262.2047,29704168.8,5.118600121E-03,1564047.05
18,220211.23,29703484.6,4.277269933E-03,519309.125
18.01,-188019.556,29703032.3,4.609545465E-03,4615684.73
18.02,-590258.798,29702670.9,5.157531371E-03,9632570.5
18.03,-354300.865,29702294.1,4.501388392E-03,9204488.59
18.04,-1001389.99,29701999,5.597948281E-03,16909434.6
18.05,-775829.886,29701731.8,5.059583944E-03,17290063.3
18.06,-125679.907,29701526.2,3.456928133E-03,12781770
18.07,38827.8648,29701549.1,2.497309381E-03,11247636.5
18.08,-405591.724,29701742.6,2.733760822E-03,15260785.7
18.09,-130619.78,29701989,1.755030797E-03,13134054
18.1,-532580.424,29702256.3,2.06843901E-03,17065624.4
18.11,-236810.625,29702555.7,1.171902163E-03,14836258.3
18.12,-296904.289,29702912.3,8.818060052E-04,15423837.2
18.13,-592124.086,29703265.8,1.085592632E-03,18363615.1
18.14,-921838.515,29703597.5,1.511495651E-03,22371441.9
18.15,-1202187.92,29703881.8,1.978452494E-03,26652440
18.16,-869949.268,29704175.3,1.360941291E-03,25387452.3
18.17,-826900.26,29704487,1.087901397E-03,26059842.3
18.18,-738151.06,29704814.4,6.652047576E-04,25987471.8
18.19,-407918.575,29705216.5,-2.396738265E-04,23199816.4
18.2,-514995.017,29705604.2,-4.772886862E-04,23865718.9
18.21,-578418.107,29705938.8,-7.19646261E-04,24268905.6
18.22,-160922.414,29706320.9,-1.737390844E-03,19993241.1
18.23,-407625.712,29706617,-1.716569218E-03,21270371.8
18.24,224344.572,29706937.7,-3.064245471E-03,14276308.4
18.25,68974.6159,29707198.1,-3.227244587E-03,13657933.7
18.26,-75372.6618,29707265.2,-3.276445344E-03,13247621
18.27,-184023.541,29707290.2,-3.228763068E-03,12983789.1
18.28,-355117.428,29707229.6,-2.975374592E-03,13657262.3
18.29,300913.766,29707246.3,-3.955511929E-03,6504943.92
18.3,-259049.65,29707080.5,-3.183563705E-03,9963205.96
18.31,-280775.54,29706798.4,-3.028862138E-03,9423049.67
18.32,-598551.832,29706520.9,-2.356327598E-03,12117370
18.33,-666726.655,29706185.2,-1.96720442E-03,13091451.1
18.34,-799910.029,29705826.5,-1.473121336E-03,14968223.5
18.35,-803347.977,29705387.7,-1.167808387E-03,15870587.7
18.36,-882010.884,29704873.6,-7.925315832E-04,17552631.5
18.37,-435553.262,29704320.4,-1.188444262E-03,14139699.6
18.38,-537578.319,29703670.2,-9.769737609E-04,15100171.8
18.39,-170393.586,29702961.9,-1.399513681E-03,11548589.7
18.4,-279510.903,29702199.1,-1.269561432E-03,11917548.9
18.41,-423283.365,29701336.4,-1.054376598E-03,12869316.1
18.42,-526462.804,29700462.9,-8.329899055E-04,13852401.7
18.43,-581260.615,29699572.5,-6.4406087E-04,14619007.9
18.44,-727038.41,29698669.8,-3.383267953E-04,16436664.6
18.45,-1089469.95,29697728.6,2.4361288E-04,20788613.2
18.46,-86692.9203,29696929.5,-6.963854313E-04,12339800
18.47,-510427.278,29696087.5,-2.655016976E-04,15666242.4
18.48,-839323.097,29695149.2,1.37363723E-04,18961490.8
18.49,-911723.966,29694296.9,3.480465483E-04,20671515
18.5,-1037547.72,29693443.8,6.06829011E-04,23037452.1
18.51,-616589.627,29692673.7,3.318689809E-04,20160879.1
18.52,-17217.6003,29692024.4,-1.898528178E-04,14385323.4
18.53,188791.873,29691414.9,-4.46656295E-04,10952306.8
18.54,208126.37,29690790.8,-5.451495342E-04,8867676.5
18.55,716857.49,29690221.6,-1.001443175E-03,1900901.07
18.56,807880.409,29689610.8,-1.15554071E-03,-2081519.19
18.57,210489.558,29688820.8,-7.834669764E-04,667592.577
18.58,234354.292,29688084.5,-7.491151601E-04,-1132927.58
18.59,312861.473,29687469.9,-7.378287576E-04,-3359941.98
18.6,240321.604,29686862.4,-6.424403061E-04,-4227179.79
18.61,13089.4366,29686263.8,-4.582420274E-04,-3232482.19
18.62,91513.2003,29685717.2,-4.269878105E-04,-4598275.17
18.63,201138.496,29685191.4,-4.24035548E-04,-6356265.36
18.64,-35702.7802,29684613.6,-2.818669644E-04,-4844659.36
18.65,91589.6651,29684020.7,-2.892921463E-04,-6288509.43
18.66,-158802.886,29683391.2,-1.673351815E-04,-4138160.23
18.67,-338024.738,29682727.2,-7.263531433E-05,-2033141.55
18.68,-517822.25,29682036,1.763146615E-05,635396.421
18.69,-334187.62,29681286.2,7.244630858E-07,131511.566
18.7,-615159.403,29680451.1,9.276409502E-05,3841751.23
18.71,-148520.387,29679533.2,1.169961236E-05,719133.515
18.72,363865.261,29678537.6,-8.534672826E-05,-4003969.09
18.73,294426.961,29677493.6,-7.981825627E-05,-4268561.49
18.74,699333.052,29676410.6,-1.530981261E-04,-9089887.7
18.75,648597.907,29675291.4,-1.579307731E-04,-10261163.6
18.76,763849.608,29674144.7,-1.82280127E-04,-12967504.8
18.77,579588.2,29672987.9,-1.630846448E-04,-12827404.9
18.78,684518.007,29671845.6,-1.6971411E-04,-15062476.7
18.79,61345.7632,29670759.8,-7.981715666E-05,-10131466
18.8,147359.966,29669749.6,-4.851121342E-05,-10694646.8
18.81,-87047.7111,29668797.8,3.2463222E-05,-8118813.32
18.82,-24174.2934,29667883.2,9.261201099E-05,-7976116.86
18.83,-32098.9162,29666967.4,1.68075573E-04,-7211719.87
18.84,-39553.1378,29666058.5,2.486141786E-04,-6453586.01
18.85,54756.4717,29665140.8,3.160271898E-04,-6681439.14
18.86,216130.932,29664217.8,3.646361365E-04,-7824224.98
18.87,91956.4744,29663319.2,4.585861964E-04,-6521594.69
18.88,263507.119,29662431.8,4.956720818E-04,-7879469.22
18.89,550921.665,29661545.1,4.838455098E-04,-10806326.9
18.9,-26449.676,29660742.4,6.901645954E-04,-5807876.47
18.91,378094.369,29659948.7,6.586302372E-04,-9201904.58
18.92,87279.0797,29659194.7,8.259632517E-04,-6546365.2
18.93,256562.115,29658499.8,8.480631997E-04,-7886920.77
18.94,-370689.784,29657873.8,1.200955847E-03,-1573819.24
18.95,113527.518,29657268.9,1.122491833E-03,-4901813.77
18.96,154967.852,29656681.2,1.170305569E-03,-4950672.95
18.97,481558.601,29656170.1,1.013291356E-03,-8120240.55
18.98,312534.762,29655725.6,1.093219725E-03,-7091787.82
18.99,482113.211,29655343.5,9.84741613E-04,-9072159.17
19,70086.9063,29655028,1.280201608E-03,-5582208.92
19.01,60175.0336,29654779.1,1.378677744E-03,-5122106.91
19.02,-224413.917,29654584,1.724243589E-03,-1818646.26
19.03,-429928.228,29654458.8,2.069003212E-03,1342624.69
19.04,-551069.51,29654361,2.374393009E-03,4173641.69
19.05,-424879.829,29654281.6,2.410429454E-03,4755297.91
19.06,94781.7605,29654223.8,1.893994184E-03,983282.301
19.07,-22864.1285,29654275.6,1.861741628E-03,2196097.72
19.08,-50039.4625,29654421.1,1.737068188E-03,2704542.91
19.09,-1796.46265,29654618.9,1.528982489E-03,2545674.83
19.1,-112975.65,29654882.7,1.504964853E-03,3797094.48
19.11,-279470.163,29655207.9,1.602834063E-03,5833072.38
19.12,-719257.388,29655585.8,2.182474779E-03,11002348.6
19.13,-722907.492,29655994.4,2.260420509E-03,12844939.6
19.14,-938184.772,29656434,2.622354601E-03,16761243
19.15,-758223.345,29656916.5,2.32393645E-03,17099885.6
19.16,-914613.042,29657462.9,2.43081675E-03,20269440.8
19.17,-595133.383,29658098.3,1.653894406E-03,18888446.9
19.18,-918272.523,29658823.5,1.843211637E-03,23064036.9
19.19,-619441.662,29659642.9,9.338872097E-04,21635184.9
19.2,-559291.362,29660585.8,2.921549947E-04,21794671.6
19.21,-565350.781,29661625.6,-2.982603775E-04,22276917
19.22,-462578.377,29662782,-1.112902953E-03,21612717.1
19.23,-442160.036,29664030.5,-1.800261124E-03,21424893.8
19.24,-468849.045,29665351.4,-2.371840961E-03,21565139.5
19.25,-474940.444,29666743.2,-2.932546935E-03,21507107.1
19.26,-134823.078,29668253,-4.26054198E-03,17931781.7
19.27,483871.251,29669929.6,-6.431593309E-03,10649808.3
19.28,177388.618,29671574.7,-6.660157529E-03,11042597.9
19.29,-128906.968,29673130.2,-6.5105403E-03,12214304.6
19.3,-703691.714,29674667.6,-5.278401812E-03,16997490.4
19.31,-378885.39,29676331.8,-5.880998682E-03,14218984.7
19.32,-496546.788,29678058.1,-5.536770507E-03,15100574.6
19.33,-19332.8231,29679822.5,-6.71034574E-03,10223284.2
19.34,-329909.706,29681559.9,-6.066312933E-03,12126478.3
19.35,-218881.772,29683258.5,-6.308479392E-03,10548299.2
19.36,-22514.4439,29685020.5,-6.787107316E-03,7958366.21
19.37,59049.5966,29686729.5,-7.056230871E-03,6009916.99
19.38,193227.703,29688413.6,-7.460529946E-03,3380186.72
19.39,330057.95,29690058.9,-7.874047203E-03,466946.643
19.4,880284.43,29691696.5,-9.455370114E-03,-6865458.49
19.41,712709.068,29693199.1,-9.244831117E-03,-8274670.77
19.42,671777.784,29694595.3,-9.10599859E-03,-10433724.9
19.43,554815.465,29695996.9,-8.519147828E-03,-11491167.1
19.44,211645.722,29697420.6,-7.067176728E-03,-9848243.1
19.45,-94867.5546,29698945.1,-5.393279201E-03,-7543730.96
19.46,125287.976,29700582.8,-5.019208464E-03,-9599001.7
19.47,127665.939,29702227.6,-4.221348731E-03,-9924957
19.48,301092.568,29703829.2,-3.991005528E-03,-11928154.4
19.49,-107914.412,29705403.8,-2.217966076E-03,-8396436.29
19.5,-130501.455,29706997.9,-1.326755045E-03,-7642273.74
19.51,-134007.346,29708602.7,-5.33930306E-04,-6893987.71
19.52,-432597.284,29710212.6,9.966848122E-04,-3176848.22
19.53,-199097.418,29711808,1.08663542E-03,-4014170.62
19.54,325160.977,29713356.1,7.048092041E-05,-8324519.9
19.55,-35753.3961,29714932.1,1.121025631E-03,-5129195.35
19.56,-95373.1737,29716555.1,1.517948568E-03,-4051229.64
19.57,-676810.443,29718245.8,3.407257607E-03,2517858.49
19.58,-747329.559,29719993.1,4.148615036E-03,5367233.54
19.59,-1071110.32,29721764.8,5.509092934E-03,10944570
19.6,-901795.143,29723546.8,5.528038545E-03,12245898.4
19.61,-268327.269,29725354.1,4.009875603E-03,8380320.21
19.62,-41165.7848,29727336,3.054249064E-03,6819162.79
19.63,-193338.002,29729525.8,2.922385348E-03,8356987.47
19.64,52460.9176,29731858.2,1.867768461E-03,6258351.72
19.65,-324719.799,29734313.5,2.329625996E-03,9757928.98
19.66,-523365.733,29736864.9,2.570122837E-03,12314292.9
19.67,-479693.472,29739513.6,2.33064557E-03,12944896.5
19.68,-452464.909,29742275.2,2.078986462E-03,13524447.1
19.69,-226092.394,29745172.9,1.294930913E-03,11934438
19.7,-148214.48,29748211.7,7.475092682E-04,11194509.4
19.71,-301476.41,29751351.6,7.275548844E-04,12497157.3
19.72,135057.861,29754607.1,-5.62510115E-04,8235623.68
19.73,-342875.541,29757912.3,8.943003192E-05,12031858.1
19.74,-17010.8655,29761273.8,-8.211374683E-04,8878485.25
19.75,302303.967,29764729.2,-1.815028127E-03,5046751.19
19.76,355751.164,29768190.6,-2.341320827E-03,2972805.44
19.77,221873.179,29771632.7,-2.401261251E-03,2678903.44
19.78,486817.482,29775071.9,-3.160740358E-03,-1213519.7
19.79,446400.456,29778477.2,-3.312575419E-03,-2644661.51
19.8,490954.328,29781821.2,-3.54868091E-03,-4801316.04
19.81,25520.6771,29785098.8,-2.669657956E-03,-1830538.77
19.82,268190.903,29788368.3,-2.962042739E-03,-4719751.57
19.83,507397.842,29791611.7,-3.313907949E-03,-8058708.39
19.84,510425.034,29794737.5,-3.287667868E-03,-9630967.34
19.85,533739.631,29797754.6,-3.252494583E-03,-11306978
19.86,301956.664,29800672.6,-2.675721008E-03,-10352736.9
19.87,15633.1818,29803530.8,-1.85289375E-03,-8166145.03
19.88,-140179.38,29806348.5,-1.135736639E-03,-6447398.68
19.89,-308954.352,29809102.3,-3.469155916E-04,-4133925.73
19.9,-801292.716,29811772.1,1.071948869E-03,1885563.73
19.91,-180796.989,29814297.6,5.482335574E-04,-2003284.17
19.92,-225662.374,29816652.2,9.028788071E-04,-763479.115
19.93,-254678.318,29818885.3,1.155002874E-03,296064.839
19.94,-623820.083,29821011.8,2.017647612E-03,4912080.61
19.95,-187645.937,29823023.5,1.495567237E-03,2333019.12
19.96,101286.173,29824945.2,9.91104894E-04,115597.55
19.97,98621.0553,29826841.9,8.409186362E-04,-33725.566
19.98,435236.063,29828707.5,6.387368371E-05,-3578781.88
19.99,839773.226,29830552.7,-9.680800471E-04,-8640337.48
20,341803.735,29832389.2,-4.478382099E-04,-5689061.96
20.01,749740.166,29834198.2,-1.320125156E-03,-10534195.3
20.02,672717.634,29836001.1,-1.3779836E-03,-11403806.8
20.03,94565.0627,29837834.3,-3.900224734E-04,-7094788.04
20.04,-127335.999,29839718.6,2.69384067E-04,-4772758.05
20.05,279192.358,29841638.3,-1.623250165E-04,-8115523.33
20.06,464027.368,29843567.4,-3.987153377E-04,-10283101.5
20.07,454092.195,29845508.4,-3.602542667E-04,-10989917.3
20.08,733657.732,29847437.8,-8.595688287E-04,-14501092.1
20.09,545174.11,29849375.6,-5.191617298E-04,-13950747.1
20.1,849843.058,29851305.9,-1.035199509E-03,-17841994.6
20.11,462766.013,29853253.7,-2.300013283E-04,-15435130.6
20.12,557994.95,29855226.4,-1.749797377E-04,-16871297.6
20.13,472064.05,29857205.9,2.571794496E-04,-16579546.6
20.14,709017.917,29859187.2,5.597799502E-05,-19305951.6
20.15,-258582.119,29861255.4,2.316691199E-03,-10447491.5
20.16,832946.356,29863248.1,6.628019225E-04,-19793657.3
20.17,215001.882,29865232.9,2.108023582E-03,-14578106.7
20.18,444331.125,29867262.6,1.968232573E-03,-16494189.1
20.19,449595.435,29869202.9,2.230223857E-03,-16498263.5
20.2,-38149.086,29871241.9,3.552348891E-03,-11651155.1
20.21,-127817.187,29873261.3,4.236396196E-03,-9509860.93
20.22,201747.685,29875197.8,3.951078068E-03,-11309133.6
20.23,-58011.284,29877154.1,4.73164269E-03,-8098333.58
20.24,302638.841,29879079,4.135299616E-03,-10522036.2
20.25,-293849.575,29881051.2,5.537668248E-03,-4215064.11
20.26,4310.77248,29883011.1,5.098899281E-03,-5491720.93
20.27,-27151.4489,29884926.6,5.219187974E-03,-4161002.74
20.28,106512.335,29886899.2,4.857456713E-03,-4576307.86
20.29,-93254.5266,29888909.8,5.188202598E-03,-1994666.76
20.3,-55346.793,29890961.4,5.013805406E-03,-1376405.46
20.31,653581.216,29892980.9,3.111644233E-03,-7620481.63
20.32,318674.386,29895141.7,3.345314162E-03,-5266382.12
20.33,-589839.622,29897432.4,5.266077156E-03,3596323.47
20.34,-341093.079,29899653.8,4.879902668E-03,3217411
20.35,-68600.9544,29901844.1,4.208283307E-03,1937919.52
20.36,-588725.955,29904139.3,5.279295946E-03,7715453
20.37,-35480.5831,29906442.9,3.85332165E-03,3967637.01
20.38,-9924.9309,29908794.6,3.398886317E-03,4108499.06
20.39,-349281.612,29911238,3.823359702E-03,7646216.5
20.4,-227805.504,29913688.3,3.274544297E-03,7416294.83
20.41,116642.372,29916158.3,2.041380383E-03,4591779.43
20.42,-1448.33468,29918684.1,1.785171968E-03,5414624.07
20.43,252779.45,29921247.2,6.375428453E-04,2729484.54
20.44,-571652.932,29923807.9,2.282491912E-03,10240092.3
20.45,-3102.86948,29926349.6,7.496424712E-04,5768914.31
20.46,-234758.856,29928891.4,1.025758564E-03,7958586.61
20.47,-385616.233,29931417.4,1.190970624E-03,9718300.15
20.48,-884599.373,29933910.1,2.435072783E-03,15414004.6
20.49,-868166.341,29936350.5,2.559492999E-03,17116034.4
20.5,-985033.967,29938734.9,2.952390692E-03,20065620.4
20.51,-738239.818,29941079.1,2.290687036E-03,19499083
20.52,-921914.668,29943393,2.547439833E-03,22540378.8
20.53,-723785.737,29945686,1.78267023E-03,22062385.1
20.54,-342334.746,29948014.8,3.265272238E-04,19179120.9
20.55,-358936.027,29950345.6,-3.232923532E-04,19178476.9
20.56,-250515.106,29952669.8,-1.280295425E-03,17871970.9
20.57,-352015.071,29954952.6,-1.652868912E-03,18379512.2
20.58,-161802.195,29957199.3,-2.701136933E-03,16146553.6
20.59,-582062.214,29959351.2,-2.102979438E-03,19546644.1
20.6,-438768.461,29961452.4,-2.728963113E-03,18290185.4
20.61,-380073.774,29963552.6,-3.158224286E-03,17555963.6
20.62,-134227.585,29965616.8,-4.131062366E-03,14699774.1
20.63,95908.5331,29967669.9,-5.164630612E-03,11383387.4
20.64,-153006.124,29969590,-4.943250174E-03,12281755.9
20.65,132129.871,29971470.9,-5.917931089E-03,8480726.23
20.66,93160.2804,29973283.3,-6.072908227E-03,7298777.87
20.67,-92191.2872,29974954.3,-5.714185751E-03,7675967.1
20.68,-34887.6755,29976585.5,-5.790581477E-03,6190500.67
20.69,-394387.612,29978118.1,-4.701366346E-03,8816981.7
20.7,-281934.086,29979615.7,-4.628629208E-03,7647183.73
20.71,-203907.546,29981079.9,-4.517684014E-03,6633807.29
20.72,5034.05354,29982451.1,-4.823666017E-03,4098969.41
20.73,73941.5197,29983719.4,-4.871284658E-03,2503143.17
20.74,408944.293,29984890,-5.628851649E-03,-1891151.57
20.75,396126.398,29985931.7,-5.614152809E-03,-3549865.42
20.76,255784.74,29986831.7,-5.185316911E-03,-3831740.79
20.77,302565.535,29987672.6,-5.064814485E-03,-5494274.09
20.78,253822.885,29988452.4,-4.669798349E-03,-6205701.07
20.79,503651.137,29989178.2,-4.963588651E-03,-9709076.25
20.8,-290547.118,29989812.5,-2.764563834E-03,-3244312.45
20.81,-344771.941,29990464.2,-1.946818952E-03,-2129346.49
20.82,-217498.325,29991135.2,-1.56723344E-03,-2517144.13
20.83,47700.9249,29991723.5,-1.691095237E-03,-4658360.81
20.84,102473.056,29992214.6,-1.525186179E-03,-5324435.43
20.85,54399.817,29992626.4,-1.186254075E-03,-5063523.46
20.86,-36312.4021,29992991,-7.419802527E-04,-4184567.31
20.87,93464.1869,29993318.2,-7.708036439E-04,-5243482.7
20.88,-110023.156,29993617.6,-1.543754275E-04,-3250196.25
20.89,80174.0775,29993893.4,-3.284937276E-04,-4690308.13
20.9,140163.48,29994147.2,-3.330829603E-04,-5247174.97
20.91,778783.286,29994373.7,-1.586228498E-03,-11790762.3
20.92,1155050.66,29994569.3,-2.55266559E-03,-17263812.7
20.93,681496.461,29994755.7,-1.934397913E-03,-15151346.1
20.94,580975.931,29994944.2,-1.761629577E-03,-15454555.2
20.95,594345.114,29995172.4,-1.696953047E-03,-16470846.9
20.96,575614.534,29995454.7,-1.562182837E-03,-17164281.9
20.97,-61068.2648,29995826.4,-3.126034043E-04,-11527472.1
20.98,362999.308,29996227.7,-6.970737868E-04,-14851510.1
20.99,104939.657,29996647.5,-9.968646266E-05,-12289574.3
21,344622.736,29997075.2,-2.853024274E-04,-14149946.8
21.01,142779.035,29997487.7,1.348201675E-04,-12064731.3
21.02,-79157.3994,29997938.2,6.078585267E-04,-9302045.5
21.03,202327.118,29998326.9,3.727597598E-04,-10965860.7
21.04,194620.156,29998696.6,4.418898839E-04,-10446015.8
21.05,366744.259,29999051.7,2.365906382E-04,-11768413.8
21.06,526084.449,29999377,1.205052107E-06,-13362938.6
21.07,791638.958,29999687.6,-4.050369892E-04,-16446286.5
21.08,470439.26,30000035.6,-1.300073919E-04,-14289406.1
21.09,644376.637,30000371.5,-3.540899349E-04,-16272593.1
21.1,593713.425,30000692.2,-3.342147657E-04,-16351024
21.11,474559.997,30001052.5,-2.205054629E-04,-15642744.3
21.12,10649.3112,30001457.5,2.904307049E-04,-11109566.3
21.13,251553.939,30001832.7,1.672420839E-04,-12456236.7
21.14,655919.957,30002127.4,-1.641192606E-04,-16020676.4
21.15,4126.2083,30002526,4.176173118E-04,-10083254.1
21.16,210249.949,30002889.8,3.260792287E-04,-11109946.4
21.17,290617.779,30003175.9,3.134448911E-04,-11296442.1
21.18,35200.0924,30003510.6,5.558068045E-04,-8438405.49
21.19,98390.184,30003800.2,5.718830176E-04,-8126441.5
21.2,133741.404,30004046.8,5.938413903E-04,-7693899.19
21.21,331518.46,30004263.3,4.760807476E-04,-9057142.8
21.22,253204.725,30004481.9,5.296177038E-04,-8176565.51
21.23,161245.301,30004706.7,6.019030703E-04,-7007722.83
21.24,638698.475,30004857.5,2.896073044E-04,-11321799
21.25,301639.6,30005046.4,4.709249062E-04,-8695971.05
21.26,360391.454,30005238.4,4.362046613E-04,-9261874.98
21.27,118778.734,30005403.7,6.033347126E-04,-6880192.6
21.28,358558.151,30005543.1,4.886784753E-04,-8789610.98
21.29,188618.645,30005670.5,6.050176221E-04,-7175312.04
21.3,144685.122,30005807.1,6.609437249E-04,-6467582.55
21.31,32028.2766,30005914.6,7.681462393E-04,-4929661.89
21.32,-47749.4814,30006010,8.644478956E-04,-3483183.84
21.33,506467.798,30006033.7,5.563893569E-04,-8225770.64
21.34,-154682.453,30006107.6,9.35240068E-04,-2207450.72
21.35,-620187.96,30006196.2,1.289670971E-03,3430159.81
21.36,-154055.816,30006151.8,1.105938636E-03,979930.916
21.37,42997.1076,30006067.4,9.87954006E-04,-61941.9353
21.38,252876.965,30006010.3,7.951347659E-04,-1892821.57
21.39,4320.63992,30005980.5,8.731035962E-04,337165.955
21.4,212206.085,30005927.8,6.785578549E-04,-1434142.76
21.41,111410.899,30005858.3,6.669957792E-04,-624771.316
21.42,-141457.176,30005790.9,7.833531742E-04,1879771.81
21.43,-321678.41,30005696.7,9.010757073E-04,4300836.29
21.44,-542.103004,30005569.9,6.693147438E-04,2110591.03
21.45,-97374.4188,30005443.9,6.751629216E-04,3241879.71
21.46,-181633.675,30005325.3,6.792335809E-04,4396101.61
21.47,65797.1932,30005193.4,4.354748494E-04,2440209.61
21.48,129038.088,30005065,2.809282041E-04,1656121.63
21.49,48176.2957,30004938.7,2.319689003E-04,2093047.94
21.5,702815.405,30004809.2,-4.091022623E-04,-4646562.71
21.51,469154.286,30004675.3,-4.191987665E-04,-4119903.24
21.52,148104.917,30004510.3,-2.697663395E-04,-2180751.11
21.53,330515.704,30004323.7,-4.469021566E-04,-4350340.4
21.54,101045.261,30004126.8,-2.774007013E-04,-2825947.43
21.55,112922.726,30003918.2,-2.644909346E-04,-3169340.07
21.56,233077.441,30003693.3,-3.419540503E-04,-4555090.55
21.57,195143.037,30003446.9,-3.000669476E-04,-4666002.87
21.58,175465.159,30003176.4,-2.603410138E-04,-4844005.77
21.59,-1624.90295,30002883.8,-5.840166054E-05,-3345192.97
21.6,-213772.527,30002573.7,2.200244027E-04,-1026018.44
21.61,-126089.644,30002236.2,2.528847999E-04,-1150885.11
21.62,-317009.751,30001866.1,5.119471753E-04,1298957.57
21.63,-452655.011,30001460.9,7.356533253E-04,3634338.16
21.64,-902136.673,30001014.8,1.265302883E-03,9470713.74
21.65,-679562.944,30000499.9,1.212602159E-03,9637240.49
21.66,-835894.865,29999918.1,1.422763397E-03,13000124.7
21.67,-512373.887,29999297.3,1.163880727E-03,11775653.1
21.68,-642434.809,29998671,1.230239878E-03,14236227.2
21.69,-856900.163,29998040.2,1.376071533E-03,17719367.7
21.7,147286.346,29997444.5,4.640104875E-04,9460161.31
21.71,-234334.28,29996926.9,5.86565813E-04,12472959.2
21.72,-293880.711,29996437.7,5.157461369E-04,13021375.4
21.73,-263940.384,29995976.1,4.208587768E-04,12923969.7
21.74,-4544.52368,29995544.4,1.58520588E-04,10333213.5
21.75,425691.23,29995190.5,-2.429434036E-04,5318924.06
21.76,341768.132,29994858.2,-2.846909946E-04,4333498.56
21.77,404589.208,29994512.7,-3.790537227E-04,2082650.33
21.78,318271.424,29994150.8,-3.433268992E-04,1256079.64
21.79,13543.2269,29993750.7,-1.42309215E-04,2862459.22
21.8,-239079.129,29993353.9,6.056964104E-05,4784322.11
21.81,-173807.641,29992994.1,1.071773811E-04,4214015.09
21.82,-225264.211,29992632.5,1.989880987E-04,4668761.4
21.83,-203952.483,29992242.1,2.504861775E-04,4513501.52
21.84,103729.597,29991830.8,1.834377039E-04,1464943.8
21.85,95341.4397,29991354.4,2.192726999E-04,822580.508
21.86,181512.638,29990806.7,2.245826522E-04,-743455.432
21.87,179590.645,29990191.5,2.492051722E-04,-1564769.56
21.88,-249270.262,29989489.7,3.468654557E-04,1937951.82
21.89,-75164.6613,29988751.2,3.301290902E-04,528104.987
21.9,-368654.523,29987952.8,3.55948055E-04,3445540.47
21.91,-478683.904,29987082.3,3.475648761E-04,5216780.37
21.92,-234122.968,29986154.5,3.316902798E-04,3769967.26
21.93,283474.226,29985151.1,3.6806299E-04,-1069906.83
21.94,247659.384,29984059.8,4.036785951E-04,-1695230.56
21.95,64638.4946,29982879.9,4.035429722E-04,-750029.184
21.96,-289506.823,29981634.5,3.208421763E-04,2470476.83
21.97,202681.651,29980355.2,4.15129649E-04,-1878957.74
21.98,606464.942,29979026.2,5.673581831E-04,-6555939.41
21.99,504908.419,29977617.4,5.984575434E-04,-7238206.8
22,266733.415,29976139.8,5.224326459E-04,-6211235.61
22.01,106993.179,29974630.9,4.009883863E-04,-5253318.54
22.02,185101.86,29973110.9,3.550430511E-04,-6215672.53
22.03,-4380.12118,29971568.1,1.542636387E-04,-4650416.46
22.04,396349.261,29969989.5,2.951565629E-04,-8510597.85
22.05,503210.082,29968357,3.252417246E-04,-10362953.6
22.06,865565.982,29966660.2,5.798988105E-04,-15063462.5
22.07,814215.745,29964894.3,5.612900614E-04,-16417814.4
22.08,912154.073,29963068.7,6.159853294E-04,-19081164.2
22.09,1093481.87,29961180.2,7.212876196E-04,-22679179.1
22.1,638478.196,29959280.7,1.82823739E-04,-20252780.9
22.11,391537.736,29957417.9,-3.63126885E-04,-18646060.3
22.12,204352.158,29955605.2,-9.891829292E-04,-16838970
22.13,339313.799,29953797.4,-1.307711597E-03,-17739053.8
22.14,2476.68908,29951985.5,-2.154326385E-03,-14181072.5
22.15,412539.675,29950093.2,-2.130166438E-03,-17250115.1
22.16,55916.7278,29948156.6,-2.965597703E-03,-13571231.4
22.17,92246.6684,29946197.4,-3.352425111E-03,-12990467.3
22.18,491963.57,29944096.9,-3.149866139E-03,-16046281.6
22.19,601758.484,29941961,-3.154718679E-03,-17250116
22.2,249331.807,29939859.9,-3.843732445E-03,-14107110.3
22.21,260296.761,29937732.7,-4.108463876E-03,-13666373.8
22.22,611917.319,29935524.1,-3.753414728E-03,-16625155.2
22.23,187391.207,29933389.6,-4.593550612E-03,-12724918
22.24,183639.112,29931273.8,-4.858763572E-03,-11999164.2
22.25,-50351.6513,29929152.2,-5.572124758E-03,-8875669.98
22.26,-528800.9,29927104.8,-6.856876366E-03,-2785654.28
22.27,-299342.994,29924975,-6.870085491E-03,-2609949.89
22.28,-247303.339,29922803.8,-6.992533551E-03,-1290370.49
22.29,12724.9843,29920658.3,-6.465102076E-03,-2356928.43
22.3,-60076.0257,29918580.2,-6.433390626E-03,-800031.396
22.31,-216858.947,29916585.7,-6.576072119E-03,1675795.36
22.32,-37088.9187,29914594,-5.971137919E-03,1121195.21
22.33,415105.464,29912635.3,-4.509469551E-03,-2709765.18
22.34,454705.711,29910800.9,-3.727961789E-03,-3656788.19
22.35,473020.828,29909064.5,-3.003265739E-03,-4565083.54
22.36,457861.064,29907365.2,-2.441294063E-03,-5169534.63
22.37,355957.275,29905703.1,-2.20129946E-03,-4888654.74
22.38,93614.3757,29904075.5,-2.547813614E-03,-2746810.36
22.39,-146905.7,29902477,-3.081515912E-03,-162511.13
22.4,-437962.627,29900899.6,-3.944580001E-03,3530898.45
22.41,-396482.128,29899317.1,-4.027567127E-03,4577059.67
22.42,-340165.076,29897725.1,-3.943492006E-03,5314897.8
22.43,-503590.084,29896141.1,-4.348321399E-03,8011904.84
22.44,225323.152,29894539.7,-2.173159476E-03,2092867.71
22.45,260465.985,29892977.6,-1.452180639E-03,1245002.67
22.46,433098.537,29891446.6,-2.954971812E-04,-1212703.93
22.47,520393.768,29889897,6.170818846E-04,-3186307.15
22.48,121914.982,29888310.3,2.160494477E-05,-529992.184
22.49,355097.856,29886677,9.216313531E-04,-3184753.35
22.5,370235.134,29885015.3,1.245334319E-03,-4180923.28
22.51,550572.787,29883321.3,2.033656044E-03,-6926889.61
22.52,-138233.193,29881592.7,2.301994356E-04,-1338369.09
22.53,409196.517,29879836.5,1.603750593E-03,-6402455.98
22.54,673498.198,29878040.9,2.470389908E-03,-9892635.2
22.55,863315.733,29876187.3,3.297036922E-03,-13404850.2
22.56,255041.09,29874275,1.760395861E-03,-9270539.77
22.57,99367.1209,29872343.1,1.047466371E-03,-8061104.53
22.58,78332.747,29870406,5.774022664E-04,-7669017.87
22.59,-408041.421,29868467.3,-1.210227013E-03,-2569095.77
22.6,-106380.676,29866478.9,-9.686918917E-04,-4132504.31
22.61,-489343.129,29864434.1,-2.398178816E-03,463751.63
22.62,-482318.306,29862333,-2.837845259E-03,2011021.06
22.63,-328851.725,29860139.4,-2.770532562E-03,2118021.37
22.64,224562.457,29857878.1,-1.38955239E-03,-2279596.89
22.65,-246235.333,29855624.4,-2.3895106E-03,2150476.12
22.66,184671.265,29853352.8,-1.235753313E-03,-1351772.63
22.67,353401.798,29851065.4,-5.504938424E-04,-3234687.2
22.68,170528.495,29848814.9,-6.763420402E-04,-2144283.47
22.69,-56485.6639,29846576.9,-1.067359002E-03,-112598.215
22.7,84142.3082,29844353.6,-6.979154036E-04,-1172987.24
22.71,132598.152,29842162.1,-4.867847382E-04,-1679471.51
22.72,381354.692,29840016.3,2.314043402E-04,-4369031.88
22.73,441572.316,29837919.6,5.993657492E-04,-5781645.75
22.74,528363.934,29835870.2,1.015760247E-03,-7621820.08
22.75,817310.551,29833855.3,1.868438244E-03,-11660365.6
22.76,287364.666,29831891,9.549875983E-04,-8169598.34
22.77,-268444.305,29830003.4,-3.24293997E-04,-3040962.67
22.78,-356177.556,29828199.6,-8.805735049E-04,-1078176.93
22.79,-161977.388,29826440.5,-8.31045924E-04,-1728334.09
22.8,-541779.175,29824720.4,-1.814207578E-03,2830233.71
22.81,-189754.997,29823008.8,-1.394912299E-03,956297.508
22.82,-341224.797,29821310,-1.784819735E-03,3269084.67
22.83,-269073.711,29819640.8,-1.727123067E-03,3591635.42
22.84,-131769.551,29817988,-1.479543896E-03,3091931.36
22.85,-138382.899,29816375.8,-1.413213663E-03,3608113.23
22.86,-400536.753,29814802.1,-1.815276438E-03,6656486.09
22.87,22618.318,29813253.2,-1.02358076E-03,3455222.45
22.88,-346434.693,29811750.1,-1.512895734E-03,7107435.65
22.89,-200536.549,29810288.8,-1.184304194E-03,6402333.21
22.9,124320.651,29808875,-4.738208139E-04,3573114.95
22.91,-171606.525,29807518.2,-7.353179526E-04,6043736.45
22.92,-477584.718,29806193.6,-1.146405999E-03,9321803.83
22.93,-759263.322,29804887.7,-1.650969837E-03,13158658.9
22.94,-309698.102,29803612.6,-9.420259971E-04,10299766.9
22.95,-464645.293,29802379.7,-1.064367684E-03,12298362
22.96,-490259.218,29801186.5,-9.795443347E-04,13250456.5
22.97,-286792.752,29800047.1,-4.951264394E-04,11975954.3
22.98,-202272.182,29798951.1,-1.121827313E-04,11293226.6
22.99,193878.066,29797920.6,8.566633586E-04,7192685.4
23,11716.7631,29796915.6,9.556780605E-04,7875515.75
23.01,50143.5015,29795908.1,1.32126823E-03,6756944.61
23.02,183067.107,29794921.9,1.806509919E-03,4654073.97
23.03,141851.486,29793922.5,1.999378067E-03,3938976.83
23.04,-359618.972,29792879.9,1.31056477E-03,7963840.04
23.05,-223547.463,29791858.1,1.484340105E-03,6898631.5
23.06,-355931.663,29790846.2,1.225264259E-03,8236993.17
23.07,-197551.154,29789820,1.445035223E-03,6921032.87
23.08,-74340.3141,29788789,1.673295261E-03,5595226.07
23.09,-50905.7591,29787715,1.781565362E-03,4929885.63
23.1,96781.9568,29786612.3,2.106904852E-03,2979109.95
23.11,564490.93,29785488.3,3.051526901E-03,-2526902.58
23.12,255180.141,29784271.5,2.74940048E-03,-1390913.44
23.13,622906.782,29782997.8,3.478702911E-03,-6238031.9
23.14,800074.126,29781676.6,3.936833524E-03,-9944502.72
23.15,616009.546,29780246,3.7389036E-03,-10460978.5
23.16,340135.771,29778762.7,3.18186404E-03,-9446579.89
23.17,963330.643,29777284.7,4.09259967E-03,-16612118.5
23.18,1002047.76,29775734.3,4.141698927E-03,-19368613.6
23.19,865178.554,29774082.3,3.815867793E-03,-20416365.5
23.2,765056.229,29772397.2,3.386941435E-03,-21259168.4
23.21,798804.708,29770716.8,3.090032134E-03,-23030908
23.22,681468.145,29769043,2.472125213E-03,-23228722.3
23.23,701704.558,29767363,2.030301102E-03,-24378503.4
23.24,827933.539,29765648.7,1.779702877E-03,-26488417.5
23.25,359677.772,29763956.1,4.299580808E-04,-22833534.8
23.26,-269731.795,29762376.3,-1.459746588E-03,-16260985.5
23.27,358936.823,29760724.3,-1.163276793E-03,-20574429.2
23.28,134751.055,29759002.8,-2.136023215E-03,-17858846.5
23.29,462480.908,29757209.6,-2.022888222E-03,-20207163.4
23.3,251043.735,29755347.5,-2.772929626E-03,-17831116.5
23.31,-93878.1518,29753556,-3.829278411E-03,-13622834.2
23.32,-30032.5162,29751701.8,-4.196495555E-03,-12571658
23.33,-301987.397,29749863.2,-5.116755474E-03,-8322551.3
23.34,-365037.8,29748027.7,-5.643827379E-03,-5565736.9
23.35,127995.762,29746091,-4.978658165E-03,-8254821.95
23.36,-336625.683,29744289.4,-5.888684573E-03,-2681637.49
23.37,-42610.3732,29742543.4,-5.406057285E-03,-3680760.45
23.38,30619.952,29740828.3,-5.172577634E-03,-3189693.56
23.39,451395.978,29739247.4,-4.112682982E-03,-6556406.78
23.4,253000.925,29737851.7,-4.090981615E-03,-4815239.03
23.41,-260921.897,29736662.5,-4.82390852E-03,495570.402
23.42,255260.661,29735474.2,-3.70904348E-03,-3229536.28
23.43,-127189.852,29734442.8,-4.171351267E-03,708241.015
23.44,-152009.527,29733567,-4.045612839E-03,1842721.07
23.45,396382.656,29732749.6,-2.737092078E-03,-2680693
23.46,473388.653,29732115.5,-2.104704395E-03,-3982579.43
23.47,725986.062,29731642.1,-1.081177203E-03,-7342237.48
23.48,795733.623,29731279.4,-3.934698993E-04,-9468751.68
23.49,22455.0418,29731032.2,-1.538516264E-03,-3329936.89
23.5,302108.087,29730819.6,-9.419744852E-04,-5770694.78
23.51,181538.932,29730667,-1.094192053E-03,-4819087.64
23.52,-55293.0852,29730603.8,-1.537621807E-03,-2520167.81
23.53,-64184.5578,29730576.7,-1.631399275E-03,-1859087.06
23.54,22052.1702,29730574.9,-1.50731618E-03,-2143264.56
23.55,401392.806,29730581.6,-6.822594603E-04,-5637610
23.56,368054.171,29730613.6,-5.30122718E-04,-5971734.2
23.57,-22299.1623,29730666.8,-1.171088294E-03,-2666277.81
23.58,173254.137,29730691.2,-8.06142183E-04,-4204904.35
23.59,-115807.38,29730704.5,-1.37231722E-03,-1348908.51
23.6,54134.6882,29730695.8,-1.092489986E-03,-2445024.22
23.61,56955.6273,29730654.2,-1.071863693E-03,-2250653.62
23.62,27533.6377,29730595.1,-1.090851175E-03,-1811380.46
23.63,-18280.0418,29730505.7,-1.154976369E-03,-1124275.09
23.64,602071.845,29730371.3,1.394298863E-04,-7025572.2
23.65,89767.0614,29730233.7,-5.997336988E-04,-3134161.69
23.66,122252.532,29730075,-4.915452866E-04,-3476296.36
23.67,-159276.376,29729885,-1.046807586E-03,-617063.019
23.68,-435920.303,29729687.3,-1.700387934E-03,2826102.4
23.69,-581561.742,29729457.4,-2.191420726E-03,5672628.18
23.7,-559445.823,29729186.8,-2.35261565E-03,7152222.46
23.71,-953891.026,29728881.5,-3.23342009E-03,12678708.2
23.72,-809026.528,29728524.9,-3.159749815E-03,13690302.2
23.73,-539961.934,29728132.6,-2.702974329E-03,13027222.9
23.74,92755.437,29727791,-1.361349536E-03,7856826.4
23.75,271997.742,29727568.7,-5.751016276E-04,5536997.09
23.76,153079.273,29727419.4,-2.933266884E-04,5659482.68
23.77,711240.933,29727308,1.095108905E-03,-697057.94
23.78,353663.443,29727204.8,9.787161907E-04,738290.837
23.79,711112.454,29727103.2,1.910797006E-03,-4157429.56
23.8,518411.494,29727013.5,1.91061761E-03,-4295538.07
23.81,316759.739,29726921.9,1.749590803E-03,-3890804.16
23.82,288887.368,29726882.6,1.728783725E-03,-4591218.72
23.83,20625.1863,29726895,1.247809447E-03,-2756305.53
23.84,137339.505,29726970.9,1.290492535E-03,-4071156.26
23.85,-53857.174,29727088.2,8.578966407E-04,-2516522.9
23.86,561795.079,29727231.8,1.682607217E-03,-8580701.57
23.87,448416.161,29727365.4,1.542481313E-03,-8803397.32
23.88,394723.934,29727485.3,1.44399193E-03,-9365274.4
23.89,409112.06,29727608.6,1.386777666E-03,-10317899.9
23.9,135067.473,29727750.3,8.585108928E-04,-8359832.93
23.91,62598.2996,29727920.6,5.337955626E-04,-7672835.68
23.92,85122.0708,29728105.8,3.296237859E-04,-7673186.37
23.93,16861.6671,29728296.9,1.468996887E-05,-6804767.12
23.94,-160710.762,29728494.3,-4.69339434E-04,-4641373.63
23.95,-217970.557,29728692.5,-8.087356205E-04,-3206298.65
23.96,-384801.88,29728889.9,-1.297298955E-03,-514066.923
23.97,-102115.937,29729064.1,-1.120238524E-03,-1941231.24
23.98,75221.5592,29729225.8,-9.535526964E-04,-3040546.05
23.99,260268.394,29729411.9,-6.726831647E-04,-4739256.31
24,161484.123,29729637.9,-7.434303217E-04,-4053788.98
24.01,50316.2969,29729908.2,-8.747859738E-04,-3002346.36
24.02,526868.636,29730197.9,-1.777291532E-04,-7546453.93
24.03,489052.403,29730548.4,-8.268291756E-05,-8138092.62
24.04,507053.075,29730965,6.452341919E-05,-9238981.97
24.05,354804.091,29731437.7,-8.676962343E-05,-8585470.39
24.06,-39023.581,29731997.8,-6.944973937E-04,-5102657.75
24.07,41256.6253,29732626.2,-7.486575152E-04,-5339680.21
24.08,328371.134,29733303.8,-4.465952225E-04,-7825802.89
24.09,325930.799,29734050.7,-4.558835282E-04,-8179068.43
24.1,187681.335,29734869.2,-6.783894295E-04,-7162113.34
24.11,-168881.856,29735760.3,-1.314668786E-03,-3553512.43
24.12,-56340.9232,29736696.2,-1.348721065E-03,-3736350.42
24.13,-122833.258,29737671.5,-1.595847375E-03,-2397085.98
24.14,69291.7117,29738684,-1.407622587E-03,-3557174.58
24.15,-407539.014,29739755.7,-2.201444709E-03,1514717.72
24.16,-397250.42,29740858.2,-2.361562741E-03,2844256.53
24.17,-567382.827,29741965.7,-2.779598786E-03,5982980.71
24.18,-535940.384,29743089,-2.854932008E-03,7401562.27
24.19,-461418.278,29744222.5,-2.773947008E-03,8253177.24
24.2,-155817.844,29745397.2,-2.188820838E-03,6483231.65
24.21,-481228.085,29746644.6,-2.510815447E-03,10186227.9
24.22,-69848.9236,29747941.4,-1.655918566E-03,7211833.85
24.23,-77458.1205,29749301.3,-1.344579417E-03,7390642.42
24.24,-12624.5455,29750732.1,-8.885676033E-04,6708006.84
24.25,155140.744,29752220.9,-2.436995145E-04,4827929.96
24.26,267134.37,29753764.8,3.513378407E-04,3027183.68
24.27,-181949.581,29755328.9,-8.073225657E-05,6542173.62
24.28,-265982.181,29756906.6,-1.00087286E-04,7522043.16
24.29,-174672.06,29758517,1.388291469E-04,6988072.54
24.3,296082.247,29760174.2,1.153344271E-03,2338382.68
24.31,-145033.035,29761842.3,6.463224065E-04,5621503.61
24.32,-113446.37,29763511.9,8.005849774E-04,5237514.13
24.33,-113316.051,29765197.7,8.627601131E-04,5185100.22
24.34,78502.5394,29766882.4,1.301800928E-03,3138838.09
24.35,-137401.762,29768550.6,1.01854389E-03,4710345.35
24.36,-29451.8184,29770201.6,1.249511021E-03,3562543.41
24.37,-447203.915,29771820.7,4.639766435E-04,7469111.11
24.38,-824532.08,29773396.1,-4.441184222E-04,11987831.5
24.39,-1223668.45,29774932.5,-1.560782681E-03,17718189.9
24.4,-1469431.34,29776384.7,-2.475108036E-03,22850033.8
24.41,-837155.69,29777771.8,-1.598152601E-03,19696209.1
24.42,-554322.865,29779131.6,-9.660711192E-04,18315966.2
24.43,-571965.468,29780496.5,-7.01003738E-04,19041073.2
24.44,-1009892.84,29781823.8,-1.287883017E-03,23989440.1
24.45,-246780.355,29783186.7,3.753421765E-04,17923274.8
24.46,-411962.54,29784562.9,5.336856003E-04,19191216
24.47,-453799.683,29785897.9,8.73525857E-04,19438711.8
24.48,-175963.425,29787293.2,1.789647166E-03,16640167.1
24.49,-104015.465,29788682.4,2.388432442E-03,15130422.3
24.5,-599750.49,29789982.2,1.803707371E-03,19079136.7
24.51,-77517.4634,29791343.8,3.005219607E-03,14071848.4
24.52,-640732.692,29792653.5,2.182375604E-03,18677232.9
24.53,-573103.168,29793917,2.366456956E-03,18252170
24.54,-766690.93,29795220,2.005817759E-03,20390507
24.55,-820004.049,29796473.3,1.863249407E-03,21504818.2
24.56,-585869.122,29797781.1,2.301425265E-03,19873150.6
24.57,-525189.066,29799066.9,2.526764726E-03,19336733.6
24.58,-419866.423,29800333.8,2.884539874E-03,18143574.8
24.59,-834707.291,29801506.9,2.208356729E-03,21910645.5
24.6,-1073348.79,29802609.4,1.677952383E-03,24935456.7
24.61,-766488.748,29803769.6,2.155773808E-03,23110302.6
24.62,-528507.512,29804929.2,2.691042504E-03,21128657.7
24.63,-558330.305,29806021.1,2.827664624E-03,21142496.7
24.64,-398023.402,29807100.2,3.322050488E-03,19315288.1
24.65,-128914.514,29808189.6,4.083259846E-03,16002818.9
24.66,-183177.767,29809195.7,4.278854133E-03,15234481.1
24.67,505354.938,29810243.1,5.887465923E-03,7161249.4
24.68,547391.955,29811203.9,6.42494749E-03,3917902.21
24.69,564021.303,29811968.6,6.816997552E-03,828233.141
24.7,86341.0956,29812593.4,6.057800585E-03,2854278.68
24.71,101723.377,29813218.7,5.935716118E-03,1259287.15
24.72,190290.825,29813922,5.880075453E-03,-938166.862
24.73,-54295.5347,29814553,5.162748913E-03,45168.8366
24.74,-337.199456,29815188.7,4.886142539E-03,-1231078.34
24.75,-224170.267,29815799.6,4.057682613E-03,290307.476
24.76,40044.577,29816401.5,4.098250258E-03,-2457239.51
24.77,-302335.686,29816926.8,3.070182431E-03,340400.247
24.78,-308883.326,29817394.5,2.570196512E-03,662865.87
24.79,-298009.584,29817834.2,2.120774708E-03,964935.534
24.8,-48701.3437,29818199.2,2.197423583E-03,-1145566.13
24.81,-274048.546,29818470.6,1.502354928E-03,928335.412
24.82,-58379.1518,29818679.4,1.592619225E-03,-834569.692
24.83,60311.6067,29818840,1.609791519E-03,-2080086.68
24.84,242511.592,29818942,1.8288985E-03,-4278407.14
24.85,317544.292,29819002.8,1.916813623E-03,-5799572.56
24.86,-3923.44227,29819032.4,1.259032274E-03,-3483092.02
24.87,309571.607,29819073.3,1.643077122E-03,-6658793.85
24.88,651881.397,29819115.4,2.20498888E-03,-10826576.8
24.89,-17951.0398,29819154.1,9.965807973E-04,-5708630.45
24.9,-176629.714,29819244.1,4.198973284E-04,-3949165.79
24.91,191774.755,29819387.8,7.463554942E-04,-6925821.7
24.92,72582.7399,29819559.4,3.702025287E-04,-5975476.64
24.93,235757.445,29819753.2,4.939855655E-04,-7569419.68
24.94,304329.705,29819967.7,5.123301624E-04,-8533808.9
24.95,663431.21,29820201.6,1.098580539E-03,-12588531.9
24.96,634374.475,29820458,1.110067398E-03,-13593915.6
24.97,704333.672,29820743.6,1.254744942E-03,-15487579.2
24.98,872202.087,29821048.1,1.549921784E-03,-18422774.4
24.99,781869.134,29821394.7,1.407725692E-03,-19122936.3
25,520832.075,29821810.1,8.780727178E-04,-17794527.9
25.01,326953.643,29822314.6,3.218551512E-04,-16357698.9
25.02,70471.8568,29822922.6,-4.260867417E-04,-13708548.2
25.03,-91479.6109,29823611.9,-1.080819638E-03,-11309807.1
25.04,117424.184,29824302.3,-1.109274094E-03,-12182808
25.05,-322777.848,29825039.6,-2.088007076E-03,-7064633.39
25.06,-298556.22,29825783.8,-2.381020803E-03,-5532524.9
25.07,-34436.3496,29826453.1,-2.200520381E-03,-6423960.11
25.08,-25660.8315,29827138,-2.25744905E-03,-5520430.04
25.09,556401.208,29827801.3,-1.33055017E-03,-10454717.7
25.1,187942.415,29828556.2,-1.69780158E-03,-7324661.97
25.11,357049.878,29829364.3,-1.34243728E-03,-8741867.12
25.12,140156.525,29830198.7,-1.550901799E-03,-6623636.86
25.13,-49078.2071,29831112.7,-1.780671658E-03,-4323797.79
25.14,100149.306,29832033.2,-1.560848709E-03,-4922214.71
25.15,-447473.341,29833049.7,-2.301191448E-03,1051228.85
25.16,-162261.704,29834080.4,-1.971865946E-03,-32444.1479
25.17,-309480.339,29835142.5,-2.143918569E-03,2514401.45
25.18,114190.578,29836261.3,-1.517280784E-03,-467188.996
25.19,214930.643,29837457.3,-1.199482076E-03,-1293272.32
25.2,61839.4366,29838774.9,-1.188643725E-03,51055.4718
25.21,-118913.208,29840147.9,-1.274693592E-03,2057124.43
25.22,-406873.736,29841565.6,-1.554703552E-03,5571025.73
25.23,-375566.561,29843004.2,-1.502483133E-03,6548913.16
25.24,-404557.46,29844479.8,-1.498192128E-03,7990743.46
25.25,-59007.8649,29846007.7,-1.036770133E-03,5630763.04
25.26,-353574.829,29847616.1,-1.223624897E-03,8755195.74
25.27,-622097.365,29849270.9,-1.440193985E-03,12253457.3
25.28,-821870.68,29850928.9,-1.63760924E-03,15734284.4
25.29,-974591.894,29852580.3,-1.803881822E-03,19138413.2
25.3,-692462.412,29854246.6,-1.530805036E-03,18440618.5
25.31,-823549.249,29855961.1,-1.585484872E-03,21046349.2
25.32,-520333.928,29857749.7,-1.235071604E-03,19453626.9
25.33,-444158.142,29859632.3,-1.040861804E-03,19299615.1
25.34,18355.6977,29861628.6,-5.014965655E-04,14913699.8
25.35,128049.511,29863730.4,-2.142314057E-04,12842227.9
25.36,92065.208,29865850.8,-5.990337536E-05,11857472.2
25.37,168539.148,29867979.1,1.369835116E-04,9849503.59
25.38,350382.856,29870114.5,3.857927867E-04,6591222.52
25.39,-45389.8485,29872184.4,2.16440155E-04,8670398.51
25.4,-226920.583,29874219.9,1.236275676E-04,9620792.01
25.41,-277046.484,29876293.7,8.000096729E-05,9799107.35
25.42,39973.484,29878408.1,2.524420188E-04,6406285.38
25.43,-313169.793,29880475.3,6.123533475E-05,8950356.1
25.44,-108526.697,29882533.1,1.474567226E-04,6781646.73
25.45,114758.431,29884613.3,2.553967744E-04,4009152.12
25.46,204685.436,29886626.6,3.130045341E-04,1976530.36
25.47,274911.232,29888584.7,3.617382639E-04,-28572.8071
25.48,377123.723,29890484.7,4.214617969E-04,-2454002.99
25.49,187900.764,29892311.4,3.577732873E-04,-2135663.91
25.5,3293.64186,29894092.5,2.797685129E-04,-1303015.5
25.51,-200649.52,29895872.1,1.818371915E-04,302705.985
25.52,-380974.341,29897651.5,8.391917329E-05,2250417.28
25.53,-78074.4518,29899434.1,1.441080282E-04,-144790.996
25.54,-341407.302,29901155.1,4.371334346E-05,2411773.72
25.55,158429.273,29902839.4,1.678068352E-04,-2043792.51
25.56,148803.244,29904473.2,1.684921183E-04,-2554776.17
25.57,442048.415,29906054.1,2.541169718E-04,-6129835.04
25.58,392778.254,29907597.6,2.572109037E-04,-6891928.54
25.59,179577.136,29909112.2,2.104673714E-04,-5857403.23
25.6,357186.632,29910643,2.447935012E-04,-8098088.79
25.61,86702.5983,29912190,1.703958017E-04,-6213077.73
25.62,-161154.027,29913775.2,8.182981841E-05,-3850135.93
25.63,-232132.432,29915410.7,1.698832626E-05,-2533595.75
25.64,-396209.11,29917083.9,-7.622605793E-05,-83475.4876
25.65,-463129.614,29918779.1,-1.530664803E-04,1798311.82
25.66,127143.918,29920469,-5.879075853E-05,-2745776.19
25.67,-105539.708,29922181.5,-1.313278729E-04,-550396.489
25.68,285168.066,29923928.3,-4.431168179E-05,-4097700.8
25.69,289400.911,29925712.5,-3.615339583E-05,-4660944.12
25.7,378256.9,29927548.7,-9.925833905E-07,-6151769.19
25.71,452680.782,29929428.8,3.143370735E-05,-7651878.74
25.72,259927.523,29931368.5,-2.50936368E-05,-6642194.47
25.73,174325.676,29933371,-7.607255808E-05,-6181361.27
25.74,-140021.697,29935450.6,-2.325883815E-04,-3147719
25.75,-299849.656,29937606,-3.717390961E-04,-864052.442
25.76,-448098.808,29939817.7,-5.246509621E-04,1734369.08
25.77,-186401.882,29942055.5,-5.029351245E-04,552832.354
25.78,-879507.514,29944341.3,-8.677807121E-04,8261354.44
25.79,-750739.782,29946634.9,-9.184274874E-04,9383329.44
25.8,-581999.904,29948902.5,-9.016328919E-04,9805263.61
25.81,-577258.867,29951196.9,-8.996657445E-04,11253549.4
25.82,-701482.662,29953528.3,-9.395316779E-04,13897949.9
25.83,-625026.25,29955885,-8.569849361E-04,14759056.7
25.84,-474555.735,29958276.2,-6.85556868E-04,14586082.4
25.85,-400093.54,29960729.1,-5.065018481E-04,14665306.8
25.86,-137661.526,29963259,-1.685274224E-04,12565003.9
25.87,-226720.272,29965851.2,-1.74992025E-05,13251419.2
25.88,-202554.598,29968474.3,1.910355661E-04,12935605.9
25.89,-660350.038,29971081.8,2.599370041E-05,17376096.3
25.9,-696982.047,29973668.4,7.582898347E-05,18669969.2
25.91,-202281.935,29976310.7,5.422495601E-04,14701348.3
25.92,-152528.571,29978981.5,7.722016764E-04,13824775.5
25.93,-208454.301,29981647.1,9.173073423E-04,13784606.7
25.94,-123786.238,29984309.5,1.138655845E-03,12495052
25.95,227826.321,29986974.3,1.587262484E-03,8291440
25.96,233539.173,29989584.9,1.781660914E-03,6648492.65
25.97,104743.977,29992089.5,1.811951951E-03,6336158.81
25.98,-80016.3754,29994504.1,1.706696067E-03,6987947.08
25.99,22545.7468,29996866.3,1.784030689E-03,5271641.99
26,209678.62,29999174.8,1.938782132E-03,2491050.84
26.01,100356.693,30001358.9,1.837943302E-03,2231838.74
26.02,-6241.79392,30003425.8,1.686521417E-03,2278558.04
26.03,-120809.073,30005399.8,1.478285253E-03,2769926.32
26.04,59888.3259,30007293.8,1.512587698E-03,640395.983
26.05,475552.865,30009089.2,1.803965431E-03,-4249109.34
26.06,520588.141,30010706.9,1.832016122E-03,-6433818.15
26.07,287755.804,30012139.4,1.589679398E-03,-5874235.65
26.08,-62825.7612,30013452.1,1.163621493E-03,-3402489.99
26.09,299746.315,30014712.5,1.301890422E-03,-7090274.93
26.1,-14886.6474,30015857.9,9.141969514E-04,-4811217.24
26.11,-35451.3864,30016888.1,7.391054665E-04,-4686616.21
26.12,624721.775,30017817.3,1.150103413E-03,-11197379.6
26.13,655939.71,30018580.3,1.159021103E-03,-13040390.3
26.14,690459.194,30019188.8,1.172268972E-03,-14973387
26.15,808724.299,30019672.8,1.236412517E-03,-17655741.5
26.16,888118.862,30020054.9,1.273131866E-03,-20145675.6
26.17,432241.273,30020379.7,9.02792141E-04,-17348970.7
26.18,572602.907,30020681.4,8.969212131E-04,-19255549.4
26.19,712121.503,30020937.7,9.071095144E-04,-21344893.3
26.2,148339.448,30021204.7,4.604922437E-04,-16691094.5
26.21,449242.137,30021437.9,5.251573154E-04,-19183221.7
26.22,347272.077,30021623.8,3.754669436E-04,-18242539.6
26.23,221072.816,30021809.8,2.168309674E-04,-16832622.5
26.24,722683.636,30021878.6,4.255374497E-04,-21293378.3
26.25,493938.693,30021929.9,2.751749573E-04,-19645107.7
26.26,517199.221,30021984.6,2.458668118E-04,-19957023.3
26.27,496559.665,30022004.9,1.926544932E-04,-19750181.7
26.28,341191.321,30022068.1,7.227130057E-05,-18131801.1
26.29,674833.506,30022085.1,1.791269575E-04,-20985086.3
26.3,556125.407,30022128.1,1.025373285E-04,-20099012.1
26.31,645519.881,30022210.9,1.117838893E-04,-21022292.4
26.32,462823.516,30022332.6,6.541304994E-06,-19354766.9
26.33,722186.601,30022470.5,7.274758384E-05,-21664093.1
26.34,791026.742,30022623.3,7.936725267E-05,-22662829.1
26.35,640743.961,30022886.4,5.087536927E-06,-21657328.8
26.36,823238.087,30023160.5,4.244682837E-05,-23553972.2
26.37,1059674.1,30023445,1.09081913E-04,-26404098.6
26.38,913918.703,30023836.9,5.3853476E-05,-26014956.9
26.39,1096447.09,30024262,9.705280607E-05,-28503042.9
26.4,663165.856,30024806.4,-5.962332395E-05,-25176372.2
26.41,351834.21,30025499.1,-2.051878974E-04,-21963113.9
26.42,279341.902,30026208.2,-2.925766115E-04,-20255835.4
26.43,219224.931,30026959.4,-3.702254345E-04,-18502485.2
26.44,361318.301,30027695.3,-3.768884563E-04,-18660383.2
26.45,469863.036,30028426.4,-3.722965813E-04,-18861887.8
26.46,440401.631,30029209,-3.901337398E-04,-18000223.9
26.47,384691.335,30030031.7,-4.088968288E-04,-16821016.8
26.48,314075.708,30030880.6,-4.277050565E-04,-15368610.4
26.49,207106.042,30031760.6,-4.525089853E-04,-13410139.8
26.5,517405.971,30032595.8,-3.64951085E-04,-15416022.4
26.51,641691.243,30033454.8,-3.027134551E-04,-16387677.4
26.52,633528.407,30034411.3,-2.634661351E-04,-16429520.3
26.53,642279.408,30035404.7,-2.208498613E-04,-16625333
26.54,586929.685,30036440.2,-1.940226183E-04,-16213447.1
26.55,649593.6,30037496.2,-1.434082323E-04,-16870666.8
26.56,638735.265,30038585.2,-1.076138956E-04,-16959106.5
26.57,360926.034,30039754.5,-1.29889938E-04,-14366442.6
26.58,322107.711,30040937.3,-1.136841831E-04,-13474717.5
26.59,356456.911,30042107,-8.390950697E-05,-13217160.5
26.6,502366.847,30043283.6,-3.105182214E-05,-14226365.8
26.61,309107.002,30044514.6,-3.422874911E-05,-12233729.6
26.62,107046.141,30045789.1,-4.431723504E-05,-9701877.55
26.63,676846.615,30046958.2,6.061045182E-05,-14406931.9
26.64,565843.298,30048173,7.417547848E-05,-13762468.5
26.65,-143653.088,30049537.3,1.619202139E-06,-6930858.92
26.66,-325122.974,30050847.2,-1.691156901E-05,-3548463.73
26.67,-322441.563,30052062.2,-1.749214445E-05,-1562472.43
26.68,-227648.325,30053233.3,-9.004659759E-06,-655584.054
26.69,-282472.067,30054404.4,-1.614980503E-05,1407196.34
26.7,-296551.664,30055581.1,-2.236109564E-05,3091411.88
26.71,-75311.4573,30056736.7,-1.213960935E-05,2357782.8
26.72,-251280.701,30057941.3,-3.249131216E-05,4936604.44
26.73,218910.818,30059153.8,-1.134421788E-05,1345932.88
26.74,335457.889,30060424.8,-1.062465807E-05,62284.9483
26.75,-87697.4885,30061792.8,-4.096754945E-05,3752764.47
26.76,-160107.577,30063142.8,-5.454285753E-05,4977347.77
26.77,-153129.787,30064473.2,-6.341801676E-05,5569804.65
26.78,-291057.445,30065820.2,-7.785953386E-05,7481363.05
26.79,-537311.255,30067182.2,-9.781213211E-05,10752617.1
26.8,-866217.487,30068533.1,-1.244995897E-04,15410697.8
26.81,-705969.951,30069856.1,-1.174446965E-04,15899120.8
26.82,-595401.494,30071186.4,-9.767578558E-05,16369492.4
26.83,-292448.675,30072575.4,-3.851448232E-05,14456140.9
26.84,43046.0194,30074062.4,5.720149978E-05,11350933.2
26.85,-2110.86557,30075617.8,1.41761623E-04,11108530.3
26.86,88103.1895,30077192.4,2.57098933E-04,9558607.38
26.87,217299.533,30078771.8,3.956183891E-04,7385100.26
26.88,154454.598,30080324.9,5.159545623E-04,6767582.96
26.89,4137.95928,30081837,6.123356805E-04,7179283.13
26.9,-175754.534,30083313.7,6.807101452E-04,8292760.64
26.91,-201671.302,30084776.5,7.676837093E-04,8326163.56
26.92,-286266.016,30086222.5,8.308158139E-04,9016898.48
26.93,-273376.369,30087646.7,9.18430648E-04,8925254.46
26.94,-493883.869,30089028.2,9.131202002E-04,11148626.5
26.95,-546934.191,30090367.3,9.463057888E-04,12229606.8
26.96,-667000.937,30091660.8,9.404375002E-04,14124508.2
26.97,-451516.818,30092913.3,1.112469414E-03,12904218.9
26.98,-685685.416,30094092.1,1.079156887E-03,15626301.3
26.99,-518865.324,30095213.9,1.276081693E-03,14842465.5
27,-147312.401,30096327.5,1.686458816E-03,11590104.2
27.01,-204855.098,30097368.1,1.891178863E-03,11621429.8
27.02,-495381.706,30098314.4,1.877751691E-03,14104706.6
27.03,-433494.688,30099219.1,2.076928725E-03,13819335.9
27.04,-226161.928,30100104,2.444346594E-03,11914184.2
27.05,-331415.806,30100919.4,2.56896967E-03,12564827.5
27.06,-122886.441,30101705.1,3.005113275E-03,10313518.5
27.07,-276781.906,30102436,3.070267156E-03,11204681.8
27.08,26009.7394,30103137.9,3.643703009E-03,7868600.08
27.09,138268.699,30103814.5,4.065346215E-03,5733845.63
27.1,22855.7665,30104395.2,4.179512235E-03,5576576.57
27.11,79273.3643,30104934.1,4.431978741E-03,4056039.05
27.12,-14783.3413,30105421.2,4.407452033E-03,3972656.3
27.13,117669.47,30105873.1,4.663117949E-03,1885167.58
27.14,-606976.178,30106229.1,3.416950795E-03,8141776.84
27.15,-449649.388,30106589.9,3.343675302E-03,7402473.06
27.16,-1184768.43,30106907,1.628480155E-03,15341363.4
27.17,-1113584.15,30107163.9,1.159837864E-03,16940906.8
27.18,-921683.81,30107376,1.080887215E-03,17215850.3
27.19,-1029508.17,30107444.1,6.451519902E-04,19855996.7
27.2,-598282.52,30107466.9,1.474148177E-03,17287734.9
27.21,-376560.212,30107455.7,2.207847058E-03,15690281.7
27.22,-272817.436,30107399.2,2.882752486E-03,14594429.8
27.23,84247.5928,30107341.2,4.244681201E-03,10679925.4
27.24,-223517.285,30107196.7,4.119498107E-03,12521375
27.25,32513.3564,30107004,5.160396471E-03,9449495.84
27.26,-174949.537,30106760.1,5.042849305E-03,10459634.7
27.27,-177388.453,30106443.9,5.263941441E-03,9882303.07
27.28,-339735.957,30106097.5,4.941253887E-03,10990657.9
27.29,-208867.15,30105722,5.290558379E-03,9554372.67
27.3,-315031.819,30105308.9,5.01253995E-03,10200916.4
27.31,-219469.265,30104846.6,5.231291558E-03,9075064.4
27.32,-412600.897,30104325.2,4.616034024E-03,10651824.1
27.33,-396313.661,30103741.4,4.473726724E-03,10607223.4
27.34,-229982.573,30103127.5,4.80135646E-03,9058991.06
27.35,-505101.079,30102401.5,3.884152223E-03,11505353.4
27.36,-515337.628,30101599.6,3.584148466E-03,11987063.8
27.37,-454982.552,30100741.5,3.506337933E-03,11835134.7
27.38,-653472.336,30099769.5,2.684777129E-03,14089152.2
27.39,-714074.184,30098704.7,2.188227158E-03,15447646.8
27.4,-331943.131,30097594.9,3.144961246E-03,12520736.5
27.41,-166891.135,30096401.9,3.757982271E-03,10761826.4
27.42,-382317.623,30095074.5,3.256454143E-03,12349112.3
27.43,-170638.621,30093679.4,3.943465321E-03,10221563
27.44,-239844.474,30092196.1,3.819389058E-03,10414118
27.45,-545193.521,30090576.2,2.833289403E-03,13109404.7
27.46,-395424.177,30088907,3.070782806E-03,12049753
27.47,-16310.1975,30087204.2,4.177918086E-03,8324826.46
27.48,104788.273,30085405,4.736462201E-03,6182332.32
27.49,62919.7482,30083487.6,4.794355501E-03,5375785.57
27.5,104953.905,30081478.7,4.984940826E-03,3902038.04
27.51,1371.49642,30079373.4,4.646913935E-03,3844277.49
27.52,31778.5356,30077189.2,4.587450698E-03,2745987.56
27.53,-27951.8335,30074930,4.210275352E-03,2547392.66
27.54,138456.414,30072601.7,4.454341753E-03,270025.684
27.55,7721.5909,30070180,3.876262662E-03,624603.099
27.56,-253228.588,30067657.3,2.808586755E-03,2655418.6
27.57,-561477.683,30065076.4,1.434399932E-03,5912272.35
27.58,-355724.767,30062458.7,1.392714867E-03,4834852.22
27.59,-58249.9024,30059765.3,1.803731737E-03,2335809.51
27.6,184785.573,30056958.7,2.2983117E-03,-407550.008
27.61,359984.228,30054046.9,2.745940763E-03,-3057637.2
27.62,428422.927,30051028.7,2.967838418E-03,-5026220.16
27.63,482947.814,30047915.9,3.129338255E-03,-6959636.27
27.64,416584.116,30044720.4,2.959846653E-03,-7731900.48
27.65,81382.0533,30041464.5,2.080781058E-03,-5553674.16
27.66,317038.654,30038191.9,2.338415571E-03,-8164707.18
27.67,42106.651,30034886.5,1.572278585E-03,-6148642.98
27.68,16152.5063,30031550.7,1.258701737E-03,-5931151.15
27.69,23449.3397,30028186,1.026494461E-03,-5863041.68
27.7,265786.477,30024773.2,1.291606104E-03,-8160501.43
27.71,175039.032,30021309.7,1.047161069E-03,-7683500.9
27.72,304052.678,30017803.3,1.182207349E-03,-9160191.27
27.73,-145994.169,30014281.8,4.093244334E-04,-5066120.47
27.74,-335372.485,30010766.5,-2.709046944E-05,-2438243.41
27.75,-299133.961,30007232.2,-1.352034858E-04,-1516398.11
27.76,-529305.578,30003681.7,-5.455601678E-04,1945635.57
27.77,-464117.113,30000100.1,-5.692031755E-04,2981457.19
27.78,-473427.547,29996488.1,-6.341858066E-04,4587643.67
27.79,-298566.601,29992865.1,-4.766278134E-04,4277075.64
27.8,-260543.08,29989257.8,-4.266350149E-04,4847234.15
27.81,-233914.655,29985689.9,-3.829738167E-04,5353227.68
27.82,-136925.942,29982164.4,-2.919054618E-04,5041670.16
27.83,-295794.541,29978694.7,-3.819438468E-04,6993996.93
27.84,-221387.094,29975276.3,-3.461472018E-04,6942888.83
27.85,294371.021,29971928.7,-1.218040219E-04,2242105.78
27.86,293462.606,29968681.5,-1.507138881E-04,1347126.91
27.87,286911.983,29965513.1,-1.966290836E-04,447312.461
27.88,255348.614,29962401.9,-2.497439857E-04,-128556.13
27.89,193867.872,29959344.6,-3.019814433E-04,-325546.221
27.9,-218942.674,29956341.2,-3.38826006E-04,3175643.57
27.91,-267427.833,29953405.3,-3.25427312E-04,4076725.55
27.92,-90287.7951,29950539.1,-3.412215928E-04,2865728.01
27.93,-706052.346,29947714,-1.914370409E-04,9110238.72
27.94,-445169.03,29944934.7,-2.145764983E-04,8073844.74
27.95,-359694.974,29942191.6,-2.405714473E-04,8181552.92
27.96,-271884.589,29939477.1,-3.297490568E-04,7899356.04
27.97,-175888.601,29936804.6,-4.658767342E-04,7301301.18
27.98,-49551.2655,29934167.7,-6.660602918E-04,6114491.04
27.99,-113005.525,29931556.4,-7.645453783E-04,6482530.23
28,-99910.3783,29928966.2,-9.021586459E-04,6218915.46
28.01,-238365.852,29926392.2,-8.916846296E-04,7446954.17
28.02,56542.7661,29923852.2,-1.265930545E-03,4648347.38
28.03,31699.1593,29921339.7,-1.402306293E-03,4317298.37
28.04,-58701.6582,29918836.2,-1.443429959E-03,4658908.44
28.05,-191661.515,29916352.6,-1.361899755E-03,5701910.75
28.06,-181651.11,29913894.5,-1.392496883E-03,5651970.31
28.07,-485685.882,29911450.4,-9.869284777E-04,8732642.31
28.08,-5381.35875,29909052.9,-1.588715685E-03,4686447.01
28.09,-83335.6709,29906678.9,-1.584309854E-03,5051462.81
28.1,165012.271,29904319.7,-2.073872083E-03,2250670.29
28.11,298429.809,29901990.7,-2.464195775E-03,54294.8282
28.12,331325.436,29899659.1,-2.719084383E-03,-1488480.74
28.13,188371.437,29897329.5,-2.613756373E-03,-1291413.33
28.14,426436.647,29895026.2,-3.064787939E-03,-4499219.32
28.15,693580.488,29892747.2,-3.645218062E-03,-8529744.15
28.16,521507.863,29890449.7,-3.457625819E-03,-8797075.39
28.17,602563.549,29888162,-3.583357736E-03,-11077090.2
28.18,242396.491,29885906.3,-2.745162007E-03,-8990107.2
28.19,153282.527,29883719.5,-2.201527088E-03,-8648996.88
28.2,502939.571,29881594.7,-2.512401371E-03,-12353314
28.21,340461.02,29879485.8,-1.905596202E-03,-11758017.8
28.22,291389.278,29877400.2,-1.439866625E-03,-11847989.6
28.23,210897.135,29875349.7,-8.339382975E-04,-11359315.4
28.24,-142245.367,29873360.5,4.616702892E-04,-7879355.04
28.25,97665.9425,29871403.3,5.393235184E-04,-9399410.64
28.26,290035.87,29869441.6,5.205951127E-04,-10985949.1
28.27,220203.753,29867501.7,9.541610622E-04,-10460275.1
28.28,247154.845,29865584.7,1.172931673E-03,-10680285.4
28.29,183443.679,29863706.5,1.595842188E-03,-10000404.5
28.3,184061.781,29861878.8,1.870884322E-03,-9792458.55
28.31,-144158.236,29860128.3,2.983012524E-03,-6253186.13
28.32,-198254.915,29858444,3.551178098E-03,-4633943.49
28.33,-179694.21,29856801.5,3.89422678E-03,-3583245.88
28.34,-132947.528,29855219.9,4.040085099E-03,-2923101.86
28.35,-488800.471,29853733.2,5.161149074E-03,1620905.03
28.36,-651359.98,29852319,5.909054096E-03,5074783.25
28.37,-443598.54,29850928.2,5.629754746E-03,5191899.4
28.38,-105384.031,29849611.3,4.684855954E-03,3356175.14
28.39,35695.3024,29848448.2,3.939003552E-03,2518387.81
28.4,209360.404,29847450.6,2.959879371E-03,913168.267
28.41,-14041.0136,29846602.7,3.013791816E-03,2817437.49
28.42,168639.82,29845866,2.098885158E-03,1156274.91
28.43,-167428.739,29845245.7,2.597937016E-03,4238984.03
28.44,-216195.463,29844732.5,2.520341505E-03,5200552.89
28.45,-69851.0529,29844318.1,1.928018515E-03,4340744.83
28.46,-269358.731,29844020.4,2.214053935E-03,6495760.28
28.47,-189875.193,29843825.7,1.8127727E-03,6292259.35
28.48,231528.265,29843737.1,3.470542885E-04,2444400.78
28.49,-42305.8337,29843752.1,6.193477293E-04,4434257.91
28.5,284180.143,29843850.7,-6.454639565E-04,1035421.13
28.51,352309.11,29844021.5,-1.303339548E-03,-534411.711
28.52,279251.621,29844237.2,-1.537412547E-03,-930871.692
28.53,373049.844,29844490.8,-2.108218974E-03,-2764673.44
28.54,-158204.059,29844763.4,-8.021029712E-04,1475497.03
28.55,270183.195,29845075.1,-1.900388259E-03,-2566537.67
28.56,-184346.613,29845406.6,-6.452310696E-04,1257293.34
28.57,-183815.936,29845746,-4.308845135E-04,1574353.46
28.58,-351008.148,29846093.1,2.974666405E-04,3688945.41
28.59,-321737.946,29846424.2,5.005671993E-04,4189580.34
28.6,-705704.624,29846726.5,1.848882439E-03,8773464.6
28.61,-551700.21,29846988.5,1.794273659E-03,8875822.08
28.62,-273437.471,29847209.7,1.173003895E-03,7337245.24
28.63,94717.2518,29847407.9,-1.458722817E-05,4076741.69
28.64,-96327.0557,29847588,1.542424461E-04,5454709.07
28.65,-224396.783,29847729.7,2.97479916E-04,6654162.27
28.66,-201637.904,29847839.1,1.324233694E-04,6701569.01
28.67,-31319.4462,29847925.8,-4.774202865E-04,5170058.12
28.68,-377441.621,29847978.5,2.946956865E-04,8355862.54
28.69,-176037.226,29848015.2,-2.716174031E-04,6889139.69
28.7,-603812.284,29848023.1,8.443480992E-04,11259894.7
28.71,-239117.186,29848020.1,-5.720715546E-05,8663376.92
28.72,-521051.414,29848002.8,6.239342852E-04,11670799.5
28.73,-826501.009,29847938,1.503070967E-03,15498247.5
28.74,-177119.215,29847904.1,-1.220738115E-04,10542240.3
28.75,-316962.145,29847860.9,-1.839315083E-05,11799917.8
28.76,-151107.595,29847813.7,-7.02680844E-04,10200263.2
28.77,-254926.876,29847770.1,-6.996409214E-04,10951573.5
28.78,-206951.203,29847705.5,-1.020653867E-03,10372057.3
28.79,-403383.313,29847623.2,-6.725999889E-04,12136288.3
28.8,-125271.126,29847547.7,-1.448731025E-03,9594322.5
28.81,-407871.686,29847450.8,-8.894118996E-04,11986261.4
28.82,-636291.032,29847307.8,-3.003942388E-04,14483341.4
28.83,-645553.219,29847174.2,-1.294123477E-04,15402343.1
28.84,-537384.344,29847033.8,-2.837092273E-04,15116456.7
28.85,-624158.167,29846868.2,-5.202590163E-05,16451374.5
28.86,-311637.938,29846713.4,-7.759649805E-04,13947598.2
28.87,-226159.587,29846559.9,-1.117109287E-03,12915173.6
28.88,-395257.425,29846349.6,-8.902158285E-04,14152062.5
28.89,-246494.327,29846135.4,-1.277424905E-03,12639444.6
28.9,-258885.778,29845899,-1.335988629E-03,12377385.1
28.91,-730880.513,29845569.3,-3.493845339E-04,16717334.8
28.92,-606472.172,29845239.7,-4.306572353E-04,16277459.3
28.93,-372534.887,29844933.6,-8.031556059E-04,14444429.6
28.94,-287755.487,29844584.2,-9.897515519E-04,13423315.9
28.95,-283873.188,29844197.6,-1.038892451E-03,12984483.6
28.96,-552524.127,29843739.8,-5.329902818E-04,15285121.3
28.97,-524174.182,29843254,-4.775338082E-04,15287342
28.98,-271021.605,29842778.3,-8.423143666E-04,12978239.3
28.99,-548176.071,29842214.9,-3.527650214E-04,15308727.4
29,-499415.408,29841608.4,-3.359100739E-04,15047325.8
29.01,-289092.588,29841010.7,-5.965641456E-04,13091549
29.02,-287272.175,29840349.2,-5.884894906E-04,12648757.3
29.03,-164407.655,29839645.8,-7.601795377E-04,10978532.2
29.04,-349225.795,29838871.2,-4.885595469E-04,12122711.7
29.05,-401474.752,29838037.5,-3.501268121E-04,12406020.7
29.06,-413742.105,29837179,-2.472983352E-04,12469492.6
29.07,-43182.105,29836314.2,-6.475500219E-04,8714068.61
29.08,-55153.0134,29835386.2,-6.425138898E-04,7875479.87
29.09,-39860.3496,29834372.3,-6.594932259E-04,6786423.08
29.1,-13965.5843,29833316.5,-6.730808063E-04,5639659.8
29.11,241879.945,29832224.1,-9.27417126E-04,2158287.84
29.12,394669.386,29831073.1,-1.100784991E-03,-878315.038
29.13,409341.373,29829821.9,-1.143545436E-03,-2862168.43
29.14,256845.502,29828486.2,-1.011926278E-03,-3097137.25
29.15,147097.594,29827108.9,-8.818612577E-04,-3260768
29.16,-96176.152,29825716.6,-6.210247346E-04,-1691084.04
29.17,-135285.512,29824327.9,-4.959688441E-04,-1471693.36
29.18,-400061.07,29822921.9,-2.105587897E-04,1202286.69
29.19,-293506.337,29821491,-1.736027162E-04,854289.673
29.2,-91864.7445,29820009.2,-2.233966152E-04,-651132.044
29.21,-251860.187,29818435.1,-8.258579341E-05,954800.033
29.22,191561.393,29816803.1,-2.880483912E-04,-3065025.21
29.23,152274.113,29815099.8,-2.660037383E-04,-3292583.83
29.24,182392.52,29813333.8,-2.790051657E-04,-4145558.51
29.25,38568.6062,29811530.2,-2.051285903E-04,-3223568.76
29.26,259895.361,29809704.6,-2.876092205E-04,-5573543.26
29.27,222339.68,29807857.7,-2.678825317E-04,-5823099.89
29.28,682319.715,29805987.4,-4.500182108E-04,-10965509
29.29,617380.369,29804089.2,-4.445579033E-04,-11912900.4
29.3,461190.227,29802178.3,-3.908465153E-04,-11759453.4
29.31,398034.763,29800285,-3.473481786E-04,-11999396.4
29.32,508223.718,29798421.2,-3.508319552E-04,-13738897
29.33,358466.769,29796589,-2.611078365E-04,-13081656.1
29.34,189414.82,29794800,-1.444953421E-04,-11791606.1
29.35,120404.945,29793053.4,-4.002953599E-05,-10981365.7
29.36,-204588.976,29791362.4,1.637214297E-04,-7376257.9
29.37,-69318.6925,29789687.4,2.366032901E-04,-7545876.66
29.38,108365.497,29787990.1,2.789905127E-04,-8443228.66
29.39,417163.848,29786278.7,2.483290056E-04,-11154372.5
29.4,461836.448,29784578.7,2.798763804E-04,-11983792.3
29.41,473909.319,29782909.7,3.208410944E-04,-12591297.8
29.42,266876.997,29781282.6,4.554901225E-04,-10972488.1
29.43,84900.5988,29779712.3,6.132081979E-04,-9054375.24
29.44,35729.9032,29778181.9,7.41899289E-04,-7970099.48
29.45,-88575.0639,29776702.6,9.075334743E-04,-6010995.71
29.46,184294.524,29775240.3,8.924770103E-04,-7749071.27
29.47,61847.4971,29773833.7,1.019322917E-03,-6218628.78
29.48,-58307.4936,29772504.2,1.153438576E-03,-4462362.61
29.49,-149836.641,29771217.6,1.286925995E-03,-2667208.57
29.5,-121051.158,29769976.4,1.351701458E-03,-1891151.09
29.51,-241366.579,29768794.2,1.481817688E-03,259487.659
29.52,-32780.9084,29767658.8,1.400792904E-03,-653333.995
29.53,178260.223,29766583.6,1.24895158E-03,-2161161.73
29.54,151448.183,29765618.1,1.196903049E-03,-1904670.75
29.55,87028.1211,29764742.2,1.173612148E-03,-1239405.29
29.56,232103.11,29763930.8,1.002432779E-03,-2526092.75
29.57,233665.915,29763198.9,9.092537524E-04,-2771830.99
29.58,33110.7138,29762556.7,9.903035155E-04,-1038780.42
29.59,-146569.907,29761983.8,1.117143095E-03,989725.382
29.6,-173436.722,29761469,1.152635675E-03,1929609.02
29.61,-396359.942,29761019.6,1.37176317E-03,4862433.34
29.62,-94818.8478,29760619.6,1.103512817E-03,3031104.64
29.63,-71174.5896,29760286.5,1.00462692E-03,3193853.62
29.64,173238.684,29760031.9,6.301855323E-04,973643.639
29.65,279851.87,29759849.7,3.28705832E-04,-484036.289
29.66,144185.978,29759731.3,2.820231063E-04,170176.722
29.67,91430.5361,29759654.4,2.10470626E-04,342208.148
29.68,-99387.7624,29759618.2,3.541593557E-04,2048929.68
29.69,305324.326,29759624.7,-1.859819498E-04,-1762434.64
29.7,151330.251,29759679,-1.370268181E-04,-982356.841
29.71,135955.418,29759773.6,-2.067988185E-04,-1264192.15
29.72,64850.1874,29759903.9,-1.597570283E-04,-872444.41
29.73,438118.415,29760069.8,-7.049075115E-04,-4776681.74
29.74,434782.294,29760265.7,-8.373652125E-04,-5822763.44
29.75,478049.453,29760482.4,-1.010383762E-03,-7343974.18
29.76,283114.545,29760719.9,-7.854891723E-04,-6494159.24
29.77,91361.0326,29760993.1,-4.417690927E-04,-5145145.72
29.78,423459.547,29761300.9,-8.13495036E-04,-8501630.64
29.79,516980.56,29761628.1,-9.399070454E-04,-10268651.4
29.8,466443.067,29761971.9,-8.611567669E-04,-10830721.8
29.81,396135.488,29762335.5,-6.865784421E-04,-10974196.3
29.82,170443.055,29762741.1,-1.89071212E-04,-9307775.61
29.83,-142549.611,29763208.6,5.692566767E-04,-6138818.42
29.84,-224874.511,29763725.9,1.059288412E-03,-4439398.67
29.85,-201290.99,29764263,1.355096482E-03,-3573812.48
29.86,-8658.93413,29764799.1,1.276742925E-03,-4494014.15
29.87,-52942.9918,29765352.3,1.467755851E-03,-3542649.11
29.88,-81066.7674,29765938,1.60594977E-03,-2670686.32
29.89,70144.9605,29766546.3,1.410604934E-03,-3518724.99
29.9,351911.059,29767190.3,8.868691335E-04,-6086551.82
29.91,348886.156,29767903.7,7.332091979E-04,-6540426.1
29.92,764070.551,29768671.4,-1.487166965E-04,-11195665.5
29.93,981357.288,29769497,-8.138652369E-04,-14867897.2
29.94,854344.175,29770400,-9.011483469E-04,-15638578.6
29.95,872006.469,29771358.9,-1.1011598E-03,-17446656.5
29.96,347472.875,29772432,-2.717280169E-04,-13746303.9
29.97,463608.158,29773622.4,-3.071618946E-04,-15094218.9
29.98,386342.096,29774919.6,-3.35918195E-05,-14674258
29.99,520313.63,29776316.8,-1.146237657E-04,-16199442.1
30,386849.103,29777799.2,2.055181072E-04,-15297308.9
30.01,14620.6904,29779410.5,9.67417816E-04,-11635399
30.02,-25639.5809,29781099.8,1.292734262E-03,-10296275.4
30.03,119926.723,29782823.5,1.279625456E-03,-10686548.5
30.04,-157377.079,29784628.1,1.840635967E-03,-7239504.89
30.05,-268641.848,29786490.7,2.177168609E-03,-4783109.26
30.06,229821.853,29788317.1,1.540835596E-03,-8150983.87
30.07,267151.692,29790205.5,1.401024228E-03,-8216379.97
30.08,255624.575,29792199.5,1.294556847E-03,-7977253.7
30.09,343215.227,29794244.9,1.051084136E-03,-8670757.43
30.1,327468.635,29796368,9.357283598E-04,-8571836.11
30.11,-83764.1717,29798601.2,1.389172292E-03,-4490041.86
30.12,48157.5386,29800878.7,1.208518119E-03,-4828471.57
30.13,194121.281,29803196,9.661388987E-04,-5637373.24
30.14,175175.29,29805616.5,8.8418467E-04,-5259325.3
30.15,142173.251,29808122.2,8.244630414E-04,-4716785.68
30.16,327620.53,29810689,5.112214555E-04,-6296630.07
30.17,457859.447,29813327.4,2.304377288E-04,-7819932.32
30.18,147824.709,29816070.5,4.364447287E-04,-5291585.19
30.19,179596.653,29818866.6,3.443965487E-04,-5409912.44
30.2,160392.566,29821706.4,3.114933012E-04,-5066564.46
30.21,155011.075,29824606.5,2.677540298E-04,-4872293.06
30.22,221090.547,29827548.2,1.590727245E-04,-5387989.17
30.23,179915.861,29830537.2,1.429460464E-04,-5012319.46
30.24,114480.529,29833565.5,1.578718222E-04,-4309499.55
30.25,273297.279,29836610,-2.668804724E-06,-5693787.12
30.26,145492.073,29839684.6,5.017676069E-05,-4614987.8
30.27,228787.759,29842775.4,-3.92354414E-05,-5364856.83
30.28,79484.1129,29845877.4,3.495938419E-05,-3966160.21
30.29,98885.8244,29848985.6,1.054377158E-05,-3918432.94
30.3,-182161.303,29852097.9,1.771674721E-04,-888679.15
30.31,-516094.708,29855213.5,3.928816325E-04,3342905.89
30.32,-421770.615,29858282.3,3.837739907E-04,4115656.94
30.33,-341695.317,29861308.6,3.643884997E-04,4733110.82
30.34,-84106.1507,29864314.8,2.433851278E-04,3251135.53
30.35,5520.26006,29867326.9,1.822929882E-04,2744118.88
30.36,91073.6648,29870348.2,1.199145415E-04,1975466
30.37,287665.564,29873363.9,1.609799598E-05,-150107.639
30.38,392538.842,29876375.4,-5.467503085E-05,-1887006.01
30.39,233022.797,29879372,-3.447980634E-05,-1261064.05
30.4,67482.6658,29882339.7,-2.654525879E-06,-160528.424
30.41,99218.9466,29885281.2,-1.713596245E-05,-595010.449
30.42,14520.1073,29888204.7,-1.257384707E-06,53479.7614
30.43,161360.881,29891109.2,-3.433460676E-05,-1430831.3
30.44,181542.543,29893991.9,-4.22614021E-05,-2001168.51
30.45,323917.884,29896847.2,-7.041883887E-05,-3869752.22
30.46,394335.256,29899668.1,-8.62010002E-05,-5345832.83
30.47,312050.219,29902448.6,-8.02756423E-05,-5456690.61
30.48,322092.289,29905186.6,-8.452387342E-05,-6242981.86
30.49,287046.903,29907883.4,-8.364006243E-05,-6550257.3
30.5,153532.9,29910541.5,-7.450698141E-05,-5753115.69
30.51,255106.867,29913156.3,-8.217078407E-05,-6934305.53
30.52,273639.058,29915721.4,-8.371232154E-05,-7495369.9
30.53,378711.814,29918230.4,-8.798448029E-05,-8962657.39
30.54,497782.732,29920674.7,-9.09689787E-05,-10785220.3
30.55,420807.466,29923060.9,-8.813906035E-05,-10905448.2
30.56,471175.351,29925387.9,-8.775034859E-05,-12056868.2
30.57,376323.102,29927663.8,-8.621378269E-05,-11802888.6
30.58,472203.142,29929888.7,-8.491523141E-05,-13184988
30.59,708083.43,29932044,-8.06228303E-05,-16144476.6
30.6,560756.246,29934154.8,-7.940720506E-05,-15816460.5
30.61,258764.999,29936248.4,-8.46707843E-05,-13506317.2
30.62,451698.604,29938295.2,-8.267783094E-05,-15296163
30.63,421074.939,29940303.9,-8.534637188E-05,-15269565.9
30.64,357180.748,29942290.2,-9.049886481E-05,-14836722.7
30.65,179455.244,29944250.3,-1.029484211E-04,-13023771
30.66,32688.0691,29946194.6,-1.189242862E-04,-11037238.7
30.67,84694.7739,29948089.1,-1.301046596E-04,-10644988.9
30.68,-161523.997,29949964.2,-1.561526092E-04,-7392486.7
30.69,-296842.485,29951811,-1.820007246E-04,-4661363.71
30.7,-476004.964,29953605,-2.137163565E-04,-1145676.84
30.71,-117906.253,29955303.3,-2.148441776E-04,-2641710.08
30.72,-453286.055,29956997.9,-2.512502091E-04,1853199.04
30.73,-243117.64,29958674.4,-2.537036341E-04,1587605.22
30.74,-107998.145,29960313.9,-2.529920184E-04,1535774.45
30.75,36532.5443,29962002.9,-2.419057895E-04,891785.021
30.76,86699.0261,29963739.1,-2.30757341E-04,765201.791
30.77,141146.189,29965528.1,-2.141731851E-04,396283.699
30.78,209725.374,29967352.8,-1.916441439E-04,-303396.67
30.79,111248.144,29969223.3,-1.838742962E-04,447831.43
30.8,-83160.917,29971124.3,-1.916361506E-04,2367714.07
30.81,51261.6035,29973036.8,-1.642479473E-04,1454131.36
30.82,88299.6424,29974976.5,-1.420997878E-04,1141123.82
30.83,66722.5098,29976952.3,-1.246540856E-04,1248763.85
30.84,336557.245,29978947.1,-6.19026477E-05,-1531110.04
30.85,133044.425,29980962.6,-6.474626404E-05,-260232.44
30.86,60868.7511,29982976.4,-5.835597323E-05,165836.264
30.87,47617.866,29984977.7,-4.927448512E-05,228007.022
30.88,-109327.884,29986964.9,-6.938814774E-05,1735219.84
30.89,-262050.223,29988925.1,-9.844207454E-05,3581095.07
30.9,-100319.718,29990850.1,-7.115710912E-05,2652203.56
30.91,-433794.395,29992732.8,-1.356314508E-04,6255162.33
30.92,-468068.386,29994560.5,-1.522645283E-04,7634256.8
30.93,-325552.827,29996324.8,-1.289335888E-04,7335962.74
30.94,-222560.248,29998030.8,-9.984020661E-05,6981082.61
30.95,-35659.1955,29999690,-4.295289098E-05,5458128.4
30.96,-139798.42,30001296.7,-4.187316479E-05,6347712.75
30.97,-56851.0286,30002841.7,-6.987394941E-06,5579546.83
30.98,-180650.411,30004319.4,-1.803462087E-05,6679246.17
30.99,-106311.46,30005731.1,6.483352855E-06,6053767.71
31,-245682.714,30007077.3,-1.522351427E-05,7385574.16
31.01,-713949.105,30008337,-1.162383791E-04,12325130.7
31.02,-732890.075,30009527.1,-1.415631161E-04,13930406.7
31.03,-533967.556,30010657.6,-1.175441939E-04,13370923.4
31.04,-682639.791,30011714.2,-1.502371253E-04,15678718
31.05,-306305.73,30012739.4,-7.969992561E-05,13008437.9
31.06,-264989.337,30013737.8,-5.844904329E-05,12720713
31.07,-13467.9698,30014707.5,5.282590838E-06,10103837.9
31.08,10205.1308,30015647.2,3.393309061E-05,9142126.59
31.09,-134239.709,30016509.9,3.153088001E-05,9761234.18
31.1,-114887.964,30017320.3,5.04744957E-05,9120115.13
31.11,-70978.6691,30018086.2,7.322667336E-05,8193243.75
31.12,4368.48429,30018806.8,1.027091359E-04,6821624.38
31.13,16359.0969,30019477.7,1.241977165E-04,5905761.86
31.14,-10149.6399,30020092.5,1.394432386E-04,5362980.98
31.15,107227.76,30020667.2,1.754433569E-04,3476750.17
31.16,-22537.4539,30021178.7,1.7624415E-04,3811048.39
31.17,-103649.397,30021630.9,1.788152258E-04,4010006.07
31.18,-157191.508,30022045.8,1.810806746E-04,4204756.1
31.19,169350.606,30022434.6,2.408643731E-04,745626.354
31.2,-99375.5655,30022740.9,2.189048368E-04,2471031.94
31.21,-186790.135,30022976.9,2.132206599E-04,3062003.84
31.22,-172111.958,30023185.7,2.174881113E-04,2955464.13
31.23,-217233.671,30023337,2.120168715E-04,3414466.33
31.24,-143639.271,30023437.2,2.262910118E-04,2813629.54
31.25,-28009.5534,30023482.8,2.537311649E-04,1633874.64
31.26,138923.923,30023471.8,3.002832237E-04,-344647.127
31.27,359468.947,30023404.7,3.698711961E-04,-3257348.57
31.28,52624.9174,30023264.1,3.2867677E-04,-1396556.95
31.29,158353.504,30023087.4,3.55968289E-04,-2854638.93
31.3,258950.274,30022891.5,3.822932925E-04,-4425253.07
31.31,-228663.539,30022653.9,2.427486848E-04,-345932.024
31.32,-322428.339,30022417.6,1.621796428E-04,1068227.6
31.33,-120320.583,30022183.7,1.640580939E-04,-162995.53
31.34,-178589.372,30021920.1,1.053011302E-04,670592.856
31.35,-72773.5538,30021630.6,1.071444885E-04,-10218.1587
31.36,-116678.92,30021320.9,6.408324118E-05,582441.705
31.37,46251.1027,30020997.1,1.094561932E-04,-806263.237
31.38,-3509.57648,30020663.5,8.254110581E-05,-448977.435
31.39,135944.46,30020325.4,1.433212556E-04,-1880790.09
31.4,170958.315,30019987.2,1.702567153E-04,-2581199.35
31.41,251437.485,30019651.6,2.264902837E-04,-3833055.97
31.42,276025.576,30019321.7,2.559269977E-04,-4690797.74
31.43,531539.048,30018997.2,4.259494408E-04,-7905646.35
31.44,398517.501,30018678.2,3.770998958E-04,-7820756.26
31.45,47002.6765,30018376.6,1.24758222E-04,-5178733.93
31.46,184991.621,30018103.9,1.261514272E-04,-6468183.82
31.47,458098.819,30017845.6,2.591721785E-04,-9409290.06
31.48,216248.215,30017599.8,5.279416108E-05,-7886186.03
31.49,48564.9916,30017372.1,-1.632018494E-04,-6454884.78
31.5,299398.28,30017146.8,-7.329403484E-05,-8706238.59
31.51,119338.297,30016931.1,-2.89516509E-04,-7251187.93
31.52,178375.218,30016717.7,-3.261702135E-04,-7751074.24
31.53,-111703.521,30016510.1,-6.701712886E-04,-4817781.29
31.54,-62729.3451,30016302.6,-7.512870758E-04,-4567789.12
31.55,74309.0397,30016068.6,-7.132832293E-04,-5282532.19
31.56,230103.652,30015819.5,-5.896830447E-04,-6576226.09
31.57,128193.61,30015569.1,-6.652953924E-04,-5681472.19
31.58,79768.664,30015318.4,-7.065506953E-04,-5062887.82
31.59,20704.2506,30015061.4,-7.654486691E-04,-4187719.23
31.6,71002.4257,30014800.1,-7.146449875E-04,-4275787.02
31.61,127818.347,30014534.3,-6.309974637E-04,-4564573.86
31.62,10973.0365,30014280.6,-6.958731405E-04,-3275827.59
31.63,73474.7519,30014027.1,-6.010229663E-04,-3502214.06
31.64,-59680.9942,30013781.8,-6.763621257E-04,-1919608.93
31.65,-80523.2279,30013544.6,-6.596506E-04,-1167032.5
31.66,38440.3648,30013302.9,-5.075126344E-04,-1766798.64
31.67,-51761.7553,30013077.5,-5.141476034E-04,-610395.365
31.68,57970.8743,30012860.3,-3.5615987E-04,-1272796.83
31.69,110222.089,30012652.1,-2.322785156E-04,-1639767.62
31.7,131397.197,30012461.7,-1.30032624E-04,-1875005.53
31.71,290356.093,30012280,6.768338469E-05,-3556638.98
31.72,24388.8177,30012119.1,-2.780565435E-05,-1384155.92
31.73,297919.761,30011958.3,1.956687225E-04,-3975695.55
31.74,210534.448,30011804.9,2.112966235E-04,-3596143.43
31.75,185265.953,30011664.6,2.506904273E-04,-3679837.14
31.76,245262.147,30011521.9,3.228533977E-04,-4504549.76
31.77,24076.1533,30011388.4,2.857213303E-04,-2663276.56
31.78,-76980.667,30011256.7,2.990680624E-04,-1468758.21
31.79,126631.27,30011112.8,3.906262198E-04,-3047562.09
31.8,362418.285,30010957,4.605264923E-04,-5487929.27
31.81,265325.761,30010798.8,4.768631441E-04,-5210778.03
31.82,601772.026,30010618,4.914658625E-04,-9024765.24
31.83,291685.397,30010424.1,5.373038789E-04,-7141115.43
31.84,363377.747,30010215.3,5.741802011E-04,-8320255.97
31.85,-27419.6118,30010001.5,7.701663271E-04,-4929457.83
31.86,15219.1381,30009787.1,8.985231378E-04,-4921823.04
31.87,-93720.8542,30009556.8,1.102751892E-03,-3432485.35
31.88,-347242.264,30009322.8,1.420548053E-03,-264560.563
31.89,-322693.846,30009055.2,1.610504721E-03,765017.202
31.9,-327343.899,30008748.3,1.781915025E-03,2008960.75
31.91,-402830.605,30008412.5,1.970350546E-03,3903376.48
31.92,-478826.472,30008047.4,2.143453395E-03,5950627.3
31.93,-243004.476,30007648.5,1.938463517E-03,5004532.43
31.94,-118149.446,30007246.5,1.697302848E-03,4505749.91
31.95,-311434.647,30006867.7,1.770827058E-03,6789320.27
31.96,-6460.07474,30006494.5,1.203895493E-03,4517472.73
31.97,-213474.793,30006142.1,1.241504152E-03,6586976.43
31.98,-202516.233,30005808.2,1.018076597E-03,6885188.78
31.99,-414206.086,30005486.8,1.176754485E-03,9401216.35
32,-358792.375,30005179.1,9.563120422E-04,9686679.99
32.01,-448550.174,30004891.6,9.535903214E-04,11254966.5
32.02,-339707.935,30004632.1,5.7917653E-04,10961855.3
32.03,-267347.01,30004410.9,1.886204225E-04,10713477.7
32.04,-404805.246,30004216.3,1.736190937E-04,12304943.4
32.05,-144386.391,30004060.3,-6.11456083E-04,10200477.4
32.06,-259556.072,30003930.6,-7.202443405E-04,11175775.8
32.07,-575795.678,30003789.1,-2.866766607E-04,14373526.6
32.08,-326593.633,30003675.3,-9.313353855E-04,12696084.2
32.09,-461482.758,30003567.5,-8.333271203E-04,14207972.5
32.1,-230034.973,30003475.5,-1.546523533E-03,12274505.8
32.11,-286056.845,30003400,-1.686060487E-03,12646771.5
32.12,-185512.424,30003318.5,-2.158908005E-03,11511210
32.13,-120336.67,30003244.4,-2.559959279E-03,10485701.4
32.14,-19631.0086,30003155.6,-3.0481829E-03,8901929.24
32.15,-100287.509,30003036.1,-3.079183741E-03,8886085.46
32.16,-329072.337,30002861.1,-2.617066886E-03,10564076.2
32.17,-74904.0862,30002691.7,-3.181961771E-03,8000169.15
32.18,22162.6142,30002504.2,-3.471347248E-03,6389600.06
32.19,-852.604709,30002252.4,-3.486837994E-03,5704237.06
32.2,-28741.7839,30001952.5,-3.413338069E-03,5178986.91
32.21,-187475.295,30001593.5,-2.941042106E-03,6082572.87
32.22,-80722.8994,30001204.3,-3.004446006E-03,4756372.58
32.23,-14794.7735,30000774.7,-3.00699339E-03,3616045.79
32.24,-166704.32,30000265.8,-2.505951753E-03,4502184.91
32.25,-130046.732,29999707.1,-2.360857548E-03,3926299.97
32.26,8383.6605,29999105.7,-2.467305762E-03,2292363.15
32.27,-155351.344,29998422.6,-1.943346187E-03,3353856.25
32.28,-183884.579,29997677,-1.647895637E-03,3502610.42
32.29,80570.7778,29996895.9,-1.993636036E-03,847647.351
32.3,208204.953,29996046.1,-2.167362166E-03,-1090040.66
32.31,122874.224,29995110.5,-1.934710358E-03,-1198443.76
32.32,146857.312,29994115.8,-1.867596521E-03,-2117881.35
32.33,153706.493,29993074.4,-1.755306168E-03,-2852573.27
32.34,82494.965,29991984.5,-1.487655417E-03,-2780433.05
32.35,74135.5755,29990857.7,-1.311690834E-03,-3100332.1
32.36,70768.2656,29989697.5,-1.148167838E-03,-3389469.68
32.37,-24564.7746,29988502.6,-8.392517346E-04,-2705848.19
32.38,22181.0147,29987279.3,-7.56946691E-04,-3162433
32.39,35974.7588,29986024.8,-6.548891262E-04,-3358758.47
32.4,406.642756,29984737.8,-5.048410504E-04,-3075798.22
32.41,78020.2546,29983422.5,-5.251206715E-04,-3801730.38
32.42,-60743.4135,29982081.5,-2.903429766E-04,-2518869.97
32.43,-116288.993,29980723.5,-1.556920085E-04,-1707542.54
32.44,191357.964,29979343.6,-4.461978732E-04,-4360903.33
32.45,276789.544,29977941.6,-5.455797468E-04,-5560739.25
32.46,89789.3393,29976529.5,-3.934133597E-04,-4255662.37
32.47,-46150.5675,29975115,-2.781713206E-04,-2933973.49
32.48,1758.98196,29973701.6,-3.095812596E-04,-3069457.52
32.49,341.471538,29972289.8,-3.1529588E-04,-2829880.03
32.5,30746.9216,29970879.7,-3.461361057E-04,-2917790.21
32.51,110021.945,29969470.1,-4.041576552E-04,-3561266.27
32.52,108711.927,29968066.1,-4.24507459E-04,-3596676.31
32.53,77917.4848,29966670.4,-4.349394757E-04,-3331559.87
32.54,151983.366,29965280.3,-4.73636054E-04,-4026181.87
32.55,80482.943,29963900.7,-4.796407831E-04,-3439552.98
32.56,322112.235,29962524.6,-5.158928068E-04,-5820421.38
32.57,403107.777,29961153.3,-5.161604586E-04,-7174724.05
32.58,458676.883,29959790.1,-5.043915653E-04,-8494107.73
32.59,348856.302,29958431.8,-5.177597243E-04,-8241985.89
32.6,260979.747,29957083.5,-5.556775742E-04,-7895653.24
32.61,451525.358,29955734.8,-5.328541055E-04,-10069995.2
32.62,308532.604,29954393.9,-5.964876703E-04,-9347840.03
32.63,285284.988,29953056.8,-6.409243673E-04,-9455164.04
32.64,65251.6689,29951726.8,-7.92853716E-04,-7452372.55
32.65,346401.835,29950383.4,-7.141528188E-04,-9912253.9
32.66,206352.099,29949028.9,-8.107881383E-04,-8810360.64
32.67,274969.486,29947663.5,-7.929720964E-04,-9479369.52
32.68,151234.42,29946277.8,-8.858901941E-04,-8317558.04
32.69,-19405.9397,29944891,-1.027712185E-03,-6381267.72
32.7,207727.118,29943460,-8.996601013E-04,-7974025.76
32.71,191639.149,29942004.3,-8.8402142E-04,-7697608.72
32.72,-6422.7935,29940549.1,-9.948227763E-04,-5594135.7
32.73,-133927.47,29939073.7,-1.081869068E-03,-3668362.27
32.74,-229868.301,29937572.3,-1.150456188E-03,-1736797.23
32.75,-74720.8677,29936030.6,-1.009134309E-03,-2123122.57
32.76,-51395.5231,29934469,-9.188031935E-04,-1620659.68
32.77,35922.843,29932903.8,-7.574223033E-04,-1886424.98
32.78,-85131.5854,29931343.6,-7.379487217E-04,-303967.193
32.79,44755.8236,29929779,-5.472905064E-04,-982795.292
32.8,-61831.8417,29928221.3,-5.135983819E-04,364965.758
32.81,-38078.3168,29926676.5,-4.056164126E-04,604890.495
32.82,-325824.395,29925145.1,-5.059541021E-04,3898921.82
32.83,-119076.649,29923612,-3.295419129E-04,2893094.15
32.84,-40698.4065,29922089.6,-2.198486459E-04,2631931.63
32.85,-223707.351,29920608,-2.511375638E-04,4688617.69
32.86,-255486.783,29919141.8,-2.289674905E-04,5662448.47
32.87,-249177.894,29917687.8,-2.035715977E-04,6305537.76
32.88,-173114.318,29916254.1,-1.688377096E-04,6155004.56
32.89,-461288.704,29914844.4,-2.52388333E-04,9410234.33
32.9,-132118.406,29913451,-2.069797294E-04,7132349.76
32.91,-232832.62,29912085.4,-2.662409332E-04,8313576.27
32.92,-228787.757,29910744.5,-3.300724755E-04,8573471.29
32.93,-325822,29909420.9,-4.056889105E-04,9840613.81
32.94,-131974.861,29908115.9,-5.13238118E-04,8364458.7
32.95,-136934.517,29906833.8,-6.36065884E-04,8356562.41
32.96,-14037.1788,29905572.3,-8.077153085E-04,7006045.02
32.97,-62639.5545,29904323.4,-9.508046675E-04,7060601.83
32.98,-58163.7626,29903074.9,-1.105360439E-03,6668201.42
32.99,214237.899,29901845.4,-1.396824907E-03,3580199.66
33,79189.3369,29900604.5,-1.509715329E-03,3880996.07
33.01,114556.986,29899348.6,-1.679894008E-03,2796696.6
33.02,43073.2162,29898084.7,-1.743073763E-03,2760033.22
33.03,-49600.978,29896802.1,-1.736627891E-03,3115823.25
33.04,-37019.1956,29895515.9,-1.769087592E-03,2687035.22
33.05,-161052.218,29894212.8,-1.643622656E-03,3620660.82
33.06,-290102.262,29892890.6,-1.447443008E-03,4927360.72
33.07,-238796.584,29891558.2,-1.406993979E-03,4778760.56
33.08,28180.7388,29890212.1,-1.678765008E-03,2338141.67
33.09,-241324.191,29888818.8,-1.347427832E-03,4594690.24
33.1,-208803.013,29887395.3,-1.319270786E-03,4492486.29
33.11,-160683.647,29885956.4,-1.318868033E-03,4215019.64
33.12,-95643.8599,29884488.7,-1.385426974E-03,3607706.65
33.13,20630.7123,29883001.9,-1.572489938E-03,2327630.89
33.14,-128372.557,29881486.3,-1.356404571E-03,3422618.45
33.15,35151.2323,29879961,-1.602402813E-03,1763516.58
33.16,-123465.821,29878422.4,-1.327503891E-03,2964422.07
33.17,-108923.139,29876875.8,-1.28724587E-03,2805750.32
33.18,50011.3196,29875339.7,-1.519477087E-03,1209911.73
33.19,-89487.676,29873797.2,-1.251466689E-03,2196434.46
33.2,-80786.1475,29872260.6,-1.195101433E-03,2051305.62
33.21,33627.6206,29870741.3,-1.345587608E-03,869243.202
33.22,60670.2765,29869232,-1.379431812E-03,267857.876
33.23,84449.8475,29867735,-1.411021744E-03,-359744.033
33.24,120376.854,29866254.7,-1.460080862E-03,-1136469.38
33.25,237011.683,29864793.9,-1.68025033E-03,-2789582.84
33.26,279930.179,29863350,-1.780669213E-03,-3967711.59
33.27,115700.252,29861921.3,-1.428503375E-03,-3143454.98
33.28,127316.171,29860522.3,-1.33570499E-03,-3616770.36
33.29,133567.207,29859156.4,-1.219482112E-03,-4005439.38
33.3,-88687.6856,29857819.9,-6.217681857E-04,-2099394.44
33.31,73735.7537,29856516.4,-7.358344572E-04,-3455965.62
33.32,12599.3519,29855236.9,-4.744277836E-04,-2930600.84
33.33,69399.4862,29853978,-4.569155152E-04,-3454604.74
33.34,-45317.521,29852740.2,-1.242953194E-04,-2350122.18
33.35,-134131.776,29851526.9,1.860702856E-04,-1213107.42
33.36,138635.828,29850330.1,-2.031969966E-04,-3451762.08
33.37,-1614.23574,29849153.7,7.418803443E-05,-2234167.2
33.38,246310.837,29847996.6,-3.478935938E-04,-4586636.26
33.39,89075.8427,29846862.7,-1.059456091E-04,-3440279.01
33.4,-160334.284,29845763.7,3.535996343E-04,-1002197.69
33.41,-187606.41,29844692.6,5.0718197E-04,-106082.064
33.42,-110249.876,29843646,4.676859024E-04,-193419.773
33.43,-176804.297,29842627,6.099020503E-04,929794.553
33.44,-73192.1242,29841634.3,4.79234885E-04,488168.817
33.45,86995.9022,29840668.7,2.224066598E-04,-788486.154
33.46,279054.691,29839738.6,-1.252556907E-04,-2828584.25
33.47,-52692.3617,29838850.8,2.220551215E-04,-106803.869
33.48,-9548.38999,29837992.8,1.540044609E-04,-311785.789
33.49,-110671.443,29837164.8,2.676149247E-04,870493.853
33.5,-189244.466,29836371.8,3.652161849E-04,2024163.53
33.51,-198299.279,29835607.8,3.920121116E-04,2682320.28
33.52,-229118.852,29834872.6,4.345316253E-04,3552924.75
33.53,-181614.869,29834164.2,3.9614966E-04,3678762.24
33.54,-256159.515,29833483.1,4.59633722E-04,4880183.76
33.55,-25947.1646,29832828.3,2.691872359E-04,3167432.22
33.56,-138133.61,29832203.2,3.306118158E-04,4288737.31
33.57,-230639.853,29831601.1,3.865514071E-04,5434234.61
33.58,-176337.714,29831018.2,3.549841729E-04,5350526.46
33.59,22926.8379,29830459.2,2.403152484E-04,3633741.39
33.6,141683.49,29829929.1,1.689858438E-04,2177318.08
33.61,190503.85,29829421.8,1.352438732E-04,1093605.94
33.62,101868.952,29828923.9,1.61574444E-04,1273904.46
33.63,18084.5432,29828430.7,1.872235498E-04,1641788.08
33.64,30419.6315,29827947.6,1.838938734E-04,1278000.56
33.65,96184.3028,29827474.6,1.689161316E-04,351760.837
33.66,240101.45,29827008,1.431828977E-04,-1525029.99
33.67,118427.726,29826535.5,1.581306996E-04,-1086164.09
33.68,103563.321,29826056.8,1.536707759E-04,-1393512.95
33.69,143059.522,29825575.7,1.424533588E-04,-2153951.49
33.7,163602.093,29825084.9,1.324376466E-04,-2812317.34
33.71,20829.7598,29824580.2,1.14723793E-04,-1857271.11
33.72,108556.536,29824064.4,1.007775065E-04,-2822202.85
33.73,109374.614,29823533.1,8.370383835E-05,-3093741.8
33.74,46074.8881,29822981.6,5.828607625E-05,-2723266.47
33.75,62453.5085,29822411.8,3.994589436E-05,-2953659.8
33.76,-110642.131,29821823.8,-1.316127368E-05,-1295004.67
33.77,-283308.057,29821222.5,-7.98757875E-05,806163.427
33.78,-312413.874,29820604,-1.241471041E-04,1929610.53
33.79,-250066.632,29819960.5,-1.388273017E-04,2195945.83
33.8,-193517.511,29819293.1,-1.393786627E-04,2328170.31
33.81,11463.8232,29818609.7,-8.548327681E-05,796424.975
33.82,1135.60849,29817922.2,-7.256105693E-05,887883.769
33.83,108327.299,29817236.1,-2.50288175E-05,-204294.525
33.84,166342.133,29816555.4,1.329051183E-05,-1058364.11
33.85,55300.6566,29815885.2,5.360867009E-07,-379090.425
33.86,-12146.1838,29815228.8,-1.204533066E-05,154248.705
33.87,82970.7511,29814592.8,1.810411437E-05,-754666.901
33.88,-53553.3329,29813981.9,-1.742396247E-05,414947.772
33.89,74981.5348,29813398.4,1.884135379E-05,-745205.342
33.9,79112.7209,29812843.7,2.48339539E-05,-954817.985
33.91,40579.6286,29812318.6,1.833398457E-05,-774057.461
33.92,12646.9057,29811823.1,1.108753642E-05,-579286.823
33.93,-37110.6155,29811357.4,-4.217285609E-06,-87144.5933
33.94,-154397.147,29810921.8,-3.961142051E-05,1209892.31
33.95,45.0393185,29810514.1,-8.237515322E-06,76222.804
33.96,-94080.1638,29810132.9,-3.067438858E-05,1047157.57
33.97,-107271.872,29809777.8,-3.594895397E-05,1408678.78
33.98,-33228.043,29809446.4,-2.206545057E-05,949125.466
33.99,-514039.254,29809138.6,-1.187005296E-04,5849618.33
34,-339067.988,29808849.2,-9.870099566E-05,5358312.36
34.01,-349474.398,29808573.9,-1.062956243E-04,6309017.71
34.02,-322376.652,29808318.2,-1.067224054E-04,6791474.58
34.03,-237060.391,29808089,-9.973239316E-05,6606425.1
34.04,-156592.085,29807889.8,-9.546050303E-05,6202888.81
34.05,2237.65707,29807726.8,-8.738662406E-05,4762910.25
34.06,-68451.4566,29807596.4,-1.029811328E-04,5194268.05
34.07,-192084.222,29807487.6,-1.22816292E-04,6304872.96
34.08,60473.9941,29807412.7,-1.281670786E-04,3955879.34
34.09,-82973.7453,29807363.3,-1.498471617E-04,4926289.25
34.1,-209405.711,29807331,-1.676814611E-04,6038819.98
34.11,-117913.762,29807331.1,-1.86516097E-04,5320003.49
34.12,-256730.928,29807349.4,-1.987905599E-04,6660287.45
34.13,-174461.576,29807390.3,-2.223512808E-04,6096806.97
34.14,-218682.868,29807451.5,-2.392820249E-04,6606939.54
34.15,-9312.59565,29807533.3,-2.890510364E-04,4641788.04
34.16,-83028.8337,29807625.9,-3.12947171E-04,4993980.02
34.17,-111361.426,29807718.3,-3.39111945E-04,5045656.7
34.18,-164099.481,29807816.8,-3.546594081E-04,5446811.56
34.19,-138504.917,29807917.3,-3.828518227E-04,5185112.99
34.2,-334577.799,29808010.9,-3.542105018E-04,7085643.97
34.21,-407436.824,29808098.9,-3.387019853E-04,8232834.01
34.22,-375566.642,29808189.1,-3.500385031E-04,8523799.36
34.23,-367423.405,29808269.8,-3.650699739E-04,8934836.02
34.24,-140236.058,29808352.8,-4.745211096E-04,7092887.87
34.25,-157933.564,29808427.6,-5.228657154E-04,7116205.74
34.26,-131047.401,29808489.6,-5.912056464E-04,6699716.45
34.27,-234510.657,29808539.5,-5.972416432E-04,7544049.35
34.28,-128593.869,29808584.5,-6.906649239E-04,6533330.91
34.29,-95432.7683,29808628.1,-7.62254964E-04,5993055.02
34.3,-202010.975,29808653.4,-7.579713213E-04,6746702.38
34.31,-113701.862,29808680.6,-8.459049789E-04,5826173.96
34.32,-211527.71,29808699.8,-8.270212019E-04,6565927.95
34.33,-222349.475,29808711,-8.439997767E-04,6660815.91
34.34,-217364.016,29808724.1,-8.656609039E-04,6648484.29
34.35,-242430.62,29808729.8,-8.66838509E-04,6913447.66
34.36,-370430.453,29808724.5,-7.805042804E-04,8274282.81
34.37,-509617.539,29808708.4,-6.531233384E-04,10070574.3
34.38,-608929.962,29808685.2,-5.301241077E-04,11815592.2
34.39,-535740.355,29808659.2,-5.524954052E-04,12053957.6
34.4,-359953.646,29808635.9,-7.16660716E-04,11037111.8
34.41,-402534.797,29808603,-7.441527081E-04,11713776.4
34.42,-334534.723,29808570.9,-8.817362401E-04,11347995.3
34.43,-283050.161,29808546.9,-1.026482087E-03,10970126.4
34.44,-276718.984,29808521.3,-1.143256589E-03,10874452
34.45,-205621.87,29808505.4,-1.330725537E-03,10095221.2
34.46,-106100.423,29808502.7,-1.567563767E-03,8839367.01
34.47,-33231.352,29808508.1,-1.796154009E-03,7583885.12
34.48,-36731.4616,29808512.9,-1.937541294E-03,6911458.05
34.49,-41129.1913,29808517.9,-2.049054388E-03,6272655.85
34.5,131901.331,29808540.5,-2.356663947E-03,3890607.29
34.51,59194.508,29808553.9,-2.377265326E-03,3563946.24
34.52,75777.5673,29808559.2,-2.457112781E-03,2544578.41
34.53,205890.765,29808578.9,-2.659720179E-03,415287.695
34.54,157880.335,29808582.2,-2.630937732E-03,-218268.561
34.55,32886.4636,29808567.4,-2.4357512E-03,90584.9615
34.56,80792.9953,29808561.8,-2.405802216E-03,-939449.666
34.57,154353.762,29808557.5,-2.410378848E-03,-2285440.95
34.58,-79262.4078,29808525.3,-1.960818697E-03,-693909.487
34.59,80399.691,29808493.3,-2.005615703E-03,-2400998.82
34.6,-60464.4992,29808445.3,-1.631716322E-03,-1411284.01
34.61,278555.027,29808378.1,-1.974489274E-03,-4878949.65
34.62,326670.029,29808274.1,-1.980643781E-03,-6197990.9
34.63,329260.588,29808121.3,-1.922058337E-03,-7177166.29
34.64,399663.179,29807940.6,-1.93945845E-03,-8739308.36
34.65,296224.051,29807736.4,-1.657245232E-03,-8663199.94
34.66,91079.7926,29807528.9,-1.120446309E-03,-7238590.47
34.67,334985.868,29807323.9,-1.257874347E-03,-9716328.5
34.68,354506.031,29807104.9,-1.106765604E-03,-10491320.9
34.69,254048.686,29806874.7,-7.497056138E-04,-10096875.4
34.7,263369.183,29806640.6,-5.266095976E-04,-10457320.6
34.71,234367.795,29806409.8,-2.30774371E-04,-10390581.4
34.72,240706.29,29806183.6,7.317191528E-06,-10566281.3
34.73,190798.019,29805963.3,3.428408476E-04,-10140364.5
34.74,228125.316,29805748.9,5.242675503E-04,-10426489
34.75,225556.219,29805541.6,7.504926183E-04,-10364441.2
34.76,344247.535,29805339.5,7.236081573E-04,-11491463.1
34.77,152652.822,29805165.3,1.238199877E-03,-9768628.14
34.78,54841.4314,29805027.1,1.653043623E-03,-8487969.22
34.79,-54696.3416,29804915.6,2.127631768E-03,-6791185.04
34.8,-118921.889,29804835.5,2.524282078E-03,-5283591.64
34.81,-136873.515,29804775.5,2.806694511E-03,-4086477.14
34.82,-107848.162,29804737.7,2.939657667E-03,-3344263.98
34.83,15294.9158,29804723.8,2.800387155E-03,-3657742.27
34.84,-24252.6518,29804760.9,2.884194108E-03,-2690939.5
34.85,27635.2478,29804850.1,2.758435786E-03,-2588328.56
34.86,-14077.9804,29804994.4,2.779398513E-03,-1697703.93
34.87,141404.674,29805192.6,2.376237488E-03,-2732486.62
34.88,144910.267,29805458.1,2.201500911E-03,-2662114.94
34.89,78591.5679,29805802.9,2.168741695E-03,-1953743.1
34.9,-33896.6506,29806212,2.282029906E-03,-624102.973
34.91,68307.4888,29806674.9,1.986564285E-03,-1191097.79
34.92,-123786.654,29807206.4,2.273771846E-03,908020.682
34.93,-130508.647,29807798,2.24134158E-03,1575385.05
34.94,-56568.333,29808435.4,2.020631842E-03,1443748.18
34.95,-212499.98,29809135.1,2.243753112E-03,3366053.15
34.96,-273365.964,29809881.5,2.31893433E-03,4679550.9
34.97,-24008.6007,29810662,1.703854024E-03,3007816.62
34.98,112736.974,29811495.3,1.170822137E-03,1770362.76
34.99,31119.7382,29812385.9,1.048757105E-03,2307614.88
35,196066.474,29813311.1,4.316962087E-04,562894.077
35.01,129058.465,29814265,2.880609931E-04,727514.318
35.02,-1051.9143,29815238.6,3.5869991E-04,1653451.01
35.03,41167.4665,29816226.1,1.419967415E-04,1197261.48
35.04,123141.414,29817228.3,-1.734414965E-04,227859.329
35.05,44233.432,29818241,-1.457363543E-04,640837.524
35.06,-42476.4825,29819257.8,-3.063409717E-05,1329276.21
35.07,-44731.9793,29820274.8,-4.447016744E-05,1405036.95
35.08,-34950.4818,29821288.5,-8.230755991E-05,1359638.39
35.09,39054.2451,29822295.1,-2.834394233E-04,630802.695
35.1,-75162.311,29823289.2,-7.305918131E-05,1600923.22
35.11,-177777.838,29824266.8,1.822073136E-04,2735439.21
35.12,-128974.506,29825228.1,1.320934535E-04,2623956.45
35.13,-12860.727,29826171.4,-1.300995543E-04,1697498.17
35.14,-91020.5638,29827094.8,-3.762490334E-06,2401051.37
35.15,64823.3318,29828000.5,-4.082151179E-04,940916.014
35.16,4452.10895,29828887.7,-3.646469139E-04,1272332.24
35.17,-88425.7124,29829754.9,-1.975949857E-04,2054972.07
35.18,-278044.837,29830605.4,2.846188578E-04,4069571.67
35.19,-197265.12,29831444.3,2.020798276E-04,3842434.35
35.2,-171174.329,29832272.9,1.823476213E-04,3953505.14
35.21,-156502.253,29833092.1,1.41584608E-04,4065711.23
35.22,-254695.73,29833904.2,3.607937278E-04,5265952.26
35.23,-339999.102,29834709.3,5.934300587E-04,6566212.19
35.24,-238166.452,29835514.3,3.863805053E-04,6189829.46
35.25,-122881.429,29836325.2,5.243362444E-05,5387388.54
35.26,-229526.649,29837140.8,1.853417664E-04,6474364.75
35.27,-313564.692,29837961.9,3.24286856E-04,7582184.14
35.28,-359272.639,29838791.8,4.169163581E-04,8514676.87
35.29,-171972.57,29839640.9,-6.955630446E-05,7186054.37
35.3,-104797.131,29840514,-3.852990231E-04,6553117.86
35.31,-32031.0153,29841410.5,-7.582028292E-04,5645349
35.32,-20824.065,29842329.6,-9.935130383E-04,5171164.91
35.33,-44020.748,29843264.2,-1.116415349E-03,5003515.66
35.34,20526.3919,29844221.1,-1.40625036E-03,4018164.54
35.35,-47879.6585,29845193.6,-1.369802363E-03,4209751.58
35.36,-83973.6432,29846181.6,-1.342658707E-03,4248350.12
35.37,-16917.4964,29847194.2,-1.517876068E-03,3367026.88
35.38,-57230.4702,29848220.5,-1.45169769E-03,3398734.33
35.39,-17026.5985,29849260.1,-1.540831841E-03,2727377.02
35.4,418.161586,29850311.4,-1.576768294E-03,2210765.55
35.41,-121438.422,29851361.9,-1.275837562E-03,3056486.23
35.42,16844.1875,29852424,-1.508211375E-03,1621376.9
35.43,69847.1859,29853488.9,-1.603831009E-03,723930.275
35.44,886.821441,29854540.4,-1.438582449E-03,909673.305
35.45,-56185.8535,29855585.4,-1.244796833E-03,1189561.84
35.46,-9989.30451,29856628.1,-1.242889266E-03,613044.679
35.47,-152829.994,29857659.2,-8.402285047E-04,1836492.68
35.48,-152739.386,29858681.5,-6.894067693E-04,1996023.53
35.49,-273112.879,29859692.7,-2.857671776E-04,3399252.3
35.5,-461917.06,29860686,2.945007067E-04,5782624.52
35.51,-224649.39,29861669.7,2.590006092E-05,4375501.51
35.52,-223565.239,29862631.5,1.009541764E-04,4727797.49
35.53,-34863.9951,29863576.5,-2.474990108E-04,3132868.49
35.54,-98111.3631,29864507.1,-1.739092313E-04,3608744.67
35.55,-172869.978,29865419.5,-5.249188842E-05,4330936.12
35.56,-79517.5589,29866326,-2.204542079E-04,3577808.01
35.57,-36958.3019,29867225.6,-3.295229912E-04,3088505.51
35.58,-15483.8118,29868118.6,-4.147775835E-04,2681814.27
35.59,34058.992,29869008.3,-5.490935145E-04,1947649.3
35.6,-118216.989,29869889.3,-3.223923222E-04,3120484.38
35.61,81966.6428,29870772.9,-6.561923235E-04,1143994.92
35.62,141445.028,29871656.6,-8.050687632E-04,101690.501
35.63,94838.273,29872527.9,-7.843907999E-04,-51087.5072
35.64,-70240.2442,29873389.8,-5.259654222E-04,1145315.38
35.65,-138531.768,29874248.6,-3.563677549E-04,1817934.67
35.66,-48605.496,29875108,-4.175688093E-04,1099959.52
35.67,-61056.3389,29875955.3,-3.555256088E-04,1179880.78
35.68,-81228.3677,29876786.2,-2.851238916E-04,1363505.38
35.69,-137165.241,29877599.6,-1.569210458E-04,1978916.23
35.7,-111021.743,29878394.4,-1.391473067E-04,1916677.92
35.71,-141607.107,29879167.3,-5.497222554E-05,2363419.48
35.72,-193310.914,29879915.4,5.813391144E-05,3090303.24
35.73,-425493.999,29880635.8,4.262702207E-04,5763110.68
35.74,-373102.98,29881330.5,4.568772399E-04,6155307.26
35.75,-250082.11,29881998.6,3.572540716E-04,5698757.2
35.76,-36810.4759,29882644.4,8.166262362E-05,3962472.9
35.77,34481.8088,29883274,-7.932609904E-05,3084048.57
35.78,-3718.33483,29883881.4,-1.185509145E-04,3102356.93
35.79,194030.189,29884471.9,-4.226626237E-04,859351.189
35.8,192345.661,29885041,-5.206258542E-04,129162.373
35.81,109181.216,29885581.8,-5.046502358E-04,208900.327
35.82,162984.28,29886105,-6.032004012E-04,-830691.988
35.83,77353.7317,29886609.1,-5.388153366E-04,-577817.399
35.84,-103580.237,29887093.6,-3.359437481E-04,859475.977
35.85,-361491.75,29887565.2,1.840991111E-06,3567158.35
35.86,-342556.428,29888026.9,9.462822165E-05,4166158.01
35.87,-330682.794,29888463.9,1.724705546E-04,4788471.51
35.88,-264345.793,29888866.3,1.654549169E-04,4788462.45
35.89,-386550.709,29889231.8,3.201942369E-04,6498164.12
35.9,-182089.418,29889565.3,1.510460957E-04,5207745.24
35.91,-115453.249,29889869.8,6.300100973E-05,4775872.06
35.92,77285.3307,29890149.5,-1.772530411E-04,2849543.79
35.93,97043.359,29890405.3,-2.845995187E-04,2177246.28
35.94,134995.523,29890631.1,-4.045843904E-04,1254770.64
35.95,77207.4264,29890827.9,-4.218249181E-04,1224160.72
35.96,258704.285,29891003.6,-6.436455367E-04,-1053727.45
35.97,188701.035,29891154.3,-6.456703936E-04,-1236617.24
35.98,214057.52,29891279.1,-7.076661553E-04,-2197139.25
35.99,-53938.4085,29891381.8,-4.715465998E-04,-213212.25
36,-171912.476,29891473.2,-3.063816893E-04,962207.872
36.01,-233292.141,29891559.9,-1.639017465E-04,1922237.03
36.02,-193681.273,29891627.6,-1.15300178E-04,2013924.29
36.03,-318101.306,29891666.6,6.772268899E-05,3650199.8
36.04,-326272.661,29891673.9,1.524363628E-04,4419618.39
36.05,-239037.307,29891649.5,1.311923771E-04,4255825.46
36.06,-107972.637,29891593.2,2.713276351E-05,3396204.23
36.07,-14056.9439,29891510.9,-8.571717536E-05,2550461.8
36.08,-3672.03913,29891404.1,-1.437500485E-04,2289364.62
36.09,106319.615,29891276.6,-2.982849048E-04,999874.43
36.1,261601.075,29891132.1,-5.164355314E-04,-1015091.41
36.11,180012.607,29890965.8,-5.254062325E-04,-1046833.33
36.12,203811.173,29890781.5,-5.994395634E-04,-1912381.45
36.13,282419.892,29890587,-7.124352374E-04,-3337391.84
36.14,247424.328,29890380.3,-7.131846479E-04,-3804198.29
36.15,272694.584,29890164.6,-7.470218805E-04,-4753546.93
36.16,107091.064,29889942.8,-5.700871686E-04,-3796278.12
36.17,104019.248,29889722,-5.038367563E-04,-4017512.42
36.18,75154.2116,29889501.3,-4.000242255E-04,-3914234.79
36.19,-83448.4838,29889276.5,-1.51425353E-04,-2422357.72
36.2,98703.9589,29889042.8,-2.258688779E-04,-3918112.27
36.21,68141.8494,29888791.5,-1.280893659E-04,-3706616.28
36.22,-20934.1268,29888525,3.246443001E-05,-2847604.13
36.23,-871.822987,29888241.8,9.757439115E-05,-2813957.44
36.24,45098.3913,29887941.5,1.207366376E-04,-3076985.34
36.25,100832.04,29887624.9,1.095460558E-04,-3558118.32
36.26,98530.544,29887295.2,1.420631394E-04,-3589893.35
36.27,53220.334,29886957.2,2.223080167E-04,-3174949.12
36.28,117787.933,29886611.7,1.89225669E-04,-3733402.64
36.29,8868.44791,29886266,3.358420536E-04,-2702778.6
36.3,99180.9961,29885920,2.783026456E-04,-3402496.4
36.31,172036.859,29885574.2,2.11999998E-04,-4132644.3
36.32,167904.149,29885237.5,2.102678691E-04,-4292651.36
36.33,106159.36,29884911.8,2.827445298E-04,-3850228.9
36.34,40491.591,29884599.8,3.839652124E-04,-3195210.5
36.35,79216.0652,29884300.3,3.78887143E-04,-3411287.6
36.36,40638.4801,29884017.1,4.516007553E-04,-2947442.7
36.37,76421.6466,29883750,4.380416169E-04,-3142706.08
36.38,62779.2443,29883499.4,4.704670743E-04,-2923887.54
36.39,97059.6572,29883266.4,4.417677669E-04,-3162390.36
36.4,22420.0095,29883053.1,5.364635071E-04,-2390070.72
36.41,63779.6308,29882857.5,5.045587768E-04,-2601972.28
36.42,109835.139,29882677.8,4.503194455E-04,-2958876.65
36.43,80215.8667,29882520.1,4.727211534E-04,-2691093.43
36.44,81605.5866,29882381.5,4.644771392E-04,-2661570.58
36.45,177182.288,29882259.1,3.350169284E-04,-3576659.03
36.46,116169.797,29882158.6,3.77893897E-04,-3168060.68
36.47,216396.559,29882075.6,2.337756983E-04,-4231719.79
36.48,198737.108,29882010.5,2.191916503E-04,-4344672.17
36.49,141470.968,29881966.9,2.680490264E-04,-4027210.49
36.5,75746.6219,29881941,3.568823701E-04,-3456385.43
36.51,889.842662,29881933.7,4.827488383E-04,-2618816.36
36.52,-70999.6749,29881942.9,6.255096398E-04,-1619719.31
36.53,-185725.31,29881966.6,8.381731176E-04,-12842.2706
36.54,-119213.654,29881995.3,8.293379826E-04,50687.1459
36.55,-123377.127,29882029.4,8.707732688E-04,637694.977
36.56,-119985.892,29882072.7,8.799542189E-04,1114292.98
36.57,-204659.659,29882124.4,9.899725736E-04,2448487.45
36.58,-24702.7171,29882179.8,7.564494391E-04,1306771.06
36.59,14248.1049,29882247.8,6.395373756E-04,1100611.13
36.6,6808.99497,29882335.8,5.626481282E-04,1204314.42
36.61,42656.0177,29882437.4,4.349418169E-04,887514.201
36.62,-72075.035,29882554.2,5.031077552E-04,1973962.57
36.63,-13333.6704,29882683.5,3.795383624E-04,1585515.72
36.64,59489.5343,29882828.7,2.217488584E-04,903879.318
36.65,91650.0438,29882993.1,9.545019457E-05,409420.801
36.66,28097.813,29883174,9.60186188E-05,785340.991
36.67,8358.0888,29883368.5,7.018861723E-05,880545.977
36.68,-25108.1815,29883575.6,7.842337136E-05,1167210.56
36.69,-58220.7915,29883794.2,1.004744978E-04,1523187.44
36.7,54737.2373,29884023.8,-5.942172961E-05,491734.007
36.71,-114860.155,29884260.8,1.205629272E-04,2004393.57
36.72,-80549.2947,29884502.8,8.45482855E-05,1879321.04
36.73,-90795.0447,29884748.5,9.855135129E-05,2137834.47
36.74,13579.3517,29884995.9,-4.228176907E-05,1235969.18
36.75,61767.34,29885244.4,-1.426109481E-04,633027.813
36.76,-52233.0527,29885489.7,-4.40492647E-05,1520086.63
36.77,15725.4152,29885732,-1.38679809E-04,875849.294
36.78,-58688.2469,29885970.4,-6.439839372E-05,1503419.89
36.79,5156.52322,29886204.6,-1.451492044E-04,909124.336
36.8,-136603.967,29886433.6,2.063438275E-05,2233852.68
36.81,-64769.2937,29886657.8,-4.432958842E-05,1754683.94
36.82,-47918.5575,29886877.7,-6.166834103E-05,1663799.53
36.83,74927.2451,29887092.4,-2.219139091E-04,435799.037
36.84,-19922.9142,29887300.5,-1.445392183E-04,1089765.98
36.85,72053.7723,29887502.5,-2.653209314E-04,99166.9947
36.86,56703.0659,29887699.4,-2.718913557E-04,-18461.1122
36.87,81644.7734,29887889.8,-3.183379192E-04,-516886.398
36.88,-11047.6454,29888074.9,-2.213489761E-04,126883.395
36.89,131755.232,29888257,-3.728278722E-04,-1353592.16
36.9,85142.526,29888434.3,-3.337482001E-04,-1269794
36.91,119467.513,29888605.7,-3.725388975E-04,-1891264.79
36.92,131562.151,29888772.5,-3.846442215E-04,-2335509.77
36.93,1535.24055,29888933.9,-2.329057043E-04,-1375107.79
36.94,74860.0992,29889093,-2.715942061E-04,-2103912.61
36.95,11592.2576,29889247.4,-1.753440451E-04,-1616335.66
36.96,21899.7489,29889397.1,-1.478254954E-04,-1715348.48
36.97,-66544.4116,29889541.2,-1.742908415E-05,-818856.375
36.98,23163.5508,29889678.3,-6.117094267E-05,-1487342.01
36.99,93667.718,29889806.6,-1.101408549E-04,-2173020.64
37,144056.824,29889926.4,-1.590017189E-04,-2848084.74
37.01,184521.571,29890037.9,-2.065308286E-04,-3535191.66
37.02,218241.761,29890142,-2.504915997E-04,-4239807.67
37.03,153104.154,29890241.6,-1.974641401E-04,-4016912.1
37.04,308586.543,29890335.7,-3.361110053E-04,-5821097.12
37.05,288556.765,29890425.9,-3.323078732E-04,-6222264.96
37.06,257078.227,29890514.8,-3.071607513E-04,-6451719.01
37.07,167443.409,29890604.9,-2.127821092E-04,-5962623.94
37.08,175135.864,29890698.2,-1.837567097E-04,-6193322.75
37.09,779.889439,29890798.5,3.877971024E-06,-4581840.83
37.1,21253.186,29890901,5.09918246E-05,-4473136.89
37.11,8795.71505,29890997.7,1.154232374E-04,-4051688.58
37.12,15347.0244,29891088.9,1.548571443E-04,-3805192.77
37.13,52044.6439,29891169,1.603057502E-04,-3868567.45
37.14,57213.0948,29891241.2,1.768328455E-04,-3710919.56
37.15,-39236.1129,29891310.4,2.645266313E-04,-2550661.86
37.16,2498.24824,29891371.3,2.577875463E-04,-2534520.42
37.17,-115765.501,29891429.5,3.562812652E-04,-1017758.21
37.18,-123270.925,29891484.5,3.841343261E-04,-344109.21
37.19,-25813.8278,29891529.8,3.321595221E-04,-708196.458
37.2,-10583.2488,29891578.3,3.144931892E-04,-532956.865
37.21,112499.192,29891631.2,2.177020873E-04,-1512463.99
37.22,96921.295,29891694.4,1.949085749E-04,-1422358.14
37.23,239353.055,29891765.6,7.499421341E-05,-2907151.63
37.24,90047.5736,29891849.3,1.243199516E-04,-1817348.99
37.25,54027.9538,29891942.4,1.276236218E-04,-1509413.62
37.26,68327.9657,29892039.3,1.105293008E-04,-1587955.05
37.27,93298.4964,29892145.1,8.613251996E-05,-1832938.86
37.28,-23392.8766,29892260.2,1.402507808E-04,-728362.486
37.29,38021.6522,29892378.4,1.091860045E-04,-1122916.83
37.3,56454.2183,29892497.2,9.484966376E-05,-1235573.01
37.31,13653.1831,29892618,1.098388865E-04,-809023.869
37.32,15621.0798,29892735,1.064879313E-04,-723620.305
37.33,-135086.121,29892847.2,1.81539578E-04,886929.035
37.34,-19582.4551,29892947.5,1.360642862E-04,189362.248
37.35,-49271.3086,29893036,1.483615414E-04,657501.786
37.36,-14819.1964,29893113,1.283598348E-04,511076.795
37.37,-21249.7373,29893175.4,1.237851218E-04,691639.091
37.38,-41100.9108,29893222.6,1.249458016E-04,999687.983
37.39,38684.1755,29893252.2,8.005771954E-05,348597.864
37.4,8076.42279,29893265.4,7.840287498E-05,591309.627
37.41,-21253.0924,29893261.1,7.948144324E-05,877824.078
37.42,-88701.5424,29893237.6,1.029183521E-04,1624759.03
37.43,-96680.4546,29893194.2,1.054278785E-04,1932358.08
37.44,-58021.1967,29893130.7,8.524348853E-05,1781772.51
37.45,-110449.637,29893048.4,1.009088142E-04,2425743.15
37.46,-38980.278,29892946.1,6.20256621E-05,1939380.52
37.47,-38190.0539,29892824.8,4.698288036E-05,1976254.32
37.48,-53414.8553,29892683.8,3.800568922E-05,2144276.09
37.49,9107.24498,29892523.5,-6.152980296E-06,1567901.52
37.5,18180.4499,29892344.1,-3.172154261E-05,1360401.16
37.51,67035.8115,29892145.7,-7.695263635E-05,715901.598
37.52,126362.038,29891928.8,-1.306514254E-04,-152913.416
37.53,26688.3199,29891690.7,-1.081652151E-04,422468.878
37.54,18761.2257,29891432.8,-1.139417632E-04,335882.635
37.55,-29823.0148,29891156.8,-9.296689214E-05,700981.409
37.56,-75352.2797,29890862.4,-6.5587084E-05,1151956.85
37.57,-108151.419,29890549.9,-3.796629532E-05,1599071.46
37.58,-88237.9357,29890218.4,-3.567554315E-05,1598466.86
37.59,-131429.496,29889866.1,-4.503750512E-06,2176121.81
37.6,-23938.6786,29889494,-5.387413942E-05,1339616.22
37.61,-8637.46705,29889101.9,-6.960423019E-05,1157515.08
37.62,6844.934,29888689.8,-8.923145993E-05,914908.851
37.63,56759.8456,29888259.7,-1.289770918E-04,298828.078
37.64,75507.4388,29887812.2,-1.556785726E-04,-129847.989
37.65,121760.601,29887348.6,-1.979820254E-04,-879440.184
37.66,173118.31,29886870.3,-2.452263223E-04,-1783148.61
37.67,97858.2701,29886377,-2.170275446E-04,-1533499.98
37.68,66908.8405,29885872.2,-1.967668293E-04,-1518803.84
37.69,80199.28,29885359.4,-1.929263742E-04,-1837605.29
37.7,15037.3206,29884838.2,-1.394442182E-04,-1390981.58
37.71,9524.57394,29884309.5,-1.118357824E-04,-1365111.25
37.72,69223.9584,29883771.3,-1.246378366E-04,-1957048.58
37.73,123338.614,29883222.6,-1.450796884E-04,-2638669.27
37.74,-45683.4537,29882664.2,-3.011064649E-05,-1208136.55
37.75,238.669517,29882098.7,-2.620992006E-05,-1491415.11
37.76,-43888.0585,29881526.8,2.790795011E-05,-954776.491
37.77,35857.8107,29880947.8,2.587736654E-06,-1569943.91
37.78,16958.043,29880362.2,2.584682725E-05,-1380018.46
37.79,-1431.0702,29879772.3,4.837837816E-05,-1157364.67
37.8,-7163.02816,29879179.1,6.432899827E-05,-999824.595
37.81,2876.41894,29878584.5,6.831341019E-05,-986324.85
37.82,50651.1379,29877989.8,4.37691997E-05,-1378497.44
37.83,-30154.396,29877398.1,9.234141595E-05,-602248.864
37.84,-7054.65155,29876810.1,8.531141597E-05,-668410.806
37.85,-24393.4938,29876227,9.906153416E-05,-375830.855
37.86,84099.7291,29875650,3.442387922E-05,-1319525.61
37.87,3985.24912,29875081.9,6.932742331E-05,-642105.421
37.88,6720.12129,29874523.4,6.455364881E-05,-608550.352
37.89,35920.7736,29873973.6,4.506401688E-05,-828477.831
37.9,96297.2138,29873434.4,3.409489538E-06,-1449645.62
37.91,128473.126,29872906.2,-2.841912545E-05,-1942691.05
37.92,77031.5861,29872389.6,-1.576750236E-05,-1677302.65
37.93,56158.1386,29871883.8,-1.116221435E-05,-1579342.69
37.94,-4248.36011,29871389.3,1.762814242E-05,-1017976.91
37.95,65854.2307,29870904.5,-1.299270954E-05,-1614873.39
37.96,13580.4539,29870429.5,8.50630155E-06,-1154296.15
37.97,-40359.9093,29869963.8,3.392527782E-05,-556740.886
37.98,-26802.8648,29869504.2,3.30008008E-05,-485841.454
37.99,-105599.746,29869050.9,6.818044581E-05,472420.159
38,-209680.656,29868602.6,1.159120692E-04,1870075.31
38.01,-106325.416,29868154.4,8.776249572E-05,1446009.35
38.02,-189257.448,29867708,1.181238412E-04,2612153.76
38.03,-300708.892,29867263.8,1.588867601E-04,4231094.2
38.04,-251392.76,29866817.2,1.508680717E-04,4513202.01
38.05,-197708.766,29866371,1.373771825E-04,4591743.43
38.06,-178786.607,29865930.9,1.303031889E-04,4829353.93
38.07,-120135.56,29865500.5,1.127131319E-04,4586496.61
38.08,-94714.188,29865080.8,1.027856583E-04,4498686.6
38.09,-68879.0515,29864672.6,9.405784855E-05,4307795.64
38.1,20923.9732,29864277.8,7.497100621E-05,3387718.47
38.11,9757.73252,29863895.4,7.48418264E-05,3233269.86
38.12,98666.5984,29863525.4,6.192224242E-05,2082686.78
38.13,167670.395,29863167.5,5.391434494E-05,911812.765
38.14,121244.21,29862813.8,6.054611415E-05,715591.84
38.15,129773.79,29862463.5,6.232085895E-05,99576.6952
38.16,86540.8118,29862115.7,6.767100042E-05,8663.97271
38.17,98105.562,29861769.5,6.880120974E-05,-511930.477
38.18,124414.002,29861423.7,6.883320458E-05,-1183263.69
38.19,158941.218,29861073.4,6.857829012E-05,-1987406.1
38.2,126088.166,29860714.7,6.785027674E-05,-2176826.65
38.21,157786.82,29860346.8,6.588468518E-05,-2902336.29
38.22,194626.534,29859967.4,6.37917799E-05,-3721724.12
38.23,113821.427,29859572.2,5.514751571E-05,-3427635.57
38.24,87684.7241,29859163.4,4.475606104E-05,-3442499.55
38.25,97403.2624,29858741.1,3.435451265E-05,-3706573.27
38.26,122363.223,29858301.7,2.50017382E-05,-4126226.97
38.27,31427.8818,29857844.3,1.806431778E-06,-3420020.6
38.28,79540.8935,29857369.2,-9.366966134E-06,-3854243.54
38.29,52743.3998,29856876.4,-3.024982064E-05,-3623837.52
38.3,-30389.7751,29856368.9,-6.323690794E-05,-2756463.72
38.31,73628.4445,29855844.6,-6.842687138E-05,-3532020.97
38.32,66575.5159,29855305.9,-8.828128976E-05,-3440231.56
38.33,-41054.5103,29854760.4,-1.312163292E-04,-2330596.88
38.34,2874.27703,29854207,-1.483999556E-04,-2447768.32
38.35,-22747.051,29853650.2,-1.795076332E-04,-1967091.51
38.36,-66603.5698,29853095.9,-2.167172054E-04,-1256842.16
38.37,-124993.771,29852546.2,-2.62300294E-04,-284997.604
38.38,-60747.6331,29852001.6,-2.71007414E-04,-406478.795
38.39,15347.6858,29851466.7,-2.622060393E-04,-824004.528
38.4,-429.746163,29850951.2,-2.729776864E-04,-540389.197
38.41,86121.961,29850455.8,-2.405063533E-04,-1257071.94
38.42,61422.1797,29849985.5,-2.42419535E-04,-1078027.04
38.43,47979.8288,29849543.3,-2.418721119E-04,-969932.213
38.44,40641.5011,29849129,-2.417588639E-04,-882995.622
38.45,29965.5674,29848745.4,-2.444265932E-04,-753756.841
38.46,101730.054,29848392.4,-2.004918572E-04,-1432390.07
38.47,71400.5082,29848072.4,-2.038228101E-04,-1272776.14
38.48,70174.5579,29847784.3,-1.953649902E-04,-1339769.89
38.49,90824.9954,29847525.7,-1.749128235E-04,-1612846
38.5,-8237.73241,29847297.5,-2.38977101E-04,-741371.826
38.51,-22094.1317,29847096.1,-2.639314665E-04,-476757.799
38.52,-78750.3542,29846919.3,-3.277295543E-04,261618.297
38.53,-102914.098,29846764.6,-3.734989806E-04,799119.718
38.54,-131927.996,29846628.4,-4.235850299E-04,1440639.88
38.55,-79300.0403,29846507.6,-3.938345409E-04,1316211.21
38.56,-151728.133,29846401.7,-4.603897158E-04,2296618.95
38.57,-66713.1321,29846307.9,-3.754454286E-04,1851522.43
38.58,7674.93071,29846226,-2.643855464E-04,1290693.81
38.59,20213.3634,29846157.8,-1.878265517E-04,1125560.7
38.6,36725.043,29846100,-1.030130099E-04,878582.207
38.61,48769.6496,29846051.5,-2.304879766E-05,630882.729
38.62,12598.7604,29846010.7,-5.300798473E-06,828627.502
38.63,-24964.0571,29845976.3,-1.07387645E-05,1128136.08
38.64,12262.7447,29845948.3,6.248295823E-05,772612.142
38.65,42741.3644,29845926,1.385320463E-04,385668.948
38.66,-3284.7677,29845907.3,1.164979764E-04,679766.664
38.67,2924.66353,29845890.5,1.438885812E-04,567817.495
38.68,40858.6101,29845874.4,2.141999312E-04,129508.323
38.69,45971.4908,29845856.8,2.479986203E-04,-80815.874
38.7,40114.869,29845835.9,2.610991214E-04,-192832.239
38.71,68289.9602,29845810.3,3.160740609E-04,-622409.802
38.72,54756.0354,29845778.5,3.097108984E-04,-697116.173
38.73,20441.8687,29845739.4,2.572065172E-04,-523954.741
38.74,36268.2986,29845692.6,2.637051623E-04,-753480.011
38.75,79249.4254,29845637.3,3.174496068E-04,-1285905.5
38.76,366.713769,29845571.9,1.871847776E-04,-700029.274
38.77,38014.8059,29845496.7,2.125145992E-04,-1076440.07
38.78,30224.6544,29845411.3,1.753016652E-04,-1070614.3
38.79,49315.5739,29845315.5,1.822994862E-04,-1320764.93
38.8,57092.3768,29845208.9,1.768602073E-04,-1490786.3
38.81,80472.8854,29845092.2,1.999300148E-04,-1831760.33
38.82,85891.325,29844965.9,1.998706569E-04,-2040241.05
38.83,71002.2534,29844831.1,1.650002021E-04,-2049293.43
38.84,49459.4775,29844689.5,1.095378622E-04,-1940139.4
38.85,52035.1924,29844542,8.374435911E-05,-2005835.59
38.86,43279.3929,29844389.9,4.126750349E-05,-1954262.89
38.87,22308.7472,29844234.4,-2.175096143E-05,-1751841.14
38.88,-19453.753,29844076.6,-1.227386401E-04,-1278858.23
38.89,-42950.7809,29843917.5,-2.040487762E-04,-877907.836
38.9,-34283.1577,29843757,-2.344579764E-04,-737637.993
38.91,-33827.2134,29843596.4,-2.639836245E-04,-541582.189
38.92,-20883.8822,29843436.7,-2.643150815E-04,-479623.29
38.93,-96889.5414,29843280.4,-3.872084612E-04,438006.403
38.94,-58292.6762,29843127.3,-3.559848781E-04,388043.491
38.95,23156.2766,29842978.5,-2.420809899E-04,-191878.088
38.96,-29231.4215,29842839.1,-2.883636965E-04,341154.559
38.97,-9929.90051,29842709.1,-2.469787412E-04,275275.872
38.98,11901.2391,29842589.3,-1.976178737E-04,140216.471
38.99,29583.3299,29842481.9,-1.465141819E-04,-26868.2466
39,25102.868,29842388,-1.22171129E-04,-22422.5945
39.01,-31407.6611,29842308.1,-1.707341266E-04,510796.324
39.02,-23944.5702,29842241.7,-1.54233941E-04,541683.395
39.03,78630.2177,29842189.1,-1.590953521E-05,-402945.969
39.04,106181.664,29842151,5.539785877E-05,-866988.44
39.05,83224.2339,29842126.4,6.75778907E-05,-902933.338
39.06,11350.3745,29842113.1,6.950370666E-06,-376856.862
39.07,20317.2613,29842110.6,1.719033028E-05,-472398.635
39.08,-10742.6815,29842118.1,-1.885355958E-05,-182239.893
39.09,11683.206,29842133.9,-1.292044225E-06,-358298.887
39.1,-12126.4675,29842156.1,-2.930207315E-05,-121274.754
39.11,10122.0814,29842182.8,-1.154990056E-05,-292608.542
39.12,-89907.6894,29842212.3,-1.179189134E-04,712354.824
39.13,-59844.9401,29842242.7,-1.083160969E-04,656940.523
39.14,-52459.855,29842272.3,-1.12397888E-04,760701.031
39.15,-79908.5338,29842300.6,-1.439291817E-04,1172852.04
39.16,-5368.47169,29842325.8,-7.727359633E-05,626827.514
39.17,-47241.538,29842348.6,-1.054386807E-04,1055473.77
39.18,-24686.8616,29842368.5,-7.846519944E-05,924904.794
39.19,-7830.26616,29842385.3,-5.273990803E-05,800867.99
39.2,-40976.9425,29842398.5,-6.901620816E-05,1121184.08
39.21,-19155.4528,29842409.4,-4.209123446E-05,969461.894
39.22,35588.1262,29842418.1,1.830904591E-05,431244.812
39.23,89709.3393,29842424.7,8.845098283E-05,-249970.091
39.24,39715.3176,29842428.8,7.419141756E-05,-25497.0265
39.25,-23993.4839,29842429.7,3.303012468E-05,467463.273
39.26,55309.7886,29842428.8,9.835611696E-05,-299928.566
39.27,58399.7414,29842425.6,1.12139529E-04,-500603.491
39.28,107456.292,29842419.2,1.640456773E-04,-1180475.63
39.29,109864.093,29842408.7,1.810176075E-04,-1497961.82
39.3,93529.939,29842393.1,1.776669716E-04,-1627868.12
39.31,122777.686,29842372.8,2.029082099E-04,-2154806.82
39.32,116664.872,29842346.7,1.992503744E-04,-2384493.65
39.33,98416.0371,29842315.4,1.797598671E-04,-2464993.13
39.34,72855.7109,29842277.7,1.458494293E-04,-2403818.46
39.35,132218.759,29842233.7,1.733866701E-04,-3112782.25
39.36,85964.1036,29842182.5,1.23870926E-04,-2894365.56
39.37,73666.2834,29842123.6,9.126910164E-05,-2891018.47
39.38,52468.6163,29842057.3,4.646279403E-05,-2738589.22
39.39,78648.6803,29841983,3.661704755E-05,-2999088.94
39.4,61951.9981,29841900.4,-2.149498657E-06,-2881436.11
39.41,10100.8475,29841811,-7.155344226E-05,-2361979.57
39.42,95784.4375,29841712.7,-3.754340504E-05,-3077551.12
39.43,146569.533,29841606.3,-1.258467361E-05,-3649576.31
39.44,117512.653,29841495.6,-4.126314645E-05,-3554294.44
39.45,159544.022,29841380.1,-1.985430746E-05,-4081940.91
39.46,167486.893,29841262.2,-2.113397656E-05,-4353984.47
39.47,149210.441,29841145.4,-4.479879997E-05,-4377871.38
39.48,174257.082,29841029.8,-3.991045781E-05,-4771103.96
39.49,159785.622,29840918.2,-6.588824288E-05,-4814034.06
39.5,171826.945,29840811.9,-7.491237264E-05,-5076115.66
39.51,167854.185,29840711.6,-9.771448905E-05,-5187836.02
39.52,71415.574,29840622,-2.016589832E-04,-4349305.3
39.53,58292.0919,29840541.4,-2.559769463E-04,-4087736.92
39.54,62367.5895,29840467.9,-2.962507427E-04,-3948036.66
39.55,61941.335,29840403,-3.334282092E-04,-3779252.01
39.56,33676.1082,29840347,-3.895142679E-04,-3328579.28
39.57,38894.3972,29840299.2,-4.172169562E-04,-3142574.04
39.58,-23311.1117,29840261.9,-4.974901801E-04,-2293919.8
39.59,54449.199,29840231.7,-4.60306338E-04,-2703922.11
39.6,42010.1916,29840212.2,-4.794462078E-04,-2407856.14
39.61,74701.5771,29840206.8,-4.536962915E-04,-2559078.51
39.62,62367.7778,29840215.2,-4.586571465E-04,-2339510.81
39.63,28040.679,29840241.1,-4.836365965E-04,-1883553.28
39.64,48869.4457,29840281.8,-4.639348968E-04,-1899295.08
39.65,81169.1802,29840339.1,-4.256232111E-04,-2092839.12
39.66,-1323.12633,29840418.1,-4.841516861E-04,-1232802.97
39.67,-11460.1348,29840515.4,-4.926021284E-04,-901526.098
39.68,42388.5198,29840627.9,-4.402007346E-04,-1188543.78
39.69,34469.2655,29840760.7,-4.284240722E-04,-1015883.57
39.7,36576.7792,29840912.9,-4.058299153E-04,-942798.975
39.71,79852.94,29841082.1,-3.422408702E-04,-1293644.36
39.72,44544.7218,29841269.7,-3.445401933E-04,-978539.99
39.73,-10762.678,29841474.5,-3.762623891E-04,-386835.615
39.74,23498.096,29841692.2,-3.340009981E-04,-555597.569
39.75,41628.4543,29841923.2,-2.97467222E-04,-659893.645
39.76,7267.6963,29842168.4,-3.070315958E-04,-303388.446
39.77,-18843.9068,29842424.6,-3.173581253E-04,50661.5752
39.78,7602.04925,29842689.4,-2.803058444E-04,-62260.0649
39.79,-20961.5716,29842962.6,-2.907746673E-04,297045.253
39.8,-10608.606,29843242.6,-2.661612133E-04,321476.064
39.81,-114908.578,29843528.3,-3.571679494E-04,1465672.08
39.82,-95106.2708,29843816.7,-3.421551155E-04,1609815.92
39.83,-154158.434,29844106.7,-4.000559532E-04,2490774.24
39.84,-174809.527,29844397.5,-4.235768581E-04,3101009.85
39.85,-184164.626,29844687.5,-4.323442298E-04,3636467.23
39.86,-115917.282,29844977.5,-3.498310092E-04,3384261.41
39.87,-124219.472,29845269,-3.220147298E-04,3699159.99
39.88,-104367.314,29845562.6,-2.598690556E-04,3718170.83
39.89,-113948.142,29845857.6,-2.223693221E-04,3966452.04
39.9,-68132.6676,29846154.4,-1.255115968E-04,3655041.74
39.91,-87434.3609,29846453.3,-8.75685304E-05,3863049.7
39.92,-137950.783,29846752.8,-9.018999366E-05,4408046.06
39.93,-104634.109,29847054.2,-1.724085188E-05,4228663.11
39.94,-49360.3856,29847359.3,8.839481851E-05,3728352.46
39.95,-79212.3191,29847665.8,1.146339646E-04,3917784.31
39.96,-36657.1451,29847974.2,2.085317925E-04,3442872.75
39.97,-63468.7049,29848282.6,2.308302206E-04,3556270.57
39.98,-46816.7841,29848589.5,2.892070488E-04,3285786.56
39.99,-64482.2014,29848894.8,3.07210192E-04,3321454.1
40,-1794.18555,29849198.3,4.053706002E-04,2586908.16
40.01,32252.863,29849498.8,4.825546316E-04,1985120.37
40.02,-7870.96045,29849790.4,4.78763339E-04,2037160.62
40.03,12637.3902,29850075.3,5.219363122E-04,1594358.72
40.04,-13611.2043,29850351.7,5.086375787E-04,1586037.01
40.05,-41086.3564,29850617.9,4.802263259E-04,1660307.88
40.06,-17371.6384,29850875.8,4.961524225E-04,1307411.13
40.07,-48937.3382,29851121.8,4.524794747E-04,1459861.58
40.08,-55156.8102,29851355.2,4.267906236E-04,1443591.1
40.09,-33704.3067,29851576.8,4.288837415E-04,1182009.18
40.1,5282.52339,29851784.7,4.571449933E-04,696170.923
40.11,-33069.4929,29851976.6,4.064306496E-04,896152.06
40.12,-7855.10154,29852154.6,4.156274144E-04,565334.395
40.13,-8660.92945,29852319.5,3.989385837E-04,451475.005
40.14,81175.6796,29852472,4.863332321E-04,-566513.662
40.15,-5332.35363,29852610.3,3.904391096E-04,-24479.8184
40.16,-7276.45102,29852737.4,3.641387924E-04,-106557.994
40.17,19661.595,29852857.5,3.656516861E-04,-439873.086
40.18,37061.3841,29852969.2,3.641484946E-04,-744056.738
40.19,32795.5365,29853073.4,3.405905674E-04,-862672.985
40.2,47364.4102,29853171.7,3.352129397E-04,-1143645.1
40.21,47374.4545,29853265.4,3.137179575E-04,-1298592.06
40.22,-675.639899,29853355.6,2.320225491E-04,-958322.334
40.23,722.040174,29853444.7,1.933772714E-04,-976827.825
40.24,-213.43514,29853533.4,1.524471163E-04,-958914.344
40.25,75081.3696,29853621.2,2.07003927E-04,-1699821.29
40.26,21865.6272,29853709.3,1.285260999E-04,-1330186
40.27,2091.79768,29853798.4,7.469958955E-05,-1158386.43
40.28,-21306.6742,29853890.7,8.462375307E-06,-876199.584
40.29,-29223.5086,29853986.7,-4.226838595E-05,-688946.066
40.3,-25195.7149,29854086.4,-7.57223876E-05,-596666.762
40.31,-10940.6749,29854190.3,-8.908908802E-05,-617135.636
40.32,-11216.1599,29854299,-1.108313105E-04,-528414.727
40.33,-15080.6063,29854413.5,-1.328238478E-04,-404124.861
40.34,393.531941,29854534.1,-1.278085677E-04,-463660.186
40.35,-1153.47497,29854661.8,-1.363232913E-04,-393150.112
40.36,1452.85138,29854797.4,-1.371464594E-04,-364425.516
40.37,35227.8947,29854941,-9.491904122E-05,-655301.873
40.38,48525.8863,29855093.4,-6.72703365E-05,-828571.282
40.39,38488.3313,29855254.9,-6.650639415E-05,-804604.132
40.4,46964.0132,29855425.1,-4.74132516E-05,-937421.563
40.41,41720.4922,29855604.1,-4.638704128E-05,-950275.915
40.42,45611.8301,29855791.5,-3.686645203E-05,-1041682.75
40.43,55992.1521,29855986.5,-1.965986283E-05,-1203821.37
40.44,49870.5529,29856188.3,-2.308847866E-05,-1224618.86
40.45,59586.0678,29856395.9,-9.51279516E-06,-1385660.31
40.46,3131.24087,29856608.4,-8.459771594E-05,-900983.014
40.47,-7561.93271,29856824.6,-1.174878449E-04,-730954.096
40.48,4564.87968,29857042.5,-1.221280709E-04,-754398.536
40.49,-3337.35682,29857261.1,-1.455096315E-04,-613514.444
40.5,9710.93821,29857479,-1.392769007E-04,-665615.311
40.51,1981.14945,29857695,-1.544173683E-04,-541345.878
40.52,-7191.62274,29857908.4,-1.713490093E-04,-387441.81
40.53,-29541.9878,29858118.4,-2.07245642E-04,-78122.9641
40.54,8099.79027,29858324.2,-1.653782539E-04,-318513.88
40.55,29078.1014,29858525.6,-1.305659617E-04,-490314.535
40.56,17401.6168,29858723.2,-1.310727847E-04,-397562.467
40.57,17381.807,29858916.4,-1.20485721E-04,-392193.619
40.58,2184.75283,29859105.3,-1.31739156E-04,-233629.114
40.59,-28227.2066,29859290.2,-1.684532137E-04,111954.35
40.6,-30683.8425,29859471.1,-1.762570383E-04,252163.161
40.61,-26751.3715,29859647.9,-1.735636639E-04,330653.546
40.62,-17040.0379,29859820.9,-1.581164164E-04,331897.175
40.63,14291.8591,29859990.3,-1.081093719E-04,84921.6135
40.64,24551.8118,29860156.4,-7.52909237E-05,-35950.9221
40.65,13767.6475,29860319.4,-6.80091901E-05,22391.9634
40.66,17835.7424,29860479.2,-4.721242068E-05,-41174.4169
40.67,38202.6679,29860636.6,-6.387524943E-06,-278874.803
40.68,31815.553,29860791.1,3.688957929E-06,-302482.622
40.69,31229.8732,29860943.8,1.641798113E-05,-369297.878
40.7,45633.0237,29861094.6,4.465191739E-05,-580959.556
40.71,27976.8792,29861243.6,3.362291375E-05,-506307.463
40.72,30912.676,29861390.8,4.072391136E-05,-592335.356
40.73,16378.1888,29861536.3,2.425588876E-05,-503897.24
40.74,25999.7098,29861679.6,3.249877322E-05,-620910.956
40.75,47148.2232,29861821.5,5.652447564E-05,-873165.573
40.76,50168.762,29861961.4,6.356977373E-05,-996464.608
40.77,31698.373,29862099.1,4.363963832E-05,-908037.239
40.78,15649.8469,29862235.2,1.932813807E-05,-790180.001
40.79,47488.5218,29862369.6,4.62295856E-05,-1106232.89
40.8,20484.4032,29862502.8,1.256086213E-05,-908851.694
40.81,-4242.78399,29862635.1,-2.539227897E-05,-666685.031
40.82,-34203.7786,29862767,-7.596227746E-05,-299472.587
40.83,-34901.7768,29862898.7,-9.825585764E-05,-150592.568
40.84,-7153.71957,29863030.2,-8.455156668E-05,-286652.214
40.85,10644.3286,29863162.2,-7.060445687E-05,-399070.373
40.86,1162.42594,29863295.8,-7.97466152E-05,-287703.057
40.87,3616.39564,29863431.6,-7.731678396E-05,-272712.455
40.88,-16956.7953,29863570.8,-9.888881992E-05,-32262.0956
40.89,-2824.43719,29863714.2,-8.688649355E-05,-92454.0506
40.9,28149.1591,29863862.9,-5.2306229E-05,-358262.528
40.91,9341.55574,29864018.3,-6.205815559E-05,-209492.555
40.92,-4440.91624,29864181.1,-7.147468962E-05,-66492.6735
40.93,8726.67932,29864351.8,-5.689400433E-05,-155645.368
40.94,-16959.4627,29864531.3,-7.920884734E-05,108314.543
40.95,-9941.35065,29864720.1,-7.311213842E-05,103809.385
40.96,-1693.81824,29864918.4,-6.358197297E-05,70462.8409
40.97,2180.73313,29865126.6,-5.523335641E-05,52818.7674
40.98,6519.78463,29865344.7,-4.51416038E-05,18166.1876
40.99,17420.5233,29865572.7,-2.751724975E-05,-95331.3522
41,12562.8539,29865811,-2.378580957E-05,-80162.7585
41.01,25598.3366,29866058.6,-4.078341979E-06,-234061.642
41.02,31835.2096,29866316,1.053654773E-05,-351408.049
41.03,49531.6636,29866582.9,3.675645781E-05,-601131.555
41.04,46730.2299,29866859,4.433630221E-05,-687042.867
41.05,37739.398,29867143.7,4.234941396E-05,-701767.881
41.06,43837.7613,29867436.8,5.034470605E-05,-838920.981
41.07,24003.4609,29867737.3,3.154490646E-05,-726520.431
41.08,35232.9099,29868045.7,3.749896738E-05,-872950.066
41.09,32026.199,29868360.5,3.029539652E-05,-895749.832
41.1,23073.5177,29868681.1,1.597862737E-05,-852062.291
41.11,44750.9695,29869006.9,2.943088786E-05,-1087049.2
41.12,28192.5185,29869337.1,9.042268762E-06,-988579.245
41.13,14978.6589,29869671.4,-1.251766403E-05,-880619.174
41.14,35371.2861,29870009.1,-3.935750748E-06,-1068321.66
41.15,17760.4539,29870350.1,-2.857311304E-05,-923867.217
41.16,28037.6258,29870693.9,-2.850349685E-05,-1015091.74
41.17,8032.73141,29871040.6,-5.708513573E-05,-821194.078
41.18,48110.5293,29871389.7,-2.762976279E-05,-1181183.34
41.19,28970.2271,29871741.5,-4.90266224E-05,-1042693.57
41.2,52402.5597,29872096.1,-3.037157241E-05,-1287333.02
41.21,43164.2376,29872453.6,-4.117812231E-05,-1253520.44
41.22,37342.9465,29872814.5,-5.114927084E-05,-1232731.51
41.23,50396.5337,29873178.7,-4.385426381E-05,-1379445.97
41.24,50087.9011,29873546.7,-4.772864413E-05,-1422813.27
41.25,38210.8537,29873918.9,-6.463012026E-05,-1347725.23
41.26,20781.9241,29874295.4,-9.166519532E-05,-1181718.49
41.27,15533.963,29874676.1,-1.102066219E-04,-1090288.02
41.28,-2650.59686,29875061.3,-1.431065014E-04,-853949.369
41.29,-3861.40805,29875450.7,-1.600078467E-04,-743314.483
41.3,-3691.31342,29875844.2,-1.728647677E-04,-643478.172
41.31,4431.20092,29876241.8,-1.732523655E-04,-628549.748
41.32,14666.6213,29876643.5,-1.659588409E-04,-658602.56
41.33,16840.2199,29877049.7,-1.624955966E-04,-637850.862
41.34,-9399.58677,29877460.9,-1.892615807E-04,-340649.807
41.35,-7380.50667,29877876.9,-1.901436284E-04,-263384.852
41.36,8102.7452,29878297.7,-1.731953506E-04,-328211.617
41.37,2670.41825,29878724.2,-1.732834892E-04,-230633.792
41.38,-1720.10696,29879156.4,-1.722401039E-04,-135455.674
41.39,16473.6597,29879594.2,-1.45329277E-04,-258345.965
41.4,14347.1944,29880037.8,-1.359834703E-04,-228464.531
41.41,23907.371,29880487.3,-1.131299144E-04,-316855.583
41.42,10188.4401,29880942.4,-1.159304042E-04,-196642.194
41.43,7119.97379,29881403,-1.107778568E-04,-153009.789
41.44,-3812.12053,29881868.7,-1.167144903E-04,-22978.0985
41.45,-18244.179,29882339.2,-1.298153001E-04,165228.867
41.46,-13801.536,29882813.8,-1.236218279E-04,197645.885
41.47,-28030.981,29883292.1,-1.371711835E-04,401960.784
41.48,-22535.6778,29883773.4,-1.288714956E-04,437215.277
41.49,-6319.99303,29884257,-1.039972696E-04,347526.335
41.5,-12083.3869,29884742.5,-9.929620156E-05,429557.722
41.51,-13192.6509,29885229.4,-8.992720511E-05,473694.871
41.52,-10748.2151,29885716.8,-7.658922063E-05,482663.046
41.53,-17876.0795,29886204.8,-7.408427363E-05,576122.819
41.54,-14858.421,29886692.8,-6.099449284E-05,581077.812
41.55,-17768.2148,29887180.5,-5.432833552E-05,634586.944
41.56,-11913.9379,29887667.4,-3.731628505E-05,602069.5
41.57,-16167.9025,29888152.8,-3.130203694E-05,653025.381
41.58,-12559.5817,29888637.1,-1.688505627E-05,631219.856
41.59,-9347.02152,29889119.5,-2.398135132E-06,602109.875
41.6,-6378.97282,29889599.5,1.229210647E-05,563459.622
41.61,-10430.7912,29890076.8,1.809253444E-05,585602.696
41.62,-5325.45513,29890551.1,3.309594673E-05,524241.785
41.63,-5918.53752,29891022,4.128976803E-05,506397.066
41.64,-15900.363,29891489.1,3.640960199E-05,582245.059
41.65,-2781.91256,29891952.2,5.651921394E-05,451408.076
41.66,12678.2783,29892410.9,8.269371249E-05,264082.391
41.67,17305.1484,29892864.8,9.885936536E-05,144052.244
41.68,19066.8495,29893313.6,1.104155854E-04,42675.7456
41.69,14262.1136,29893756.9,1.112080061E-04,6424.09055
41.7,10178.1491,29894194.7,1.086770631E-04,-21606.1692
41.71,9987.3658,29894626.8,1.075163674E-04,-74299.7416
41.72,10465.6515,29895053,1.055258346E-04,-129864.82
41.73,16428.3809,29895473.1,1.093276136E-04,-238435.247
41.74,17016.9848,29895886.8,1.06960236E-04,-304271.169
41.75,12511.9587,29896293.9,9.716980038E-05,-316789.194
41.76,16652.9087,29896694.3,9.556191967E-05,-399684.576
41.77,20419.41,29897088.2,9.377967224E-05,-484514.511
41.78,19228.6515,29897475,8.625634822E-05,-525598.49
41.79,17079.0763,29897855.3,7.631205653E-05,-549215.226
41.8,17232.3961,29898229.2,6.78322811E-05,-585399.747
41.81,17152.7353,29898596.7,5.87201284E-05,-615184.705
41.82,19765.2539,29898958.2,5.273554968E-05,-667791.855
41.83,16854.118,29899313.4,4.067072601E-05,-667385.215
41.84,18505.7268,29899663.5,3.333312186E-05,-701732.322
41.85,22477.9385,29900008.2,2.932386267E-05,-759225.435
41.86,23992.0734,29900347.9,2.368029843E-05,-799074.459
41.87,28412.8296,29900683.2,2.197269385E-05,-868534.281
41.88,26460.6434,29901014.3,1.370421806E-05,-881318.061
41.89,27393.1384,29901341.7,8.126585033E-06,-914837.995
41.9,27920.4222,29901665.7,2.085169479E-06,-942433.259
41.91,27629.5683,29901986.9,-4.791178323E-06,-960162.615
41.92,28141.4903,29902305.4,-1.081851859E-05,-981879.232
41.93,26718.8621,29902621.7,-1.889574702E-05,-982312.549
41.94,27954.9562,29902936,-2.409749336E-05,-1003052.76
41.95,28101.1448,29903248.5,-2.999521109E-05,-1013114.97
41.96,29247.576,29903559.4,-3.438575063E-05,-1031427.64
41.97,30313.9381,29903868.9,-3.830386073E-05,-1049383.16
41.98,29621.7641,29904177.2,-4.367593936E-05,-1050334.65
41.99,29801.4777,29904484.5,-4.801993692E-05,-1056228.06
