time,displacement,displacement_increment,absolute_displacement,acceleration,tower_base_moment,tower_base_shear,damper_force,damper_stroke,ground_displacement,ground_velocity,ground_acceleration
0.0,0.0,0.0,0.2912963367710701,0.0,0.0,0.0,0.0,0.0,0.0,0.0,-0.0058836
0.01,1.2254734232941544e-07,1.2254734232941544e-07,0.2912964593184124,0.00490189369323954,-66295.91586184502,-53476.72658665753,-2.201407259345735,-2.2953916545276343e-10,-2.69665e-07,-5.3933e-05,-0.004903
0.02,6.115697117614616e-07,6.115697117614616e-07,0.29129694834078185,0.0048552136988696025,-283752.9242813587,-23032.99902048502,-147.804189536949,-1.5870516067995055e-08,-1.054145e-06,-0.000102963,-0.004903
0.03,1.560226300267864e-06,1.560226300267864e-06,0.2912978969973703,0.003773047671803452,-571560.7480273247,-42973.703271330334,-606.2090261100296,-9.449093790747654e-08,-2.3044099999999998e-06,-0.00014709,-0.0039224
0.04,3.009205938653281e-06,3.009205938653281e-06,0.29129934597700863,0.007611612952520772,-993965.4542710781,81902.40988959244,-1262.8591800837341,-2.8937735077616544e-07,-4.06949e-06,-0.00020592600000000002,-0.0078448
0.05,5.14542194607337e-06,5.14542194607337e-06,0.291301482193016,0.008493181185389703,-1548645.967000246,144045.3036249224,-2095.1002862117166,-6.39509396715976e-07,-6.545505000000001e-06,-0.00028927700000000006,-0.0088254
0.060000000000000005,8.154179884145574e-06,8.154179884145574e-06,0.291304490950954,0.010303701900519826,-2273787.9646553993,225569.71929538317,-3274.7934773818356,-1.1994244013546762e-06,-9.928575e-06,-0.0003873370000000001,-0.0107866
0.07,1.1923371077748879e-05,1.1923371077748879e-05,0.2913082601421475,0.001316745235690123,-2910147.474725008,15711.562747151824,-4803.602191946212,-2.041970255578507e-06,-1.4120640000000001e-05,-0.00045107600000000007,-0.0019612
0.08,1.6220915124598445e-05,1.6220915124598445e-05,0.2913125576861943,0.008196921760231695,-3649723.221950531,184739.5694286889,-6069.019987910746,-3.214254603312039e-06,-1.8901065000000002e-05,-0.0005050090000000001,-0.0088254
0.09,2.1336656673975885e-05,2.1336656673975885e-05,0.29131767342774356,0.015017311342396948,-4605715.3841784,442582.0465901535,-7218.194076184258,-4.719112991824481e-06,-2.4564030000000003e-05,-0.000627584,-0.0156896
0.09999999999999999,2.8026481116105728e-05,2.8026481116105728e-05,0.2913243632521856,0.024731771264533044,-6036210.351935387,768834.7769109389,-8632.558421115835,-6.595395788733249e-06,-3.1869500000000004e-05,-0.0008335100000000001,-0.0254956
0.10999999999999999,3.667083450198394e-05,3.667083450198394e-05,0.2913330076055713,0.013700303878785772,-7577738.703060627,575528.2010668988,-10676.521169796944,-8.997866621063277e-06,-4.120971500000001e-05,-0.001034533,-0.014709
0.11999999999999998,4.6956683628696094e-05,4.6956683628696094e-05,0.2913432934546978,0.013527450611061588,-9223644.72057724,567406.0115044143,-13134.513376702576,-1.211957052166257e-05,-5.229049500000001e-05,-0.0011816230000000001,-0.014709
0.12999999999999998,5.871942774499095e-05,5.871942774499095e-05,0.2913550561988138,0.018320594482322834,-11001240.559231043,778849.8540281145,-15565.356144068852,-1.605989817315967e-05,-6.496475000000001e-05,-0.0013532280000000002,-0.019612
0.13999999999999999,7.224125646920765e-05,7.224125646920765e-05,0.29136857802753763,0.02019474473992541,-12980909.758533001,886993.618868505,-18017.349050008917,-2.0853941164161727e-05,-7.952666e-05,-0.001559154,-0.0215732
0.15,8.763366630248903e-05,8.763366630248903e-05,0.2913839704373704,0.01611316040297387,-15037194.253486872,853883.6445426876,-20719.617644624486,-2.658431299695785e-05,-9.60988e-05,-0.001755274,-0.0176508
0.16,0.00010414877358827512,0.00010414877358827512,0.2914004855446555,-0.0075131674496271995,-16575065.462962866,214881.39567661312,-23544.639809098913,-3.335352992298035e-05,-0.00011394572,-0.00181411,0.0058836
0.17,0.00012033250060905498,0.00012033250060905498,0.2914166692716754,-0.014342036108881323,-17507433.50518346,-61099.31373738276,-25985.3975216761,-4.114071333297109e-05,-0.000131621035,-0.0017209530000000001,0.0127478
0.18000000000000002,0.00013550410843810035,0.00013550410843810035,0.29143184087950336,-0.004287528010706295,-18133922.759408474,173012.83709799335,-27532.488223137865,-4.97067232734516e-05,-0.000148438325,-0.001642505,0.0029418
0.19000000000000003,0.00014951025482279334,0.00014951025482279334,0.2914458470258868,-0.0237013656513475,-18099389.415833235,-370777.5454442933,-28388.47002882334,-5.874235481403978e-05,-0.00016422598500000002,-0.001515027,0.0225538
0.20000000000000004,0.0001618580965587202,0.0001618580965587202,0.29145819486762126,-0.014641926642718147,-17800539.28493333,-272341.74474818166,-28793.580825158653,-6.802362356808644e-05,-0.00017846920000000002,-0.001333616,0.0137284
0.21000000000000005,0.00017306149075591026,0.00017306149075591026,0.2914693982618169,0.0072073173819741055,-17721615.952617884,354116.65999172523,-28523.518670167225,-7.732122521769691e-05,-0.00019165827000000002,-0.001304198,-0.0078448
0.22000000000000006,0.00018382925737153721,0.00018382925737153721,0.29148016602843096,-0.01719781138348228,-17322892.686620712,-295657.7341392967,-28188.691239551394,-8.649822448492106e-05,-0.00020447961500000001,-0.001260071,0.0166702
0.23000000000000007,0.00019361114165133975,0.00019361114165133975,0.2914899479127092,-0.012246988051569383,-16806646.635011435,-296397.1324518806,-28070.881630060143,-9.562760588155417e-05,-0.00021636939000000002,-0.001117884,0.0117672
0.24000000000000007,0.0002017555792281911,0.0002017555792281911,0.29149809235028457,-0.023806080631149446,-15752224.824592113,-621966.1054058019,-27510.755717964763,-0.00010461981870268922,-0.00022666569,-0.000941376,0.0235344
0.25000000000000006,0.00020813188522034176,0.00020813188522034176,0.29150446865627544,-0.01086611407229404,-14681985.530459642,-406178.2142829398,-26432.58125212476,-0.00011328235135918407,-0.000235221425,-0.0007697709999999999,0.0107866
0.26000000000000006,0.00021354439066972875,0.00021354439066972875,0.2915098811617238,0.006986287067003612,-13955017.018943787,130157.99875515758,-25006.45972757646,-0.00012144561371743579,-0.00024282107500000002,-0.0007501589999999999,-0.0068642
0.2700000000000001,0.0002192092736617579,0.0002192092736617579,0.2915155460447152,0.00698864165419565,-13601254.279812574,157265.8048353305,-23763.527663417266,-0.00012908274744521941,-0.00025066587500000004,-0.0008188009999999999,-0.0068642
0.2800000000000001,0.00022507962684664706,0.00022507962684664706,0.2915214163978998,-0.012744762647316393,-13058370.502838135,-377073.36719753046,-23208.253631620708,-0.00013636895076094002,-0.00025870679500000006,-0.0007893829999999998,0.0127478
0.2900000000000001,0.00023014400749865604,0.00023014400749865604,0.2915264807785519,-0.013738017673414687,-12280906.367755651,-515023.73916966,-22758.90527259716,-0.00014346083400745835,-0.00026593872000000006,-0.0006570019999999998,0.0137284
0.3000000000000001,0.0002340098656200551,0.0002340098656200551,0.29153034663667393,-0.007720103228495839,-11388060.036677599,-362167.8269791354,-21816.678383061244,-0.0001502857472162611,-0.00027196941000000004,-0.0005491359999999999,0.0078448
0.3100000000000001,0.00023634294579039095,0.00023634294579039095,0.2915326797168453,-0.03213289391393424,-9868085.764242172,-1088281.9064746806,-20539.242036662607,-0.0001566889889199341,-0.00027645565500000003,-0.00034811299999999983,0.0323598
0.3200000000000001,0.00023605362841999655,0.00023605362841999655,0.2915323903994767,-0.03291001057158651,-7832120.5180392265,-1285559.7914966363,-18848.35091401688,-0.00016253715749978137,-0.00027829428,-1.9611999999999798e-05,0.0333404
0.3300000000000001,0.00023208583598194332,0.00023208583598194332,0.29152842260704137,-0.049186087647134634,-4875807.327509165,-1837527.0400260144,-16104.575828665449,-0.00016757759439137154,-0.00027640662500000003,0.00039714300000000025,0.0500106
0.34000000000000014,0.0002240608857790316,0.0002240608857790316,0.29152039765684234,-0.031004124729448655,-1698617.26957345,-1559731.5423547926,-12046.639495163337,-0.00017143218170928565,-0.00027037593500000006,0.0008089950000000003,0.0323598
0.35000000000000014,0.00021315840412483578,0.00021315840412483578,0.29150949517519353,-0.003906920944313518,1071136.6631634235,-820941.0804021169,-6606.435968306272,-0.00017375985626727486,-0.00026132990000000007,0.0010002120000000003,0.0058836
0.36000000000000015,0.00020341137554874544,0.00020341137554874544,0.29149974814661883,0.08503608952950238,1220363.3298459053,1695799.9589081893,482.97983115043917,-0.00017447840328674302,-0.00025323995000000005,0.0006177780000000004,-0.0823704
0.37000000000000016,0.00020006667111988063,0.00020006667111988063,0.29149640344218997,0.08992770769817682,-886322.2438416481,2389368.0435533784,3431.667028425946,-0.0001740928352218507,-0.00025132778000000006,-0.00023534399999999974,-0.088254
0.38000000000000017,0.00020530180611083582,0.00020530180611083582,0.2915016385771809,0.07830207187317799,-4765734.927385807,2276410.967155106,-517.0535079393482,-0.00017375020024737453,-0.00025784877000000004,-0.0010688539999999997,-0.078448
0.3900000000000002,0.00021928058449760535,0.00021928058449760535,0.2915156173555677,0.10321388440817275,-10401919.626108408,3320643.2654733015,-8079.418445218927,-0.00017467119176947654,-0.000273121615,-0.001985715,-0.1049242
0.4000000000000002,0.00024169047172900582,0.00024169047172900582,0.2915380272427991,0.05251451312576361,-16211390.2002182,2273080.80486954,-15841.954129608277,-0.00017773586789512907,-0.00029697471,-0.002784904,-0.0549136
0.4100000000000002,0.0002697142974070754,0.0002697142974070754,0.29156605106847716,0.016314627227566027,-21396292.80194378,1288189.3062664354,-24221.28811134477,-0.00018361145566209158,-0.00032668689,-0.003157532,-0.019612
0.4200000000000002,0.00030027618891992347,0.00030027618891992347,0.29159661295999,0.016378865812700302,-25839846.551409006,1311248.0430082176,-31373.987720758574,-0.00019250722380886875,-0.00035924281,-0.003353652,-0.019612
0.4300000000000002,0.0003321065345553986,0.0003321065345553986,0.2916284433056255,0.001665806051474907,-29428071.82619548,966293.6113769244,-36960.654760075005,-0.00020406676884776598,-0.000393392205,-0.003476227,-0.004903
0.4400000000000002,0.00036381713245403624,0.00036381713245403624,0.2916601539035241,-0.024500387417487945,-31803667.331255436,174159.3525993619,-41587.37291465809,-0.00021786036419951804,-0.00042773772,-0.003392876,0.0215732
0.45000000000000023,0.00039413106852304036,0.00039413106852304036,0.2916904678395931,-0.008531504499440372,-33564755.003232,491374.320140523,-44955.987757858195,-0.00023346439917135142,-0.00046098006,-0.003255592,0.0058836
0.46000000000000024,0.00042286308052857935,0.00042286308052857935,0.29171919985159867,-0.02171356627990235,-34479725.573783636,143093.62848384178,-47110.592462830646,-0.00025035197090853,-0.00049289859,-0.003128114,0.019612
0.47000000000000025,0.0004513533529892366,0.0004513533529892366,0.2917476901240593,0.04228905512564871,-36428545.06015825,1799746.8325835564,-48619.24327594157,-0.00026809474450034676,-0.000524792605,-0.003250689,-0.044127
0.48000000000000026,0.0004833601249239483,0.0004833601249239483,0.29177969689599403,0.07779543494122704,-39968725.53286505,3163419.089683732,-50260.44298831749,-0.0002865703235820638,-0.000560388385,-0.0038684670000000004,-0.0794286
0.49000000000000027,0.0005228342412911813,0.0005228342412911813,0.29181917101236127,0.10081385229248781,-45641448.05165887,4050021.61007885,-53702.70542960243,-0.00030622646257200126,-0.000603632845,-0.0047804250000000005,-0.102963
0.5000000000000002,0.0005714798162252399,0.0005714798162252399,0.2918678165872953,0.08743520314760143,-52567832.301406145,4097227.573271471,-59545.02726490124,-0.0003281112062739344,-0.0006562665499999999,-0.0057463160000000004,-0.0902152
0.5100000000000002,0.0006280316218440496,0.0006280316218440496,0.29192436839291414,0.04056496880093491,-59344472.40061593,2956865.9954747735,-67047.5804766888,-0.00035328474783491437,-0.000717088265,-0.006418027000000001,-0.044127
0.5200000000000002,0.0006883818009355558,0.0006883818009355558,0.29198471857200564,-0.016630201913383987,-64448245.78815031,1386869.947963519,-74865.62312870972,-0.00038232029312010307,-0.0007820530149999999,-0.006574923000000001,0.0127478
0.5300000000000002,0.0007487939158604684,0.0007487939158604684,0.29204513068693055,-0.004827131869002509,-68401415.54989028,1505491.3330606595,-81286.06396976305,-0.00041503504211864994,-0.0008474590349999999,-0.006506281000000001,0.0009806
0.5400000000000003,0.0008078989419760263,0.0008078989419760263,0.2921042357130461,-0.025999087038698566,-70876409.80159068,983755.6188752846,-85950.01621935659,-0.0004506621799523769,-0.000911933485,-0.006388609000000001,0.0225538
0.5500000000000003,0.0008648663476225615,0.0008648663476225615,0.29216120311869265,-0.02867951314599746,-72345570.14842868,666202.5634636262,-89410.88017311746,-0.0004884391207455041,-0.00097461834,-0.006148362000000001,0.0254956
0.5600000000000003,0.0009194860152049178,0.0009194860152049178,0.292215822786275,-0.010551409573764808,-73316319.26924324,1136274.338566677,-91725.58414316968,-0.0005277478248459366,-0.00103526845,-0.005981660000000001,0.0078448
0.5700000000000003,0.000972873576093769,0.000972873576093769,0.29226921034716385,0.0004980642991762873,-74248655.41622686,1384226.1154713312,-93195.92073136383,-0.0005680655285928149,-0.001094962475,-0.0059571450000000005,-0.0029418
0.5800000000000003,0.0010274371153063955,0.0010274371153063955,0.2923237738863765,0.05659441384074833,-76561843.92395973,3000792.03227474,-94573.57068850237,-0.000609218640675091,-0.0011560783699999999,-0.006266034,-0.058836
0.5900000000000003,0.0010868898251653047,0.0010868898251653047,0.2923832265962354,0.08187993387062678,-80587814.78102112,4010558.3356938856,-96640.68695745901,-0.0006513498364156545,-0.0012223179,-0.006981872,-0.0843316
0.6000000000000003,0.0011540090695213445,0.0011540090695213445,0.29245034584059143,0.08630709830213575,-86242760.28614688,4409229.57025549,-100418.72090826913,-0.0006950987149559051,-0.001296475775,-0.007849703,-0.0892346
0.6100000000000003,0.0012295814101729308,0.0012295814101729308,0.292525918181243,0.08362972135030057,-93020623.93936682,4604519.767099391,-105972.35864836864,-0.0007414549656681313,-0.001379385505,-0.008732242999999999,-0.0872734
0.6200000000000003,0.0013131282570298386,0.0013131282570298386,0.2926094650280999,0.06541370720692666,-100195931.1967628,4342028.561682249,-112699.54782638897,-0.0007912801476352427,-0.001470630335,-0.009516723,-0.0696226
0.6300000000000003,0.0014044909265985561,0.0014044909265985561,0.29270082769766864,0.09817577270923429,-108468219.88970542,5413022.19075198,-120023.41094204105,-0.0008451328086698795,-0.001570112205,-0.010379651,-0.102963
0.6400000000000003,0.001502561281267134,0.001502561281267134,0.2927988980523372,0.00654215137033732,-115335911.64777827,3250392.812583234,-127819.18223138804,-0.000903390894305689,-0.00167677697,-0.010953302,-0.0117672
0.6500000000000004,0.0016029554446723715,0.0016029554446723715,0.29289929221574246,-0.018307725993352852,-120647741.50023937,2200037.4902663934,-135551.12552787722,-0.0009662536929310461,-0.0017862854750000001,-0.010948399,0.0127478
0.6600000000000004,0.0016998436317625654,0.0016998436317625654,0.29299618040283265,-0.11016575201345537,-122017859.94671392,-379345.6000243486,-141659.61812155377,-0.0010332793434453813,-0.001892827665,-0.010360039,0.1049242
0.6700000000000004,0.0017893269508500453,0.0017893269508500453,0.29308566372192013,-0.05755549012196769,-121785637.2001009,344721.7585784483,-145023.5418147239,-0.0011031761906499238,-0.0019924811400000002,-0.009570656,0.0529524
0.6800000000000004,0.0018721302216884173,0.0018721302216884173,0.2931684669927585,-0.04192519773567278,-120368666.5437026,921391.7884907153,-145722.99280269517,-0.0011743121334304996,-0.0020859078050000004,-0.009114677,0.0382434
0.6900000000000004,0.0019498485768791318,0.0019498485768791318,0.2932461853479492,-0.06199074033249717,-118057970.4164486,-9266.393243063474,-145229.07798757957,-0.0012455109092151528,-0.0021746275900000004,-0.00862928,0.058836
0.7000000000000004,0.002024481707577741,0.002024481707577741,0.2933208184786478,0.04249769872120971,-117372605.44725442,2783930.0484555853,-144252.5586786317,-0.0013162602766909615,-0.0022605771800000003,-0.008560637999999999,-0.0451076
0.7100000000000004,0.0020996540821583976,0.0020996540821583976,0.2933959908532285,-0.0014349018051614813,-116850257.89582705,1866168.920462974,-143241.25552195785,-0.001386402896985689,-0.0023473357650000003,-0.008791078999999999,-0.0009806
0.7200000000000004,0.0021746270078265573,0.0021746270078265573,0.29347096377889664,-0.04760585159740249,-115686884.34389806,304531.34899166436,-143458.19653218373,-0.0014563032119380148,-0.0024341433800000004,-0.008570443999999998,0.0451076
0.7300000000000004,0.002246782918171264,0.002246782918171264,0.29354311968924135,-0.016034007937282487,-114224436.89147234,966887.5966522485,-143519.2271720428,-0.0015262882468706496,-0.0025183769200000003,-0.008276263999999998,0.0137284
0.7400000000000004,0.002318197757068874,0.002318197757068874,0.29361453452813896,0.050031009649256,-114175698.97867846,2857949.7615989945,-142552.88788328806,-0.0015959975430691054,-0.0026020956450000005,-0.008467480999999999,-0.0519718
0.7500000000000004,0.0023933526889570733,0.0023933526889570733,0.29368968946002716,0.06557570848076472,-115862336.25514317,3569991.0707274266,-142231.2218368716,-0.0016653146283804876,-0.0026897612850000003,-0.009065647,-0.0676614
0.7600000000000005,0.0024770202023082777,0.0024770202023082777,0.29377335697337836,0.15932083225365284,-121361469.17016649,6408072.867057681,-143666.75876204745,-0.0017349710380471783,-0.002786154265,-0.010212948999999999,-0.161799
0.7700000000000005,0.002572881865586074,0.002572881865586074,0.29386921863665616,0.10354862449868868,-128394900.35448742,5620129.71241645,-147572.8364299184,-0.001806259746216926,-0.002895000865,-0.011556371,-0.1068854
0.7800000000000005,0.002678655690512066,0.002678655690512066,0.29397499246158215,0.03006838516217043,-135137927.72583294,3555961.47385968,-154173.63711087906,-0.0018807593357225705,-0.0030140947350000002,-0.012262403,-0.034321
0.7900000000000005,0.00278673736998708,0.00278673736998708,0.29408307414105717,-0.07137121247939607,-138606493.81781983,715908.7594865956,-161125.65906962065,-0.001959459043631484,-0.00313590977,-0.012100604,0.0666808
0.8000000000000005,0.0028927767784592273,0.0028927767784592273,0.2941891135495293,0.030983199894951064,-141959561.25604177,3043634.3927698582,-165977.1569475187,-0.002041878264378988,-0.00325613133,-0.011943707999999999,-0.0353016
0.8100000000000005,0.0029983350145440513,0.0029983350145440513,0.29429467178561414,-0.009842082628010876,-144106059.13872528,2431238.7426424115,-168960.78361986324,-0.002126777998833207,-0.0033763038600000002,-0.012090798,0.0058836
0.8200000000000005,0.003104301882672522,0.003104301882672522,0.2944006386537426,0.005046247214648239,-146393955.1592059,2400588.41149034,-171783.95575262184,-0.0022135214352029253,-0.0034972853850000003,-0.012105507,-0.0088254
0.8300000000000005,0.0032115336127810923,0.0032115336127810923,0.2945078703838512,0.05034406743716328,-149357699.86603332,3956416.3095320873,-174420.00295709356,-0.0023020053820371755,-0.0036199094150000002,-0.012419299,-0.053933
0.8400000000000005,0.003323748645267799,0.003323748645267799,0.2946200854163379,0.09359771305841454,-154223674.56522036,5246876.473934863,-177082.6457977574,-0.0023921853675853977,-0.0037478777150000003,-0.013174360999999999,-0.0970794
0.8500000000000005,0.0034442083751771158,0.0034442083751771158,0.2947405451462472,0.09224840334855051,-160605615.72197962,5698281.057143361,-181202.18626004262,-0.0024845466628180546,-0.00388445078,-0.014140251999999999,-0.0960988
0.8600000000000005,0.003573377743268047,0.003573377743268047,0.29486971451433813,0.07029100750761642,-167699664.49683404,5199666.261134682,-186950.44859543274,-0.0025800897845653648,-0.00403011891,-0.014993373999999999,-0.0745256
0.8700000000000006,0.003712321180953382,0.003712321180953382,0.29500865795202347,0.158132365414648,-177343505.41712832,7934808.849870875,-193634.2734797732,-0.002679667016222631,-0.0041859852799999995,-0.016179899999999997,-0.1627796
0.8800000000000006,0.003865311282194084,0.003865311282194084,0.29516164805326417,0.17531080387960843,-189426321.22661066,9109013.837393256,-201455.64019244365,-0.0027839880160101527,-0.004356364529999999,-0.017895949999999997,-0.1804304
0.8900000000000006,0.004033344734303224,0.004033344734303224,0.2953296815053733,0.09298006156040663,-201823575.9780538,7301028.696870741,-211621.8243141865,-0.0028942393351615303,-0.004542310805,-0.019293304999999997,-0.0990406
0.9000000000000006,0.0042128911503744315,0.0042128911503744315,0.2955092279214445,0.09924763148439654,-214368634.41675043,7506080.389350517,-223096.01637030262,-0.0030117427895495763,-0.0047403674899999994,-0.020318031999999996,-0.1059048
0.9100000000000006,0.004400629154431679,0.004400629154431679,0.29569696592550176,0.036188194912429444,-225199792.3939798,6152317.286595345,-234190.7437757297,-0.003136944117234197,-0.004947274089999999,-0.021063287999999996,-0.0431464
0.9200000000000006,0.004591330966493501,0.004591330966493501,0.2958876677375636,-0.05307170197909306,-232773342.77429962,3403842.2796130856,-244586.20277802524,-0.003269577689873293,-0.005157833424999999,-0.021048578999999994,0.0460882
0.9300000000000006,0.004779065947906225,0.004779065947906225,0.2960754027189763,-0.04871801958836314,-237569556.00893784,3199979.8100966234,-253028.34467956275,-0.0034088119484534385,-0.005366112864999999,-0.020607308999999994,0.0421658
0.9400000000000006,0.004962797060612145,0.004962797060612145,0.29625913383168223,-0.009647010962641579,-241062647.36814523,4101401.389628067,-258770.6022762916,-0.0035530494836367166,-0.005571033749999999,-0.020376867999999992,0.0039224
0.9500000000000006,0.005144527067414584,0.005144527067414584,0.29644086383848467,-0.01203219886464433,-243754353.17424965,4053739.8359272997,-262981.0116258815,-0.0037008002307105103,-0.005774532764999999,-0.020322934999999993,0.0068642
0.9600000000000006,0.00532926719399307,0.00532926719399307,0.29662560396506316,0.15411619638537222,-249979267.99327612,8565539.446522377,-266740.8862640572,-0.0038513773005430796,-0.005981561939999999,-0.021082899999999995,-0.1588572
0.9700000000000006,0.005523128221353757,0.005523128221353757,0.29681946499242384,0.06863583624134074,-256814140.39362264,7138629.136507248,-271458.7954558168,-0.004004973342833562,-0.006198200994999998,-0.022244910999999996,-0.073545
0.9800000000000006,0.005724285944434471,0.005724285944434471,0.29702062271550456,0.00047995993166541145,-263020110.77408552,4807678.445184531,-278358.5510662607,-0.004162726931840055,-0.006422635819999998,-0.022642053999999995,-0.0058836
0.9900000000000007,0.005927561949112703,0.005927561949112703,0.2972238987201828,0.015135507798287175,-268124202.90322685,5283979.848108333,-285271.9288000966,-0.004325449883293142,-0.006649718264999998,-0.022774434999999996,-0.0205926
1.0000000000000007,0.0061315743537162515,0.0061315743537162515,0.29742791112478634,-0.0012949797450393327,-272093138.4887092,4701440.580396702,-290776.0823466049,-0.004492664817528524,-0.006878075489999998,-0.022897009999999995,-0.0039224
1.0100000000000007,0.00633520819817579,0.00633520819817579,0.2976315449692459,-0.0276879576783613,-274678974.1656697,3925173.2633686154,-295660.8686357311,-0.0046636572467149695,-0.007106579804999998,-0.022803852999999995,0.0225538
1.0200000000000007,0.006536642695709416,0.006536642695709416,0.2978329794667795,-0.03130298651954959,-275981287.68216395,3514002.7569175363,-299644.2659633304,-0.004837887307812094,-0.007333392584999998,-0.022558702999999996,0.0264762
1.0300000000000007,0.006733818890009902,0.006733818890009902,0.29803015566108,-0.08003820275221936,-275014047.6318145,2050810.2696890882,-302478.6972523495,-0.005014614552528662,-0.007556430054999998,-0.022048790999999995,0.0755062
1.0400000000000007,0.006926575076195984,0.006926575076195984,0.29822291184726607,0.014579064612482921,-274606119.5104916,4162973.062110914,-304008.7701160265,-0.00519294407047588,-0.007775496094999998,-0.021764416999999994,-0.0186314
1.0500000000000007,0.007118749079413178,0.007118749079413178,0.29841508585048326,0.027592753873858938,-274797462.65219593,4937330.968253534,-304660.0398900224,-0.005372075545689914,-0.007994390529999998,-0.022014469999999994,-0.0313792
1.0600000000000007,0.007314702883316038,0.007314702883316038,0.2986110396543861,0.08142745506525288,-277290827.27804446,6265162.16858187,-305958.6596064845,-0.005551924719421841,-0.008217452514999998,-0.022597926999999993,-0.0853122
1.0700000000000007,0.007515776600049706,0.007515776600049706,0.2988121133711198,0.014348849227743155,-279640426.058491,4898943.894491918,-308537.6162955046,-0.005733203002538045,-0.008446030374999998,-0.023117644999999992,-0.0186314
1.0800000000000007,0.0077205179262555546,0.0077205179262555546,0.29901685469732564,0.036579225625513447,-282601642.43654656,5094936.532693849,-311912.51885086927,-0.005916679789934265,-0.008678702239999999,-0.02341672799999999,-0.0411852
1.0900000000000007,0.00792916434961577,0.00792916434961577,0.29922550112068586,0.0686965867711011,-286359093.90561485,6402291.503889357,-315280.29492480017,-0.006102652326086144,-0.008915737774999998,-0.023990378999999992,-0.073545
1.1000000000000008,0.008145144022008,0.008145144022008,0.2994414807930781,0.11935756430637699,-292374511.28511167,7864319.343079098,-318948.1967258818,-0.006291236381048448,-0.009160593594999999,-0.02498078499999999,-0.1245362
1.1100000000000008,0.008368491142385914,0.008368491142385914,0.299664827913456,-0.01271379373655339,-296932888.82407427,4756333.269459127,-323972.88961474283,-0.006483057644523227,-0.009413343244999999,-0.02556914499999999,0.0068642
1.1200000000000008,0.008594399126706898,0.008594399126706898,0.299890735897777,0.008504583182154284,-300945923.43967175,4664522.306374694,-329491.75950332324,-0.00667881945733928,-0.009669230814999999,-0.025608368999999992,-0.014709
1.1300000000000008,0.008820357356708164,0.008820357356708164,0.30011669412777825,-0.002285542502504305,-303605990.0159185,4758232.295971239,-333825.6862251711,-0.006878276872492373,-0.009925780289999998,-0.025701525999999992,-0.0039224
1.1400000000000008,0.009046186324979,0.009046186324979,0.3003425230960491,-0.009103965936760928,-305615309.5108032,4169687.3421833855,-337227.61944416567,-0.007080645662111251,-0.010182820064999999,-0.025706428999999992,0.0029418
1.1500000000000008,0.009267525266430265,0.009267525266430265,0.30056386203750035,-0.15910759840606145,-303219195.2682662,67939.86802993901,-340158.3783382575,-0.00728540421625945,-0.010435986469999999,-0.024926851999999992,0.1529736
1.1600000000000008,0.009479390052736014,0.009479390052736014,0.3007757268238061,-0.05164704307264053,-300003764.91664577,1883482.3836845001,-341200.973266535,-0.007491664661143815,-0.010680278444999998,-0.023931542999999993,0.0460882
1.1700000000000008,0.009683028788718684,0.009683028788718684,0.30097936555978877,-0.06664032837157806,-295230581.5389838,1946998.175585606,-339781.0048376257,-0.00769778238286134,-0.010916897224999998,-0.02339221299999999,0.0617778
1.1800000000000008,0.009881565192433772,0.009881565192433772,0.30117790196350386,-0.019165590885018034,-291312948.7362025,2510599.6278345045,-337593.9744320522,-0.00790253650833217,-0.011148907184999998,-0.02300977899999999,0.014709
1.1900000000000008,0.0100748214705777,0.0100748214705777,0.3013711582416478,-0.10623351270566403,-285394319.68029666,439079.711229736,-335471.6681791261,-0.008105663654691508,-0.011376087689999998,-0.02242632199999999,0.1019824
1.2000000000000008,0.010261184782493993,0.010261184782493993,0.3015575215535641,-0.0440860328124971,-279704671.0404208,1170689.4117533842,-332786.0828613709,-0.00830697887793208,-0.011596796234999998,-0.021715386999999992,0.0402046
1.2100000000000009,0.010442918384335753,0.010442918384335753,0.30173925515540584,0.009217180156352991,-274923365.8928175,3100159.329156886,-329224.4612561761,-0.008505944760444029,-0.011813263684999999,-0.02157810299999999,-0.0127478
1.2200000000000009,0.01062291896828449,0.01062291896828449,0.3019192557393546,-0.04366903361207504,-270169012.00933504,1323966.2270229044,-325892.06134931004,-0.008702323949354163,-0.012028358294999998,-0.02144081899999999,0.0402046
1.2300000000000009,0.010800827757245668,0.010800827757245668,0.30209716452831575,-0.00555090762782526,-266204780.67588782,2326652.4595252164,-323359.8812817537,-0.008896507804749987,-0.012241712339999997,-0.02122998999999999,0.0019612
1.2400000000000009,0.010978014538713332,0.010978014538713332,0.3022743513097834,0.025890554757615265,-263354314.34958792,3131141.4208653476,-320753.35914392286,-0.009088772440533244,-0.012454698659999998,-0.02136727399999999,-0.029418
1.2500000000000009,0.011157904074887315,0.011157904074887315,0.3024542408459574,0.06188000341593809,-262563628.2579627,4406989.964007791,-318745.6235405678,-0.009279316760132605,-0.012670749354999997,-0.021842864999999993,-0.0657002
1.260000000000001,0.011339859898094051,0.011339859898094051,0.30263619666916414,-0.06699906306334844,-260219979.2883277,889128.4032292652,-318109.25146347133,-0.009468876533076376,-0.012889251549999996,-0.021857573999999994,0.0627584
1.270000000000001,0.011519116439604127,0.011519116439604127,0.3028154532106742,-0.035853139365587525,-257408346.0815885,1246367.9987425243,-317762.29323485424,-0.0096580704957685,-0.013105473849999995,-0.021386885999999994,0.0313792
1.280000000000001,0.011693622125346526,0.011693622125346526,0.3029899588964166,-0.0513288889122674,-253271963.0931177,861361.6346055777,-316206.42869866395,-0.009846557196816486,-0.013317381509999995,-0.020994645999999995,0.0470688
1.290000000000001,0.011862379241751875,0.011862379241751875,0.30315871601282196,-0.091431856291576,-247682879.35900044,-568471.850495236,-313769.1414849999,-0.010033561313063877,-0.013523969414999995,-0.020322934999999997,0.0872734
1.300000000000001,0.012019841146034438,0.012019841146034438,0.30331617791704285,-0.2176158858840803,-237588641.5381713,-4529331.37397597,-310575.30253899423,-0.010218478639188844,-0.013719672659999994,-0.018817713999999996,0.2137708
1.310000000000001,0.012158691878751349,0.012158691878751349,0.3034550286429115,-0.21778350602962887,-223842629.05643344,-5585684.338441502,-304885.9146436543,-0.010400114743245759,-0.013897136744999995,-0.016675102999999997,0.2147514
1.320000000000001,0.012273569748497914,0.012273569748497914,0.30356990650515975,-0.3057316468726879,-204662120.54188776,-8664310.993269134,-295629.9554245692,-0.010576258497254742,-0.014050919339999995,-0.014081415999999996,0.303986
1.330000000000001,0.012361458689137905,0.012361458689137905,0.3036577954376351,-0.2503103911410164,-182917424.91118836,-8447035.831917588,-282679.0603791569,-0.010744305008651978,-0.014177882524999996,-0.011311220999999996,0.250053
1.340000000000001,0.01242549659383313,0.01242549659383313,0.30372183333348607,-0.14768903582249743,-161246138.8057778,-6034089.910067072,-266304.48612142756,-0.010901777626735165,-0.014281017129999995,-0.009315699999999996,0.1490512
1.350000000000001,0.01247617238664439,0.01247617238664439,0.3037725091167737,0.011203966866571505,-144074063.4885075,-1898319.4600982582,-248484.76994556328,-0.011047093705956246,-0.014370668484999995,-0.008614570999999996,-0.0088254
1.360000000000001,0.01252316428182515,0.01252316428182515,0.30381950100177774,-0.022074816040273514,-129749235.87302995,-2343398.0099834627,-232584.14492067372,-0.01118060830952411,-0.014456421954999995,-0.008536122999999996,0.024515
1.370000000000001,0.012569453778020545,0.012569453778020545,0.30386579048719653,0.004849693713512082,-118563332.03356934,-1941897.1513538347,-219837.0611515691,-0.011304253741734105,-0.014541243854999995,-0.008428256999999996,-0.0029418
1.380000000000001,0.012615787397754652,0.012615787397754652,0.3039121240956277,0.014140364119184507,-109386507.28960514,-1342743.667054294,-209144.43883448243,-0.011419941093526675,-0.014625918664999994,-0.008506704999999996,-0.0127478
1.390000000000001,0.012666251482804314,0.012666251482804314,0.30396258816893945,0.13208819067093572,-104978186.27944088,1958250.8666444914,-200084.12011661037,-0.011528983711765806,-0.014714589419999995,-0.009227445999999997,-0.1314004
1.400000000000001,0.012725917677799348,0.012725917677799348,0.3040222543518765,0.08976765235146071,-103234428.2657063,1729458.0701667788,-193843.2703767475,-0.011632874981524599,-0.014812404269999996,-0.010335523999999997,-0.0902152
1.410000000000001,0.012795361145429562,0.012795361145429562,0.30409169780726847,0.07946741003514222,-103828166.3004148,1429156.1575652428,-190947.48240474684,-0.011733663796898663,-0.014920049634999996,-0.011193548999999997,-0.0813898
1.420000000000001,0.012876483451567111,0.012876483451567111,0.30417282010114555,0.21845106935362382,-109133673.60709262,5928166.685625002,-190081.53758531163,-0.011833157863330446,-0.015039560259999996,-0.012708575999999997,-0.2216156
1.430000000000001,0.012974514568587947,0.012974514568587947,0.30427085120606223,0.15998289310479516,-117055587.7470274,5338377.557608891,-191690.44386507984,-0.011932831236253716,-0.015176304929999995,-0.014640357999999997,-0.1647408
1.440000000000001,0.01309017829801462,0.01309017829801462,0.30438651492374325,0.16688765500897068,-127736243.47626328,5898073.635254179,-197050.29413469858,-0.012034711972874979,-0.015331166184999995,-0.016331892999999997,-0.1735662
1.450000000000001,0.013217808163761335,0.013217808163761335,0.3045141447783155,-0.01511273527025539,-135561847.46600485,1527332.0316965636,-204485.66029910467,-0.01214078070026392,-0.015498652664999994,-0.017165402999999996,0.0068642
1.460000000000001,0.013346861327426796,0.013346861327426796,0.30464319793157923,-0.07973026196894187,-139831998.11917496,-896965.697352756,-211556.71147183448,-0.012251703127136804,-0.015668370009999995,-0.016778065999999994,0.0706032
1.470000000000001,0.013470784048753681,0.013470784048753681,0.30476712064345707,-0.030644434334144686,-141784016.68670988,431997.1160339961,-215556.80651995176,-0.012366422958066059,-0.015833846259999996,-0.016317183999999995,0.0215732
1.480000000000001,0.013590838249954662,0.013590838249954662,0.304887174836333,-0.01372167440231528,-142845680.10408092,897941.157236564,-216666.48551006982,-0.01248294762059593,-0.015996356194999995,-0.016184802999999994,0.004903
1.490000000000001,0.013714830113253251,0.013714830113253251,0.3050111666926209,0.2155942823640459,-149167342.28654313,7470326.036310587,-217159.89383363468,-0.012600043004790118,-0.016163695584999995,-0.017283074999999995,-0.2245574
1.500000000000001,0.013853891840546306,0.013853891840546306,0.3051502284144505,0.18532771830591707,-158961409.64272213,8007510.887887796,-219596.8910532165,-0.012718098363523334,-0.016347018754999994,-0.019381558999999996,-0.1951394
1.5100000000000011,0.014010385285206317,0.014010385285206317,0.3053067218554725,0.11101904871959692,-170468194.32372808,6177113.186376348,-226448.10739226887,-0.012839228755625931,-0.016548777204999993,-0.020970130999999996,-0.122575
1.5200000000000011,0.014182453477733725,0.014182453477733725,0.30547879004648687,0.2156241839500846,-184963348.41614628,9558932.771154951,-235547.733975261,-0.012965779070517158,-0.016767254884999992,-0.022725404999999997,-0.2284798
1.5300000000000011,0.014376450859189094,0.014376450859189094,0.3056727874288635,0.33490023787015283,-204780950.73602295,13961573.89931512,-245658.23427040473,-0.013098953011375702,-0.01700894826999999,-0.025613271999999996,-0.3490936
1.5400000000000011,0.014602767485085266,0.014602767485085266,0.3058991040584533,0.40734522883439633,-231228315.39141417,17396727.318871368,-259460.10663775113,-0.013240415357085755,-0.01728439880999999,-0.029476835999999996,-0.4236192
1.5500000000000012,0.014865268966051726,0.014865268966051726,0.3061616055462572,0.2978036330277909,-260409461.0890162,15783158.257744892,-278395.27563422185,-0.013393382065299664,-0.01759767599499999,-0.033178600999999995,-0.3167338
1.5600000000000012,0.0151556452563551,0.0151556452563551,0.30645198184691225,0.11204001915645825,-287119498.07296133,11164877.829132993,-300880.7641166495,-0.013561220877372993,-0.017940714389999987,-0.035429077999999996,-0.1333616
1.5700000000000012,0.015456860117220361,0.015456860117220361,0.30675319672196466,-0.08834073644406373,-306326544.0615034,5501318.580677386,-322760.6722257309,-0.013745384057635812,-0.018296696704999987,-0.035767385,0.0657002
1.5800000000000012,0.015752584902091804,0.015752584902091804,0.30704892152510693,-0.1549615474520617,-317668183.1559844,2873628.5320603875,-339995.30873884377,-0.013944285058659467,-0.018649418524999985,-0.034776979,0.132381
1.5900000000000012,0.016030923083905746,0.016030923083905746,0.3073272597294611,-0.29720029095271233,-319174538.7717123,-1685084.2876682784,-350996.37001177826,-0.014154047880170162,-0.018986990074999984,-0.032737331,0.2755486
1.6000000000000012,0.016286666103482172,0.016286666103482172,0.30758300277599904,-0.15444436014264531,-316774920.9570136,873381.6873086956,-355810.6769794298,-0.014369958203152566,-0.019304116114999985,-0.030687877000000002,0.1343422
1.6100000000000012,0.01652524758096735,0.01652524758096735,0.3078215842850209,-0.08037267241001758,-312793719.6856973,3075324.221317134,-355492.5260283014,-0.014587610865604561,-0.019606091884999986,-0.029707277000000004,0.0617778
1.6200000000000012,0.016750968415092438,0.016750968415092438,0.3080473051554464,-0.19923602944135352,-305647740.51565886,-783363.9465888976,-353470.17266284995,-0.014804368947642976,-0.019897084934999986,-0.028491333000000004,0.181411
1.6300000000000012,0.016961053208784382,0.016961053208784382,0.30825738997985447,-0.14659730881500074,-296832290.97193027,-219205.04047525674,-350532.58061626035,-0.015019233436019352,-0.020174227009999986,-0.026937082000000005,0.1294392
1.6400000000000012,0.01715530923293962,0.01715530923293962,0.3084516460040097,-0.14072157191513823,-286193894.04554677,-398715.63807165436,-345052.46589074546,-0.015230892817845398,-0.020437248444999986,-0.025667205000000005,0.1245362
1.6500000000000012,0.01733612081340391,0.01733612081340391,0.308632457584474,-0.10973751416001255,-275341371.7756238,-117645.83859916683,-338088.174666287,-0.01543783080514316,-0.020688453649999987,-0.024573836000000005,0.0941376
1.6600000000000013,0.017511029659695865,0.017511029659695865,0.30880736643076595,0.1240870634312163,-269771904.9252255,6208929.3044817075,-330503.2725583381,-0.01563927523785502,-0.020935319699999986,-0.024799374000000006,-0.1392452
1.6700000000000013,0.017689966227199094,0.017689966227199094,0.3089863029982692,0.0226721781416804,-266075254.38165736,4341769.37310508,-324321.0534445293,-0.01583554688595762,-0.021187750654999987,-0.025686817000000008,-0.0382434
1.6800000000000013,0.0178741221914,0.0178741221914,0.3091704589624701,0.03934444819098697,-264886983.2123444,4229149.598192699,-321548.94262681826,-0.016028467285390424,-0.021446972264999985,-0.026157505000000008,-0.0558942
1.6900000000000013,0.018061926638170356,0.018061926638170356,0.30935826340924044,0.044578228252662826,-264625000.4707613,4896268.640167724,-320123.9746107436,-0.016219821480031316,-0.021711489114999986,-0.026745865000000008,-0.0617778
1.7000000000000013,0.018249238365032172,0.018249238365032172,0.30954557513610226,-0.14820977802629917,-260885042.13867474,-704231.9645163119,-319230.57506625314,-0.01641031177204022,-0.021977231714999986,-0.026402655000000008,0.1304198
1.7100000000000013,0.018429316764797976,0.018429316764797976,0.30972565353586806,-0.037491990114601526,-256868436.46612668,1553608.3876839164,-317758.93202989164,-0.016599921766390136,-0.022237507469999987,-0.025652496000000007,0.019612
1.7200000000000013,0.01860029193454582,0.01860029193454582,0.3098966287056159,-0.14093576270155392,-249528299.04126,-1062753.0039271754,-313869.20926588535,-0.01678753995015564,-0.022490453239999986,-0.024936658000000007,0.1235556
1.7300000000000013,0.018764205501252407,0.018764205501252407,0.3100605422723225,0.0368991476560352,-244939422.51927042,2966339.7148427973,-308711.259721293,-0.01697180566575368,-0.022738079254999984,-0.024588545000000007,-0.053933
1.7400000000000013,0.018927959876168965,0.018927959876168965,0.31022429664723905,0.060769712734743506,-242354598.1873374,4557562.675986428,-303250.9921631506,-0.017152151747033162,-0.022987249714999984,-0.025245547000000007,-0.0774674
1.7500000000000013,0.01909510281526311,0.01909510281526311,0.3103914395863332,-0.02289609922360632,-240451579.79624033,2001463.4062155234,-299520.31017696834,-0.017329117335239064,-0.023241494779999983,-0.02560346600000001,0.0058836
1.7600000000000013,0.019257314964170935,0.019257314964170935,0.310553651735241,-0.2122094043232816,-233743777.70452738,-3439839.987765846,-297419.2542318771,-0.017503944659671977,-0.023492503864999983,-0.024598351000000008,0.1951394
1.7700000000000014,0.01940539187867768,0.01940539187867768,0.31070172864974777,-0.11809485219999864,-225252635.7796762,-2121235.799050672,-293066.03986092843,-0.017676413467276497,-0.023731059329999984,-0.02311274200000001,0.1019824
1.7800000000000014,0.01953782258064185,0.01953782258064185,0.31083415935171194,-0.17744978693728303,-213445785.1128831,-3580925.4619240286,-285325.43482821906,-0.017844481463630213,-0.023955567699999986,-0.02178893200000001,0.1627796
1.7900000000000014,0.019658438019882873,0.019658438019882873,0.31095477479095296,0.0003836170020362527,-204374510.93092203,287954.2356222513,-275704.29242929135,-0.018006270025305637,-0.024169730739999985,-0.02104367600000001,-0.0137284
1.8000000000000014,0.019770775029642196,0.019770775029642196,0.3110671118007123,-0.1544548341894326,-193082852.87721562,-3215966.2680055127,-265865.1281795881,-0.01816107523828181,-0.024376956034999984,-0.020401383000000013,0.142187
1.8100000000000014,0.019869894417896272,0.019869894417896272,0.31116623118896636,-0.2201791331585429,-179322431.7829256,-6605204.355207004,-256430.70217724578,-0.018309024688270614,-0.024572193494999985,-0.01864610900000001,0.2088678
1.8200000000000014,0.01994775179859276,0.01994775179859276,0.31124408856966285,-0.2556676424361403,-161372706.6403618,-7927730.782765062,-244979.04021007338,-0.018449620334360928,-0.024747279624999986,-0.01637111700000001,0.2461306
1.8300000000000014,0.019997456533445646,0.019997456533445646,0.31129379330451573,-0.39459186774548105,-137116489.38118958,-13184482.819978194,-229696.34332671826,-0.01858091943345702,-0.024895154104999987,-0.013203779000000011,0.387337
1.8400000000000014,0.02001095170998629,0.02001095170998629,0.3113072884810564,-0.40353141673913456,-107452534.38815308,-14827957.867216267,-210137.70961333023,-0.018700301961496912,-0.02500753086499999,-0.00927157300000001,0.3991042
1.8500000000000014,0.01998960313790571,0.01998960313790571,0.3112859399089758,-0.19209571480016893,-78335092.71836472,-10289876.86538243,-184539.68275686284,-0.018804601843538493,-0.025085488564999987,-0.0063199670000000105,0.191217
1.8600000000000014,0.01994652907383543,0.01994652907383543,0.3112428658449055,-0.08129731381315262,-52767548.167649984,-7055055.275083108,-155439.78999163522,-0.018891199999298725,-0.02514182403499999,-0.00494712700000001,0.083351
1.8700000000000014,0.019895440356859806,0.019895440356859806,0.3111917771279299,0.03410386033396986,-33568831.80322909,-4157174.933552226,-127873.49951716916,-0.018960171840879114,-0.02518997149499999,-0.00468236500000001,-0.0303986
1.8800000000000014,0.01984724869065696,0.01984724869065696,0.31114358546172705,0.12897150105351604,-21377893.903790474,-841935.6767505156,-104229.20387579758,-0.01901393690837344,-0.02524066851499999,-0.005457039000000011,-0.1245362
1.8900000000000015,0.019812247932930183,0.019812247932930183,0.31110858470400027,0.23558947660112467,-17477107.026443005,2610521.0746769984,-86236.49519329786,-0.01905587813166454,-0.02530413784999999,-0.007236828000000011,-0.2314216
1.9000000000000015,0.01979955492648444,0.01979955492648444,0.3110958916975545,0.2921595969831259,-21477739.80405712,5482792.964643271,-75888.52951963127,-0.019089994177148906,-0.02538952359499999,-0.009840321000000011,-0.289277
1.9100000000000015,0.019816203278950784,0.019816203278950784,0.31111254005002087,0.35374568591619165,-33441544.461382866,8181991.355253644,-74067.41454214133,-0.01912071191287612,-0.02550398412999999,-0.013051786000000011,-0.353016
1.9200000000000015,0.019863680120351834,0.019863680120351834,0.3111600168914219,0.2334885885728375,-48716351.96036458,6365358.783778261,-80589.05775459387,-0.019152488909026544,-0.02564921098999999,-0.01599358600000001,-0.235344
1.9300000000000015,0.01993841329365187,0.01993841329365187,0.31123475006472195,0.26953041289621965,-67663404.8279798,7689981.044065969,-92746.22180223004,-0.019189119820971157,-0.02582187013499999,-0.01853824300000001,-0.2735874
1.9400000000000015,0.020029381865759477,0.020029381865759477,0.31132571863682956,-0.123133675971799,-79379358.64767075,-1978080.688677816,-107258.54109886757,-0.019233015733163605,-0.026011150449999992,-0.01931782000000001,0.117672
1.9500000000000015,0.02011878636909531,0.02011878636909531,0.3114151231401654,-0.08582646040646293,-86865918.24816751,-2746884.035125315,-119733.1216672343,-0.019284594470348526,-0.026199376619999992,-0.01832741400000001,0.0804092
1.9600000000000015,0.020201857477085416,0.020201857477085416,0.3114981942481555,0.0414501275223748,-92611582.80662918,1582212.8968043595,-125468.14876776467,-0.019341591256537005,-0.026381768219999994,-0.018150906000000012,-0.0451076
1.9700000000000015,0.020285036915618893,0.020285036915618893,0.311581373686689,0.007259206336560863,-97893387.28094602,521672.3867855968,-128061.12389271277,-0.019401127279055963,-0.026564650119999995,-0.01842547400000001,-0.009806
1.9800000000000015,0.020366451876667968,0.020366451876667968,0.31166278864773805,-0.12654787924918345,-99633318.43650723,-3005792.3745163535,-131544.810527192,-0.019462481304106105,-0.026746036604999995,-0.01785182300000001,0.1245362
1.9900000000000015,0.020437166219355096,0.020437166219355096,0.3117335029904252,-0.18218890673119667,-96793954.00087762,-5602532.525718309,-133104.99980018908,-0.019525403119770912,-0.026916906154999996,-0.01632208700000001,0.181411
2.0000000000000013,0.020493795437328488,0.020493795437328488,0.3117901322083986,-0.07248027488764396,-92572393.66118574,-2839535.29244769,-130369.24911657214,-0.019588084314250354,-0.027073753124999995,-0.01504730700000001,0.073545
2.010000000000001,0.02054066977978991,0.02054066977978991,0.31183700655086,-0.06304656115041327,-87770353.9599731,-2725346.646887916,-124647.1817961031,-0.019648333751373537,-0.027220745064999996,-0.01435108100000001,0.0657002
2.020000000000001,0.02058190766919149,0.02058190766919149,0.3118782444402616,-0.02688574071679592,-83880235.83082175,-1812829.082570403,-118805.5094315486,-0.019705198426223702,-0.027361853404999997,-0.01387058700000001,0.0303986
2.0300000000000007,0.0206186346087614,0.0206186346087614,0.3119149713798315,-0.06362098640133351,-79459305.99184036,-2930676.7177309506,-113425.5813578125,-0.019758799195506715,-0.027498107775,-0.013380287000000012,0.0676614
2.0400000000000005,0.02065316219694846,0.02065316219694846,0.31194949896801855,0.06615287106472159,-77885757.37968159,507207.2705632651,-108124.69578052884,-0.019809333654256855,-0.027631763554999998,-0.013350869000000012,-0.0617778
2.0500000000000003,0.02068867838588373,0.02068867838588373,0.3119850151569538,-0.029141263415523738,-75959432.88857198,-1584493.0410623394,-103775.60380789118,-0.01985711101974963,-0.02776598318,-0.013493056000000012,0.0333404
2.06,0.020722717955494963,0.020722717955494963,0.31201905472656505,-0.06693594230784057,-73394525.87113857,-3138866.1069937316,-101005.40541277814,-0.019902861255286175,-0.02789831515,-0.012973338000000011,0.0706032
2.07,0.020750245919759436,0.020750245919759436,0.3120465826908295,-0.0974521744499546,-68707823.69640946,-4090364.403179738,-97573.80452858328,-0.019946899479882707,-0.028023758404999998,-0.012115313000000011,0.1010018
2.0799999999999996,0.020770119274079124,0.020770119274079124,0.3120664560451492,-0.04434522014660589,-63915119.042488575,-3013818.810879844,-91951.52590350417,-0.019988483721614214,-0.028141185255,-0.011370057000000012,0.0480494
2.0899999999999994,0.020781677903409235,0.020781677903409235,0.3120780146744793,-0.14644749322314718,-56463542.36058235,-5767535.835903598,-85185.35789611521,-0.02002672115281845,-0.028249933795,-0.010379651000000012,0.1500318
2.099999999999999,0.020781022682482664,0.020781022682482664,0.31207735945355275,-0.15131489787603447,-47086632.43269396,-6761237.034273686,-76983.26918881564,-0.02006099111616333,-0.02834610614,-0.008854818000000013,0.1549348
2.109999999999999,0.020764485968270407,0.020764485968270407,0.3120608227393405,-0.18618350714795162,-34715020.14168477,-7983891.121420361,-65775.5047544216,-0.020090250778588503,-0.02842602504,-0.007128962000000013,0.1902364
2.1199999999999988,0.020734069122950394,0.020734069122950394,0.3120304058940205,-0.03152433970942234,-24121631.053236723,-4409754.168784356,-50758.09630566824,-0.020112995833244718,-0.028491651695000002,-0.005996369000000013,0.0362822
2.1299999999999986,0.020698256404740822,0.020698256404740822,0.3119945931758109,0.03339655506256634,-16358540.539640665,-2007674.654805712,-33683.39717664497,-0.020128259844127916,-0.028551419265000003,-0.005957145000000013,-0.0284374
2.1399999999999983,0.020663502433509173,0.020663502433509173,0.31195983920457926,0.007080877986571092,-10930124.861756086,-2711036.3139086897,-18229.567287213962,-0.020136613228938005,-0.028611775195,-0.006114041000000013,-0.0029418
2.149999999999998,0.02062690247135368,0.02062690247135368,0.31192323924242377,-0.12139794798905154,-3798648.1036577225,-6195251.06784471,-4674.505887262543,-0.02013969570625518,-0.028669875745,-0.005506069000000013,0.1245362
2.159999999999998,0.020584056147778695,0.020584056147778695,0.3118803929188488,-0.014140237765491396,2349739.535675764,-3944276.136766528,12943.120682289546,-0.020138413201789274,-0.02872138176,-0.0047951340000000125,0.0176508
2.1699999999999977,0.020540663156634387,0.020540663156634387,0.3118369999277045,0.12781012279670373,4574842.687194824,734996.2104807231,26716.828828090995,-0.02013240451808168,-0.028772054265000003,-0.005339367000000012,-0.1264974
2.1799999999999975,0.020504519530165244,0.020504519530165244,0.31180085630123533,0.04849378020763853,4710115.182911158,-877768.1844999448,36045.532089889944,-0.020121902459816543,-0.028829836120000004,-0.006217004000000012,-0.04903
2.1899999999999973,0.020476572073361454,0.020476572073361454,0.31177290884443154,0.10304910340324931,1738295.6386494637,768641.883087561,39954.46617071064,-0.020108602363588912,-0.028895904045000004,-0.006996581000000012,-0.1068854
2.199999999999997,0.020459504814669294,0.020459504814669294,0.3117558415857394,0.18061593744740642,-4990872.481137276,3682844.553106234,41560.6131973635,-0.02009409013669128,-0.028973199840000005,-0.008462578000000012,-0.186314
2.209999999999997,0.020455462647750666,0.020455462647750666,0.31175179941882075,0.05672269264685735,-12262365.750105143,1047154.9415493184,39627.38056351583,-0.020079650295785345,-0.029064125975000004,-0.009722649000000012,-0.0657002
2.2199999999999966,0.020458294439749947,0.020458294439749947,0.31175463121082003,-0.019103285826544247,-18157650.660957813,-1182022.8834821798,34133.28399148389,-0.02006683256072639,-0.029162798850000005,-0.010011926000000011,0.0078448
2.2299999999999964,0.020460212662938237,0.020460212662938237,0.3117565494340083,-0.05505951303878117,-21480787.760311604,-2126046.1012314204,29935.712985896356,-0.020056086580437393,-0.029261667845000006,-0.009761873000000011,0.0421658
2.239999999999996,0.02045597465197896,0.02045597465197896,0.31175231142304904,-0.1170276502232818,-21454870.856449366,-4082854.0523030995,29222.03965457325,-0.020046366652170133,-0.029355633840000006,-0.009031326000000011,0.1039436
2.249999999999996,0.02044000967027715,0.02044000967027715,0.31173634644134723,-0.1799645845974287,-17316735.363400698,-6233880.651738596,32204.145273680064,-0.02003617505545241,-0.029439180960000005,-0.007678098000000012,0.166702
2.259999999999996,0.020402182972232896,0.020402182972232896,0.311698519743303,-0.3975124202565653,-4472116.577441454,-13056833.226956896,39870.579956990994,-0.020023711374178632,-0.029502159995000006,-0.004917709000000011,0.3853758
2.2699999999999956,0.020335185598987948,0.020335185598987948,0.31163152237005803,-0.19183819946244643,10354886.094614267,-9025558.391279895,54722.436912704834,-0.02000620997963959,-0.029537167415000006,-0.0020837750000000112,0.181411
2.2799999999999954,0.020250558940325347,0.020250558940325347,0.31154689571139543,0.07601703591012367,20743731.985861063,-1116668.7172002168,75356.36009208945,-0.019980199052259284,-0.029555578180000007,-0.0015983780000000114,-0.0843316
2.289999999999995,0.020167457265059974,0.020167457265059974,0.31146379403613006,0.10080341949237685,25450727.210845232,267442.14985208586,92667.62547331463,-0.01994437271400684,-0.029576415930000006,-0.0025691720000000115,-0.1098272
2.299999999999995,0.020091497687851678,0.020091497687851678,0.31138783445892176,0.008060047390018442,27840295.81989622,-1924419.7197585602,102504.28590186019,-0.01990113376475794,-0.029605319115000008,-0.0032114650000000114,-0.0186314
2.3099999999999947,0.020021957772162646,0.020021957772162646,0.31131829454323273,0.13986298918325146,25908438.16728568,1672425.9764831709,108317.94051049062,-0.019853531308495265,-0.029641699375000007,-0.004064587000000011,-0.151993
2.3199999999999945,0.01996156228365792,0.01996156228365792,0.311257899054728,0.07799114699403677,22451810.741177797,1047726.4758860422,111951.25100397783,-0.01980325151067841,-0.02968842496500001,-0.005280531000000011,-0.0911958
2.3299999999999943,0.019909071924799016,0.019909071924799016,0.3112054086958691,0.020360037405802334,18438125.586373806,-691509.4975028934,112330.72149914766,-0.019751826282385143,-0.029744392710000008,-0.005913018000000011,-0.0353016
2.339999999999994,0.01985729616424209,0.01985729616424209,0.3111536329353122,-0.09012717576491756,17437160.725577354,-3500954.3085739776,111423.18914451274,-0.019700552258205106,-0.029802542290000008,-0.005716898000000011,0.0745256
2.349999999999994,0.019809486519921482,0.019809486519921482,0.31110582329099157,0.31853904834356395,8687109.02001381,7419466.19964464,112212.96420051232,-0.01964942659753105,-0.02986620774500001,-0.007016193000000011,-0.3343846
2.3599999999999937,0.019786382869383556,0.019786382869383556,0.31108271964045364,0.4412890262732319,-9103670.314307451,13561138.662307374,111319.67402882477,-0.019598514667858336,-0.029956177795000007,-0.010977817000000011,-0.4579402
2.3699999999999934,0.019811410999981516,0.019811410999981516,0.3111077477710516,0.7241544677801233,-43015426.29028201,22696399.91187714,100588.00685873508,-0.019551074842641514,-0.030096011355000007,-0.01698889500000001,-0.7442754
2.3799999999999932,0.01990043373603545,0.01990043373603545,0.31119677050710554,0.6701867186210011,-87495588.00469255,24931065.047153667,75051.49977766776,-0.019513795056131766,-0.03030188832500001,-0.02418649900000001,-0.6952454
2.389999999999993,0.020052020253719938,0.020052020253719938,0.31134835702479,0.4380241460694609,-135670276.5087378,19864140.061936207,30189.632438379987,-0.019494195376544454,-0.030572901650000008,-0.03001616600000001,-0.470688
2.399999999999993,0.02025053259676962,0.02025053259676962,0.3115468693678397,0.3307989497681586,-183041778.58169127,18489937.216297086,-43811.879977691424,-0.01949767668328889,-0.03089417072500001,-0.03423764900000001,-0.3736086
2.4099999999999926,0.020477147486898162,0.020477147486898162,0.31177348425796825,0.024480460829244613,-221825167.6644113,10392057.346362699,-92620.40187159047,-0.019525864786063274,-0.03124745639000001,-0.03641948400000001,-0.0627584
2.4199999999999924,0.02070674941763634,0.02070674941763634,0.3120030861887064,-0.2602778646153773,-247183364.2413535,1867430.4066104572,-131805.37419606335,-0.019577578670833762,-0.03160770431500001,-0.03563010100000001,0.220635
2.429999999999992,0.020911834215972036,0.020911834215972036,0.3122081709870421,-0.4846098364798778,-255511675.32627058,-6090272.106699124,-158460.83969437212,-0.019648661306861492,-0.03194721255000001,-0.03227154600000001,0.451076
2.439999999999992,0.021079590699539796,0.021079590699539796,0.3123759274706099,-0.2636350531410326,-255792555.5626855,-1791466.2422439568,-170799.99613196813,-0.01973170350533121,-0.032252816540000014,-0.028849252000000013,0.2333828
2.4499999999999917,0.021214432534826466,0.021214432534826466,0.31251076930589655,-0.3047059884834472,-248710617.12705278,-3239813.971239435,-172356.9113797022,-0.019818937876502685,-0.032528438685000015,-0.02627517700000001,0.2814322
2.4599999999999915,0.02131366786260902,0.02131366786260902,0.3126100046336791,-0.5512132700572918,-231185339.9350531,-11786922.667611292,-168762.5690490454,-0.019905348906153197,-0.03277089203500001,-0.02221549300000001,0.5305046
2.4699999999999913,0.021374179387254555,0.021374179387254555,0.31267051615832464,-0.14181959688208495,-214092348.1480496,-2677680.1897590384,-158717.21872773982,-0.019987275799861426,-0.032976597400000016,-0.01892558000000001,0.127478
2.479999999999991,0.021412484587689795,0.021412484587689795,0.3127088213587599,-0.05340050459257608,-198898963.70104527,662562.4857897137,-142144.4601625134,-0.02006079381621456,-0.033161612105000016,-0.01807736100000001,0.0421658
2.489999999999991,0.02144797876483706,0.02144797876483706,0.31274431553590715,0.13618014160836,-191844465.43250632,5193683.276787212,-127824.64257719874,-0.020124961528176,-0.033344935275000015,-0.018587273000000012,-0.1441482
2.4999999999999907,0.02148545189028328,0.02148545189028328,0.31278178866135337,-0.1398009125546486,-183176824.91686106,-1333456.299712324,-119389.0296364849,-0.02018248607344514,-0.03353112670000002,-0.018651012000000012,0.1314004
2.5099999999999905,0.021519422905738828,0.021519422905738828,0.3128157596768089,0.003338244978162162,-177076349.64993644,722576.3208886842,-113976.94135439779,-0.020236042935387333,-0.033714596960000016,-0.01804304000000001,-0.009806
2.5199999999999902,0.021555401845618827,0.021555401845618827,0.3128517386166889,0.21344273326314708,-176316971.0747397,7861590.7122989865,-108035.7634507227,-0.020286352227052773,-0.03390076387000002,-0.01919034200000001,-0.2196544
2.52999999999999,0.021614629164412758,0.021614629164412758,0.31291096593548284,0.49971314676531625,-188454971.4863944,16373585.110272707,-105066.11055462257,-0.020334215302073855,-0.034110783875000016,-0.02281365900000001,-0.505009
2.53999999999999,0.021710042331542112,0.021710042331542112,0.3130063791026122,0.23456664237987293,-204435576.77630353,11627960.682868576,-112612.88232278594,-0.0203836064077077,-0.034357625410000016,-0.02655464800000001,-0.2431888
2.5499999999999896,0.02182891457627867,0.02182891457627867,0.31312525134734875,-0.030482096341082305,-217386257.57263494,3315011.163401995,-129076.20616104147,-0.020440094730400316,-0.03462873679500002,-0.02766762900000001,0.0205926
2.5599999999999894,0.021954652202365865,0.021954652202365865,0.31325098897343595,0.1010135431060279,-229121387.51319385,7033779.601783287,-144489.92880836673,-0.020506023292800102,-0.034907692980000016,-0.02812360800000001,-0.1117884
2.569999999999989,0.02209171155654488,0.02209171155654488,0.31338804832761497,0.2813254467918359,-244543444.20660448,12461442.836659871,-155473.7753535427,-0.020579933223850655,-0.035198980210000015,-0.03013383800000001,-0.2902576
2.579999999999989,0.022257734591029366,0.022257734591029366,0.31355407136209945,0.4948846726971377,-269463851.4543352,20015360.987026423,-168129.22142739812,-0.020661228899435058,-0.035520200255000016,-0.03411017100000001,-0.505009
2.5899999999999888,0.022462178522736742,0.022462178522736742,0.31375851529380683,0.26574305326825337,-296653127.59156895,15268173.343341418,-187579.0351560392,-0.020752801563783452,-0.03588084042000002,-0.038017862000000006,-0.2765292
2.5999999999999885,0.02269445815651272,0.02269445815651272,0.3139907949275828,0.08705931622847575,-321483083.2252364,10345006.285598556,-212238.50269032552,-0.020858795490599658,-0.036270432800000016,-0.03990061400000001,-0.1000212
2.6099999999999883,0.022937880760825535,0.022937880760825535,0.3142342175318956,0.005859211784481475,-340890756.6281719,7915623.853233105,-235430.90178671406,-0.02098085578906833,-0.03667238074000002,-0.04048897400000001,-0.0176508
2.619999999999988,0.023184524342975854,0.023184524342975854,0.31448086111404594,0.030063521635091503,-356882233.54260254,8414307.439358903,-253868.75437247398,-0.021117229606416155,-0.037078741380000016,-0.04078315400000001,-0.0411852
2.629999999999988,0.023429633109036063,0.023429633109036063,0.31472596988010615,-0.12737731812147135,-366518041.724967,3940069.698295752,-268917.88937926735,-0.021265297349748524,-0.037484636235000014,-0.04039581700000001,0.1186526
2.6399999999999877,0.02366987098471035,0.02366987098471035,0.31496620775578044,0.029856508686046956,-375371421.7759087,7359824.935399867,-280507.5848774795,-0.021422746047825403,-0.03788655966000001,-0.03998886800000001,-0.0372628
2.6499999999999875,0.023905923771240845,0.023905923771240845,0.31520226054231093,-0.09973821941349312,-379785195.4408071,4256983.917467291,-288967.78936350375,-0.02158732163282323,-0.038285001955000016,-0.03969959100000001,0.0951182
2.6599999999999873,0.024132280361523428,0.024132280361523428,0.3154286171325935,-0.21822739698073085,-378885808.2963736,-326254.9136585975,-295803.2634001235,-0.02175739282303396,-0.03867425112500002,-0.038150243000000014,0.2147514
2.669999999999987,0.024343753153455994,0.024343753153455994,0.3156400899245261,-0.059158920622647805,-376429808.72976446,3291506.8819216965,-299274.95351065946,-0.02193113453390455,-0.039048913870000014,-0.036782306000000015,0.058836
2.679999999999987,0.024548734866346178,0.024548734866346178,0.31584507163741626,0.07690264933277671,-376290195.9207761,7163123.164587473,-299020.0679545993,-0.0221063238435123,-0.03941715368500001,-0.03686565700000002,-0.0755062
2.6899999999999866,0.024743440389613347,0.024743440389613347,0.31603977716068343,-0.5056928173581797,-364478883.2547331,-9057032.487331709,-299649.704633239,-0.022281784501466062,-0.039774974625000015,-0.03469853100000002,0.5089314
2.6999999999999864,0.024906081487487797,0.024906081487487797,0.3162024182585579,-0.34809345752072934,-346974738.9037285,-8271809.231424108,-298020.927083486,-0.02245687936822005,-0.040100411250000016,-0.030388794000000018,0.353016
2.709999999999986,0.02502461919251764,0.02502461919251764,0.3163209559635877,-0.5622559813851836,-317136189.18061066,-14284029.654182918,-287428.24252631055,-0.022627518724383955,-0.04038118154500002,-0.025765265000000016,0.5716898
2.719999999999986,0.025089668613465232,0.025089668613465232,0.3163860053845353,-0.6669259429992394,-277453083.55757,-20749682.02271875,-269242.20502951485,-0.0227877567085617,-0.04060755305500002,-0.019509037000000014,0.6795558
2.7299999999999858,0.02509893682064379,0.02509893682064379,0.3163952735917139,-0.3351406833794491,-236252708.96964025,-13145645.72685386,-242685.93223800662,-0.022932097434615384,-0.040776829130000025,-0.014346178000000015,0.353016
2.7399999999999856,0.025069108438255383,0.025069108438255383,0.31636544520932547,-0.22665627292063942,-197224026.4693265,-10822586.300111808,-208732.06060460868,-0.023055493727742682,-0.04090526321500002,-0.011340639000000015,0.2480918
2.7499999999999853,0.025016861684522218,0.025016861684522218,0.3163131984555923,-0.108281624566904,-163953184.32440186,-8144019.164369222,-175100.9481065947,-0.023156278025530885,-0.04100915778500002,-0.009438275000000015,0.132381
2.759999999999985,0.024955061166494708,0.024955061166494708,0.3162513979375648,0.06106949192985181,-138654592.20401692,-3598097.125786081,-143947.45004524093,-0.02323629107337355,-0.04110113806500002,-0.008957781000000015,-0.0362822
2.769999999999985,0.024891297343763386,0.024891297343763386,0.31618763411483347,-0.09238846414732167,-115981439.9292903,-7342298.880782349,-116801.04669673154,-0.02329847877098945,-0.04118868113000002,-0.008550832000000015,0.117672
2.7799999999999847,0.02482548889209113,0.02482548889209113,0.3161218256631612,0.041923329113756756,-98734838.46887827,-4582814.0004268885,-93993.36279630593,-0.023346155658559187,-0.04127168892000002,-0.008050726000000015,-0.0176508
2.7899999999999845,0.024756477483844574,0.024756477483844574,0.31605281425491466,-0.1195754395804113,-80727011.14901829,-8195395.461739114,-72575.05762627635,-0.02338170237229048,-0.04134903374500002,-0.007418239000000015,0.1441482
2.7999999999999843,0.024685604420558893,0.024685604420558893,0.315981941191629,0.12276231174982051,-69125792.79251099,-2684169.8574972767,-51928.998299909865,-0.023406449643158855,-0.04142208844500002,-0.007192701000000015,-0.0990406
2.809999999999984,0.024623476449400883,0.024623476449400883,0.31591981322047097,0.22385592376744204,-64012052.92302966,1960110.2767984555,-31990.377525163327,-0.023421631811193555,-0.04150149253000002,-0.008688116000000015,-0.2000424
2.819999999999984,0.024583070939579288,0.024583070939579288,0.3158794077106494,0.2984261306198437,-67630295.56324697,4394686.4102094155,-18809.773659439536,-0.02342964099607736,-0.04160031249500002,-0.011075877000000015,-0.2775098
2.8299999999999836,0.024572806586318663,0.024572806586318663,0.31586914335738875,0.38493983223939837,-79761011.74975824,8622630.767848955,-17493.752307674342,-0.02343460247658513,-0.04172720213500002,-0.014302051000000015,-0.367725
2.8399999999999834,0.024596240633959154,0.024596240633959154,0.31589257740502924,0.27963218541189117,-96440999.18458486,6867438.312344614,-27222.036463958262,-0.023440994518992175,-0.04188610836500002,-0.017479195000000017,-0.2677038
2.849999999999983,0.02465238043303558,0.02465238043303558,0.31594871720410567,0.36402810037073047,-118877633.14638138,10272108.831210189,-44269.63762539292,-0.023452759915042476,-0.04207649185500002,-0.020597503000000017,-0.3559578
2.859999999999983,0.02474023998902125,0.02474023998902125,0.31603657676009134,0.2611043072723027,-143007736.88290906,8896666.976029238,-64450.53854430318,-0.023472921353688947,-0.042297788760000024,-0.023661878000000018,-0.2569172
2.869999999999983,0.02485272136464467,0.02485272136464467,0.31614905813571476,0.09863853958302085,-165302325.12123966,4971598.047245548,-86966.7004852962,-0.023503695352089626,-0.042543257455000025,-0.025431861000000017,-0.0970794
2.8799999999999826,0.0249797858849527,0.0249797858849527,0.3162761226560228,0.12494687702562174,-186206593.89963531,5807930.563242155,-108154.73274431791,-0.023546203484105133,-0.04280314097000003,-0.026544842000000016,-0.1255168
2.8899999999999824,0.02511686206967023,0.02511686206967023,0.3164131988407403,0.05193674020250379,-204222022.24219632,4537178.581868191,-125877.02786336375,-0.023599792696236133,-0.043073051120000025,-0.027437188000000015,-0.0529524
2.899999999999982,0.025258131302216158,0.025258131302216158,0.31655446807328624,-0.061096565939090554,-217862162.4288106,1198593.731292617,-141608.36707880857,-0.02366330173558251,-0.043347275910000024,-0.027407770000000015,0.058836
2.909999999999982,0.025397130643422527,0.025397130643422527,0.3166934674144926,-0.020538604786648818,-228669014.42106295,2148792.5503970277,-154047.95089046314,-0.023735447095770024,-0.04361941692500002,-0.027020433000000014,0.0186314
2.9199999999999817,0.025529476321484557,0.025529476321484557,0.31682581309255464,-0.16397275026045624,-233683544.4773891,-1818663.9749104907,-162723.48097463377,-0.02381424239668989,-0.043885110495000025,-0.026118281000000014,0.161799
2.9299999999999815,0.02564959327697952,0.02564959327697952,0.3169459300480496,-0.14066479737409368,-235094121.19216537,-2078572.6346959001,-168106.91163413023,-0.023897559501009025,-0.044138767200000026,-0.024613060000000013,0.1392452
2.9399999999999813,0.025753131246087302,0.025753131246087302,0.3170494680171574,-0.21785711047845327,-231066912.82990456,-4410847.851292498,-169310.17515435925,-0.023983082411406842,-0.04437599885500003,-0.022833271000000013,0.2167126
2.949999999999981,0.02584064053555768,0.02584064053555768,0.31713697730662777,-0.06476816716533015,-227019321.89205837,-1121245.0483283615,-166632.48566244353,-0.024068248245712798,-0.04459729576000003,-0.021426110000000012,0.0647196
2.959999999999981,0.025919875746562404,0.025919875746562404,0.3172162125176325,0.016430779370093795,-224481611.21674657,1676163.025286901,-161853.17979907378,-0.024151105300926234,-0.04481035562500003,-0.021185863000000013,-0.0166702
2.9699999999999807,0.02599589461471813,0.02599589461471813,0.3172922313857882,-0.0967461591590139,-221200211.7878735,-1532226.0963216424,-158046.26033163114,-0.024231254811167224,-0.045020228540000026,-0.020788720000000014,0.0960988
2.9799999999999804,0.026075473902167967,0.026075473902167967,0.31737181067323805,0.3194792314668458,-227097542.30471706,9786458.971715555,-155576.90288133782,-0.024309434108749528,-0.045233754190000024,-0.021916410000000015,-0.3216368
2.9899999999999802,0.026178416720152586,0.026178416720152586,0.31747475349122267,0.3923303454806081,-241572597.5242095,14308305.325832952,-155906.04031465642,-0.024386883360588196,-0.04547086327000002,-0.025505406000000015,-0.3961624
2.99999999999998,0.026314903204715245,0.026314903204715245,0.31761123997578533,0.23760869719484465,-260922410.80073285,10886308.66108488,-165474.7041924255,-0.02446725218907647,-0.045741974655000024,-0.028716871000000015,-0.2461306
3.00999999999998,0.026482533387223228,0.026482533387223228,0.3177788701582933,0.3782021278505496,-286254001.5294714,15620063.507809266,-181769.85361145827,-0.024555693490752706,-0.046045053600000024,-0.03189891800000001,-0.3902788
3.0199999999999796,0.02667363374277293,0.02667363374277293,0.317969970513843,-0.055204527273939756,-305222521.1331332,5127979.866425129,-200601.13248541174,-0.02465547062382173,-0.04637281915000002,-0.03365419200000001,0.039224
3.0299999999999794,0.026869821327085597,0.026869821327085597,0.3181661580981557,-0.06430339254190492,-319718432.94731784,3314735.1479264507,-219477.62334626916,-0.02476777400169694,-0.046707228265000025,-0.033227631000000014,0.0460882
3.039999999999979,0.027071274071823692,0.027071274071823692,0.3183676108428938,0.3944181075339857,-339908340.47325563,16907432.216856953,-232578.27323103763,-0.024891129344751517,-0.047048697700000024,-0.03506625600000002,-0.4138132
3.049999999999979,0.02729933299948145,0.02729933299948145,0.31859566977055154,0.339715694825914,-365101193.525614,17643749.61028315,-245111.4684364181,-0.02502346179786058,-0.047418727110000024,-0.03893962600000002,-0.3608608
3.0599999999999787,0.027556254761974097,0.027556254761974097,0.3188525915330442,0.08066549945462002,-389339652.995033,10987752.428743582,-264507.36489794037,-0.02516695884795994,-0.04781979251000002,-0.04127345400000002,-0.1059048
3.0699999999999785,0.027828208445224933,0.027828208445224933,0.319124545216295,0.10023164927109353,-411583829.7802806,11373491.347826775,-285417.3636869562,-0.025324780164477312,-0.048238361620000024,-0.04244036800000002,-0.127478
3.0799999999999783,0.028100583174358706,0.028100583174358706,0.3193969199454288,-0.2642858355855184,-422735083.61879516,1695357.8140096823,-303158.8499515259,-0.025496572607539625,-0.04866006865000003,-0.04190103800000002,0.235344
3.089999999999978,0.028362067257743262,0.028362067257743262,0.31965840402881335,-0.007285412821196573,-432095226.275753,6873111.396430998,-316166.954862226,-0.02567962624167297,-0.04907373476000003,-0.04083218400000002,-0.0215732
3.099999999999978,0.028632771409154822,0.028632771409154822,0.3199291081802249,0.6476595789363074,-454774544.49296427,26833687.929889083,-323729.7514353108,-0.025870228595489653,-0.049499511280000026,-0.04432312000000002,-0.676614
3.1099999999999777,0.028953677688567547,0.028953677688567547,0.32025001445963763,0.7200520223929756,-492319825.54897714,32150853.764384996,-335525.05930889765,-0.02606809157932022,-0.04997843632000003,-0.051461888000000025,-0.7511396
3.1199999999999775,0.02933283097833883,0.02933283097833883,0.3206291677494089,0.24211764199675112,-531166194.9766147,20795153.51913862,-360999.80442731775,-0.026280148154822325,-0.05051879595000003,-0.05661003800000003,-0.2784904
3.1299999999999772,0.029745226323170004,0.029745226323170004,0.3210415630942401,0.12539563912929702,-566202546.2423694,16936328.92711845,-392302.93488458655,-0.02651404256404538,-0.05109597711000003,-0.058826194000000026,-0.1647408
3.139999999999977,0.03016583596579475,0.03016583596579475,0.32146217273686484,-0.16433646997781834,-589254806.6010387,9428855.18023153,-419803.2883326574,-0.026770954952935355,-0.05168526868000003,-0.05903212000000003,0.1235556
3.149999999999977,0.030577002600872483,0.030577002600872483,0.3218733383676834,-0.17448297539549296,-603624217.2638226,7391463.204104675,-440982.8766803835,-0.027047216562429477,-0.05226914243500003,-0.05774263100000003,0.1343422
3.1599999999999766,0.030964947228862116,0.030964947228862116,0.32226128062707965,-0.4156324608580701,-604381440.8365266,525588.5112860696,-455147.94112182816,-0.027337567027344467,-0.052833796430000024,-0.05518816800000003,0.3765504
3.1699999999999764,0.03131399007277924,0.03131399007277924,0.32261032110088106,-0.550323576156355,-592026413.1902003,-5948006.706178393,-461656.6007686471,-0.027636058274752906,-0.05336341849000002,-0.05073624400000003,0.5138344
3.179999999999976,0.031615879881562,0.031615879881562,0.3229122085432686,-0.36984179951742063,-572560132.1300375,-2476270.3736938704,-459164.6912255667,-0.027935915152991875,-0.05384952642500002,-0.046485343000000026,0.3363458
3.189999999999976,0.03188063259260543,0.03188063259260543,0.32317695889698317,-0.1954767380372633,-552160257.5667496,1306051.7707331786,-448809.3954832113,-0.028230337819414364,-0.054301828175000025,-0.043975007000000024,0.1657214
3.1999999999999758,0.03211939250617463,0.03211939250617463,0.323415716467443,-0.2789166233797929,-529798676.8173828,-1329360.967299454,-436330.41201243445,-0.028516269532757432,-0.054731159370000025,-0.04189123200000002,0.2510336
3.2099999999999755,0.032328407880182264,0.032328407880182264,0.3236247295173953,-0.43647159766498445,-501820291.8676717,-7455385.525153212,-423626.8442865475,-0.028792204017404843,-0.05513352406500002,-0.03858170700000002,0.4108714
3.2199999999999753,0.03249877780605259,0.03249877780605259,0.3237950971429478,-0.3939581067845451,-469318788.1864326,-7927561.743958447,-407749.2220684474,-0.029056729285365818,-0.05549980268000002,-0.03467401600000002,0.3706668
3.229999999999975,0.032631104268796784,0.032631104268796784,0.32392742133376023,-0.29735071380928424,-435177637.4343655,-6582003.025454806,-387025.93324318837,-0.02930679088474386,-0.05583033842500002,-0.03143313300000002,0.2775098
3.239999999999975,0.03272991818266158,0.03272991818266158,0.3240262330085628,-0.3518424207727635,-398885061.9971154,-8917936.547578001,-363569.1920698521,-0.029539610176251202,-0.05612937239500002,-0.028373661000000022,0.3343846
3.2499999999999747,0.03279505633895369,0.03279505633895369,0.3240913689628275,-0.34599474755345794,-361012706.8462348,-10413377.581266718,-338786.2276228862,-0.029753887483063457,-0.05639646332000002,-0.025044524000000023,0.3314428
3.2599999999999745,0.03283276725833606,0.03283276725833606,0.32412907772103683,-0.05325756050957474,-328442830.91212535,-3101743.5296561774,-311689.8449868828,-0.029948581421183312,-0.05663759286000002,-0.023181384000000024,0.0411852
3.2699999999999743,0.032857230231157275,0.032857230231157275,0.32415353857688145,-0.07740799387431681,-299691651.5561919,-3395210.4475988555,-284671.84128208645,-0.030123252890083968,-0.056866685535000024,-0.022637151000000022,0.0676614
3.279999999999974,0.03287783354255297,0.03287783354255297,0.32417413981808485,0.05368761562241031,-278060798.3576274,-343881.0916001868,-261467.81529839992,-0.030279728862660976,-0.05709293447000002,-0.022612636000000023,-0.0627584
3.289999999999974,0.0328977368260297,0.0328977368260297,0.32419404107989064,-0.05796730536247662,-258211975.43111467,-2827562.9206467816,-242036.6274482641,-0.030421080458988642,-0.057319379525000026,-0.022676375000000023,0.0500106
3.2999999999999736,0.03291464594319571,0.03291464594319571,0.32421094822492424,-0.05751913294449897,-240410031.54470277,-3666328.9714717297,-225440.64513799653,-0.030549899976930195,-0.057543642745000026,-0.022176269000000023,0.0500106
3.3099999999999734,0.032925341236866024,0.032925341236866024,0.32422164159647177,-0.07554736857887319,-222792393.77906322,-4053893.4420798803,-209921.4266968086,-0.030667754155276783,-0.05776241460500003,-0.021578103000000022,0.0696226
3.319999999999973,0.032922934114477664,0.032922934114477664,0.32421923260204905,-0.31548277224038834,-199983783.18879676,-11402941.932720024,-194268.59420519313,-0.030775160335919732,-0.057968683815000026,-0.019675739000000022,0.3108502
3.329999999999973,0.03290521945860425,0.03290521945860425,0.3242015161240579,0.09421203388443389,-182841609.31672,-1401428.5035029002,-176621.09605591372,-0.030871633186077857,-0.05816007242000003,-0.01860198200000002,-0.0960988
3.3399999999999728,0.032884504511666024,0.032884504511666024,0.3241807994044676,0.007048504754247247,-167535512.49156785,-2133479.957950883,-157138.75923349426,-0.030956203779697516,-0.058348666315000026,-0.01911679700000002,-0.0068642
3.3499999999999726,0.03285805005692116,0.03285805005692116,0.32415434322536196,-0.3378878505986851,-147488388.07673144,-12906217.12294311,-141845.10308606052,-0.03102988183234215,-0.058531523700000025,-0.017454680000000018,0.3392876
3.3599999999999723,0.032808351140215464,0.032808351140215464,0.32410464263085503,-0.2610507595771494,-123600944.19011712,-12276754.383698193,-125983.23798867622,-0.03109409818670275,-0.058690969260000024,-0.014434432000000018,0.264762
3.369999999999972,0.032732307921665926,0.032732307921665926,0.32402859778008486,-0.19378270399776495,-97689852.4019475,-10969600.93241073,-102464.27305494063,-0.031146808794520642,-0.058823644440000024,-0.012100604000000018,0.2020036
3.379999999999972,0.032637642718280346,0.032637642718280346,0.3239339309906206,-0.09626322587172335,-73854551.53636503,-8804943.10393003,-74738.27065657533,-0.031185263148499898,-0.058936903740000025,-0.010551256000000018,0.107866
3.3899999999999717,0.032541568441838586,0.032541568441838586,0.3238378551769033,0.3299467370253503,-62046794.1663084,3136017.8476527208,-45665.00782880924,-0.03120911145519245,-0.05904758896500002,-0.011585789000000018,-0.3147726
3.3999999999999715,0.03246655514291147,0.03246655514291147,0.3237628403962868,0.27881056309359714,-58889434.34447217,3935277.447399932,-21757.34392909683,-0.031220650385852006,-0.05917788619000002,-0.014473656000000019,-0.2628008
3.4099999999999713,0.032425483579107794,0.032425483579107794,0.3237217674126139,0.4701040145327889,-68469405.44963574,9555675.061096713,-12597.376196087207,-0.0312252236942335,-0.059340592245000025,-0.01806755500000002,-0.455979
3.419999999999971,0.032416199771433896,0.032416199771433896,0.323712482231687,0.05249351768200398,-76428538.26474261,415331.99091566727,-19237.975214737147,-0.031229094377463906,-0.059533721415000025,-0.02055827900000002,-0.0421658
3.429999999999971,0.032421710515846025,0.032421710515846025,0.3237179916176634,0.01669166947710778,-83249462.38328958,-2252307.673320409,-32098.066951711324,-0.031236562918769722,-0.059740554470000026,-0.02080833200000002,-0.0078448
3.4399999999999706,0.03243448260330439,0.03243448260330439,0.3237307623436271,0.20457690216111488,-91549829.8109057,4137341.0455719405,-40399.29863662505,-0.031248410596242088,-0.059953712395000025,-0.021823253000000018,-0.1951394
3.4499999999999704,0.03246114391760402,0.03246114391760402,0.32375742228886034,0.12972359984939852,-100954764.78536487,2563804.5567042897,-46764.87007225942,-0.031263526540187964,-0.060179814240000025,-0.023397116000000016,-0.1196332
3.45999999999997,0.032498236149921866,0.032498236149921866,0.32379451313979835,-0.046787572880480896,-107493231.4849801,-1913584.1712082445,-57026.71150190825,-0.031282469818729536,-0.06041537887500002,-0.023715811000000017,0.0558942
3.46999999999997,0.03254058031362189,0.03254058031362189,0.3238368559040582,0.17392841770512266,-116496450.0616405,3507309.126484799,-65748.58880714366,-0.031306029239020566,-0.06065523363500002,-0.024255141000000018,-0.1637602
3.47999999999997,0.0325891650034722,0.0325891650034722,0.3238854391719066,-0.051448669122601175,-121726852.68443036,-1180127.915476666,-72643.91295991799,-0.03133354842081196,-0.06090033460500002,-0.02476505300000002,0.0617778
3.4899999999999696,0.0326285444380533,0.0326285444380533,0.3239248171581178,-0.4392421200172918,-115808073.04836178,-13688580.813308466,-79923.4832446499,-0.031364750944112424,-0.061135188305000025,-0.02220568700000002,0.4500954
3.4999999999999694,0.03263914586272648,0.03263914586272648,0.3239354171053224,-0.22118865110150498,-104627147.49624991,-9280311.296161514,-79303.29531416149,-0.03139786064157504,-0.06134013370500003,-0.01878339300000002,0.2343634
3.509999999999969,0.03262146662891008,0.03262146662891008,0.3239177363653619,-0.24960806438558006,-88232939.80654502,-10260830.173093518,-67032.97314818771,-0.031427878052677105,-0.06151544047000003,-0.01627796000000002,0.2667232
3.519999999999969,0.032582553179196394,0.032582553179196394,0.3238788213841245,-0.12896487120490094,-72559314.14493155,-7973311.829863023,-49814.18279013116,-0.0314506452867441,-0.06166785022500003,-0.014203991000000018,0.1480706
3.5299999999999687,0.03252472035060128,0.03252472035060128,0.32382098700543255,-0.24923809138583486,-53550262.732203245,-11380007.698686898,-29428.03502606526,-0.031464764209039986,-0.061799422230000026,-0.012110410000000018,0.2706456
3.5399999999999685,0.03245154218976326,0.03245154218976326,0.3237478073296371,0.013629169839596082,-38901290.47185993,-5381297.95948844,-368.21376889422845,-0.03146962634439532,-0.061913490525000024,-0.010703249000000017,0.0107866
3.5499999999999683,0.03238591024909021,0.03238591024909021,0.3236821738951669,0.523832010618031,-39259066.52145052,10176209.814049639,28366.413822642953,-0.03146505346483425,-0.06203273148500003,-0.013144943000000017,-0.4991254
3.559999999999968,0.03235968775111714,0.03235968775111714,0.3236559498306783,0.5150868200013053,-53019608.97461033,12753189.792461544,38667.271764745485,-0.03145364960144992,-0.06218906364000003,-0.018121488000000015,-0.4961836
3.569999999999968,0.03238686778524763,0.03238686778524763,0.3236831282270053,0.5820967056981843,-79903454.04333043,16061573.466424469,27331.29720201078,-0.03144245521909239,-0.06239695084000003,-0.023455952000000016,-0.5707092
3.5799999999999677,0.03247337621601848,0.03247337621601848,0.32376963498759004,0.6938569744966315,-118615837.15563035,21911580.88626446,-12823.71232557051,-0.03143930986134941,-0.06266313471000003,-0.029780822000000016,-0.6942648
3.5899999999999674,0.0326327714666832,0.0326327714666832,0.3239290285209813,0.9456637494424242,-173497610.8432052,31505757.834961005,-54273.40218558047,-0.031450384184438074,-0.06300207910000002,-0.03800805600000001,-0.951182
3.5999999999999672,0.0328780554204543,0.0328780554204543,0.3241743106722676,0.8503645905797235,-239326153.56078768,32931507.268849164,-102695.48170848758,-0.03148256011003123,-0.06342756144000003,-0.04708841200000001,-0.8648892
3.609999999999967,0.03319737073600426,0.03319737073600426,0.32449362409496313,0.3148618115835693,-301504907.7631173,19977446.920774806,-158678.42103322584,-0.031545201588760896,-0.06392845192000003,-0.05308968400000001,-0.3353652
3.619999999999967,0.03355761517825162,0.03355761517825162,0.3248538665642219,0.15707707225683148,-355816466.17087865,15554756.159642063,-213113.35099968273,-0.031642258369511206,-0.06447231719500003,-0.05568337100000001,-0.1833722
3.6299999999999666,0.03393183199380789,0.03393183199380789,0.32522808133282866,-0.0701222704374624,-397014795.35651326,9701876.80735697,-257468.31750393528,-0.031772302963665844,-0.06503265655000003,-0.05638450000000001,0.0431464
3.6399999999999664,0.03430587365919474,0.03430587365919474,0.3256021208862768,-0.023841279323656813,-430335065.7517173,10168549.615676457,-291637.88617200626,-0.03192989299857715,-0.06559554546500003,-0.05619328300000001,-0.004903
3.649999999999966,0.03466965340961625,0.03466965340961625,0.3259658984677057,-0.29267433487545047,-450517351.7805228,2965832.1732737143,-317381.9351848264,-0.03210920363832659,-0.06615098182000002,-0.05489398800000001,0.264762
3.659999999999966,0.0350121206905481,0.0350121206905481,0.32630836353176523,-0.24331113744400218,-462578720.7755792,2345818.7582635973,-335350.1654318305,-0.03230471214205666,-0.06668793386500002,-0.052496421000000015,0.2147514
3.6699999999999657,0.035337424975118215,0.035337424975118215,0.32663366556068996,0.09277560182347387,-475179161.0433774,11758586.514116302,-345551.9469163236,-0.03251068310831126,-0.06721052012000002,-0.05202083000000002,-0.1196332
3.6799999999999655,0.03565712488284062,0.03565712488284062,0.3269533631840286,-0.16641514010893557,-483207993.3257048,5259272.016364247,-352286.787817786,-0.032722945194426784,-0.06773026263500002,-0.05192767300000002,0.1382646
3.6899999999999653,0.035961801003909444,0.035961801003909444,0.32725803700202133,-0.36089742932375346,-483445489.90001225,-1795661.206729373,-359508.8982891031,-0.03294048635645064,-0.06823777216500003,-0.04957423300000002,0.3324234
3.699999999999965,0.03623570282630334,0.03623570282630334,0.32753193651374535,-0.3427632313953725,-475823463.0995679,-2597080.696848252,-361716.5456020068,-0.03316147041459261,-0.06871735911000003,-0.046343156000000024,0.313792
3.709999999999965,0.036477340394094226,0.036477340394094226,0.3277735717751798,-0.24414728664793264,-464543238.9798641,-929401.7005730709,-356541.6184031662,-0.03338111332520538,-0.06916752805500002,-0.04369063300000003,0.2167126
3.7199999999999647,0.03669103151224146,0.03669103151224146,0.3279872606041927,-0.2868008871926419,-449792133.53704715,-2664400.746404877,-347332.6060503965,-0.03359515198436708,-0.06959254461000003,-0.041312678000000026,0.2588784
3.7299999999999645,0.03688028933988802,0.03688028933988802,0.32817651617318383,-0.1595829627026292,-435559114.96265316,-309273.9561555921,-335811.02568766597,-0.03380126762952895,-0.06999588990500002,-0.039356381000000024,0.132381
3.7399999999999642,0.037053839479178285,0.037053839479178285,0.3283500640980834,-0.022340822933568285,-424555022.8038912,3617727.454142048,-322733.65341769566,-0.0339981040205653,-0.07038629128000003,-0.03872389400000002,-0.0058836
3.749999999999964,0.037237695053613185,0.037237695053613185,0.32853391751618305,0.6164822156924388,-432343253.3159809,21739254.127336465,-310737.1804265161,-0.03418565279603947,-0.07078980818000002,-0.041979486000000024,-0.6452348
3.759999999999964,0.03746008642682547,0.03746008642682547,0.32875630680467344,0.3308101467385947,-448169780.98973703,17668357.71397466,-306891.16566358693,-0.03436792573425815,-0.07123482897500003,-0.047024673000000024,-0.3638026
3.7699999999999636,0.03772477707395949,0.03772477707395949,0.3290209954516445,0.4138718300557469,-474147648.96546555,19313835.933017194,-315131.6816947081,-0.034551988246775106,-0.07172544767000003,-0.051099066000000026,-0.451076
3.7799999999999634,0.038024378052827934,0.038024378052827934,0.32932059452782053,0.23786336135330505,-500601141.7462528,17131392.52959465,-329650.5835552762,-0.03474450841316204,-0.07225470200500003,-0.054751801000000024,-0.279471
3.789999999999963,0.03835561051188957,0.03835561051188957,0.32965182519472996,0.375665076571696,-532414837.5173614,20451226.711870454,-346639.204355005,-0.03494881255167631,-0.07281969921000003,-0.058247640000000024,-0.4196968
3.799999999999963,0.03871975613243156,0.03871975613243156,0.3300159691468793,0.32733789510109546,-566127812.0540423,21754695.487581108,-365845.31073376304,-0.03516682162249127,-0.07342203276000003,-0.06221907000000002,-0.3745892
3.8099999999999627,0.03911321817586455,0.03911321817586455,0.3304094296586737,0.14232151902744222,-598284560.0093958,16568385.252271136,-387339.9188706858,-0.035400468274243785,-0.07405836861500004,-0.06504810100000002,-0.191217
3.8199999999999625,0.03952708250747694,0.03952708250747694,0.33082329260816074,0.20411657454668644,-629854696.96241,19056290.09866134,-409458.3134598695,-0.03565115650122799,-0.07472000395000003,-0.06727896600000002,-0.254956
3.8299999999999623,0.03994967448734554,0.03994967448734554,0.3312458833677533,-0.2014436124050318,-650824207.2638338,8066102.884164566,-429695.7895996342,-0.035918755587788787,-0.07539539220000004,-0.06779868400000003,0.1510124
3.839999999999962,0.040357391259526754,0.040357391259526754,0.3316535990934121,-0.39623563948345525,-659219481.6627947,903364.6950914059,-446655.24331858725,-0.03620123317759999,-0.07606094993500004,-0.06531286300000003,0.3461518
3.849999999999962,0.040727092214004335,0.040727092214004335,0.3320232991864244,-0.526717816773837,-652673152.8597333,-4412405.527747927,-455267.1799056007,-0.0364940485471979,-0.07669341242000004,-0.061179634000000024,0.480494
3.8599999999999617,0.04105042219391414,0.04105042219391414,0.33234662850048957,-0.40516770967911897,-637954338.0350338,-3029647.9876364917,-453527.66561311105,-0.03678969868286683,-0.07728412586000004,-0.05696305400000003,0.362822
3.8699999999999615,0.04132574489250926,0.04132574489250926,0.3326219507382963,-0.5832380164564166,-612289129.20102,-9133108.34619386,-444227.6060277946,-0.037080871061648785,-0.07783103099500004,-0.05241797300000003,0.5461942
3.8799999999999613,0.04156466024551114,0.04156466024551114,0.33286086584367586,0.1153524772878477,-595825852.1016924,7902472.140116503,-428969.1178534308,-0.03736212982511336,-0.07834525763500004,-0.05042735500000003,-0.1480706
3.889999999999961,0.04179240733422715,0.04179240733422715,0.3330886129044092,-0.09419239270352532,-580395078.8295386,4611184.5968732685,-412480.25386571867,-0.03763066795764275,-0.07885159044500004,-0.050839207000000025,0.0657002
3.899999999999961,0.04201287112920962,0.04201287112920962,0.3333090768958483,-0.21829688279803608,-565707328.7335694,-1220498.1174853458,-401316.877360391,-0.03788821261552791,-0.07935355958500004,-0.04955462100000003,0.191217
3.9099999999999606,0.042212882972223614,0.042212882972223614,0.3335090891630101,-0.2872919204397497,-546205019.9992104,-3306931.055723613,-391702.25464544864,-0.03813756228341253,-0.07983773083500004,-0.04727962900000003,0.2637814
3.9199999999999604,0.042386711054974435,0.042386711054974435,0.333682917899418,-0.25446968684949206,-524251042.90234303,-4244276.51036762,-378486.1155795395,-0.038377976452523915,-0.08029807350500004,-0.04478890500000003,0.2343634
3.92999999999996,0.04252771519277232,0.04252771519277232,0.3338239229206309,-0.5167265039775013,-493485926.7473171,-12012472.987639952,-363034.5451394351,-0.038607262189617825,-0.08072757630500003,-0.04111165500000003,0.5010866
3.93999999999996,0.04262432415690143,0.04262432415690143,0.3339205329966472,-0.48788425194715146,-456757435.2490792,-14282256.352901489,-343577.1310712361,-0.03882314624165292,-0.08111425140000003,-0.03622336400000003,0.4765716
3.9499999999999598,0.04267459190560266,0.04267459190560266,0.333970802082814,-0.36115360924346745,-417050970.7605419,-11600562.456073271,-317828.2319798225,-0.03902192963820056,-0.08145567180500003,-0.03206071700000003,0.3559578
3.9599999999999596,0.04268677503999885,0.04268677503999885,0.33398298677566474,-0.31319310176677173,-377197229.2739687,-11783433.91233456,-287687.8604243859,-0.039199969509305904,-0.08175955974500003,-0.02871687100000003,0.3128114
3.9699999999999593,0.042664630781327845,0.042664630781327845,0.3339608442901146,-0.3855559099107183,-335412617.4021914,-14584903.669638792,-256589.8839086099,-0.039355812946992114,-0.08202915120000003,-0.02520142000000003,0.3902788
3.979999999999959,0.04261555435259329,0.04261555435259329,0.33391176984119214,0.007020402440807825,-301424154.22256565,-5392733.353479449,-223978.09470906697,-0.039489225390480526,-0.08227135940000002,-0.02324022000000003,0.0019612
3.989999999999959,0.04256293732783581,0.04256293732783581,0.3338591549932208,0.22989738492985057,-278585095.2809508,2385107.62087324,-191834.85791218845,-0.03960058226154267,-0.08250913038500002,-0.02431397700000003,-0.2167126
3.9999999999999587,0.0425328813523809,0.0425328813523809,0.33382910138024297,0.4356342274435993,-271322464.1114018,8672650.709757648,-167760.86492232242,-0.039693427493842165,-0.08276822942000002,-0.027505830000000033,-0.421658
4.009999999999959,0.04253611937238155,0.04253611937238155,0.3338323419361242,0.2306009145428947,-270706572.4275372,5177093.4196031075,-156578.1677881407,-0.039774894989823145,-0.08305924698500002,-0.030697683000000035,-0.2167126
4.019999999999959,0.042567733841648775,0.042567733841648775,0.33386395910187805,0.23822833837433946,-275699339.8363185,4938519.09453355,-155522.34586172298,-0.03985232274780384,-0.08337728008000002,-0.032908936000000034,-0.225538
4.0299999999999585,0.04263007828386389,0.04263007828386389,0.3339263063876982,0.522147211360705,-290611546.9922979,14526274.368886359,-158991.3664885078,-0.0399303593687054,-0.08372473117500003,-0.036581283000000034,-0.5089314
4.039999999999958,0.04273189492365578,0.04273189492365578,0.3340281260038147,0.29637045075770496,-308974370.402689,10125124.228726862,-168429.57619656035,-0.04001229811802967,-0.08411037664000003,-0.04054781000000003,-0.284374
4.049999999999958,0.04286615640261934,0.04286615640261934,0.33416239057670016,0.18291015788104234,-328138489.14332724,7240159.0536304135,-185353.89287248766,-0.040102481272320495,-0.08452725421500003,-0.04282770500000003,-0.171605
4.059999999999958,0.0430218636836808,0.0430218636836808,0.3343181010534788,0.19564538921002617,-346707205.59407353,8079601.647355823,-203227.4702428486,-0.04020395449155953,-0.08496443021000002,-0.044607494000000025,-0.1843528
4.069999999999958,0.04318358946314346,0.04318358946314346,0.33447983011378335,-0.33345799666706455,-352423912.15638876,-6185680.347544026,-219731.18333504762,-0.04031690156364062,-0.08540646017500003,-0.043798499000000025,0.3461518
4.079999999999957,0.043332356228766244,0.043332356228766244,0.33462860022802987,-0.04708881617153877,-355197982.23544574,-923021.6449405882,-231590.96077561067,-0.0404395782241429,-0.08583424692500004,-0.04175885100000003,0.0617778
4.089999999999957,0.04347332551641053,0.04347332551641053,0.33476957291419385,0.11573655396826128,-357916695.2539704,5201063.196950355,-235346.6038265532,-0.04056780470478208,-0.08625271797500003,-0.041935359000000026,-0.0970794
4.099999999999957,0.04361822340626026,0.04361822340626026,0.3349144742342688,-0.027240115349310166,-360142576.73801804,887178.0517205657,-238605.87456935766,-0.04069849715388166,-0.08667332183000004,-0.042185412000000026,0.0470688
4.109999999999957,0.04377261349325212,0.04377261349325212,0.3350688677651276,0.31843160651383684,-369706634.06745815,10568084.643605398,-244049.54717628454,-0.040832179600628266,-0.08710142727500005,-0.04343567700000003,-0.2971218
4.119999999999957,0.043949959405880035,0.043949959405880035,0.3352462171174655,0.30860997290629477,-384267586.8000512,12082400.744552542,-251019.55621156897,-0.04097016561705433,-0.08755039498500004,-0.046357865000000026,-0.2873158
4.129999999999956,0.044149222423909895,0.044149222423909895,0.33544548355355996,-0.05896789392290631,-395381845.5669255,2273456.4079764243,-263857.5690158727,-0.04111501078155269,-0.08801917081500005,-0.047397301000000024,0.0794286
4.139999999999956,0.04434597604637494,0.04434597604637494,0.33564224055547737,-0.291051552142455,-396675767.052299,-5525913.17199309,-277895.0581975768,-0.04126940632721002,-0.08848338685500005,-0.04544590700000002,0.3108502
4.149999999999956,0.044516976470201086,0.044516976470201086,0.33581324430366427,-0.3890591510110309,-386608491.25346875,-9544385.779532354,-284705.3245203212,-0.041431480815168314,-0.08891980288500005,-0.04183729900000002,0.4108714
4.159999999999956,0.04466681465664146,0.04466681465664146,0.3359630857433488,0.2226781284799505,-382886600.8958626,6123714.014289846,-282624.1061592871,-0.04159546319856189,-0.08933288063500006,-0.04077825100000002,-0.1990618
4.1699999999999555,0.044821710427360384,0.044821710427360384,0.3361179846807884,0.14600529692422026,-382895193.0607884,6638700.316377174,-278236.76540455787,-0.04175717774763604,-0.08974867955000006,-0.04238153200000002,-0.1215944
4.179999999999955,0.044982004858382774,0.044982004858382774,0.33627828217757694,-0.29874320625773004,-377487136.86828923,-6829410.804843251,-280187.52941834787,-0.041917928479494326,-0.09016751832500006,-0.04138622300000002,0.3206562
4.189999999999955,0.045126009634157,0.045126009634157,0.33642228990491724,-0.20010839848668402,-367538339.61284685,-5535348.741596103,-282078.18078493,-0.04208006933249642,-0.09056782376000005,-0.03867486400000002,0.2216156
4.199999999999955,0.04526238971649277,0.04526238971649277,0.33655867281243995,0.39396834559386307,-367623136.5446019,10936390.30216257,-277115.0564776127,-0.04224118960030385,-0.09095834771000005,-0.03942992600000002,-0.372628
4.209999999999955,0.04541154752497886,0.04541154752497886,0.3367078333085726,-0.07672247816801403,-365973966.17218256,599806.0211625563,-273645.63275189215,-0.04239924929745664,-0.09135956020000005,-0.04081257200000002,0.0960988
4.2199999999999545,0.04556784106799186,0.04556784106799186,0.3368641293918204,0.04490255289212437,-367529346.82423544,1513944.1441824834,-276442.2842018226,-0.042557010273513746,-0.09176601890000005,-0.04047916800000002,-0.029418
4.229999999999954,0.045723992879557945,0.045723992879557945,0.3370202835877334,-0.01875547605160684,-366458163.753531,1603173.2977138048,-278070.0209052313,-0.04271638294577809,-0.09217073703500005,-0.040464459000000015,0.0323598
4.239999999999954,0.0458718405274903,0.0458718405274903,0.3371681334570159,-0.33956334352833156,-357833920.518723,-8800755.397041121,-278310.85931846214,-0.042876471449025455,-0.09256582077500004,-0.03855228900000002,0.3500742
4.249999999999954,0.04599658312120128,0.04599658312120128,0.33729287810341524,-0.22632675221975188,-344810106.35040426,-6651941.316912785,-275704.3183924582,-0.04303571498688452,-0.09293670821000004,-0.03562519800000002,0.235344
4.259999999999954,0.046094480310430314,0.046094480310430314,0.33739077717252847,-0.2816062434748581,-326479465.2888286,-8796163.441264082,-266161.17048510554,-0.04319062499157797,-0.09327984466500004,-0.03300209300000002,0.289277
4.269999999999953,0.04616593621663165,0.04616593621663165,0.3374622347831997,-0.26811909851339416,-305597240.07712984,-9275776.5790278,-252620.43302033172,-0.0433373388633517,-0.09359576947000005,-0.030182868000000015,0.274568
4.279999999999953,0.04622407024964245,0.04622407024964245,0.337520370344224,0.28496399071750766,-295679942.49248815,5559539.28975882,-235913.11599417025,-0.04347344940308187,-0.09389774524000005,-0.030212286000000015,-0.2804516
4.289999999999953,0.04628451593606758,0.04628451593606758,0.33758081738271256,-0.20934671216802758,-282873736.10923386,-5566951.663100231,-220857.29959177136,-0.04359858783890577,-0.09420160866500005,-0.030560399000000016,0.210829
4.299999999999953,0.04632957770445409,0.04632957770445409,0.3376258803293047,-0.4816327061485631,-262803781.5904715,-16260870.445402145,-211143.65315197525,-0.04371529160204063,-0.09448997861000005,-0.027113590000000017,0.4785328
4.3099999999999525,0.04633661913425183,0.04633661913425183,0.3376329227671608,-0.34820822497435616,-236424588.40311337,-13255833.117087247,-195719.6581121346,-0.04382358524807531,-0.09474054642500006,-0.022999973000000017,0.3441906
4.319999999999952,0.04629938027216782,0.04629938027216782,0.33759568474825974,-0.5931691141904862,-200145197.3241315,-21385136.12067278,-170333.03290321393,-0.043918525589132146,-0.09494723239000005,-0.018337220000000015,0.58836
4.329999999999952,0.04621554732707184,0.04621554732707184,0.33751185248822024,-0.3292231921805601,-163355865.65049553,-16061220.11264514,-138011.5108734297,-0.043995215112943215,-0.09510778112500005,-0.013772527000000015,0.3245786
4.339999999999952,0.04609837640340203,0.04609837640340203,0.337394682099605,-0.08190964448119134,-131099281.24523568,-9132087.247888993,-97315.99719383486,-0.044050082817908565,-0.09523545524500006,-0.011762297000000015,0.0774674
4.349999999999952,0.04598306760005652,0.04598306760005652,0.3372793736905216,0.56752318689431,-120222816.78304434,9627248.637672564,-53822.4984242684,-0.0440818916765113,-0.09536545829000005,-0.014238312000000015,-0.5726704
4.3599999999999515,0.04590422762915847,0.04590422762915847,0.3372005339828246,0.40561537549534105,-122334870.82144046,8869010.785422118,-20244.070111333433,-0.04409515025932742,-0.09553255253000005,-0.019180536000000015,-0.4157744
4.369999999999951,0.045860002523396476,0.045860002523396476,0.33715630901918875,0.005840667558512491,-126582167.18982816,-2006921.5242461273,-9677.102499599852,-0.04409910919920523,-0.09573536512500005,-0.021381983000000014,-0.024515
4.379999999999951,0.04582562203736634,0.04582562203736634,0.33712192856584056,-0.02351266322185531,-128833141.93179822,-2954806.4903025767,-9738.744426846008,-0.04410107490822393,-0.09594984686000005,-0.021514364000000015,-0.0019612
4.389999999999951,0.0457802306897693,0.0457802306897693,0.3370765371516048,-0.39925245886850746,-119771332.32804465,-13305488.95286433,1283.205109649118,-0.04410193445492036,-0.09615572383000005,-0.019661030000000013,0.372628
4.399999999999951,0.045704920240985436,0.045704920240985436,0.33700122655320924,-0.37474978543552245,-103295096.03658414,-14807904.354272021,19748.848182964324,-0.04409886719564837,-0.09633434012000006,-0.01606222800000001,0.3471324
4.40999999999995,0.045589341002710476,0.045589341002710476,0.33688564710639674,-0.46200190693457105,-77584758.34557605,-17541967.042383607,46456.41424731209,-0.04408738778971902,-0.09647539943000005,-0.012149634000000012,0.4353864
4.41999999999995,0.045429647845073945,0.045429647845073945,0.33672595369906355,-0.4658048433460493,-45944267.96223712,-19588113.340680182,79149.25036656886,-0.04406224311505297,-0.09657502839000005,-0.007776158000000011,0.4393088
4.42999999999995,0.045228521688023604,0.045228521688023604,0.3365248272664116,-0.26370946276891033,-13915562.346699,-14663558.852290977,115273.3396557363,-0.04401911537023784,-0.09663585010500006,-0.0043881850000000115,0.2382858
4.43999999999995,0.044997483739176974,0.044997483739176974,0.3362937890325735,-0.20324862888340536,16455481.130521059,-13271427.842341332,152119.7359331485,-0.043955001659885334,-0.09666933759500006,-0.0023093130000000116,0.1774886
4.4499999999999496,0.04475748782362038,0.04475748782362038,0.33605379283873643,0.3118876891810903,32333696.820727587,1102027.8089859765,185266.7452310814,-0.04386925548194745,-0.09669645118500006,-0.003113405000000012,-0.338307
4.459999999999949,0.04453349850788471,0.04453349850788471,0.33582980326734957,0.21973787124655444,39286297.581240654,1235430.3673326233,210739.17641311203,-0.043764517689529325,-0.09674226972000007,-0.006050302000000012,-0.2490724
4.469999999999949,0.044340047065244276,0.044340047065244276,0.3356363516068269,0.47015302850371976,31414331.601008177,8447121.250524933,224500.9961232715,-0.043646709745622986,-0.09682157574500007,-0.009810903000000011,-0.5030478
4.479999999999949,0.04418123972454022,0.04418123972454022,0.3354775441003966,0.22572223544100306,19890508.35975051,4662403.060703918,228327.39001984234,-0.043522939168918584,-0.09693883099000007,-0.013640146000000011,-0.2628008
4.489999999999949,0.044043487826260386,0.044043487826260386,0.3353397921019469,-0.07937772748712119,11535842.787732363,-4363770.418914202,224831.84565948666,-0.0433990557742934,-0.09708082187000007,-0.01475803000000001,0.039224
4.4999999999999485,0.0439119806791432,0.0439119806791432,0.3352082849327377,0.18282529449849821,1324849.5613658428,3024027.818949321,220573.14930386838,-0.043277815873422804,-0.09723303550500006,-0.01568469700000001,-0.2245574
4.509999999999948,0.043786028069167204,0.043786028069167204,0.335082332390351,-0.06408911328323773,-4497566.84286952,-2440516.2424085354,219038.46171085382,-0.04315854544337486,-0.09739493256500006,-0.016694715000000013,0.0225538
4.519999999999948,0.04365732317603596,0.04365732317603596,0.33495362766503434,-0.16473726285196733,-6091065.086061239,-6258471.59702714,216636.90211982175,-0.0430406081028811,-0.09755825149500007,-0.015969071000000012,0.122575
4.529999999999948,0.04352238060226529,0.04352238060226529,0.33481868536854786,0.14405736879320796,-10100056.407355785,2351129.5104429326,217172.35814565604,-0.04292330239585104,-0.09771948665000006,-0.01627796000000001,-0.1843528
4.539999999999948,0.04339233071036852,0.04339233071036852,0.33468863587134245,0.07233317347845472,-15060398.466646433,1726357.562707699,219689.3868282401,-0.042804963425041004,-0.09788966978000006,-0.017758666000000013,-0.1117884
4.549999999999947,0.04327081014942774,0.04327081014942774,0.3345671158287479,0.052454468684952966,-21465012.01518631,997601.4599552094,218548.35235911774,-0.042686419588577496,-0.09807233104500006,-0.01877358700000001,-0.0911958
4.559999999999947,0.04316174064962108,0.04316174064962108,0.33445804697528486,0.3208054544167653,-34287489.41997361,9147466.565372229,215700.01761937153,-0.04256964094907867,-0.09827131930000006,-0.021024064000000012,-0.3588996
4.569999999999947,0.0430815181639457,0.0430815181639457,0.33437782526638665,0.459820405072224,-55971757.57718754,14866650.320401363,210188.05443251264,-0.042455709827048216,-0.09850296153500006,-0.025304383000000014,-0.4971642
4.579999999999947,0.043042052319172935,0.043042052319172935,0.33433836032908093,0.38982459913779005,-83897745.23902059,14628547.03737986,196652.40824319696,-0.04234826826843846,-0.09877914752500006,-0.029932815000000015,-0.4285222
4.589999999999947,0.0430483221297048,0.0430483221297048,0.3343446311754734,0.5899617445808972,-121261689.66968274,21396597.866479363,174898.79871766773,-0.0422525209619968,-0.09910492736000005,-0.035223152000000015,-0.6295452
4.599999999999946,0.04310358571664358,0.04310358571664358,0.33439989592170405,0.3900079052270569,-160681544.11893725,18458605.003685467,145793.60383901306,-0.04217304346160464,-0.09948368411000005,-0.040528198000000015,-0.431464
4.609999999999946,0.043193078034034715,0.043193078034034715,0.33448938951366475,-0.000824562343000879,-193086624.5017352,7729860.949320857,108419.38072241249,-0.04211377338769523,-0.09990080683500005,-0.042896347000000015,-0.0421658
4.619999999999946,0.04327990146741775,0.04327990146741775,0.33457621432478,-0.4951127696100948,-206261410.03572845,-6882949.580862695,69525.07906925063,-0.04207591202099689,-0.10031952303500005,-0.040846893000000016,0.4520566
4.629999999999946,0.04334106511639871,0.04334106511639871,0.3346373794396894,-0.03534127451981475,-214773340.71920466,3158407.3510743584,42797.02937255658,-0.0420546191236347,-0.10071676409500005,-0.038601319000000016,-0.0029418
4.6399999999999455,0.0433930228633253,0.0433930228633253,0.3346893387272906,0.19756009033494398,-224892517.97149777,11513402.669814039,30885.036870317046,-0.0420420069737974,-0.10110861185500004,-0.039768233000000014,-0.230441
4.649999999999945,0.043453914420209294,0.043453914420209294,0.33475023188366426,-0.0024248001357825353,-234790823.87947464,5949781.26863841,16491.780169602884,-0.04203470019220357,-0.10151276614500004,-0.04106262500000001,-0.0284374
4.659999999999945,0.04350759312979438,0.04350759312979438,0.33480391223488176,-0.48122352815959957,-231724806.82001162,-7877578.998563622,-12173.06380198661,-0.0420340625804998,-0.10191287546000004,-0.038959238000000014,0.4491148
4.669999999999945,0.04353494448745315,0.04353494448745315,0.33483126527791346,-0.08822222059835906,-226496126.7902677,-103775.27448456734,-21906.766775209606,-0.0420388929825124,-0.10228962198000004,-0.03639006600000001,0.0647196
4.679999999999945,0.04355125618055908,0.04355125618055908,0.3348475786997516,0.21608164590480006,-225892697.43433762,9959207.243036307,-16831.69882244318,-0.04204434085363695,-0.10265776373500003,-0.03723828500000001,-0.2343634
4.689999999999944,0.04358236716717909,0.04358236716717909,0.3348786914390237,0.2480311866760866,-232747609.75600123,11076414.590998184,-15544.242512484318,-0.042048629851895614,-0.10304257569000003,-0.03972410600000001,-0.2628008
4.699999999999944,0.04362908201480156,0.04362908201480156,0.3349254080536311,-0.08798932049580663,-236742373.18698025,2675251.0144095193,-27773.2343347267,-0.04205513963932961,-0.10344459717500003,-0.04068019100000001,0.0715838
4.709999999999944,0.043666138929805115,0.043666138929805115,0.3349624667455165,-0.4583700852709437,-228551470.1220212,-9743698.81269654,-41101.760246070306,-0.04206680177882255,-0.10383847968000003,-0.03809631000000001,0.4451924
4.719999999999944,0.04366782312877049,0.04366782312877049,0.3349641527130155,-0.41017980000632315,-210275917.93739867,-10415516.264500286,-42772.131157003874,-0.04208147172803206,-0.10419828633500003,-0.03386502100000001,0.4010654
4.729999999999944,0.04362531385287263,0.04362531385287263,0.33492164516984113,-0.48901074164903335,-181828828.87525105,-14246921.362942645,-27381.301441609176,-0.042092946657205726,-0.10451470144000002,-0.02941800000000001,0.4883388
4.739999999999943,0.04353046815532144,0.04353046815532144,0.33482680113881097,-0.7052582309274543,-141087058.69381928,-22552908.58945381,13322.242285562796,-0.04209518126213224,-0.10477882605000002,-0.02340692200000001,0.7138768
4.749999999999943,0.043371038056265604,0.043371038056265604,0.3346673726278347,-0.6838519943429447,-90414766.99137926,-25175597.634227447,54559.870225050225,-0.042082939595496804,-0.10497759367000002,-0.01634660200000001,0.6981872
4.759999999999943,0.04314157050874223,0.04314157050874223,0.3344379065877117,-0.7285389462561375,-30191447.649054527,-28538639.424599532,101410.95691950715,-0.04204981570146932,-0.10510487555000002,-0.009109774000000008,0.7491784
4.769999999999943,0.04283708938599379,0.04283708938599379,0.3341334261570639,-0.8596457341368112,40221026.58186531,-35334212.34957363,152415.1095792207,-0.041989405632802124,-0.10515510678500002,-0.0009364730000000088,0.8854818
4.7799999999999425,0.04246201650373882,0.04246201650373882,0.3337583532748089,-0.37586764975501563,107360053.72727108,-24752581.864724908,207994.91769772265,-0.04189631131357177,-0.10513216074500002,0.0055256809999999915,0.406949
4.789999999999942,0.042035982008568507,0.042035982008568507,0.3333323187796386,-0.42708348296698634,173359656.43013144,-26219325.584657438,264386.8132224152,-0.04176697793267087,-0.10505518364500002,0.009869738999999992,0.4618626
4.799999999999942,0.0415880698275467,0.0415880698275467,0.3328844065986168,0.35492904387363977,217247112.7255242,-6384999.484735696,315426.22835476295,-0.04159943954114684,-0.10495290706500002,0.010585576999999992,-0.318695
4.809999999999942,0.04115000831951432,0.04115000831951432,0.3324463450905844,0.1112582804115597,251295487.78847194,-9386875.029892331,356738.2454278033,-0.041397436410214344,-0.10485690632500001,0.008614570999999991,-0.0755062
4.819999999999942,0.04073922076957692,0.04073922076957692,0.332035557540647,0.5135213309170721,264471489.6216941,165072.8488920685,384854.3607192334,-0.041168547405450256,-0.10478466062000001,0.005834569999999991,-0.480494
4.8299999999999415,0.040381623816801715,0.040381623816801715,0.3316779605878718,0.9893323695076318,253082161.17393732,17903817.261322126,402385.8116021254,-0.040921567705335726,-0.10476230294000001,-0.0013630340000000086,-0.9590268
4.839999999999941,0.04011446103659372,0.04011446103659372,0.3314107978076638,1.1251910468220274,215658510.30482507,24971997.799740676,405961.10474796995,-0.04066618491371857,-0.10482741478000002,-0.01165933400000001,-1.1002332
4.849999999999941,0.03996026285745269,0.03996026285745269,0.3312565996285228,1.278880547395443,153698978.28405476,33939107.95875117,389259.0777261332,-0.040415959365094484,-0.10500304024000001,-0.02346575800000001,-1.2610516
4.859999999999941,0.03991885751248164,0.03991885751248164,0.33121519428355173,0.8287729051533005,83581943.47632241,25424336.942457043,354602.0888829127,-0.0401857071562583,-0.10528969413500001,-0.03386502100000001,-0.818801
4.869999999999941,0.03996638379786871,0.03996638379786871,0.3312627205689388,0.62085118866745,11805006.696014881,21318750.58125652,306504.0383264213,-0.039987208897765886,-0.10566425882000001,-0.04104791600000001,-0.617778
4.87999999999994,0.0400736692095246,0.0400736692095246,0.3313700059805947,0.31990268148658507,-52241508.74118447,14783534.645714767,253903.1294678685,-0.03982720172652923,-0.10609822335,-0.04574499000000001,-0.3216368
4.88999999999994,0.040218978917875126,0.040218978917875126,0.3315153156889452,0.260328727286961,-109969751.08236265,13478929.552548362,202408.74107292085,-0.03970359557872055,-0.10657033322000001,-0.04867698400000001,-0.264762
4.89999999999994,0.040384070118283544,0.040384070118283544,0.33168040667915427,-0.0492984747599965,-154967681.63903427,5811251.88960745,153652.96555944489,-0.039613058538174095,-0.10706264345000001,-0.04978506200000001,0.0431464
4.90999999999994,0.04054067590925281,0.04054067590925281,0.3318370102978168,-0.5012230732924531,-179969855.41233444,-8137792.479893915,109978.82457302988,-0.03955093326277176,-0.10754703533500001,-0.04709331500000001,0.495203
4.9199999999999395,0.04067389671357746,0.04067389671357746,0.33197022857388325,0.11633439366804689,-203313239.70164132,6833753.672210115,78578.16303002661,-0.039510046084375416,-0.10800857924000001,-0.04521546600000001,-0.1196332
4.929999999999939,0.040809159287334584,0.040809159287334584,0.33210548826060143,0.35022139484428283,-230998547.7749734,15966957.840105584,59618.42989004481,-0.03948226315611275,-0.10847247658500002,-0.04756400300000001,-0.3500742
4.939999999999939,0.0409747713662692,0.0409747713662692,0.33227109709773217,0.39720302374616256,-267109312.4706738,17966786.9716634,33640.446545351864,-0.03946526698702141,-0.10896684607500001,-0.05130989500000001,-0.3991042
4.949999999999939,0.041166317637738314,0.041166317637738314,0.3324626397853957,-0.10726318362029873,-296227527.2985773,5633514.5135125695,-19927.82159429098,-0.039462761076770714,-0.10948747113000001,-0.05281511600000001,0.09806
4.959999999999939,0.041378346372012015,0.041378346372012015,0.33267466456583206,0.6366149703542328,-337552210.641289,24274001.465883046,-58216.05729873895,-0.039477058498956,-0.11002922811500002,-0.05553628100000001,-0.642293
4.9699999999999385,0.041632452481705995,0.041632452481705995,0.33292876629973817,0.5171248170608035,-383783615.6355257,26231034.336235188,-91130.65322380528,-0.03950822882495292,-0.11061376377500001,-0.061370851000000004,-0.524621
4.979999999999938,0.041941068570892526,0.041941068570892526,0.33323737757940275,0.5095345752259385,-438182704.4660628,25391984.864896305,-131999.3680437248,-0.03955959438156195,-0.11125355624500001,-0.066587643,-0.5187374
4.989999999999938,0.0422890407180766,0.0422890407180766,0.3335853444866048,0.03804835238973333,-484142219.46222234,15141032.682513926,-177604.40728175087,-0.03963680494383648,-0.11193367589000001,-0.069436286,-0.0509912
4.999999999999938,0.042643789536437854,0.042643789536437854,0.3339400876379891,-0.3145686949814518,-515585272.1281738,2656421.647125002,-218731.25901448692,-0.03974176048969627,-0.11262176291000002,-0.068181118,0.3020248
5.009999999999938,0.04296632987857396,0.04296632987857396,0.3342626218960193,-0.6972625207701889,-523868618.7115526,-8767826.144674912,-248706.45866262013,-0.03987055950682536,-0.11327888748500002,-0.063243797,0.6854394
5.019999999999937,0.04324601653278859,0.04324601653278859,0.3345423020622971,-0.005069933574477191,-531254519.7671025,6588654.466498459,-262190.39640785835,-0.0400141253687904,-0.11389423850000002,-0.059826406000000006,-0.0019612
5.029999999999937,0.043519332352502854,0.043519332352502854,0.3348156110066114,0.4525571811889102,-548858556.1305711,22690941.606041845,-265214.0157518019,-0.04016323270891736,-0.11450400009500002,-0.062125913000000005,-0.4579402
5.039999999999937,0.04382445107299748,0.04382445107299748,0.33512072248013325,0.37206768165915216,-576602116.0185454,21179495.428416498,-273938.741986655,-0.04031663799192736,-0.11514617052000002,-0.066308172,-0.3785116
5.049999999999937,0.04415826189591668,0.04415826189591668,0.33545452569900974,-0.04901186143493106,-600869494.2777219,10935747.584893584,-293839.5579397935,-0.040480584198133385,-0.11581775894500002,-0.068009513,0.0382434
5.0599999999999365,0.04450825649454204,0.04450825649454204,0.33580451235115166,0.3733002416364321,-631063863.3109157,20787694.090276185,-315157.20597405994,-0.040659586851587604,-0.11650653238500001,-0.06974517499999999,-0.3853758
5.069999999999936,0.04487829283074135,0.04487829283074135,0.3361745404153635,0.10407746720994386,-658053450.5567535,16792581.884166524,-334602.02622530394,-0.040853652206339935,-0.11721658484500001,-0.072265317,-0.1186526
5.079999999999936,0.045262745392391945,0.045262745392391945,0.3365589843981508,-0.004809034352088124,-682677035.0479689,11590855.290828884,-356002.8603331132,-0.041063139243101954,-0.11794249851000001,-0.072917416,-0.0117672
5.089999999999936,0.045656156139406295,0.045656156139406295,0.33695238627946483,0.2638622633438189,-709270384.7642121,20410666.981116734,-375760.2190316166,-0.04128830531363342,-0.11867902717,-0.074388316,-0.2824128
5.099999999999936,0.046068424436256916,0.046068424436256916,0.3373646454451784,0.23138362476631652,-737678481.819397,20003288.11886077,-393329.32310291287,-0.04152787752374071,-0.11943624649000001,-0.077055548,-0.2510336
5.1099999999999355,0.04649686851997292,0.04649686851997292,0.3377930801545685,-0.07960025478202004,-760815122.74608,12321298.82051527,-413576.7364228049,-0.04178234642424822,-0.12021165594000001,-0.078026342,0.0568748
5.119999999999935,0.046927238567676915,0.046927238567676915,0.33822344060760823,0.004851011275181987,-780813319.7743249,12943783.200205812,-433005.78923302534,-0.04205253223961081,-0.12099120842500001,-0.077884155,-0.0284374
5.129999999999935,0.04736279787506387,0.04736279787506387,0.33865899012397094,0.2774664030284512,-804047643.608539,21823478.91643177,-447905.4729679331,-0.042336374571577545,-0.12177831153000002,-0.079536466,-0.3020248
5.139999999999935,0.04781421444391212,0.04781421444391212,0.3391103967299986,0.07450664112037289,-826279870.3578767,16798449.4048722,-462646.8579226908,-0.04263222459878982,-0.12258372734000002,-0.081546696,-0.1000212
5.149999999999935,0.048274378275112245,0.048274378275112245,0.33957055045104984,-0.07659044020636743,-844420853.274885,12420863.380160823,-479686.1322184253,-0.04294111850598942,-0.12340046908000002,-0.081801652,0.04903
5.159999999999934,0.04873823658097429,0.04873823658097429,0.34003439852396167,0.22645072774363376,-865099144.370177,20100844.36866212,-494689.7015141989,-0.04326316150573109,-0.12422360923500002,-0.082826379,-0.2539754
5.169999999999934,0.04921152829965106,0.04921152829965106,0.3405076799116762,0.0010242482950266244,-882523503.4172839,15693226.884762995,-507785.12665929,-0.04359683162121747,-0.12505895786000001,-0.08424334600000001,-0.029418
5.179999999999934,0.049690303048112144,0.049690303048112144,0.34098644425571645,-0.009178500553096238,-898434559.5877676,13758080.521052606,-522068.6625735669,-0.04394198542056407,-0.12590261707,-0.08448849600000001,-0.019612
5.189999999999934,0.050162112579400314,0.050162112579400314,0.3414582433334092,-0.2612771444135784,-904999014.9880195,7445873.650595928,-534705.9720210172,-0.04429842763578354,-0.126742182275,-0.08342454500000002,0.2324022
5.199999999999934,0.05062202641772093,0.05062202641772093,0.3419181466932078,0.05590407361431155,-912693983.409289,13897765.941764608,-543251.4651789085,-0.04466373138711249,-0.127572701445,-0.08267928900000002,-0.083351
5.209999999999933,0.0510593756405425,0.0510593756405425,0.34235548543666683,-0.7531158563560121,-900319607.4753325,-6991673.784389304,-548751.2764508456,-0.04503492809993265,-0.128383412495,-0.07946292100000002,0.7266246
5.219999999999933,0.05145499557524036,0.05145499557524036,0.34275109491495215,-0.21884386508168818,-886908812.8166969,1782906.0526521197,-549297.6749438766,-0.0454085697047672,-0.129154997605,-0.07485410100000002,0.1951394
5.229999999999933,0.0518095037237975,0.0518095037237975,0.34310559265364965,-0.4536678591091517,-862696915.3459117,-1928215.8427074123,-541246.7567701478,-0.045779842378801616,-0.1298878245,-0.07171127800000002,0.4334252
5.239999999999933,0.05212253537488426,0.05212253537488426,0.34341861396438267,-0.5328803155157767,-832830592.6138877,-8967062.664176425,-529282.0820665195,-0.04614267134840838,-0.13058120676,-0.06696517400000002,0.5157956
5.2499999999999325,0.0523881180343555,0.0523881180343555,0.34368418637486925,-0.37853117447882706,-798641897.8343121,-4583087.041909624,-513621.4811559924,-0.046493840214871324,-0.13122884403,-0.06256228000000001,0.3647832
5.259999999999932,0.052607681268054846,0.052607681268054846,0.34390373947179165,-0.5508343664031513,-757884017.6135384,-11979122.985033976,-492345.7036269277,-0.04682954353497243,-0.13183181497000002,-0.058031908000000014,0.5412912
5.269999999999932,0.05277113306138276,0.05277113306138276,0.3440671812603147,-0.7642577075722105,-706635796.1421509,-19422202.52231348,-468465.17331048177,-0.04714652569756056,-0.13237965167500002,-0.05153543300000001,0.7580038
5.279999999999932,0.05286762358832711,0.05286762358832711,0.3441636619332434,-0.5991008737964911,-649910140.5327193,-18770632.416500155,-438018.8262218635,-0.04744128820875576,-0.13286110176000002,-0.044754584000000014,0.598166
5.289999999999932,0.05289958652239063,0.05289958652239063,0.34419561518229097,-0.6186442600668227,-587919057.7375901,-19881586.667144194,-400003.48243887885,-0.04770853016328966,-0.133278126425,-0.038650349000000014,0.622681
5.299999999999931,0.05287135589968517,0.05287135589968517,0.34416737506088413,-0.5713528768290412,-523959902.95315766,-21910770.93699361,-357704.91961637896,-0.0479441894917749,-0.13363455001,-0.03263436800000001,0.5805152
5.309999999999931,0.052791491713158833,0.052791491713158833,0.34408750157814505,-0.30399253911012436,-463998699.24636817,-15165065.377054468,-311662.5248938246,-0.0481460713803776,-0.13393843795,-0.02814322000000001,0.3177144
5.319999999999931,0.05268185783379231,0.05268185783379231,0.34397785862002667,-0.011449758559088837,-414649430.10303426,-8100851.059244077,-264051.1714717527,-0.04831334132671031,-0.13421119184,-0.02640755800000001,0.029418
5.329999999999931,0.05256711989453691,0.05256711989453691,0.34386311183248786,0.1227320336592586,-377548214.64301133,-3062679.6058140523,-220884.0471635206,-0.04844834264537659,-0.134477106045,-0.02677528300000001,-0.102963
5.339999999999931,0.05245844918714848,0.05245844918714848,0.3437544325170491,0.00868222258909972,-347441622.8861449,-6410272.916935815,-186438.57715063327,-0.04855688620745291,-0.13474713877,-0.02723126200000001,0.0117672
5.34999999999993,0.05235043292124025,0.05235043292124025,0.3436464078896343,-0.11391142524293396,-319221805.04171515,-9566224.003009362,-159223.1796028646,-0.04864528176163124,-0.135015798655,-0.026500715000000008,0.1343422
5.35999999999993,0.05224088951662406,0.05224088951662406,0.3435368563745583,0.1580601867252815,-298281182.5986576,-2945533.1215399727,-134194.19748232857,-0.04871731727902642,-0.135280854835,-0.02651052100000001,-0.1363034
5.36999999999993,0.05214808742809707,0.05214808742809707,0.34344404643056187,0.4674514276193437,-290752739.2851789,7847030.7583991755,-111346.0472605855,-0.04877490866500406,-0.13556049743999998,-0.02941800000000001,-0.4451924
5.37999999999993,0.05207614089539611,0.05207614089539611,0.34337209229740046,-0.2587331337533246,-277581446.6171706,-11105449.821331484,-99059.81418713267,-0.04882209245794597,-0.13585882047499998,-0.03024660700000001,0.279471
5.3899999999999295,0.052010993393531074,0.052010993393531074,0.34330693744383095,0.321980973186475,-274129105.1332109,2751596.2233453607,-92856.4449013999,-0.04886392603921988,-0.13616185038999998,-0.030359376000000007,-0.3020248
5.399999999999929,0.051965832640033266,0.051965832640033266,0.34326176958018323,0.41424825906233187,-277419498.4819062,8982254.412225053,-84761.46436595064,-0.048901831555364234,-0.13648282528499997,-0.033835603000000006,-0.3932206
5.409999999999929,0.05197038541888219,0.05197038541888219,0.3432663154810494,0.8380730892437164,-301355009.2134838,21564639.551027868,-86265.08950263407,-0.048937743278497564,-0.13685150636999996,-0.03990061400000001,-0.8197816
5.419999999999929,0.05204257268070256,0.05204257268070256,0.3433384960769806,0.6149933650532768,-334346120.3942232,19984992.777468074,-104735.93575178745,-0.04897880601470134,-0.13728603474499995,-0.04700506100000001,-0.6011078
5.429999999999929,0.05218859994737471,0.05218859994737471,0.3434845168638094,0.8855478165529689,-383091203.5038738,28179159.908307668,-136445.11059160472,-0.04903392086723121,-0.13779302945999994,-0.054393882000000005,-0.8766564
5.4399999999999284,0.05241202208904308,0.05241202208904308,0.3437079326908025,0.7097126084142543,-437681372.53314424,27995816.681596626,-177297.90220495797,-0.049110806540584445,-0.13837651097499995,-0.062302421000000004,-0.7050514
5.449999999999928,0.05271261755998452,0.05271261755998452,0.3440085219987942,0.7819662065619165,-501012542.094748,30910104.67227674,-224765.67317949492,-0.04921601338144416,-0.13903669992499995,-0.069735369,-0.7815382
5.459999999999928,0.05307466732097155,0.05307466732097155,0.3443705657401931,0.18453231474742995,-554903345.4832239,17812145.3681782,-276417.4667469819,-0.049354989133671257,-0.13975827443499994,-0.074579533,-0.1872946
5.469999999999928,0.05346769123171552,0.05346769123171552,0.3447635837701471,0.08794070614877703,-600222015.4386094,13116583.412347399,-325597.6034769327,-0.049530221008601216,-0.14051105653999993,-0.075976888,-0.0921764
5.479999999999928,0.05387466878335434,0.05387466878335434,0.34517055557846,0.19773740731015538,-638854286.1753787,17672359.52595924,-365956.5131544616,-0.049739121468227426,-0.14127815540499994,-0.077442885,-0.201023
5.489999999999927,0.05429133748261056,0.05429133748261056,0.3455872186724694,-0.09576544028846498,-667209813.5974827,9386926.580402222,-399243.9307780088,-0.04997660021121103,-0.14205528090499994,-0.07798221500000001,0.093157
5.499999999999927,0.05469796910555905,0.05469796910555905,0.3459938448296672,-0.40768815377507284,-680007199.4036411,-235836.67294013686,-428179.41879255814,-0.05023877066370963,-0.14282262491999995,-0.07548658800000001,0.4059684
5.509999999999927,0.05507688310473152,0.05507688310473152,0.346372753505096,-0.19756320320052784,-684359225.97206,3315434.466669659,-447502.4927215879,-0.05052086040420903,-0.14356238955999995,-0.07246634,0.1980812
5.519999999999927,0.05541748841337629,0.05541748841337629,0.3467133536360901,-0.7295330609334769,-668804445.9100214,-11391685.767281052,-457348.5918741632,-0.050814904848823256,-0.14426378822499994,-0.067813393,0.7325082
5.5299999999999265,0.05570864726841698,0.05570864726841698,0.3470045074650841,-0.3212288190955567,-648950192.2751598,-4712147.876767686,-459247.2395334449,-0.051113539829740234,-0.14491544595499994,-0.06251815299999999,0.3265398
5.539999999999926,0.055963402607624724,0.055963402607624724,0.3472592579366435,-0.08414993419377899,-628735012.1895899,3315228.996043218,-451657.1708188772,-0.05140984109412783,-0.14553015957999996,-0.060424571999999996,0.0921764
5.549999999999926,0.05620665726949026,0.05620665726949026,0.3475025078968221,0.029503283511543826,-614522733.6804342,5261485.004849414,-442213.4158012902,-0.05169943965403204,-0.14613264021999997,-0.060071556,-0.0215732
5.559999999999926,0.05644115613834236,0.05644115613834236,0.3477370022377352,-0.32508497393396524,-595194175.8780804,-3733490.376705593,-436693.24985190347,-0.05198298768752804,-0.14672560903999998,-0.058522208,0.3314428
5.569999999999926,0.056646433827062526,0.056646433827062526,0.34794227558096014,-0.5481788512041816,-566108502.5515141,-13086305.293448666,-430957.6179849205,-0.05226200409161866,-0.14728871858999998,-0.054099702,0.5530584
5.5799999999999255,0.056813134058084164,0.056813134058084164,0.3481089716596508,-0.12165563159958481,-537649042.0214498,-2406252.7343791863,-418650.02971806616,-0.05253379365224717,-0.14781272671499998,-0.050701923,0.1264974
5.589999999999925,0.056950070729825664,0.056950070729825664,0.34824590438500147,-0.3990522568012763,-503552989.5941901,-9981313.504755214,-400690.94080394664,-0.05279354568652503,-0.148306507845,-0.04805430300000001,0.4030266
5.599999999999925,0.05705511936532562,0.05705511936532562,0.34835094929414917,-0.355761304459656,-467916685.70127535,-11093860.142410772,-382089.60082652135,-0.05303889444314289,-0.148768027235,-0.044249575000000006,0.357919
5.609999999999925,0.05712315732016035,0.05712315732016035,0.3484189837579837,-0.3698523608885509,-428259937.40817785,-12119328.73964382,-359969.161403812,-0.053268405539971614,-0.14919230834,-0.040606646,0.3706668
5.619999999999925,0.05716492090159103,0.05716492090159103,0.3484607441004809,0.04449383262566402,-396868122.6802757,-1885357.6865182323,-333494.3448288404,-0.05347930425786121,-0.14959023582,-0.03897885,-0.0451076
5.629999999999924,0.057199031702412,0.057199031702412,0.3484948519319708,-0.02524104365097184,-369972083.7639003,-2247146.0237222672,-307794.03205891483,-0.05367056296608039,-0.14998061268000001,-0.039096522,0.0215732
5.639999999999924,0.05724586310954971,0.05724586310954971,0.34854168065693103,0.5148183408655307,-361610826.31409144,12144532.715396987,-286635.0495479464,-0.0538445058067992,-0.15038410506500002,-0.041601955,-0.5226598
5.649999999999924,0.057320206669684154,0.057320206669684154,0.34861602183925045,0.09609982997454894,-356102204.4748552,4302452.438539494,-273302.09014182485,-0.05400590749905129,-0.15081593679000002,-0.04476439,-0.1098272
5.659999999999924,0.0574196686329006,0.0574196686329006,0.348715481746063,0.2977309789107051,-360221838.6181643,8049634.675031913,-268494.10131976876,-0.054160762621584535,-0.15127426923,-0.046902098,-0.3177144
5.6699999999999235,0.057530023013843024,0.057530023013843024,0.3488258344097177,-0.2558550465408057,-354958647.38786054,-4396602.137894416,-267336.8256996106,-0.05431345033014762,-0.151745472045,-0.047338465,0.230441
5.679999999999923,0.057633610469969176,0.057633610469969176,0.34892942050681014,-0.056694445495747585,-349760541.58197236,-2377429.5491204243,-264678.5309259426,-0.05446479031735127,-0.15221240924999999,-0.046048976000000005,0.0274568
5.689999999999923,0.057714180350275784,0.057714180350275784,0.3490099894069701,-0.5514590952490873,-329531572.66110086,-13965283.652197724,-257284.12027016009,-0.05461260408358104,-0.15265921963999998,-0.043313102000000006,0.519718
5.699999999999923,0.05775236764200231,0.05775236764200231,0.3490481761191679,-0.5356909072093271,-300880989.53931403,-18231767.897019006,-242835.55149434722,-0.05475275455927134,-0.15306678151499997,-0.038199273000000006,0.5030478
5.709999999999923,0.05774869374173067,0.05774869374173067,0.3490445020622299,-0.05160677025986594,-274534260.3365371,-4091242.716760247,-218301.3988607267,-0.054879424923106185,-0.15343570774999998,-0.035585974000000006,0.019612
5.7199999999999225,0.05771288043832731,0.05771288043832731,0.3490086890468447,-0.646671677538537,-237946650.65725636,-20977089.863840006,-187833.16971498664,-0.05498754713865017,-0.15377570628499998,-0.03241373300000001,0.6148362
5.729999999999922,0.05764511437372821,0.05764511437372821,0.34894092373549274,0.06684447790003746,-211696863.8566866,-4040467.3509652014,-156262.44021454419,-0.05507547277316868,-0.15408694872499998,-0.029834755000000008,-0.0990406
5.739999999999922,0.05755687894582126,0.05755687894582126,0.34885268954469756,-0.30578220979039306,-181222778.20757842,-11685596.52011621,-119798.65070390499,-0.05514232768912353,-0.15438090809,-0.028957118000000007,0.274568
5.749999999999922,0.057443533493662935,0.057443533493662935,0.34873934582921334,-0.4596762279803151,-148173692.97481132,-19127477.54291974,-84327.16700103926,-0.055188258825045466,-0.15465292652999998,-0.02544657000000001,0.4275416
5.759999999999922,0.05729166343200362,0.05729166343200362,0.34858747801275075,-0.31584971428781067,-112200976.39196515,-15678750.888872672,-42506.56301200212,-0.05521391017083019,-0.15488954531,-0.021877186000000007,0.2863352
5.769999999999921,0.05710850364853548,0.05710850364853548,0.3484043209868109,-0.16021321579845021,-78935728.30378175,-12391350.394855455,28113.04943701049,-0.05521715554299669,-0.15509767766,-0.019749284000000006,0.1392452
5.779999999999921,0.05690898810385911,0.05690898810385911,0.3482048087399294,-0.017954302442857523,-51918421.90294647,-7957521.684749759,76745.1709406526,-0.055196835979976905,-0.15529191000499998,-0.019097185000000006,-0.0088254
5.789999999999921,0.05670354557147492,0.05670354557147492,0.3479993700896598,-0.040957687628449174,-29547870.446662188,-8348645.902142116,114226.63972208352,-0.0551546049009006,-0.155482734765,-0.019067767000000006,0.014709
5.799999999999921,0.056490641815417214,0.056490641815417214,0.3477864708231766,-0.19857926924137498,-7015764.006436348,-12702080.851756066,143931.89581025328,-0.055093164723545,-0.155668852645,-0.018155809000000005,0.1676826
5.809999999999921,0.05627819655579827,0.05627819655579827,0.34757403067419684,0.4564622856808083,-480304.46729692817,4986842.425854007,170658.25769952714,-0.055014574811136335,-0.15585837811,-0.019749284000000006,-0.4863776
5.81999999999992,0.056082715561358465,0.056082715561358465,0.3473785554249348,-0.0357622909192723,7392754.790822029,-4967189.056837334,191786.81219672388,-0.05492082316853822,-0.15606798136,-0.022171366000000005,0.0019612
5.82999999999992,0.055901234706922126,0.055901234706922126,0.34719708095971824,0.17508047671446114,6743490.419435978,-1448873.9399076398,203468.96733341567,-0.054816386603083134,-0.1562948922,-0.023210802000000006,-0.2098484
5.83999999999992,0.055736639675826066,0.055736639675826066,0.34703249296881095,0.36105371923015556,-743642.0031797886,6778816.555045076,212392.67501532435,-0.05470510769841333,-0.15654219952,-0.026250662000000004,-0.3981236
5.84999999999992,0.055601901403963566,0.055601901403963566,0.34689776239254216,0.2971086703652981,-15130110.054897547,5634499.770241329,216924.61458889177,-0.05458931636628389,-0.156823018845,-0.029913203000000006,-0.3343846
5.8599999999999195,0.055488732294311977,0.055488732294311977,0.34678460163487185,-0.0924849699194055,-24925453.098002434,-3683316.3899823525,213061.8763277215,-0.05447329993411451,-0.157129211195,-0.031325267000000004,0.0519718
5.869999999999919,0.05537663366336176,0.05537663366336176,0.34667251201001437,-0.06931312733408196,-31133298.05063629,-4743480.350084816,208493.11290506742,-0.05436011952020928,-0.157440404605,-0.030913415000000003,0.0303986
5.879999999999919,0.055251039853328465,0.055251039853328465,0.3465469278574176,-0.30869593873598644,-27407562.164119482,-10517433.191770282,208609.40716994985,-0.05424843344293012,-0.15774201265,-0.029408194000000002,0.2706456
5.889999999999919,0.055113855092969954,0.055113855092969954,0.34640975340325864,0.2230733471708614,-30314272.634038925,2189187.6349224388,214044.03335696907,-0.05413488341498676,-0.15803575138,-0.029339552,-0.2569172
5.899999999999919,0.054978803681258265,0.054978803681258265,0.34627471294250456,-0.05210409898633363,-30805512.32013583,-2196009.5696415193,220854.7767048836,-0.0540172048315615,-0.15833507953,-0.030526078,0.019612
5.909999999999918,0.05485840126379604,0.05485840126379604,0.3461543221126627,0.4671071217712667,-44967994.22208214,10085584.579772705,223864.8857557729,-0.0538961989337878,-0.15865227911500002,-0.032913839,-0.4971642
5.919999999999918,0.054772142111736644,0.054772142111736644,0.34606807517152355,0.4836389207936445,-67456812.2136507,15253839.948898328,221880.88167558194,-0.05377484443120653,-0.15900669247000002,-0.037968832,-0.5138344
5.929999999999918,0.05473437241154472,0.05473437241154472,0.34603031828610237,0.5052172653595731,-100352620.72067428,15665422.14042426,210417.47846685527,-0.05365803639642283,-0.15941261184000002,-0.043215042,-0.5354076
5.939999999999918,0.05473285063456723,0.05473285063456723,0.34602880990102447,-0.04413898012848037,-125832499.7712245,3293861.2162842792,188646.96252180764,-0.05355333665907688,-0.15985785327000002,-0.045833244,0.0117672
5.949999999999918,0.054741967258548574,0.054741967258548574,0.3460379404621309,0.008607457571945107,-147115182.2447257,1897647.6859231645,165434.42086398922,-0.05346340245103051,-0.16031687213,-0.045970528000000004,-0.039224
5.959999999999917,0.05475185098427188,0.05475185098427188,0.3460478386386573,0.05762313943524267,-163962765.94434786,5232982.112312488,147957.2859910887,-0.05338616242700142,-0.16077971533000002,-0.046598112000000004,-0.0862928
5.969999999999917,0.05476871423405416,0.05476871423405416,0.3460647168237272,0.15534660529594593,-182108452.48889947,6890010.628463836,134443.38197289125,-0.05331830862078629,-0.16125236453000003,-0.04793172800000001,-0.1804304
5.979999999999917,0.054791953693583584,0.054791953693583584,0.34608797167197425,-0.11325408802002103,-194360500.44941092,1099047.9403151348,119852.30690141194,-0.053258804097316786,-0.161733961705,-0.04838770700000001,0.0892346
5.989999999999917,0.05481500776927803,0.05481500776927803,0.34611104155466405,0.06375441828845982,-206685387.2458651,3803747.101035853,106208.76098429994,-0.053207427496660215,-0.1622177162,-0.048363192000000006,-0.0843316
5.9999999999999165,0.05484156210865024,0.05484156210865024,0.34613761208386457,0.12576684678930553,-219166047.1623261,7479396.711218307,95807.03962143406,-0.053162739353984245,-0.162707060115,-0.04950559100000001,-0.1441482
6.009999999999916,0.054869013037652736,0.054869013037652736,0.34616507954904785,-0.2794136362316421,-223547641.42976975,-4807804.005597942,84763.14948024633,-0.053123888049814716,-0.163199125195,-0.04890742500000001,0.2637814
6.019999999999916,0.054883217476145246,0.054883217476145246,0.3461793008309132,-0.0967956171882518,-225152017.0737021,-959202.5251646722,75346.32300037399,-0.05309040689388908,-0.16367952113499998,-0.04717176300000001,0.083351
6.029999999999916,0.054874653605471585,0.054874653605471585,0.34617075408027614,-0.4377274960384717,-214762199.01653957,-10767701.11457889,74038.40389114912,-0.053059555430882865,-0.16413841742,-0.04460749400000001,0.4295028
6.039999999999916,0.054852970617159824,0.054852970617159824,0.34614908847401404,0.44748852689317087,-218365942.96659994,11707823.873227373,80033.70384902824,-0.05302738526510645,-0.164585056205,-0.04472026300000001,-0.4520566
6.0499999999999154,0.05484586817909723,0.05484586817909723,0.3461420036658066,0.1259798271530751,-223410877.00044942,6889985.761485536,85390.19439440007,-0.052992228048889145,-0.1650467472,-0.047617936000000013,-0.127478
6.059999999999915,0.05484911413354973,0.05484911413354973,0.34614526746125,-0.2855056001843609,-223969319.9324975,-6871855.228453325,80065.83063349599,-0.05295713715939207,-0.16551905319000002,-0.04684326200000001,0.2824128
6.069999999999915,0.05482904090490748,0.05482904090490748,0.3461252122316042,-0.4877338219443084,-211185710.74774575,-13590743.580146613,74682.83160817472,-0.052924866644465884,-0.165968241535,-0.04299440700000001,0.4873582
6.079999999999915,0.054769091452041896,0.054769091452041896,0.34606528090447214,-0.3340757248609409,-191786217.99111366,-11885859.075536413,84456.81339033284,-0.05289135663909733,-0.16637754397500001,-0.03886608100000001,0.338307
6.089999999999915,0.05466415465809038,0.05466415465809038,0.3459603623596764,-0.6436083717698969,-159662873.306031,-20971779.932150368,103902.14625215263,-0.052849942196646627,-0.16674142012,-0.033909148000000014,0.6530796
6.099999999999914,0.05448721059955014,0.05448721059955014,0.3457834366684506,-1.2589981151493421,-103590046.57080913,-42194598.786410816,130790.71821590388,-0.05279540265804722,-0.16703236414,-0.024279656000000014,1.2728188
6.109999999999914,0.05421385012735258,0.05421385012735258,0.3455100946673884,-0.6950519442237789,-40217347.52817798,-31519948.98370886,172883.73826972875,-0.05272006529215423,-0.167225419765,-0.014331469000000015,0.7168186
6.119999999999914,0.05386827543202943,0.05386827543202943,0.3451645385275491,-0.2394669214258807,18592582.898560286,-19040959.63700935,228963.286917108,-0.052613136698229285,-0.167344121395,-0.009408857000000015,0.2677038
6.129999999999914,0.053478981376536755,0.053478981376536755,0.3447752630796128,-0.5747886430033265,78066296.95336604,-29053874.818144053,281520.85231174814,-0.05246912662460246,-0.1674163671,-0.0050402840000000155,0.6060108
6.1399999999999135,0.053059610906371235,0.053059610906371235,0.3443559112233646,0.1859875739234624,120131251.44171834,-10495441.842999743,327617.7273882735,-0.0522896618040945,-0.16745546852499998,-0.002780001000000016,-0.1539542
6.149999999999913,0.05263542694173884,0.05263542694173884,0.3439317458293113,0.010273693183386966,154954997.08014774,-12076549.253582515,369150.1608780287,-0.0520782141397064,-0.16748655354499997,-0.003437003000000016,0.0225538
6.159999999999913,0.052219636524837576,0.052219636524837576,0.34351597329590766,0.12918318463505407,177318485.14296603,-10594239.020828547,400029.1926023612,-0.05183865800898285,-0.16752283574499996,-0.0038194370000000162,-0.0990406
6.169999999999913,0.051825983426155575,0.051825983426155575,0.34312232019722566,0.6161430241779686,181365312.9326272,5300497.438905295,423409.20515391283,-0.051577497391228744,-0.16757819061499996,-0.007251537000000016,-0.5873794
6.179999999999913,0.05147346052514562,0.05147346052514562,0.3427697972962157,0.28374629505784793,177130834.74124455,-1513397.92299122,438508.8372007831,-0.05130086247800997,-0.16767186242999996,-0.011482826000000015,-0.2588784
6.1899999999999125,0.051169981014383914,0.051169981014383914,0.342466317785454,0.778109498774468,153282772.38784146,12643796.911147319,442310.50029600906,-0.0510165691378453,-0.16781208822999996,-0.016562334000000015,-0.7570232
6.199999999999912,0.05092372478051099,0.05092372478051099,0.3422200615515811,0.4489771268719387,124121029.52667737,7954921.151054768,438127.965136278,-0.05073242918261639,-0.16800744826499997,-0.022509673000000015,-0.4324446
6.209999999999912,0.05073485059408639,0.05073485059408639,0.3420311873651565,0.6192312669380992,83377657.80819607,12572560.52767222,424957.55868229497,-0.050455956067379626,-0.16825853089499998,-0.027706853000000014,-0.6069914
6.219999999999912,0.05060965947722984,0.05060965947722984,0.3419059962482999,0.8598979559331409,30334138.288772345,23238999.77658272,405431.58193396253,-0.0501929675022626,-0.168572077745,-0.03500251700000001,-0.8521414
6.229999999999912,0.05056146273559925,0.05056146273559925,0.34185779950666934,0.740764316043158,-32166224.9232409,22681180.123429075,378499.0280857491,-0.049948467992582624,-0.16896184173,-0.042950280000000014,-0.7374112
6.239999999999911,0.05057124611364322,0.05057124611364322,0.3418675828847133,-0.02220854899031572,-83590788.32279849,3707827.300543939,340759.3389740399,-0.04972918900274392,-0.16940928951,-0.04653927600000002,0.019612
6.249999999999911,0.050582513547624164,0.050582513547624164,0.34187885031869425,-0.6369803772942402,-110238598.06732106,-15961814.842533441,302456.72394190164,-0.04953855864071127,-0.16985837979500001,-0.043278781000000016,0.632487
6.259999999999911,0.05053785094807939,0.05053785094807939,0.3418341877191495,-0.94103203745172,-107425782.0644691,-27079943.36755096,278978.4142571963,-0.04937026628098612,-0.170251894575,-0.035424175000000016,0.9384342
6.269999999999911,0.050392581125466185,0.050392581125466185,0.34168891789653627,-1.505244470537072,-67905478.91204357,-46923707.713322036,278649.25388303876,-0.049210019938834004,-0.17054494688500002,-0.023186287000000017,1.5091434
6.2799999999999105,0.05011521021660248,0.05011521021660248,0.34141154698767257,-1.3325224714953254,-4076789.721170664,-48103118.430313,303905.04578555987,-0.049040416038598766,-0.17070547110500003,-0.008918557000000018,1.3444026
6.28999999999991,0.049714022833937666,0.049714022833937666,0.34101035960500775,-0.7823695385167252,66564996.85874319,-35900455.552610874,352025.1501270822,-0.048843589290792966,-0.17074094431000003,0.0018239159999999827,0.804092
6.29999999999991,0.04922647767893534,0.04922647767893534,0.34052281445000543,-0.5570493449703758,134544432.55215526,-30878058.568446513,409099.0257028072,-0.04860652999268228,-0.17068799191000003,0.008766563999999984,0.5844376
6.30999999999991,0.04868517969251418,0.04868517969251418,0.33998151646358427,-0.25364502829732044,192078548.0955062,-23885931.602225475,462961.20684775634,-0.048325595598250115,-0.17057860598000002,0.013110621999999985,0.284374
6.31999999999991,0.0481212377213634,0.0481212377213634,0.3394175744924335,0.15858588794018627,232340863.33000517,-11982790.353418455,510641.3812069943,-0.048003260418641835,-0.17044357736000001,0.013895101999999986,-0.127478
6.3299999999999095,0.047560736547333615,0.047560736547333615,0.3388570733184037,0.07412304475447207,260744083.13929796,-12918545.699487837,548426.0854093714,-0.047645236422475756,-0.17030891646500002,0.013037076999999985,-0.044127
6.339999999999909,0.047009087345863065,0.047009087345863065,0.33830542411693315,0.0472712637030086,280283152.1785884,-13706355.869103834,575360.7763770816,-0.04725969812152625,-0.17018016368500002,0.012713478999999986,-0.0205926
6.349999999999909,0.04646623877347267,0.04646623877347267,0.33776257554454275,0.18338443423253875,291247144.02618885,-9207232.928636398,596205.1993825509,-0.04685363299402928,-0.17005751514000003,0.011816229999999987,-0.1588572
6.359999999999909,0.04592500548597872,0.04592500548597872,0.3372213422570488,-0.34940981411783234,308148913.4159918,-23051612.91919248,612555.5811227169,-0.04643154741108252,-0.16993405760000002,0.012875277999999987,0.3706668
6.369999999999909,0.0453647848737152,0.0453647848737152,0.3366611216447853,-0.24405141092343563,326911850.9638059,-22569837.504854575,627092.868576398,-0.045996009351019995,-0.16978944361500004,0.016047518999999986,0.2637814
6.379999999999908,0.04477130079962843,0.04477130079962843,0.3360676375706985,-0.4930258369646715,355477090.60903,-28818821.38814333,645534.7248095422,-0.045545837677618384,-0.16960957706000004,0.019925791999999984,0.5118732
6.389999999999908,0.04413339664135768,0.04413339664135768,0.33542973341242777,-0.5467002825075681,390848207.52085567,-33048030.17952328,667953.3566370842,-0.04507741226108186,-0.16938337715500004,0.025314188999999983,0.5658062
6.399999999999908,0.043446851794899544,0.043446851794899544,0.33474318856596963,-0.3592011255160972,428564372.0908041,-28367352.7299088,695031.0639963171,-0.04458673881106762,-0.16910662732000004,0.030035777999999985,0.3785116
6.409999999999908,0.04273195170688526,0.04273195170688526,0.33402828847795535,0.1308994086879273,455067390.62985444,-15261612.667598384,725588.7893275043,-0.0440699512474384,-0.16879957694500003,0.03137429699999999,-0.1108078
6.419999999999908,0.042006809333504314,0.042006809333504314,0.3333031461045744,-0.3122760317495238,482807861.3557422,-25299991.567693077,752572.9724869619,-0.04352696937743583,-0.16848034261500003,0.032472568999999986,0.3304622
6.429999999999907,0.04127200130379288,0.04127200130379288,0.33256833807486297,0.10703944346026294,500205921.9041269,-16273187.852644417,774728.264928893,-0.042961479058912955,-0.16814961075000004,0.03367380399999999,-0.0902152
6.439999999999907,0.040535430934016015,0.040535430934016015,0.3318317677050861,0.02772289911348781,514554232.9815664,-15108175.904862631,795209.8223097611,-0.04237626892367813,-0.16781544678500004,0.033158988999999986,-0.0127478
6.449999999999907,0.03979854242799097,0.03979854242799097,0.33109487919906105,-0.17519149125452202,528201613.98153234,-22134448.36762544,811754.6475227493,-0.04177389144951954,-0.16747946871000005,0.034036625999999987,0.1882752
6.459999999999907,0.03905486797748031,0.03905486797748031,0.3303512047485504,0.051234926576716376,538002122.2448328,-15143902.536522686,825738.7184494304,-0.04115725090653055,-0.16713540068500005,0.034776978999999986,-0.0402046
6.4699999999999065,0.038325708890171395,0.038325708890171395,0.3296220456612415,0.6533550675600329,529819505.6424172,2545229.2628702894,839909.6141838985,-0.04052733794404301,-0.16680471785000003,0.03135958799999999,-0.6432736
6.479999999999906,0.03763205163829392,0.03763205163829392,0.328928388409364,0.0621535151427726,520433820.4867914,-9494521.980734035,847137.169867044,-0.03988751108406452,-0.16650860116500005,0.027863748999999986,-0.0558942
6.489999999999906,0.03696967976682236,0.03696967976682236,0.32826601653789245,0.4737780862876437,498708313.4113393,-162357.77428181656,846035.4549290672,-0.03924501295801475,-0.16624312823000004,0.025230837999999985,-0.470688
6.499999999999906,0.036339685222280704,0.036339685222280704,0.3276360219933508,0.28540815460206614,475805216.0638735,-428951.7177921906,842149.8840912246,-0.03860494976315204,-0.16600972091500005,0.021450624999999984,-0.2853546
6.509999999999906,0.03574105730755989,0.03574105730755989,0.32703739407863,0.21009534506549957,449961678.7594578,-3685282.2873580977,834258.9739631936,-0.03797055238393615,-0.16580766828500004,0.018959900999999984,-0.2127902
6.519999999999905,0.035160814986479494,0.035160814986479494,0.3264571517575496,0.02984922173399206,428831236.43014026,-6156933.26167,823511.1349743581,-0.03734499699585764,-0.16562427157000004,0.017719441999999985,-0.0353016
6.529999999999905,0.034586544757306714,0.034586544757306714,0.3258828815283768,-0.030892047543081037,411945769.780653,-9152130.597081572,814052.9830115925,-0.03672887125063612,-0.16544734681500003,0.017665508999999986,0.024515
6.539999999999905,0.03402055420257527,0.03402055420257527,0.32531689097364536,0.363133654515185,389539252.0180938,3404447.3044447713,806613.4088455263,-0.03612056965670185,-0.16527934552000004,0.015934749999999984,-0.3706668
6.549999999999905,0.03346232747870492,0.03346232747870492,0.324758664249775,-0.3848103429455433,380282460.58550835,-16040940.5927637,799025.3873999976,-0.03551925766057179,-0.16511985093000003,0.015964167999999983,0.3765504
6.559999999999905,0.032886451585211085,0.032886451585211085,0.32418278835628117,-0.29947391151235697,378224660.57908344,-16557371.845497008,791390.9069861004,-0.03492498393953236,-0.16494353905000003,0.019298207999999983,0.2902576
6.569999999999904,0.03228315320318742,0.03228315320318742,0.3235794899742575,-0.11314137522229227,381289455.1999891,-10977923.911019497,790866.0163142267,-0.03433424439312155,-0.16474065291000003,0.021279019999999982,0.1059048
6.579999999999904,0.03167563691943959,0.03167563691943959,0.3229719736905097,0.35704621779559426,373768924.1456387,2322037.9079319965,795103.0750502014,-0.03374158631013624,-0.16453431015500003,0.01998953099999998,-0.3638026
6.589999999999904,0.03108877125538806,0.03108877125538806,0.32238510802645814,0.22509066952160736,361147530.2904725,1317380.2930906396,795617.6830931044,-0.033146779836441154,-0.16434931996500002,0.017008506999999982,-0.2324022
6.599999999999904,0.03053297772324093,0.03053297772324093,0.321829314494311,0.43568025664976767,338065998.6046295,7244227.811826995,790112.4439930869,-0.032554448839696715,-0.16419617476,0.013620533999999983,-0.4451924
6.6099999999999035,0.030007429015397102,0.030007429015397102,0.3213037657864672,0.11336413449228974,316893811.25699496,892575.7317916206,779560.0794520467,-0.031969713134169686,-0.164074212635,0.010771890999999983,-0.1245362
6.619999999999903,0.02950200798589636,0.02950200798589636,0.32079834475696645,0.14272076955420449,295215233.0542462,685071.8721077894,766273.2379450431,-0.031396089299258634,-0.163973505015,0.009369632999999983,-0.1559154
6.629999999999903,0.029008665321695715,0.029008665321695715,0.3203050020927658,0.0843509286715785,276806125.7666867,626967.3803409161,753166.198283227,-0.030834625302977925,-0.16388615806999998,0.008099755999999982,-0.09806
6.639999999999903,0.028523110488729853,0.028523110488729853,0.31981944725979994,0.00011245723975637373,261568764.57539344,-2140947.8845983194,741272.0338212173,-0.030284599173399485,-0.16380797973499997,0.007535910999999982,-0.014709
6.649999999999903,0.028031413327644472,0.028031413327644472,0.31932775009871456,-0.3302527212062927,257673142.55864215,-11114182.31917753,730302.2341301553,-0.02974497952063143,-0.16372509451999998,0.009041131999999981,0.3157532
6.659999999999902,0.027516438807302923,0.027516438807302923,0.318812775578373,-0.270696019194862,261315831.52712202,-11669375.25205212,723726.267085406,-0.029213200196611222,-0.16362036643999997,0.01190448399999998,0.2569172
6.669999999999902,0.026973842058193087,0.026973842058193087,0.3182701788292632,-0.2332443911330807,271123104.27491546,-10562907.474424537,723639.8549229917,-0.02868429144159146,-0.16348935827999997,0.014297147999999982,0.2216156
6.679999999999902,0.026403586412128643,0.026403586412128643,0.31769992318319873,-0.36917107672672955,287768005.1166072,-15607942.131454716,727734.2975237971,-0.028153504431718712,-0.16333187391999998,0.017199723999999982,0.3588996
6.689999999999902,0.025791849684620394,0.025791849684620394,0.3170881864556905,-0.6876567131639919,318117944.1638229,-25867381.886504605,734955.3890398262,-0.02761753821247398,-0.163133915295,0.022392000999999984,0.6795558
6.699999999999902,0.02512420766443979,0.02512420766443979,0.3164205444355099,-0.4917272038392809,355214948.1105149,-23615105.868046485,748814.5795096299,-0.027071893870288632,-0.16288084695,0.028221667999999984,0.4863776
6.709999999999901,0.024406191426969925,0.024406191426969925,0.31570252819804,-0.3438575707240867,394891460.13222456,-19880707.090494238,769871.2781743126,-0.02651014333335211,-0.162577915095,0.03236470299999999,0.3422294
6.719999999999901,0.023659091775334595,0.023659091775334595,0.3149554285464047,0.016111069425498507,426059341.2176187,-11082791.925891262,793261.1650468956,-0.025927764703402467,-0.16224610457,0.03399740199999999,-0.0156896
6.729999999999901,0.022906449808186513,0.022906449808186513,0.3142027865792566,0.0899587874078784,449031280.88149357,-7575508.311992385,813972.1351454271,-0.02532478119327447,-0.16190872913999999,0.03347768399999999,-0.088254
6.739999999999901,0.022169180231112084,0.022169180231112084,0.31346551700218217,0.4188883120662773,456544801.3066642,1482962.6852196772,829122.7825801319,-0.02470494119184663,-0.16158660203999997,0.030947735999999986,-0.4177356
6.7499999999999005,0.021469891801064622,0.021469891801064622,0.3127662285721347,0.5915317737853943,448653161.4054179,9209315.640176011,837148.2247636094,-0.024074159417466545,-0.16130235061499998,0.025902548999999987,-0.5913018
6.7599999999999,0.020829612780159934,0.020829612780159934,0.31212594955123,0.7584457315498215,423286117.6720679,15576161.89382388,836198.8412367075,-0.023440174167147387,-0.16107713130999998,0.019141311999999987,-0.7609456
6.7699999999999,0.020255442259791978,0.020255442259791978,0.31155177903086206,0.5359378971881349,390120600.9592304,12670868.120061832,824961.3562026408,-0.022812252175079484,-0.16091827410999998,0.012630127999999987,-0.5412912
6.7799999999999,0.01974971316867946,0.01974971316867946,0.31104604993974955,0.9073566136617282,341395645.916574,23755550.33362717,805861.2383139373,-0.022198868622035184,-0.16082840212,0.005344269999999986,-0.9158804
6.7899999999999,0.01932147217936342,0.01932147217936342,0.3106178089504335,0.7488937511648016,285399954.96717024,24167113.94460429,780302.6519746218,-0.02160659712160934,-0.160816855555,-0.003034957000000015,-0.759965
6.7999999999998995,0.01895824170679855,0.01895824170679855,0.31025457847786864,0.19529716233194075,234806017.24956298,9344741.118758008,746803.4503074357,-0.021041958105149805,-0.16087145046,-0.007884024000000016,-0.2098484
6.809999999999899,0.018639340021449957,0.018639340021449957,0.30993567679252004,0.633683797240481,179811709.28401494,21785413.94622498,711125.1107531532,-0.020509136468347566,-0.16097176584,-0.012179052000000015,-0.6491572
6.819999999999899,0.01837553137019754,0.01837553137019754,0.3096718681412676,0.7410767651245165,119364266.4656136,28190159.766384583,677651.8216322648,-0.02000764370724062,-0.16112871087,-0.019209954000000015,-0.7570232
6.829999999999899,0.01817105059448776,0.01817105059448776,0.30946738736555784,0.2572976034332144,62969941.42491436,16583226.808282815,639320.4273419415,-0.01953843356226803,-0.16134660019,-0.024367910000000013,-0.274568
6.839999999999899,0.0180068003520108,0.0180068003520108,0.3093031371230809,0.35356895231734625,8680212.826849699,18676338.248632573,597379.7554266811,-0.01910473016832792,-0.161606434675,-0.027598987000000012,-0.3716474
6.849999999999898,0.01786288589647056,0.01786288589647056,0.30915922266754065,-0.15098956309258219,-29939676.33889079,6325937.803172595,558547.4033068349,-0.01870601453932791,-0.161888357175,-0.028785513000000013,0.1343422
6.859999999999898,0.017733656281713472,0.017733656281713472,0.30902997957443384,0.5352740084693268,-74829031.66023183,22886552.92059166,524228.8926714552,-0.018338412021516648,-0.162186606665,-0.03086438500000001,-0.5501166
6.869999999999898,0.017636648048804104,0.017636648048804104,0.30893295160024054,0.36906004206315707,-118564577.34535909,22926627.311659463,493152.1085121539,-0.017998216647448606,-0.162518539765,-0.03552223500000001,-0.3814534
6.879999999999898,0.017574305772395493,0.017574305772395493,0.30887058913099563,0.11324416743617492,-159576655.3142805,14182076.842294995,458228.44812245877,-0.01768539289647536,-0.16288643637,-0.03805708600000001,-0.1255168
6.8899999999998975,0.01753458169749411,0.01753458169749411,0.30883084442610537,0.30917968335410595,-199696644.20776248,20571211.958530746,421774.8254798126,-0.017401577238762844,-0.16327813704,-0.04028304800000001,-0.3196756
6.899999999999897,0.017511853023909063,0.017511853023909063,0.308808094701655,-0.05179147187116619,-230597284.83176994,10767439.474466268,388324.8558572026,-0.017145519581949986,-0.16368788075,-0.04166569400000001,0.0431464
6.909999999999897,0.017490651829836112,0.017490651829836112,0.3087868720533807,-0.14450943152135062,-252843247.18621588,6886089.079921809,356267.7682689914,-0.01691501125373357,-0.16410000241499997,-0.04075863900000001,0.1382646
6.919999999999897,0.01745071609157056,0.01745071609157056,0.3087469144759712,-0.4085868304915012,-259815715.15146112,-1650967.8148768973,330675.29779098707,-0.016706614147514898,-0.16449398297999998,-0.038037474000000016,0.4059684
6.929999999999897,0.017385402942556916,0.017385402942556916,0.30868157911984434,-0.05342805618831152,-264192734.06707025,5999577.671265901,314267.2355156705,-0.01651405450004728,-0.16486281115499998,-0.035728161000000015,0.0558942
6.9399999999998965,0.01730533967682113,0.01730533967682113,0.3086014932942253,-0.07457583682060309,-265187735.0027964,6004387.632365441,304480.35703486,-0.016331234527333538,-0.165216660665,-0.035041741000000015,0.0813898
6.949999999999896,0.01723284855876306,0.01723284855876306,0.3085289792798841,0.5054554005414165,-279892466.98508,21074751.880420223,295779.82323451975,-0.016155219795492337,-0.16557742340499998,-0.037110807000000016,-0.495203
6.959999999999896,0.017176106128878543,0.017176106128878543,0.30847221363879684,-0.3063935949042985,-284117053.9666579,1376096.0138439173,282331.5847959798,-0.01598727902698946,-0.16595296868999998,-0.03799825000000002,0.3177144
6.969999999999896,0.017114703803339848,0.017114703803339848,0.3084107878147746,-0.07907230853160964,-287622107.11647964,2840414.235064315,266129.39040888095,-0.015830029631925174,-0.16632270391999998,-0.03594879600000002,0.0921764
6.979999999999896,0.017042663866899344,0.017042663866899344,0.3083387241210725,0.03902571936502849,-288222765.4729929,8068882.941172419,256263.337871045,-0.015682081043268625,-0.16668045131499998,-0.03560068300000002,-0.0225538
6.989999999999895,0.0169765948548104,0.0169765948548104,0.30827263111873393,0.2398552300550409,-295524030.70313096,12172471.935290318,249452.94183389173,-0.015540018150757035,-0.16704253786499998,-0.03681662700000002,-0.220635
6.999999999999895,0.016929284339286588,0.016929284339286588,0.3082252964084574,0.23160368312867025,-306868268.7293587,13892297.889381748,238439.49538326243,-0.015404181114733434,-0.16742151524999999,-0.038978850000000016,-0.2118096
7.009999999999895,0.01688981695565689,0.01688981695565689,0.3081858046610771,-0.38933865898081066,-307026228.0397217,-4425665.144808859,223472.1668694685,-0.015277316894553,-0.16780635172,-0.03798844400000002,0.4098908
7.019999999999895,0.016825806272466715,0.016825806272466715,0.30812176948354164,-0.4346619188970358,-295922543.49198365,-8417799.747733176,210842.7246411737,-0.015159861901569038,-0.1681645649,-0.03365419200000001,0.4569596
7.0299999999998946,0.016717240606350825,0.016717240606350825,0.30801317922404353,-0.5235407817314808,-271681645.1579225,-12644958.466852201,210637.6892105806,-0.01504674596801761,-0.16847590540000001,-0.028613908000000014,0.5510972
7.039999999999894,0.016556186254645444,0.016556186254645444,0.30785210020063275,-0.6178070741489573,-236506200.73931503,-17689447.51822652,221381.32744844866,-0.014930071442511683,-0.168732013605,-0.022607733000000012,0.6501378
7.049999999999894,0.01632342474457893,0.01632342474457893,0.30761931395730807,-1.1091338665276977,-180105533.55791235,-34260563.99891823,241008.32092728963,-0.014803029113270527,-0.16891315494,-0.013620534000000012,1.147302
7.059999999999894,0.015997986632115713,0.015997986632115713,0.3072938510673021,-0.8709910600438581,-112539314.67725325,-32855872.163374193,273530.5948990304,-0.014657776028069502,-0.16899778072000002,-0.0033046220000000123,0.9158804
7.069999999999894,0.015588953989309873,0.015588953989309873,0.3068847936209602,-0.49266626682405945,-43776911.23160601,-24057488.826036204,319183.6546187232,-0.014484372234722015,-0.16899429959,0.004000847999999988,0.5452136
7.0799999999998935,0.015131457193813092,0.015131457193813092,0.30642727202032116,-0.08224294023367158,13286733.177035332,-13931393.028208837,368010.64443451585,-0.014275775755387021,-0.16893717964000002,0.0074231419999999885,0.1392452
7.089999999999893,0.01464834384847874,0.01464834384847874,0.30594413390365544,-0.3675099463620104,67855462.10084105,-21411363.555749804,409971.1075385808,-0.014032255401198845,-0.16884880306500002,0.01025217299999999,0.426561
7.099999999999893,0.014144822889967934,0.014144822889967934,0.30544058825168574,0.0009596017402107654,111229079.01340556,-13797933.714023618,445615.9939228459,-0.013758046394737766,-0.16873414641000004,0.012679157999999989,0.058836
7.109999999999893,0.013639368288693443,0.013639368288693443,0.30493510908154897,0.2882492876918551,141148900.9113791,-3887011.198008309,477702.8245085636,-0.013456460692627792,-0.16861157141000002,0.011835841999999989,-0.2274992
7.119999999999893,0.013152698354280568,0.013152698354280568,0.30444841475008444,0.1739353697640295,160628435.40789008,-6497542.173635837,501687.0553695206,-0.013131838315529082,-0.16850176872500003,0.010124694999999989,-0.1147302
7.129999999999892,0.012709030297352597,0.012709030297352597,0.3040047225162246,1.0839638769675233,150075047.9000311,19818810.804465074,516021.00013707386,-0.01279128245301836,-0.16842905723500004,0.004417602999999989,-1.0266882
7.139999999999892,0.012339529722764697,0.012339529722764697,0.3036351980338865,0.6248469371689774,127567596.35296106,13001856.485322008,519016.2419847231,-0.012443656412132992,-0.16842484065500005,-0.003574287000000011,-0.5716898
7.149999999999892,0.012036183269205525,0.012036183269205525,0.3033318279920157,0.3125198673883911,99648716.29505634,3675437.2678480474,505948.9578159666,-0.012100663250011301,-0.16848149482000005,-0.007756546000000012,-0.264762
7.159999999999892,0.011779043370886477,0.011779043370886477,0.30307466487552365,0.598390343204201,65228684.704253435,13380372.858173903,486688.3126636499,-0.011771354164757525,-0.16857953030500006,-0.011850551000000011,-0.554039
7.169999999999892,0.011570810884657723,0.011570810884657723,0.3028664095891859,0.4470126523769747,27972782.27609992,11521249.860565688,466740.7163727849,-0.01145830496903219,-0.16872201148500005,-0.01664568500000001,-0.4049878
7.179999999999891,0.01140683288224631,0.01140683288224631,0.30270240925008507,0.2777822415147422,-9183171.842750072,7789356.214106813,441240.7027239363,-0.011163959521000522,-0.16890457469000006,-0.019866956000000012,-0.2392664
7.189999999999891,0.011269182763087804,0.011269182763087804,0.30256473730207056,0.05055850804765638,-39534800.85218859,2036422.5117163432,413913.67278689606,-0.010890933443828438,-0.16910956912000005,-0.02113193000000001,-0.0137284
7.199999999999891,0.01113332100016462,0.01113332100016462,0.3024288542603237,-0.30734894906367755,-55891617.00313544,-8392262.14037288,389284.1254038413,-0.010638434659809515,-0.16931265138000004,-0.01948452200000001,0.34321
7.209999999999891,0.010989727307640695,0.010989727307640695,0.3022852398770709,0.25487384552684045,-74632783.48230696,5696011.589109797,371551.6505841987,-0.01040231521957477,-0.16950435868000005,-0.01885693800000001,-0.2176932
7.2199999999998905,0.010853189436083821,0.010853189436083821,0.302148681936382,0.07985301840538865,-90818254.17472577,3694936.8952387455,359167.7174876818,-0.010177695436618284,-0.16969942453500006,-0.02015623300000001,-0.0421658
7.22999999999989,0.01072384734332027,0.01072384734332027,0.30201932042782187,-0.1267294154186968,-103109218.38741994,-3537113.8574287635,344430.5773489447,-0.009963476875071459,-0.16989794700500005,-0.01954826100000001,0.1637602
7.23999999999989,0.010589298338709197,0.010589298338709197,0.301884752692599,-0.03466409191406272,-111749902.92611647,-948960.893668544,330464.14378577075,-0.009760085273554403,-0.17008754601500006,-0.018371541000000012,0.0715838
7.24999999999989,0.010452653838316395,0.010452653838316395,0.3017480901763218,0.11224513610474426,-121363959.34458375,2935343.2029505577,321117.6930420249,-0.009565321989989661,-0.17027133497000008,-0.018386250000000014,-0.0745256
7.25999999999989,0.010319419892506565,0.010319419892506565,0.30161483895622004,-0.053389260724314366,-128383040.87366438,-730477.3299469904,311800.30908297043,-0.009377484216813253,-0.1704548052300001,-0.018307802000000015,0.0902152
7.269999999999889,0.01018659123465554,0.01018659123465554,0.30148199379196133,0.01076016690888943,-135079817.21368265,-36334.73570587463,301766.79637421743,-0.009196790408303762,-0.17063499048000008,-0.017729248000000017,0.0254956
7.279999999999889,0.01004369923511389,0.01004369923511389,0.3013390860794078,-0.3706489505427001,-130995916.57446766,-10007527.654403161,293096.133120974,-0.009022900281236479,-0.17080149636000008,-0.015571928000000016,0.4059684
7.289999999999889,0.009889607817812673,0.009889607817812673,0.3011849797657021,0.2825772489272447,-135048126.01219845,5573625.942159044,288326.41442722594,-0.008853818440002381,-0.17095324421000008,-0.014777642000000016,-0.2471112
7.299999999999889,0.009746628385644607,0.009746628385644607,0.3010419862742964,0.24999912511355388,-143150294.1100862,8562943.785191141,285629.70599611604,-0.008687394426619865,-0.17111259171000007,-0.017091858000000015,-0.215732
7.309999999999889,0.009617246667562251,0.009617246667562251,0.30091259135483456,-0.2386413916681934,-146221899.69725704,-6237419.606489046,276721.7329395261,-0.008525268205932968,-0.17128216196500007,-0.016822193000000017,0.269665
7.319999999999888,0.009484855859218766,0.009484855859218766,0.30078018822536645,0.10693771744035918,-150794523.28216457,2615243.8417599937,265747.5647137671,-0.00837029405856965,-0.17144560347000007,-0.015866108000000018,-0.078448
7.329999999999888,0.009351278703700672,0.009351278703700672,0.3006465996494408,-0.022669804884399708,-152319024.64361334,133236.18578465132,259736.8837179435,-0.00822126422669786,-0.17160497548500006,-0.016008295000000016,0.0500106
7.339999999999888,0.009211073540719483,0.009211073540719483,0.30050638398442475,-0.3267093435371567,-146462615.2651515,-9087488.46362048,253114.79586222128,-0.008076683885573865,-0.17175503180000007,-0.014002968000000015,0.3510548
7.349999999999888,0.009051335515945058,0.009051335515945058,0.30034663639280834,-0.10522597977024481,-138264789.10138822,-4533212.377632331,249631.38978922437,-0.007935658031885506,-0.17188307364500008,-0.011605401000000015,0.1284586
7.3599999999998875,0.008872247336941086,0.008872247336941086,0.30016753959691767,-0.23684486610496308,-124615799.7609334,-7482976.0966383815,252244.0867650011,-0.0077949291708236945,-0.17198944423000007,-0.009668716000000015,0.2588784
7.369999999999887,0.008667703882434763,0.008667703882434763,0.29996298848848346,-0.4392953081147585,-103204488.05599356,-14973243.628399132,256907.97643285265,-0.00765164245896538,-0.17206816189500007,-0.006074817000000014,0.4599014
7.379999999999887,0.008439517053573209,0.008439517053573209,0.29973479498135336,0.16971042418795984,-89113604.2430582,980314.5751647446,266443.8017874655,-0.007503335800971067,-0.17212116332500008,-0.004525469000000014,-0.1500318
7.389999999999887,0.008209822108451503,0.008209822108451503,0.2995050943456709,0.0395795960512431,-77677135.78043985,-463220.7158804652,277774.2145285849,-0.007347596895609931,-0.17217070814000007,-0.005383494000000014,-0.0215732
7.399999999999887,0.007973554547736517,0.007973554547736517,0.29926882209493366,-0.5117444147768978,-57406959.07670355,-16909243.171884164,283047.6944505836,-0.007185903015926198,-0.17221194237000007,-0.0028633520000000134,0.5256016
7.4099999999998865,0.007709024719563917,0.007709024719563917,0.2990042885914883,-0.14657151020977816,-36159543.81976104,-9231881.568290528,290142.98663349514,-0.007019735990166587,-0.17222346442000006,0.0005589419999999868,0.1588572
7.419999999999886,0.0074271795862280166,0.0074271795862280166,0.2987224408106437,0.11228565732409025,-19364135.24183774,-683743.379455094,304614.3303460977,-0.006845703619245053,-0.17221642861500006,0.0008482189999999868,-0.1010018
7.429999999999886,0.007150704675944974,0.007150704675944974,0.29844596429204795,0.13684044271238321,-9712026.8737576,414481.9981512255,316680.6890538711,-0.006661915431082882,-0.17221368293500006,-0.00029908300000001324,-0.1284586
7.439999999999886,0.006889497579897985,0.006889497579897985,0.2981847566384801,0.22478805836708213,-7372029.447771549,3797427.6097638416,322393.61401649896,-0.0064715368315547694,-0.17222540110500006,-0.0020445510000000134,-0.220635
7.449999999999886,0.006651510077544165,0.006651510077544165,0.29794676964099814,0.3424096839913332,-13213811.286848783,8045782.777839102,323489.99490071373,-0.006278630390782303,-0.17225991822500006,-0.0048588730000000135,-0.3422294
7.459999999999885,0.006447272063502429,0.006447272063502429,0.29774253320484684,0.44041502687364953,-28169046.8288548,12556357.89236907,319201.8854004573,-0.006087011960937916,-0.17232819250000006,-0.008795982000000013,-0.4451924
7.469999999999885,0.006272807650619383,0.006272807650619383,0.2975680714524349,-0.03226326359313155,-38946923.71890783,800436.1614950333,308196.891829825,-0.005901239255599627,-0.17242671828500006,-0.010909175000000012,0.0225538
7.479999999999885,0.006107322101341295,0.006107322101341295,0.2974025896550019,-0.01672308801470558,-46662225.05538249,-24610.533390956814,294543.05126336106,-0.005724600808000413,-0.17253517264500007,-0.010781697000000012,0.0029418
7.489999999999885,0.005938436815387915,0.005938436815387915,0.29723370922027703,-0.07028002738741955,-48704371.877394915,-797848.3538892559,285169.01709527196,-0.005556259528837509,-0.17264154323000006,-0.010492420000000013,0.0549136
7.4999999999998845,0.005753968429480005,0.005753968429480005,0.29704924679222144,-0.4660408553942716,-38349969.49642825,-12640296.720674997,279852.18522847735,-0.0053931223629433145,-0.17273386672000005,-0.007972278000000013,0.4491148
7.509999999999884,0.005540840508098943,0.005540840508098943,0.29683612594231146,-0.14401968074975469,-25444835.299471855,-5820678.85609242,280372.63543825183,-0.005231656110420035,-0.17279917468000006,-0.005089314000000013,0.127478
7.519999999999884,0.005323100918785406,0.005323100918785406,0.29661839454478106,0.5696248009042796,-27126458.49268222,15348357.065690171,288325.469982312,-0.005067101137132296,-0.17286151632500005,-0.007379015000000013,-0.5854182
7.529999999999884,0.005139354210239866,0.005139354210239866,0.29643465715330886,0.3645191531795267,-38017386.425174,12902265.172261277,290923.53812082333,-0.004898762532304035,-0.17295950278000005,-0.012218276000000014,-0.382434
7.539999999999884,0.005002665495800418,0.005002665495800418,0.2962979788831901,0.5837017468764267,-62781222.00993824,19193779.197012294,280864.4393700845,-0.004733292096433972,-0.17310639666000005,-0.017160500000000013,-0.6060108
7.5499999999998835,0.004926914963203466,0.004926914963203466,0.2962222399208827,0.9056496655216644,-103500739.0083096,31602329.036647126,262274.7549688366,-0.004578318432620854,-0.17331644118000006,-0.02484840400000001,-0.93157
7.559999999999883,0.004923758324310856,0.004923758324310856,0.29621909597302015,0.5087994998733267,-149010733.2567284,23639511.91385767,232457.26089697744,-0.004440644749993283,-0.17360172223500006,-0.03220780700000001,-0.5403106
7.569999999999883,0.004975263205728775,0.004975263205728775,0.29627061465533516,0.2632565418358287,-192317958.27339816,17258818.100537643,190060.35064786108,-0.004327817791731914,-0.17394480966000006,-0.036409678000000015,-0.3000636
7.579999999999883,0.005047757160798083,0.005047757160798083,0.29634312350415826,-0.19571667952490437,-220379887.9012463,4979329.861490939,145338.17510912163,-0.004243319589602418,-0.17431251014500007,-0.03713041900000001,0.1559154
7.589999999999883,0.005116520381033052,0.005116520381033052,0.2964119026891371,-0.021041674322429472,-241133547.03800154,7931284.4846268175,106980.9566839211,-0.004184038851365535,-0.17468038223500007,-0.03644399900000001,-0.0186314
7.599999999999882,0.005176720293839976,0.005176720293839976,0.29647211961263525,-0.10473226895062666,-253199757.18195033,6630307.191168135,77995.23019204642,-0.004143687736589408,-0.17504362099000007,-0.03620375200000001,0.0666808
7.609999999999882,0.00523155056464375,0.00523155056464375,0.29652696790965855,0.015730265533946762,-263654833.1654122,8628063.999579798,54430.25649378671,-0.004116981333299713,-0.17540529078500006,-0.03613020700000001,-0.0519718
7.619999999999882,0.005283528303861362,0.005283528303861362,0.296578964641736,-0.04081005869119684,-270340498.67004657,7929733.443819475,32812.227948325744,-0.004101030602298494,-0.17576774506000006,-0.03636064800000001,0.0058836
7.629999999999882,0.005334192632342694,0.005334192632342694,0.29662964879867915,0.013368911524731648,-276282325.6150923,8359527.384797809,10907.140204558907,-0.004094100467952944,-0.17613238117000007,-0.03656657400000001,-0.0470688
7.6399999999998816,0.005371643430951478,0.005371643430951478,0.29666712023347197,-0.5144574478816254,-267809260.74831796,-5954056.305553291,-16614.78011589711,-0.004094893183155451,-0.17648721128000008,-0.03439944800000001,0.480494
7.649999999999881,0.005376839881240381,0.005376839881240381,0.29667233830012973,-0.2746221928689421,-253951551.98108196,-3286569.989103931,-25733.934901340715,-0.004100860001904905,-0.1768129911150001,-0.030756519000000013,0.2480918
7.659999999999881,0.0053497538526785515,0.0053497538526785515,0.2966452749016218,-0.22759732040933775,-234651358.20873976,-1227150.6231264486,-18506.023804193603,-0.00410691983555056,-0.1771091813450001,-0.028481527000000013,0.2069066
7.669999999999881,0.005302022491923131,0.005302022491923131,0.2965975667692267,-0.09600058163106011,-216843590.84667373,279355.0964308996,4239.1035162301605,-0.004108760220357666,-0.17738674017500008,-0.027030239000000015,0.083351
7.679999999999881,0.005244146189831489,0.005244146189831489,0.29653971434265114,0.013817582349857837,-201761063.57901955,4037391.9845803156,20023.82868935221,-0.004105333606683026,-0.1776555716650001,-0.026736059000000013,-0.024515
7.6899999999998805,0.005182556617209899,0.005182556617209899,0.29647814989440874,-0.08011951727516374,-187036618.3289516,579769.6129408572,30550.870886401066,-0.004097288045948166,-0.17792173102000008,-0.026495812000000014,0.0725644
7.69999999999988,0.005113404117610187,0.005113404117610187,0.2964090237949886,-0.1560706196372603,-170300952.91902423,-1835533.097535993,37289.05180325805,-0.004085734325504936,-0.17818114875000007,-0.025387734000000016,0.1490512
7.70999999999988,0.0050240729479610335,0.0050240729479610335,0.2963197201577741,-0.4148860454272473,-144866343.50141788,-10549095.913192287,45914.79160777006,-0.004070819976410456,-0.17842100351000006,-0.022583218000000016,0.411852
7.71999999999988,0.004898210877078479,0.004898210877078479,0.2961938867498023,-0.4753933388457496,-110856084.37835765,-14235094.178505316,61019.57954488479,-0.004050381573175804,-0.17862464961500008,-0.018146003000000015,0.475591
7.72999999999988,0.004730430202384894,0.004730430202384894,0.29602613586408216,-0.31107142931930076,-73231235.14923096,-11661760.36479032,85422.11796945524,-0.004020066235313258,-0.17878627701000008,-0.014179476000000014,0.3177144
7.739999999999879,0.0045354682568443105,0.0045354682568443105,0.2958312048411099,0.010300837190431903,-41291141.19604969,-3175754.959715726,114767.0383039544,-0.0039752995121385415,-0.1789201289100001,-0.012590904000000014,0.0
7.749999999999879,0.004334611288984769,0.004334611288984769,0.2956303799012839,0.054706367037374394,-15668837.848946333,-1650845.638841472,140550.79544872208,-0.003914732071601507,-0.17904706758000008,-0.012796830000000014,-0.0411852
7.759999999999879,0.004145173595742513,0.004145173595742513,0.2954409752973395,0.33709986399903324,-2588734.025845051,6311937.979168676,158838.44172294703,-0.0038409001851705538,-0.17918415546000008,-0.014620746000000014,-0.323598
7.769999999999879,0.003987105466321306,0.003987105466321306,0.29528294125852445,0.5259165101418122,-3236824.6192917824,13316656.487328796,168787.21523494943,-0.003758300104594381,-0.17935124970000008,-0.018798102000000014,-0.5118732
7.779999999999879,0.003891449539218217,0.003891449539218217,0.2951873203597445,1.1075927171190965,-30151063.497509003,31578313.711068984,167384.00349018557,-0.003673047363715709,-0.17957943532000006,-0.026839022000000014,-1.0963108
7.789999999999878,0.0038854883830488074,0.0038854883830488074,0.29518139508812613,0.8467231420839668,-71423934.26182199,29293947.763925664,148537.5133612368,-0.003594407738991584,-0.17989621815000006,-0.03651754400000001,-0.8393936
7.799999999999878,0.003964164445947216,0.003964164445947216,0.29526010777892636,0.5844794954553835,-119416883.17978191,23001790.43304801,108082.58005132597,-0.003534062827631662,-0.18029698937000008,-0.043636700000000014,-0.5844376
7.809999999999878,0.004099605247634919,0.004099605247634919,0.2953955857535375,0.2549298704741119,-161839535.8365531,15576997.101486132,52141.91996170618,-0.003500555812596201,-0.18075446378500007,-0.04785818300000001,-0.259859
7.819999999999878,0.0042682089048486915,0.0042682089048486915,0.2955642268750883,0.23218794323980865,-200003372.23176408,14668837.40732664,-26059.607009339685,-0.0034952677335707283,-0.18124569535500007,-0.05038813100000001,-0.2461306
7.8299999999998775,0.004458724898736888,0.004458724898736888,0.2957547807512686,0.15720507925650137,-232542016.54737067,13545959.200497817,-76791.95918895963,-0.003515392760427394,-0.18175982393500006,-0.05243758500000001,-0.1637602
7.839999999999877,0.004660993518879941,0.004660993518879941,0.2959570880299052,-0.07646991487054215,-256439672.2628913,6614208.754434751,-115501.90899355062,-0.0035580480115699753,-0.18228655322500006,-0.052908273000000006,0.0696226
7.849999999999877,0.004860818863766048,0.004860818863766048,0.2961569528302534,-0.10198662507979658,-272474661.76593065,5007451.654906478,-145789.31220810136,-0.0036203795081815038,-0.18281134583000005,-0.05205024800000001,0.1019824
7.859999999999877,0.00505726014760266,0.00505726014760266,0.296353434263168,0.1450877137581744,-288109962.3431711,11360738.108833328,-166852.04992602477,-0.003698253119742173,-0.18333287794000006,-0.05225617400000001,-0.1431676
7.869999999999877,0.005260732614257635,0.005260732614257635,0.2965569475047339,0.09307712233527592,-302847913.5956843,10785423.364961948,-183805.64387995476,-0.0037880677804552343,-0.18386115167500006,-0.05339857300000001,-0.0853122
7.879999999999876,0.005463290180493852,0.005463290180493852,0.29675954640393626,-0.36782172324108886,-306582063.98628044,-2835986.65379697,-201420.74383473373,-0.0038890550326323714,-0.18438788096500006,-0.05194728500000001,0.3755698
7.889999999999876,0.0056418608646562896,0.0056418608646562896,0.29693815892384223,-0.3169043281916331,-301540315.9156494,-3990923.8046160713,-214440.82386561873,-0.004000026865403017,-0.18488970301500005,-0.04841712500000001,0.3304622
7.899999999999876,0.005783965634288402,0.005783965634288402,0.2970803024053585,-0.4571487116079344,-284789787.1049063,-8750116.747764083,-216947.83724599925,-0.004115934952638178,-0.18535377196500005,-0.044396665000000016,0.4736298
7.909999999999876,0.00589384736058185,0.00589384736058185,0.29719018413165194,-0.05928322473524244,-270037427.2494259,-101791.64824212436,-210789.85665208925,-0.0042304090595060295,-0.18578383861000006,-0.04161666400000002,0.0823704
7.919999999999876,0.0059971106835025045,0.0059971106835025045,0.2972934474545726,0.31097058810080075,-265240518.23714328,11500187.117098495,-200659.13122914798,-0.00433936064466639,-0.18620510437000007,-0.04263648800000002,-0.2863352
7.929999999999875,0.006114764637909664,0.006114764637909664,0.29741110140897975,0.01296549171584041,-263130831.21712422,3995687.39861652,-195696.7087177895,-0.004443434818634795,-0.18663828442000008,-0.04399952200000002,0.0137284
7.939999999999875,0.006236958633391576,0.006236958633391576,0.29753329540446166,-0.15530261817644253,-258666252.09569812,-1801083.4843607582,-198493.31465941202,-0.004546972638332952,-0.18707345018500007,-0.04303363100000002,0.1794498
7.949999999999875,0.006341912322654852,0.006341912322654852,0.29763824909372494,-0.3919778833759621,-244268144.8614416,-9417787.108154994,-199544.10223057485,-0.004651761065166515,-0.18748883234500008,-0.04004280100000002,0.4187162
7.959999999999875,0.006416901460987223,0.006416901460987223,0.2977132382320573,-0.2593278858240479,-225637265.2701049,-7800104.620603497,-193578.80370242125,-0.004754797783131676,-0.18787163407000007,-0.03651754400000002,0.2863352
7.9699999999998745,0.0064635946346815465,0.0064635946346815465,0.29775993140575163,-0.2212080182566792,-204133633.03082824,-7091283.669196131,-180585.68041137615,-0.004851724862092538,-0.18822335077500008,-0.03382579700000002,0.2520142
7.979999999999874,0.0064973303695296525,0.0064973303695296525,0.29779366714059974,0.1834448246034797,-191722183.73258138,3221517.1753723966,-164111.9721407715,-0.004939703778739674,-0.18855913273000008,-0.03333059400000002,-0.1529736
7.989999999999874,0.006532747328318711,0.006532747328318711,0.2978290840993888,-0.07843267331088007,-179745593.08695388,-2339652.88610794,-150103.46090826386,-0.0050180575290889595,-0.18889351733000007,-0.03354632600000002,0.1098272
7.999999999999874,0.00655455863830573,0.00655455863830573,0.2978508954093758,-0.5708054300621515,-157470544.09739685,-18149518.396297917,-140984.85053807328,-0.005089253500970059,-0.18921125624500007,-0.030001457000000023,0.5991466
8.009999999999874,0.006539236377286706,0.006539236377286706,0.2978355731483568,-0.2652993068090225,-131820857.33664942,-12064719.123379037,-126796.84804867316,-0.00515341467918079,-0.18948888862000007,-0.025525018000000024,0.2961412
8.019999999999873,0.006498620337868688,0.006498620337868688,0.2977949571089388,0.08965579722924044,-111768639.19483042,-1917936.5854465566,-100886.4449687785,-0.005205924269586215,-0.18973818165500006,-0.024333589000000024,-0.0578554
8.029999999999873,0.0064520121416002385,0.0064520121416002385,0.2977483489126703,-0.15369278265236117,-92815837.15604901,-7981153.3782985825,-74910.27519565901,-0.005243981888556515,-0.18997830608000005,-0.023691296000000025,0.186314
8.039999999999873,0.0064041615054426515,0.0064041615054426515,0.29770049827651274,0.1680402983067949,-82740122.49589396,-343131.09380538063,-53922.906436969744,-0.005269806423411572,-0.19021401780500005,-0.023451049000000026,-0.1382646
8.049999999999873,0.0063572011034455644,0.0063572011034455644,0.29765353787451565,-0.1467679749653243,-70170443.06695747,-7199747.524280563,-34056.673125524154,-0.005285899482625589,-0.19044757221000005,-0.023259832000000025,0.176508
8.059999999999873,0.006313111752386191,0.006313111752386191,0.2976094485234563,0.2403548362285308,-67145677.25845003,1557280.6539910273,-15921.868375777009,-0.005293937534923132,-0.19068110210000005,-0.023446146000000025,-0.2137708
8.069999999999872,0.0062808975058172845,0.0062808975058172845,0.29757723427688737,0.1411073111150511,-66890498.42651796,1781702.8896910008,5302.771023386089,-0.0052956534267896704,-0.19092375157000005,-0.025083748000000024,-0.1137496
8.079999999999872,0.006269428204109195,0.006269428204109195,0.2975657649751793,0.3072822615090865,-75890889.47958612,5521636.479830903,12952.82688040122,-0.005293422803706593,-0.19118461568500006,-0.027089075000000025,-0.2873158
8.089999999999872,0.006285107014051272,0.006285107014051272,0.29758144378512136,0.33029233609730374,-90854010.17139173,8948481.17789035,9092.267176812684,-0.0052906307109875095,-0.19147053413000006,-0.030094614000000026,-0.313792
8.099999999999872,0.006315722868089735,0.006315722868089735,0.2976120596391598,-0.3703508270508099,-95048035.55408502,-10533119.227369932,-10565.601717735453,-0.005290640039720074,-0.19176988679500007,-0.029775919000000026,0.377531
8.109999999999872,0.006313762598633643,0.006313762598633643,0.29761009936970373,-0.8926230267772264,-76833085.88343382,-27733892.21764014,-20879.367484750695,-0.005294740006844323,-0.19203567842500008,-0.023382407000000025,0.9011714
8.119999999999871,0.006243263044258929,0.006243263044258929,0.297539599815329,-0.5859775670691724,-45912129.77352214,-23113228.43243151,4714.748331212807,-0.005297400561587395,-0.1922319700300001,-0.015875914000000026,0.6001272
8.129999999999871,0.006099430211445045,0.006099430211445045,0.29739576698251513,-0.8687888819316398,1571075.6196360588,-31447277.252064258,51253.177470048075,-0.005287663575647139,-0.1923534663700001,-0.008423354000000025,0.8903848
8.139999999999871,0.005885706141601887,0.005885706141601887,0.297182042912672,-0.4721659607931612,49851379.355550766,-24706507.637735076,99301.69067423207,-0.0052565286303327685,-0.1924030847300001,-0.0015003180000000248,0.4942224
8.14999999999987,0.0056213501910842845,0.0056213501910842845,0.29691768696215437,-0.21220506079068754,94590008.20270967,-16452701.324075028,149934.21170718997,-0.005198181434294957,-0.1923997752050001,0.0021622229999999757,0.2382858
8.15999999999987,0.005327124035648778,0.005327124035648778,0.29662346080671886,-0.2982615784520501,135893787.88591814,-20031336.134042636,195347.0935440568,-0.005110355989148607,-0.19236415491000008,0.0049618359999999756,0.3216368
8.16999999999987,0.0050149088777156625,0.0050149088777156625,0.29631124564878575,0.08915338573501015,166033219.39895368,-9426016.847347401,233549.05109673663,-0.004994964530434132,-0.19230813813500008,0.006241518999999976,-0.0657002
8.17999999999987,0.004698585916378284,0.004698585916378284,0.29599492268744837,-0.044357329187102924,191348400.69416642,-11934538.240488635,266246.0313628554,-0.004855057237636795,-0.1922457719750001,0.0062317129999999755,0.063739
8.18999999999987,0.004385215680759724,0.004385215680759724,0.2956815524518298,0.11767030138954504,207497175.2262807,-7769292.378129257,291517.5988664236,-0.004694474157636519,-0.1921843619000001,0.006050301999999975,-0.1000212
8.19999999999987,0.004063779149169666,0.004063779149169666,0.29536011592023975,-0.5136351124502504,233656797.56634212,-24257906.192175306,311199.6209772549,-0.004517556617293916,-0.1921131948550001,0.008183106999999974,0.5265822
8.20999999999987,0.0037071051188529713,0.0037071051188529713,0.29500344188992306,-0.4999015017649055,266462154.03961992,-27416143.824359126,331127.133860585,-0.004325986685382643,-0.1920053778850001,0.013380286999999973,0.5128538
8.21999999999987,0.0033006139790336952,0.0033006139790336952,0.2945969507501038,-0.4792492165413633,307023409.4076519,-27003241.308421705,358203.6994753334,-0.004116711676472595,-0.1918464716550001,0.018400958999999974,0.4912806
8.229999999999869,0.002839167451492375,0.002839167451492375,0.29413550422256246,-0.7398170502419926,357678499.6838012,-36251069.440924495,391431.9333887791,-0.003884284896440604,-0.1916313280150001,0.024627768999999973,0.7540814
8.239999999999869,0.0023189935610882784,0.0023189935610882784,0.29361533033215836,-0.3902111974858324,408249685.29423976,-28760502.491436303,428690.3710588591,-0.0036242749833618193,-0.1913560981100001,0.030418211999999972,0.4040072
8.249999999999869,0.0017458786061160803,0.0017458786061160803,0.29304221537718617,-0.5974031375109354,464524705.9284382,-34428470.74285436,470031.9795954087,-0.003332800452477469,-0.1910264694200001,0.03550752599999997,0.6138556
8.259999999999868,0.0011338370706490686,0.0011338370706490686,0.29243017384171915,0.027966515704459596,508060592.5653565,-19455481.852242786,511402.4374452804,-0.0030073800548245933,-0.1906563664650001,0.03851306499999997,-0.0127478
8.269999999999868,0.000509736867379984,0.000509736867379984,0.29180607363845007,0.05915061748394765,542703894.9429853,-15558754.32345529,550097.2803938299,-0.002648386836169858,-0.1902726331700001,0.03823359399999997,-0.0431464
8.279999999999868,-9.40090142580452e-05,-9.40090142580452e-05,-0.29139034578532513,0.7257235048418157,550743593.4859653,2653781.619933095,580615.9908997082,-0.002259901327718805,-0.18990922281000008,0.03444847799999997,-0.7138768
8.289999999999868,-0.0006344780034935882,-0.0006344780034935882,-0.2919308147745607,0.9638674480259943,534080589.56393623,15115834.737041062,598515.817375163,-0.0018505396678889507,-0.18960646256000008,0.02610357199999997,-0.9551044
8.299999999999867,-0.0010899866283443083,-0.0010899866283443083,-0.2923863233994114,0.7449561744987075,500286110.6131983,11591564.511894524,599506.2180380927,-0.0014329771053709917,-0.18938791133500008,0.01760667299999997,-0.7442754
8.309999999999867,-0.0014767186882614913,-0.0014767186882614913,-0.2927730554593286,0.29728280032031745,465772853.0299115,2002249.2764093913,584899.7108838847,-0.0010213284866481542,-0.18923800211000008,0.012375171999999969,-0.3020248
8.319999999999867,-0.0018273298815916772,-0.0018273298815916772,-0.29312366665265877,0.10531288833716729,436494493.65184116,-3684615.1155839344,565452.1112004529,-0.0006244135933523576,-0.18912469378000007,0.010286493999999969,-0.1157108
8.329999999999867,-0.00215454631532197,-0.00215454631532197,-0.29345088308638906,0.4278818070010904,404418213.1588826,6689907.301543973,548325.2476121637,-0.000244735242236338,-0.18903570433000008,0.007511395999999969,-0.4393088
8.339999999999867,-0.0024433733069668673,-0.0024433733069668673,-0.29373971007803396,0.5745011810784106,365237807.73595285,13130151.989890495,532331.263699479,0.00012565153636495685,-0.18898630660500007,0.0023681489999999687,-0.5893406
8.349999999999866,-0.002699280227015932,-0.002699280227015932,-0.293995616998083,-0.260088060287619,339067411.9081676,-7851139.128340447,511023.27022411063,0.00047702074662708815,-0.18897127891000007,0.0006373899999999686,0.2431888
8.359999999999866,-0.002961007560379536,-0.002961007560379536,-0.2942573443314466,-0.2871692981143773,324542206.6579087,-11959133.98253439,489067.77056545904,0.0008102764888076874,-0.18895213269500008,0.003191852999999969,0.2677038
8.369999999999866,-0.003237731959338075,-0.003237731959338075,-0.29453406873040516,0.23450888754480922,309817609.57094336,3590346.6911665923,477485.3396965951,0.0011296047916355134,-0.1889197974100001,0.0032752039999999687,-0.2510336
8.379999999999866,-0.0035046038386796208,-0.0035046038386796208,-0.2948009406097467,0.2122381125974281,292365611.66548467,4479283.490980896,470834.107977626,0.0014414163245809186,-0.1888990577200001,0.0008727339999999684,-0.2294604
8.389999999999866,-0.0037505779193576783,-0.0037505779193576783,-0.29504691469042477,0.17692683379917173,272163418.90856767,4320459.44338024,459491.4185386982,0.001745854614645742,-0.1889009208600001,-0.0012453620000000315,-0.1941588
8.399999999999865,-0.003975674297517939,-0.003975674297517939,-0.295272011068585,0.2690163205172378,249159733.20483232,7445725.0779445935,445274.4315287031,0.002039878437757797,-0.1889254358600001,-0.0036576380000000316,-0.2882964
8.409999999999865,-0.004174059369041028,-0.004174059369041028,-0.2954703961401081,0.35349279065400663,221887244.40378094,11353435.050862765,429575.37555091205,0.0023218038618693926,-0.18897853535000012,-0.006962260000000033,-0.372628
8.419999999999865,-0.004339863946044742,-0.004339863946044742,-0.29563620071711183,0.3272178789507307,191535751.77805948,11761391.65258189,410367.8817638355,0.002589747491348132,-0.18906620099000013,-0.010570868000000032,-0.3490936
8.429999999999865,-0.0044733100861519826,-0.0044733100861519826,-0.29576964685721907,0.28640892730253986,159835905.52084923,11873640.429115977,387497.44996971934,0.002841030582760612,-0.18918835923500013,-0.013860781000000032,-0.308889
8.439999999999864,-0.0045956197235381135,-0.0045956197235381135,-0.2958919564946052,-0.4545909667897173,145612283.564245,-8394763.253631892,362311.9938957201,0.003073550794838925,-0.18932395170000013,-0.013257712000000033,0.4295028
8.449999999999864,-0.004749519319148299,-0.004749519319148299,-0.2960458560902154,-0.6408657801484589,150215889.79668474,-17132215.438915998,341899.4621168833,0.0032885225435186627,-0.18943034680000012,-0.008021308000000033,0.617778
8.459999999999864,-0.004961987555311409,-0.004961987555311409,-0.2962583243263785,-0.6064735421533414,171547395.03847528,-17949311.299007334,336728.6818450973,0.003493648219689144,-0.1894804554600001,-0.0020004240000000327,0.5863988
8.469999999999864,-0.005232973904320981,-0.005232973904320981,-0.29652931067538807,-0.48696267826872436,201372329.83757663,-16764626.440676399,346108.5812640383,0.0037001130209123045,-0.1894739835000001,0.003294815999999967,0.4726492
8.479999999999864,-0.005550230389661681,-0.005550230389661681,-0.29684656716072877,-0.27045814373576604,232273081.39219427,-11855636.756979197,362937.05493378255,0.003916318504059463,-0.1894227471500001,0.006952453999999967,0.2588784
8.489999999999863,-0.005894799466574563,-0.005894799466574563,-0.29719113623764165,-0.06467697578353317,258638386.45206666,-6597227.25571781,382493.4035800402,0.004146428262368135,-0.1893453287800001,0.008531219999999968,0.0568748
8.499999999999863,-0.0062609316845406715,-0.0062609316845406715,-0.29755726845560776,-0.4627667023077449,290992456.6136148,-17730241.707454227,399897.5260671035,0.004390961389295872,-0.1892472197500001,0.011090585999999968,0.4549984
8.509999999999863,-0.0066518523815132236,-0.0066518523815132236,-0.2979481891525803,-0.0013829404791302308,317122553.0745115,-7653142.375525307,417035.40763104084,0.00464910759567419,-0.1891250369900001,0.01334596599999997,-0.0039224
8.519999999999863,-0.007048211076285393,-0.007048211076285393,-0.2983445478473525,0.24797402349484018,334300061.75210834,1426886.0421966529,435731.1514474984,0.004921506547719473,-0.1889980002600001,0.012061379999999969,-0.2529948
8.529999999999863,-0.007438062968383896,-0.007438062968383896,-0.298734399739451,-0.23431615649943396,353144085.66514874,-11873091.528616143,448743.4778797931,0.005206806653514057,-0.1888779748200001,0.01194370799999997,0.2294604
8.539999999999862,-0.007851361283270408,-0.007851361283270408,-0.2991476980543375,-0.7172395044548516,386406952.8604386,-27404918.46506629,457377.7602991434,0.005500992193832904,-0.1887350278550001,0.01664568499999997,0.710935
8.549999999999862,-0.008313257744713975,-0.008313257744713975,-0.29960959451578106,-0.2751892997460169,422708980.4434178,-18325624.37855026,473910.388806272,0.005805261390300159,-0.1885439824600001,0.02156339399999997,0.2726068
8.559999999999862,-0.008818797331849315,-0.008818797331849315,-0.3001151341029164,-0.47816661431620616,466398118.6733866,-23173455.455130503,498800.9285292399,0.006126385558710173,-0.1883095945450001,0.02531418899999997,0.4775522
8.569999999999862,-0.009362416865111634,-0.009362416865111634,-0.3006587536361787,-0.29173605600310726,508372616.34554887,-21112575.285966173,525428.8052437139,0.006468935546347837,-0.1880371593500001,0.02917284999999997,0.29418
8.579999999999862,-0.009925009898933745,-0.009925009898933745,-0.30122134667000083,0.3026548925645704,536720182.2394576,-3695553.8362242356,553480.4915489581,0.00683456173223565,-0.1877455534250001,0.02914833499999997,-0.299083
8.589999999999861,-0.010464937595619506,-0.010464937595619506,-0.3017612743666866,0.5930266149841851,545209501.223624,6305659.67837178,577301.3002385553,0.007222508027773217,-0.1874762561500001,0.02471111999999997,-0.58836
8.599999999999861,-0.010949993223455079,-0.010949993223455079,-0.30224632999452217,0.7061746314701474,533902913.9400909,12186835.879993387,588195.6762480398,0.007625792980531038,-0.1872614802350001,0.018244062999999967,-0.7050514
8.60999999999986,-0.011380188212928244,-0.011380188212928244,-0.30267652498399533,0.1890496565731712,520303411.0882895,-195930.6310999766,586207.3517588703,0.00803314245700762,-0.1871014218000001,0.013767623999999968,-0.1902364
8.61999999999986,-0.011787108664819745,-0.011787108664819745,-0.30308344543588683,-0.1533111076203544,513844306.4433391,-10611611.630235655,577193.6611967555,0.008435730975889483,-0.1869647751900001,0.013561697999999968,0.1490512
8.62999999999986,-0.012203526288523281,-0.012203526288523281,-0.30349986305959037,-0.2623662137311456,517951434.0116513,-14587666.464792691,571254.6886327144,0.008831860000739183,-0.1868189354550001,0.015606248999999968,0.259859
8.63999999999986,-0.01265574533419972,-0.01265574533419972,-0.3039520821052668,-0.7540800574379107,541709705.1967409,-29509679.498019326,572918.8270828461,0.009226145064138186,-0.18663754897000012,0.02067104799999997,0.7531008
8.64999999999986,-0.01317617031665963,-0.01317617031665963,-0.3044725070877267,-0.9577784418390515,585526675.8590641,-39184749.10941957,584176.9697703256,0.009625835180319758,-0.1863879617550001,0.02924639499999997,0.9619686
8.65999999999986,-0.013771479123977692,-0.013771479123977692,-0.3050678158950448,-0.32578389352512077,631024185.6644809,-24328696.78555089,609217.2374133723,0.010040910677088816,-0.18606306446000012,0.03573306399999997,0.3353652
8.66999999999986,-0.014411308639133036,-0.014411308639133036,-0.3057076454102001,-0.1715503795755012,672826246.2720459,-19345625.253658235,641999.83269885,0.010481128028140746,-0.18569266732500012,0.03834636299999997,0.1872946
8.67999999999986,-0.015059968240576704,-0.015059968240576704,-0.3063563050116438,0.3156317681349783,696916401.4510357,-6458121.753622224,671509.4613973508,0.010949076287877973,-0.18531197389000012,0.03779232399999997,-0.2981024
8.68999999999986,-0.015688043394439244,-0.015688043394439244,-0.30698438016550633,0.3636495873537962,707332482.2791895,-2364828.47099033,693279.1754508216,0.011440267590538539,-0.1849501079750001,0.034580858999999964,-0.3441906
8.699999999999859,-0.016285695838559322,-0.016285695838559322,-0.3075820326096264,0.17397744685439548,710059504.7883916,-7288505.910653848,705285.6909752793,0.011946935753003346,-0.1846168020350001,0.03208032899999996,-0.1559154
8.709999999999859,-0.016858544430939038,-0.016858544430939038,-0.3081548812020061,0.2805495885542914,705918507.1614305,-3711555.6630469896,710175.6338859095,0.012461344168006289,-0.1843064421350001,0.029991650999999963,-0.2618202
8.719999999999859,-0.017402683912113026,-0.017402683912113026,-0.3086990206831801,0.41328782426366467,693496713.7924079,1231918.8846735712,712126.739093084,0.012978859364907142,-0.1840229506750001,0.02670664099999996,-0.3951818
8.729999999999858,-0.017905959074616618,-0.017905959074616618,-0.3092022958456837,0.5274475097329236,670704868.8611584,6232514.08160422,709294.370765959,0.013495971817124836,-0.1837784870950001,0.02218607499999996,-0.5089314
8.739999999999858,-0.01836779803981181,-0.01836779803981181,-0.3096641348108789,0.18926504860934712,647661105.0809005,-1417752.0896848077,699988.5344940076,0.014007571173894312,-0.1835736642700001,0.01877848999999996,-0.1725856
8.749999999999858,-0.018804133017825797,-0.018804133017825797,-0.3101004697888929,0.11418188029574718,626229863.6577266,-3894398.7790754475,686700.1617950024,0.014508939691378314,-0.18339262099500012,0.01743016499999996,-0.0970794
8.759999999999858,-0.01924202681963738,-0.01924202681963738,-0.31053836359070447,-0.47999962893354237,622088711.5410014,-20036638.401519284,674463.462827496,0.014998795431695772,-0.1832083172250001,0.01943058899999996,0.4971642
8.769999999999857,-0.019711089556919248,-0.019711089556919248,-0.31100742632798634,-0.4009898181986776,628854445.7663339,-21320041.397478424,668234.5578953868,0.015480351636353612,-0.1829910407800001,0.02402469999999996,0.421658
8.779999999999857,-0.020221626319128327,-0.020221626319128327,-0.3115179630901954,-0.3770450022866479,645579691.3126657,-20689791.275737308,671725.1589773636,0.015960677380964655,-0.1827302256950001,0.02813831699999996,0.4010654
8.789999999999857,-0.020770911433699357,-0.020770911433699357,-0.31206724820476645,-0.39491647972384086,668085741.8775517,-23168025.608325034,682217.52369295,0.016447243752142376,-0.18242822541000012,0.03226173999999996,0.4236192
8.799999999999857,-0.021367017618563577,-0.021367017618563577,-0.31266335438963067,-0.7060258893715226,703344339.919011,-32810952.17099773,696301.3939028735,0.016944771509844664,-0.18207658225000012,0.03806689199999996,0.7374112
8.809999999999857,-0.022021604346730783,-0.022021604346730783,-0.31331794111779787,-0.5323132367875532,744510710.162842,-31546941.993179526,716318.1412245707,0.01745756247619354,-0.1816632593500001,0.04459768799999996,0.568748
8.819999999999856,-0.022727010296048622,-0.022727010296048622,-0.3140233470671157,-0.26217488056620114,784959710.437076,-24345974.440722074,742752.3611167119,0.017991364399630366,-0.1811955131500001,0.04895155199999996,0.3020248
8.829999999999856,-0.0234702949917609,-0.0234702949917609,-0.314766631762828,-0.45854375551994053,827904665.9640611,-30782089.84627661,770640.7015976892,0.018550125519742527,-0.1806858953300001,0.05297201199999996,0.5020672
8.839999999999856,-0.02424628100131987,-0.02424628100131987,-0.31554261777238696,-0.1288453879821365,864768259.6086502,-23288087.412064254,797546.1982061362,0.019134370233448023,-0.1801392843750001,0.05635017899999996,0.1735662
8.849999999999856,-0.025034237868439058,-0.025034237868439058,-0.31633057463950615,0.2373580663127223,889265136.4436628,-12217749.315790433,824211.4097565801,0.019743748271390388,-0.1795761993400001,0.056266827999999956,-0.1902364
8.859999999999856,-0.02580688921737123,-0.02580688921737123,-0.3171032259884383,0.2663349752459366,901295615.7114503,-9886504.181370502,845239.6865334408,0.020375832006531452,-0.1790238028450001,0.05421247099999996,-0.220635
8.869999999999855,-0.02655407672789928,-0.02655407672789928,-0.31785041349896637,0.24852551936412787,903913260.3645121,-9587537.734145446,857808.1585389357,0.021024023135906428,-0.17849229313000012,0.052089471999999956,-0.2039648
8.879999999999855,-0.027264370569059115,-0.027264370569059115,-0.3185607073401262,0.7123607607521838,888599564.2205966,4644261.800815128,864274.0619783164,0.02168127720502408,-0.1779932657900001,0.047715995999999955,-0.6707304
8.889999999999855,-0.027920601648008636,-0.027920601648008636,-0.3192169384190757,0.4892634475444801,864453683.4168301,2137378.086125642,863595.9327621597,0.022341290489308024,-0.1775441264750001,0.042111866999999956,-0.4500954
8.899999999999855,-0.02852514788719024,-0.02852514788719024,-0.3198214846582573,0.37650593487512657,834305250.8436425,-501336.1109379139,853804.5337322634,0.022996309643582097,-0.17714281592500009,0.03815024299999996,-0.3422294
8.909999999999854,-0.029091196921200213,-0.029091196921200213,-0.3203875336922673,0.29761288957209603,803659334.1894244,-922528.6794177052,839492.7188035932,0.023639858927688134,-0.1767765127950001,0.03511038299999996,-0.2657426
8.919999999999854,-0.029626233600435703,-0.029626233600435703,-0.3209225703715028,0.2687624769607933,772481338.5217655,-1065790.8936693138,824355.3485018931,0.024269446458274363,-0.1764380587050001,0.03258043499999996,-0.240247
8.929999999999854,-0.030146801765389142,-0.030146801765389142,-0.32144313853645623,-0.2564033339900968,753759865.8370448,-14598154.289076295,808451.1559387583,0.02488438416760777,-0.1761111756950001,0.032796166999999966,0.2833934
8.939999999999854,-0.030668694302814936,-0.030668694302814936,-0.321965031073882,0.1910571685779772,733593402.4310507,-4347869.530336415,795621.3240929075,0.02548581890814486,-0.1757802722250001,0.03338452699999997,-0.1657214
8.949999999999854,-0.031188469308752298,-0.031188469308752298,-0.3224848060798194,-0.04102052035028986,719542788.6891359,-7821979.512216806,787409.1212872282,0.02607740195425637,-0.1754489029700001,0.03288932399999997,0.0666808
8.959999999999853,-0.03168838022498566,-0.03168838022498566,-0.32298471699605275,0.6855380303880069,688903018.8737783,10762400.613729667,779644.0609248282,0.026661528473320067,-0.1751348903350001,0.02991320299999997,-0.661905
8.969999999999853,-0.03213350696400025,-0.03213350696400025,-0.32342984373506733,0.8613068333788664,643197970.8465263,21589025.325457435,768202.7161108665,0.027236719866533005,-0.1748732907700001,0.022406709999999972,-0.8393936
8.979999999999853,-0.032507064091121585,-0.032507064091121585,-0.3238034008621887,0.45463277858370305,591466661.3514936,11547597.48030671,746380.6620310086,0.027796511991911937,-0.1746811667150001,0.016018100999999972,-0.4383282
8.989999999999853,-0.032837688242263685,-0.032837688242263685,-0.3241340250133308,-0.05325499093129774,549917505.2847495,-1262015.8723763654,715365.4124061349,0.02833201660804771,-0.17453030140500012,0.014154960999999973,0.0657002
8.999999999999853,-0.03315531768032254,-0.03315531768032254,-0.3244516544513896,0.171662447495221,512464251.06029296,3209207.1747734216,686996.0960656493,0.028840458675276598,-0.17439115426500013,0.013674466999999973,-0.161799
9.009999999999852,-0.03346807898011106,-0.03346807898011106,-0.32476441575117815,-0.09534619384908177,485374430.058347,-1881806.9355615522,664458.6348005158,0.02932592109136531,-0.17425583146500012,0.013390092999999973,0.1049242
9.019999999999852,-0.033784598253208675,-0.033784598253208675,-0.32508093502427576,-0.13129161945854037,464787184.09282255,-5140728.968889581,645143.0662818403,0.02979265579464599,-0.1741158263000001,0.014610939999999973,0.1392452
9.029999999999852,-0.03411494598764436,-0.03411494598764436,-0.3254112624631149,-0.1944019083337845,452871726.2153177,-6082930.382656023,630394.9247783907,0.030244255737428533,-0.1739611611650001,0.016322086999999975,0.2029842
9.039999999999852,-0.03446970450605441,-0.03446970450605441,-0.3257659584105563,-0.4546480445329913,453092674.62216616,-15216656.832410488,621048.7577475266,0.030685198446144285,-0.1737812946100001,0.019651223999999974,0.4628432
9.049999999999851,-0.03486350258628862,-0.03486350258628862,-0.3261596939695143,-0.45788820602290675,463655332.4423423,-16671619.151647436,617802.3738751445,0.031120455138900355,-0.1735615176350001,0.024304170999999975,0.4677462
9.059999999999851,-0.03528920442713024,-0.03528920442713024,-0.32658533340372026,0.0942689996374701,469468607.070045,-2898741.429003281,622425.1794775156,0.0315560644445779,-0.17330886604500012,0.026226146999999974,-0.083351
9.069999999999851,-0.0357359293113399,-0.0357359293113399,-0.32703199606039646,-0.5715778433470636,487065752.0047028,-19393687.72101156,629051.8829220913,0.0319965430410247,-0.17303410192500013,0.028726676999999975,0.583457
9.07999999999985,-0.0362200669375064,-0.0362200669375064,-0.32751607170477837,-0.44763239681423816,509395039.6012461,-20970979.558254946,635658.3331188188,0.03244284011596463,-0.17272077571000014,0.033938565999999976,0.4589208
9.08999999999985,-0.036743572111341716,-0.036743572111341716,-0.3280395152094566,-0.10787177487751265,531643789.4979582,-10520190.588361042,649016.001703299,0.032897796964176856,-0.17236687717000013,0.03684114199999997,0.1215944
9.09999999999985,-0.03728354494459113,-0.03728354494459113,-0.32857942675204577,0.004657580405130972,547987336.9342074,-8224442.35316005,665090.8506082172,0.03336578537263249,-0.17199520525500012,0.037493240999999976,0.0088254
9.10999999999985,-0.03782984650267984,-0.03782984650267984,-0.32912566746681543,-0.1546039726128709,563506420.2914753,-11629477.042685598,677016.5126542487,0.03384642998545914,-0.1716158601450001,0.03837578099999998,0.1676826
9.11999999999985,-0.0383778840464834,-0.0383778840464834,-0.3296736446874985,0.23509793211141589,569343776.3272634,-2357227.9053635695,686797.7815436597,0.03433692334285984,-0.1712334996900001,0.038096309999999974,-0.2235768
9.12999999999985,-0.03893185559215129,-0.03893185559215129,-0.33022755650478497,-0.5529664486326659,587911708.5668027,-21695921.90101655,694345.1697793836,0.03483531754879668,-0.1708440298850001,0.039797650999999976,0.563845
9.13999999999985,-0.0395190466694913,-0.0395190466694913,-0.33081468852313217,-0.4579684237190985,612559089.2193615,-24484747.67558298,701924.201113803,0.035340563917034745,-0.17042026359500012,0.044955606999999974,0.4677462
9.14999999999985,-0.040151969565122514,-0.040151969565122514,-0.33144755310138513,-0.3603991001602267,644085251.0847123,-20585377.595582254,717016.8946061303,0.035855911323067785,-0.1699496981700001,0.04915747799999998,0.372628
9.15999999999985,-0.040819846245276736,-0.040819846245276736,-0.33211537227501764,-0.219417191141425,674126738.6342432,-19191194.69894376,737264.2811958087,0.03638725791973621,-0.16944299763500012,0.05218262899999998,0.2324022
9.169999999999849,-0.04151148810660138,-0.04151148810660138,-0.33280695751062606,-0.1514089965941021,701991517.1830846,-16184141.441813832,757345.4603287926,0.036937155630002244,-0.1689112182550001,0.05417324699999998,0.1657214
9.179999999999849,-0.042213185828922445,-0.042213185828922445,-0.33350859956073337,0.1199716520794604,720852698.4352435,-9970951.703279788,776376.8567548688,0.03750526143588276,-0.1683679903700001,0.05447232999999998,-0.1059048
9.189999999999849,-0.0429032439430756,-0.0429032439430756,-0.33419860303145377,0.3770392477046437,726766117.558966,-381292.93736589514,791754.9950183745,0.03808954509166823,-0.16783498524000012,0.05212869599999998,-0.362822
9.199999999999848,-0.043564237387978516,-0.043564237387978516,-0.33485954293992665,0.28853662252022,723605145.8880405,-2027976.9989836942,800185.3027274036,0.0386852029001834,-0.16732968206000012,0.04893193999999998,-0.2765292
9.209999999999848,-0.04420186922854352,-0.04420186922854352,-0.33549712243203317,-0.019662226433738775,721069006.7668381,-9269284.37482975,801417.2530636608,0.03928553144875302,-0.16684651592500013,0.04770128699999998,0.0303986
9.219999999999848,-0.04483621781844635,-0.04483621781844635,-0.33613141994285883,-0.11792225477837319,722557007.7280191,-13424816.635408755,800184.7161880989,0.03988585972255995,-0.16636555614000012,0.04849066999999998,0.127478
9.229999999999848,-0.0454819717010099,-0.0454819717010099,-0.3367771240948619,-0.200758911106795,730123347.7215594,-15316561.759149687,801433.3814911863,0.04048619555460933,-0.16587216725000012,0.05018710799999998,0.2118096
9.239999999999847,-0.04613541047853781,-0.04613541047853781,-0.33743051456667944,0.2120011030991,731639997.8185241,-5093988.567959622,805806.9753860141,0.04108916742697935,-0.16537000199000013,0.05024594399999998,-0.2000424
9.249999999999847,-0.04678623581495239,-0.04678623581495239,-0.33808129309753343,-0.11873801917238802,736402985.5435876,-11665668.789972354,810210.6528919253,0.041696258205854986,-0.16486923408500012,0.04990763699999998,0.132381
9.259999999999847,-0.047432424297934844,-0.047432424297934844,-0.33872743635102465,0.21091521341940767,733880489.6437657,-4903610.596089837,812194.8750442131,0.04230634958508073,-0.1643717757050001,0.049584038999999976,-0.1971006
9.269999999999847,-0.048068609438063264,-0.048068609438063264,-0.339363577914146,0.09702437693831435,731040969.933893,-4867645.28478053,813222.8737806305,0.04291785708713833,-0.1638828975750001,0.04819158699999997,-0.0813898
9.279999999999847,-0.04868091842724298,-0.04868091842724298,-0.3399758450551756,0.5500820706523702,714232040.4816078,6337533.282155216,811837.5510027728,0.043529196586427316,-0.1634163771250001,0.04511250299999997,-0.534427
9.289999999999846,-0.0492465404116586,-0.0492465404116586,-0.3405414269972922,0.6702916723209399,685241042.6615396,14423328.063724171,805387.5034094215,0.04413685521706612,-0.1629949642750001,0.03917006699999997,-0.6540602
9.299999999999846,-0.049760566356387564,-0.049760566356387564,-0.3410554147839592,0.17317617217167344,656278359.7082155,1071257.5400328166,790536.9720770431,0.04473453258365509,-0.1626235865400001,0.03510547999999997,-0.1588572
9.309999999999846,-0.050248128459615626,-0.050248128459615626,-0.34154294069242735,0.041909643372152874,632271733.2592784,-2275734.4275758266,769895.0225752643,0.04531564940589597,-0.1622771895900001,0.03417390999999997,-0.0274568
9.319999999999846,-0.05073610911242887,-0.05073610911242887,-0.3420308871904809,-0.2737574577773227,621728826.2231892,-11819253.0902884,752141.7170159767,0.04587894475719595,-0.1619289049850001,0.03548301099999997,0.289277
9.329999999999846,-0.051230030465155924,-0.051230030465155924,-0.3425247765005984,0.26793724472012054,607608421.9365385,2312781.3885506834,740079.0832511961,0.046428474636515005,-0.1615730697600001,0.03568403399999997,-0.2490724
9.339999999999845,-0.05172661031911477,-0.05172661031911477,-0.343021326492781,-0.36849847877604913,606835134.2758932,-13432414.964652587,731108.5367017761,0.04696833707880965,-0.1612127237750001,0.03638516299999997,0.3892982
9.349999999999845,-0.05223981095178162,-0.05223981095178162,-0.34353449951160187,-0.19583843495389894,609566498.0396318,-12267372.411176916,723117.9646841721,0.047500430185197534,-0.1608336483300001,0.03942992599999997,0.2196544
9.359999999999845,-0.052772269703263874,-0.052772269703263874,-0.344066932962295,-0.010241926207478293,614879933.5006723,-6113192.8359275265,720540.6778732478,0.04802763054787909,-0.1604329261400001,0.04071451199999997,0.0372628
9.369999999999845,-0.053309543775748175,-0.053309543775748175,-0.3446041841096367,0.023639871583725807,618187660.3371999,-5656849.021692657,720881.59155955,0.04855378163373836,-0.1600246778450001,0.04093514699999996,0.0068642
9.379999999999844,-0.053850833764397754,-0.053850833764397754,-0.34514545361033777,-0.19772105101654971,625969897.9999913,-11632258.289253782,719107.2204651484,0.04907931641609456,-0.1596094182600001,0.04211676999999996,0.2294604
9.389999999999844,-0.05441552558615115,-0.05441552558615115,-0.34571012744206336,-0.5643455603719575,646610036.5880232,-23678865.673909962,718307.4815969111,0.04960362699024351,-0.15916753538500011,0.04625980499999996,0.5991466
9.399999999999844,-0.05501968702972035,-0.05501968702972035,-0.34631427345139754,-0.25247493258282405,671124515.2030375,-17512145.461895768,723148.4403835653,0.05012959972016165,-0.1586827022300001,0.05070682599999996,0.2902576
9.409999999999844,-0.055656754294106214,-0.055656754294106214,-0.34695132789142136,-0.24704180205029946,699053914.7943267,-17119151.516613506,734469.5946743675,0.05066277202250988,-0.1581611456050001,0.05360449899999996,0.289277
9.419999999999844,-0.056307973092072305,-0.056307973092072305,-0.3476025365262592,0.1804168167939197,717046244.8285296,-6625654.278880574,746964.0294488174,0.05120684099874556,-0.1576212762750001,0.05436936699999996,-0.1363034
9.429999999999843,-0.056946251213982585,-0.056946251213982585,-0.3482408071961782,0.40380754695526266,722808571.5171331,1899610.0138796475,756774.3555556176,0.05176128658489049,-0.1570899381650001,0.05189825499999996,-0.357919
9.439999999999843,-0.057563838501127035,-0.057563838501127035,-0.34885838979100026,-0.16042556136345526,730973295.4714705,-13215988.235099988,759489.5973307996,0.05232174224016234,-0.1565747799550001,0.05113338699999996,0.2049454
9.449999999999843,-0.05817962810702035,-0.05817962810702035,-0.34947417751047727,-0.011132774032234161,738555411.8811035,-10920474.988690967,758012.110541997,0.052882906868661345,-0.1560569250950001,0.05243758499999996,0.0558942
9.459999999999843,-0.05879522606546658,-0.05879522606546658,-0.3500897764304379,0.19027093149309054,743225642.28302,-4413469.527483597,759431.7173106942,0.053443978423133975,-0.1555347801100001,0.05199141199999996,-0.1451288
9.469999999999843,-0.059413319333765285,-0.059413319333765285,-0.35070787354522487,-0.4692811991846282,759243336.7192351,-22393025.938292727,760302.462017196,0.05400612261088336,-0.1550056238350001,0.05383984299999996,0.514815
9.479999999999842,-0.060054248851698716,-0.060054248851698716,-0.3513488098271779,-0.16524737835976017,777059827.3029742,-17443753.782851644,762057.8315341552,0.054569452757479125,-0.1544490843050001,0.05746806299999996,0.210829
9.489999999999842,-0.06070853017883435,-0.06070853017883435,-0.35200310086346337,0.2656164647260842,788393576.8782352,-3874146.1062138025,770077.8230745951,0.05513714534930819,-0.1538745752800001,0.05743374199999996,-0.2176932
9.499999999999842,-0.061352781201593765,-0.061352781201593765,-0.35264736456287943,0.03519816184471329,796621014.8874116,-9489687.579221653,776906.2469556638,0.05571177481380554,-0.1533053860100001,0.056404111999999965,0.0117672
9.509999999999842,-0.061984094003003476,-0.061984094003003476,-0.35327869302623965,0.18151606557194735,798735153.2464033,-5758987.678332686,778443.778748007,0.05629046401983295,-0.1527444337800001,0.055786333999999965,-0.1353228
9.519999999999841,-0.06261239815043693,-0.06261239815043693,-0.3539070158338311,-0.27791322476301245,809120014.1634028,-17684464.04564982,778548.7642612241,0.056869964341152046,-0.1521818880750001,0.056722806999999965,0.3226174
9.529999999999841,-0.06323305515016828,-0.06323305515016828,-0.35452769449922145,0.6801381103883565,801348777.7519035,6942201.288056571,779516.213040889,0.05744995343084203,-0.1516224802900001,0.055158749999999965,-0.6354288
9.539999999999841,-0.06382036386564219,-0.06382036386564219,-0.3551150278871709,0.2515392834577193,791585371.2330186,631739.5464135557,778980.153950938,0.058030143237606274,-0.1510920002050001,0.05093726699999997,-0.2088678
9.54999999999984,-0.06436094186243702,-0.06436094186243702,-0.3556556335584745,0.6860120698592225,764375986.2965877,10596180.210909374,770653.8059966175,0.0586062246740153,-0.1506040046150001,0.04666185099999997,-0.6462154
9.55999999999984,-0.06484211220306993,-0.06484211220306993,-0.356136834564519,0.7527428233009814,726691209.2534195,17890906.630077377,755905.2995802586,0.05917160778454411,-0.15017146195500009,0.03984668099999997,-0.7168186
9.56999999999984,-0.06526009608993438,-0.06526009608993438,-0.35655485208986143,0.33596043427739436,686938174.9136908,6845626.465230457,733962.5884078874,0.05972006328709939,-0.1497985152600001,0.03474265799999997,-0.303986
9.57999999999984,-0.06562263366976928,-0.06562263366976928,-0.35691742625652095,0.7931885893258688,636304433.635339,20907058.331805795,705670.7099814243,0.06024551161336433,-0.1494778345450001,0.02939348499999997,-0.7658486
9.58999999999984,-0.06591463625636565,-0.06591463625636565,-0.3572094683466755,0.8990621166127788,575150441.1013563,27547986.74815038,675544.996837231,0.060744447494739146,-0.1492249132900001,0.02119076599999997,-0.8746952
9.59999999999984,-0.06613308494528022,-0.06613308494528022,-0.3574279594169327,0.3508430847200385,516049826.586761,14947830.19848297,637279.7623825049,0.06121271905434997,-0.1490431835950001,0.015155172999999968,-0.3324234
9.60999999999984,-0.06631006585537516,-0.06631006585537516,-0.3576049855397428,0.05796286673226696,467002223.44156384,6088091.836141964,593575.3592021979,0.061644756370075326,-0.14890102111000011,0.013277323999999969,-0.0431464
9.61999999999984,-0.06647211879399953,-0.06647211879399953,-0.3577670864698815,0.13035004063890832,426094333.2502639,8299514.142639266,554967.3444844651,0.0620409725599779,-0.14877226833000012,0.01247323199999997,-0.117672
9.62999999999984,-0.06662344291135314,-0.06662344291135314,-0.35791846130014254,0.11048990282069092,391133213.56853366,8101599.631995678,522937.67719540984,0.06240694734296956,-0.14865292931000013,0.01139457199999997,-0.09806
9.639999999999839,-0.0667739944456994,-0.0667739944456994,-0.3580690662064032,-0.3204515402054325,370256550.911016,-3834466.7739254283,494206.2362415574,0.06274730951589697,-0.14853314902000012,0.012561485999999969,0.3314428
9.649999999999839,-0.0669350574585296,-0.0669350574585296,-0.3582301851829442,0.10990400979692273,350348836.1314051,5782805.102091366,470876.460421726,0.06306600532605469,-0.1484016995900001,0.013728399999999969,-0.09806
9.659999999999838,-0.06708894923242936,-0.06708894923242936,-0.35838413544120973,0.38746806360952596,325640232.9908421,15856587.22784706,454245.30886465486,0.06336819396397142,-0.1482762563350001,0.011360250999999969,-0.3755698
9.669999999999838,-0.06720964178534616,-0.06720964178534616,-0.3585048889223898,0.4431287023037235,292641112.66787076,18199728.097277198,435040.52420521976,0.06365583450363468,-0.1481828541850001,0.007320178999999968,-0.4324446
9.679999999999838,-0.06729436299907762,-0.06729436299907762,-0.3585896734225236,0.16512809919645324,260653975.35303402,12156494.887277765,408999.9291115529,0.06392538965272737,-0.1481244104250001,0.0043685729999999685,-0.1578766
9.689999999999838,-0.06735988193851503,-0.06735988193851503,-0.35865525791213876,-0.005316462518668052,234214678.41170955,6430539.393199907,380130.66127484344,0.06417321438760604,-0.1480844019450001,0.0036331229999999686,0.0107866
9.699999999999838,-0.06742307839573577,-0.06742307839573577,-0.358718522084349,-0.0616607193922378,214959564.55231595,4876338.954574613,354226.83481492806,0.06439963930696976,-0.1480461585450001,0.004015556999999968,0.0657002
9.709999999999837,-0.06750871622321378,-0.06750871622321378,-0.3588042296915955,-0.7690995001440509,218394714.67632747,-16042605.949294114,333659.60952734074,0.06460809466174197,-0.14798501813500012,0.008212524999999967,0.7736934
9.719999999999837,-0.06764649786646207,-0.06764649786646207,-0.3589420830818586,-0.4859716009862688,232953318.06816554,-12529223.197080135,323432.65406164824,0.06480460495314336,-0.14787124402000013,0.014542297999999967,0.4922612
9.729999999999837,-0.06783175062262606,-0.06783175062262606,-0.359127409461799,-0.1578768849756811,250562912.68021297,-3466687.387914051,328038.1582575592,0.06499862454484359,-0.14770929793000012,0.017846919999999968,0.1686632
9.739999999999837,-0.06803693848215212,-0.06803693848215212,-0.3593326727343493,0.004265768453177528,263097677.91977644,497941.9434812991,337679.1717045557,0.06519786825900542,-0.14752641603000013,0.01872945999999997,0.0078448
9.749999999999837,-0.06822966155393018,-0.06822966155393018,-0.3595254729117817,0.6479180614414909,256077500.95252728,19063825.10064812,343774.3231565419,0.06540316081615932,-0.14735481103000014,0.015591539999999968,-0.6354288
9.759999999999836,-0.06837981063249321,-0.06837981063249321,-0.35967570067661164,0.4028578372649901,239656725.09326816,15683438.213042315,341287.2522088472,0.06561007245987893,-0.14722461186500013,0.010448292999999968,-0.3932206
9.769999999999836,-0.06848662816948412,-0.06848662816948412,-0.3597825983522497,0.2796279269130725,217354629.17981815,11859753.833488623,326260.50644317106,0.0658107184742224,-0.14713679913500013,0.007114252999999968,-0.2735874
9.779999999999836,-0.06857007850161909,-0.06857007850161909,-0.3598661301357348,-0.02743636300533067,201128629.55967927,4398129.173562666,306087.5177498494,0.06599835621174158,-0.14707173632500015,0.005898308999999968,0.0303986
9.789999999999836,-0.06866294763764078,-0.06866294763764078,-0.35995908189568226,-0.6015402948724026,203245511.10339117,-13407173.276195934,287823.08147464995,0.06617176545667566,-0.14699689203000016,0.009070549999999969,0.6040496
9.799999999999836,-0.06879439628032491,-0.06879439628032491,-0.3600906142048323,-0.3127050153525606,214003186.58989692,-8337141.691404415,279052.4058985166,0.06633509014368963,-0.14688316694500017,0.013674466999999968,0.3167338
9.809999999999835,-0.06897190411820034,-0.06897190411820034,-0.3602682066382742,-0.6154546460990662,239774190.45422697,-16936194.001963213,283210.5570055818,0.06649644024236934,-0.14672291239000018,0.018376443999999967,0.6236616
9.819999999999835,-0.06920513019110752,-0.06920513019110752,-0.3605014669621746,-0.6831013107884889,276368684.4776938,-22560259.539650146,295176.7641923412,0.06666344972667251,-0.14650619979000018,0.02496607599999997,0.6942648
9.829999999999835,-0.06949840597069917,-0.06949840597069917,-0.36079474274176626,-0.4189609599736257,317469478.55786586,-16922934.241606876,316439.50691775227,0.06684244071421136,-0.14622829775000018,0.03061433199999997,0.4353864
9.839999999999835,-0.06982614088135108,-0.06982614088135108,-0.3611224776524182,0.14266235420123197,347274480.9628837,-2233664.4338133037,344442.9888172062,0.06703966402314426,-0.14591433414500019,0.03217838899999997,-0.122575
9.849999999999834,-0.07015237858612655,-0.07015237858612655,-0.36144871535719364,0.1935378518811337,365999631.7480459,1104307.3344816407,368182.4017180844,0.06725665584701068,-0.14559990475500018,0.030707488999999966,-0.171605
9.859999999999834,-0.07046874701152017,-0.07046874701152017,-0.36176508378258726,-0.13495324981377663,382887176.72726035,-8391178.62420093,381917.83804065135,0.06748837650863954,-0.14529322210500017,0.030629040999999968,0.1559154
9.869999999999834,-0.07078684892260662,-0.07078684892260662,-0.3620831856936737,0.0070355272788946745,396875134.90336037,-5440946.351231133,390756.77474627015,0.06772906959969338,-0.14498266608500018,0.031482162999999966,0.014709
9.879999999999834,-0.07111025098774382,-0.07111025098774382,-0.3624065877588109,-0.09112193417041514,412127509.01996374,-7766810.826612807,400207.17001607193,0.06797698001539274,-0.14466463299000018,0.03212445599999997,0.1137496
9.889999999999834,-0.07143490244862805,-0.07143490244862805,-0.36273123921969513,0.12523155515578835,421654771.0976856,-2571039.437665128,408906.1470575249,0.06823211545213359,-0.1443430697350002,0.03218819499999997,-0.1010018
9.899999999999833,-0.07175293837044983,-0.07175293837044983,-0.3630492751415169,0.10527907146961164,427986337.99415135,-1898129.9814748128,415780.4016472378,0.0684935210478071,-0.1440257230600002,0.03128113999999997,-0.0804092
9.909999999999833,-0.07205423445762632,-0.07205423445762632,-0.3633505712286934,0.33380368771690266,424895270.7108011,4293406.568120208,419274.30843600753,0.068759211206358,-0.14372261960000018,0.02933955199999997,-0.3079084
9.919999999999833,-0.07232512608242331,-0.07232512608242331,-0.3636214628534904,0.4432920482759783,412505302.5727308,9441534.698596217,417958.52127085964,0.06902598787261768,-0.14344736518000017,0.02571133199999997,-0.4177356
9.929999999999833,-0.07255514243733474,-0.07255514243733474,-0.36385147920840183,0.4146230111502493,392292406.78262615,9759721.130515782,410105.5805745893,0.06928918525457209,-0.14321042770500017,0.02167616299999997,-0.3892982
9.939999999999833,-0.07275843156699097,-0.07275843156699097,-0.36405476833805805,-0.20345925157722117,381547422.25897384,-6305477.492476534,395126.43113646144,0.06954335291253969,-0.14299771105000017,0.02086716799999997,0.2274992
9.949999999999832,-0.07297426682760727,-0.07297426682760727,-0.36427060359867436,-0.5095801730297662,386303720.9719708,-17731520.767933995,380354.7817271423,0.06978583755503812,-0.14276996670000017,0.024681701999999972,0.5354076
9.959999999999832,-0.07324213009216124,-0.07324213009216124,-0.3645384668632283,-0.8585435403083053,414167907.91432977,-29264172.67427608,376177.66078479576,0.07002084795104421,-0.14248755390000017,0.031800857999999974,0.8884236
9.969999999999832,-0.07358650333189354,-0.07358650333189354,-0.3648828401029606,-0.833779323354808,458760317.997653,-32828128.848995127,387336.97901933384,0.07025830285614323,-0.14212556541000018,0.040596839999999974,0.8707728
9.979999999999832,-0.07401131295481178,-0.07401131295481178,-0.36530764972587887,-0.6914046318178738,513649540.0445347,-30865986.568989538,412418.70602379367,0.07050962206187525,-0.1416794414400002,0.04862795399999997,0.73545
9.989999999999831,-0.07449920330257626,-0.07449920330257626,-0.36579554007364334,-0.3066956442636883,565917377.6941378,-22559322.03749632,446219.1078832478,0.07078416334991175,-0.1411658276750002,0.05409479899999997,0.357919
9.999999999999831,-0.0750347486714169,-0.0750347486714169,-0.366331085442484,-0.6014641760922014,623155086.6089399,-30678744.103695963,480974.85772431456,0.07108646604218335,-0.14059950666000018,0.059169403999999974,0.657002
10.009999999999831,-0.07561293279655495,-0.07561293279655495,-0.36690926956762204,-0.19598990825010168,673697784.7989386,-22985467.87483541,514735.33738816984,0.07141709678134181,-0.13998498915500018,0.06373409699999998,0.2559366
10.01999999999983,-0.07622160866671723,-0.07622160866671723,-0.3675179454377843,-0.22629404798199945,722209799.6361977,-22347946.419441923,548418.8066697166,0.071776089812044,-0.13933401784500019,0.06646016499999997,0.289277
10.02999999999983,-0.07685501000212847,-0.07685501000212847,-0.36815134677319555,-0.3405134934957301,769427441.1426511,-27835093.060862087,578780.5104272956,0.07216251361025952,-0.13865203506000018,0.06993639199999997,0.4059684
10.03999999999983,-0.07752481126239291,-0.07752481126239291,-0.36882114803346,-0.5487535145300664,822789544.5387574,-34194262.16768634,607032.0515951754,0.07257436827006805,-0.1379271265100002,0.07504531799999997,0.6158168
10.04999999999983,-0.07822917272222307,-0.07822917272222307,-0.36952550949329016,0.055551331180462266,866269644.6211493,-20123439.022594653,637909.7102280475,0.07301208497635012,-0.13716091018500018,0.07819794699999998,0.014709
10.05999999999983,-0.07894499800674143,-0.07894499800674143,-0.3702413347778085,-0.020946822686006335,904248414.3275963,-19400725.520380244,668134.653913135,0.07347726770302149,-0.1363762585800002,0.07873237399999998,0.0921764
10.06999999999983,-0.07967749844717825,-0.07967749844717825,-0.37097383521824534,-0.6807338151762812,951105754.5686369,-39886780.26998068,692031.1070730693,0.07396671536522309,-0.13556782742500018,0.08295385699999998,0.7521202
10.07999999999983,-0.08045719179008826,-0.08045719179008826,-0.37175352856115534,-0.5053966653149632,1003537189.4127707,-37758464.861439764,716168.3672785631,0.07447786219813102,-0.13470504651500018,0.08960232499999998,0.5775734
10.08999999999983,-0.08127103955416515,-0.08127103955416515,-0.37256737632523224,0.3252762760057359,1041592416.0424335,-15222498.328317124,747767.2133502489,0.07501443615403036,-0.13380083525500017,0.09123992699999998,-0.250053
10.09999999999983,-0.08207366085553053,-0.08207366085553053,-0.3733699976265976,0.30387714097519214,1065786900.503923,-12207519.914504841,776761.1778924508,0.07557886110182255,-0.13290042382000017,0.08884235999999998,-0.2294604
10.109999999999829,-0.08284380415820058,-0.08284380415820058,-0.3741401409292677,0.3660893898600267,1075201078.9077516,-10613548.94013845,794331.6261515244,0.07616465001622075,-0.13202509123000017,0.08622415799999998,-0.29418
10.119999999999829,-0.08358118838721457,-0.08358118838721457,-0.37487752515828165,0.2743070255463699,1077848894.8439102,-10639118.194166929,803147.2837181294,0.0767624485208947,-0.13117535230000016,0.08372362799999998,-0.205926
10.129999999999828,-0.08429558243744006,-0.08429558243744006,-0.37559191920850715,0.0049037105849160136,1081067100.3566296,-18243576.009251356,806691.432181145,0.0773665435791672,-0.13034174424000017,0.08299798399999998,0.0607972
10.139999999999828,-0.0850018404665106,-0.0850018404665106,-0.3762981772375777,0.0413263994823865,1084617254.6373045,-16918799.405097164,808240.3001455914,0.07797312385989483,-0.12950970514000018,0.08340983599999999,0.0215732
10.149999999999828,-0.08570289779649293,-0.08570289779649293,-0.37699923456756,0.12047145397802218,1086743245.5839808,-14421740.377794225,811168.1852680777,0.07858180696873598,-0.12867653835000017,0.08322352199999998,-0.058836
10.159999999999828,-0.08639368183478852,-0.08639368183478852,-0.3776900186058556,0.1286623600331342,1086352350.7079144,-13027744.50774543,813859.9678723818,0.07919313148520149,-0.12784751459500018,0.08258122899999998,-0.0696226
10.169999999999828,-0.08707899007600706,-0.08707899007600706,-0.37837532684707414,-0.15879550272542606,1090711613.789185,-20833258.19173336,814750.8067820186,0.07980614092877578,-0.12701804957000018,0.08331177599999998,0.215732
10.179999999999827,-0.08777466626305758,-0.08777466626305758,-0.37907100303412467,-0.2258846980986682,1100608416.4208014,-23497810.20585352,816167.9924007716,0.08042023653454924,-0.1261725272200002,0.08579269399999997,0.2804516
10.189999999999827,-0.08849060631915984,-0.08849060631915984,-0.3797869430902269,-0.20011941686955442,1115208910.7193236,-23312746.93408042,821401.2639735166,0.08103746479643462,-0.1253012396050002,0.08846482899999998,0.2539754
10.199999999999827,-0.08920892826984334,-0.08920892826984334,-0.3805052650409104,0.530750324809588,1114702637.401312,-2805159.11612574,830244.9768396978,0.08166133429351966,-0.1244222052500002,0.08734204199999998,-0.4785328
10.209999999999827,-0.08990185710206905,-0.08990185710206905,-0.38119819387313614,0.15431133702699928,1110905487.558055,-9420134.029407822,836099.1852871741,0.08229214961489337,-0.12356337125500019,0.08442475699999998,-0.1049242
10.219999999999827,-0.09057176081725271,-0.09057176081725271,-0.3818680975883198,0.08163168281698809,1103726830.36803,-12741568.90631085,834420.8769737105,0.08292494048303109,-0.1227226783600002,0.08371382199999998,-0.0372628
10.229999999999826,-0.09124247410724984,-0.09124247410724984,-0.3825388108783169,-0.3499912812661159,1108401796.851726,-23499234.427730482,830891.143407526,0.08355526665645549,-0.1218766902250002,0.08548380499999998,0.3912594
10.239999999999826,-0.09192316966501607,-0.09192316966501607,-0.38321950643608316,0.21899299682022202,1107115852.754067,-10143567.828518607,831452.6716052196,0.084184188368054,-0.1210165814500002,0.08653794999999999,-0.1804304
10.249999999999826,-0.09257953134238334,-0.09257953134238334,-0.3838758681134504,0.8853269175144519,1086230427.1489668,12545804.393650085,834437.4715349758,0.08481478795374878,-0.1201769427000002,0.08138979999999998,-0.8491996
10.259999999999826,-0.09317552692447134,-0.09317552692447134,-0.38447186369553843,0.4249969793234871,1056891529.3919353,3118626.927493578,829595.076598693,0.08544450922085287,-0.1193941542350002,0.07516789299999999,-0.3951818
10.269999999999825,-0.09371724069686571,-0.09371724069686571,-0.3850135774679328,0.43595151158335776,1020642625.2034932,3867673.4761576466,812824.0336351984,0.08606403242516977,-0.1186626756650002,0.07112782099999998,-0.4128326
10.279999999999825,-0.09421556000156739,-0.09421556000156739,-0.3855118967726345,0.4388787052178061,982206456.8290265,6235706.239737958,792878.4969248127,0.08666629704381926,-0.11797225972000021,0.06695536799999999,-0.421658
10.289999999999825,-0.09467956042111586,-0.09467956042111586,-0.38597589719218295,0.059046484109508524,949568956.3840537,-3043914.768127117,771315.6551651474,0.08724916708398642,-0.11731442421000021,0.06461173399999999,-0.0470688
10.299999999999825,-0.09513566439799931,-0.09513566439799931,-0.3864320011690664,-0.24114954007783654,929201154.1865239,-12048859.616104385,749354.9318085538,0.08781183687587837,-0.11666328129500021,0.06561684899999999,0.2480918
10.309999999999825,-0.09559955820524735,-0.09559955820524735,-0.38689589497631444,0.11158823497587517,911047145.8794051,-2999537.5590597885,733675.1025092232,0.0883571431991381,-0.11600358264500021,0.06632288099999999,-0.1068854
10.319999999999824,-0.09607459246044914,-0.09607459246044914,-0.3873709292315162,-0.4277157343225097,907432602.1001981,-16466312.849051062,723580.1320164914,0.08889062339446827,-0.11533228840000022,0.06793596799999999,0.4295028
10.329999999999824,-0.09657758597972782,-0.09657758597972782,-0.3878739227507949,-0.37463182154999775,912001904.7521307,-18359256.5845523,716963.8228880095,0.08941646517454241,-0.11463282642000022,0.07195642799999999,0.3745892
10.339999999999824,-0.09712505400670934,-0.09712505400670934,-0.38842139077777643,-0.6021388858905683,931839913.5619644,-24481054.14934495,718096.6886291247,0.08993972883020582,-0.11388886971500023,0.07683491299999999,0.6011078
10.349999999999824,-0.09771029721201857,-0.09771029721201857,-0.38900663398308566,0.06779877402851864,945131417.0180663,-8863750.769314827,727505.3011557263,0.0904676317813661,-0.11310720894000023,0.079497242,-0.068642
10.359999999999824,-0.0982949607317562,-0.0982949607317562,-0.3895912975028233,0.48969385061056553,944160138.2075748,6470582.49183731,739278.186416907,0.09100514809608976,-0.11232625910000023,0.07669272599999999,-0.4922612
10.369999999999823,-0.09883208016052153,-0.09883208016052153,-0.3901284169315886,0.854577163642892,919334538.2308937,18127293.759864025,743729.1433111188,0.0915502785669138,-0.11159316254000023,0.06992658599999999,-0.8609668
10.379999999999823,-0.09931533859200586,-0.09931533859200586,-0.39061167536307295,-0.044441952073386776,898781186.9947842,-2666807.6730322144,734829.7191729672,0.09209351898645166,-0.11091463637000024,0.06577864799999998,0.0313792
10.389999999999823,-0.09976746101626438,-0.09976746101626438,-0.39106379778733147,0.4796796987011498,868810930.7580616,8443268.789087396,719126.9129001778,0.09262548636954179,-0.11026849451500023,0.06344972299999999,-0.4971642
10.399999999999823,-0.10018902423306414,-0.10018902423306414,-0.3914853610041312,0.30741718760289083,840095558.5077972,9059797.994949443,704484.6636404648,0.09314360660328411,-0.10965463891500023,0.059321396999999984,-0.328501
10.409999999999823,-0.10058712396717734,-0.10058712396717734,-0.3918834607382444,-0.156005826905543,818442648.9874214,-5742865.808286692,687369.2332942282,0.09364731860069511,-0.10906635246000022,0.058335893999999985,0.1314004
10.419999999999822,-0.1009901560453223,-0.1009901560453223,-0.3922864928163894,-0.19279316145969763,806515631.4696741,-6570150.747326529,670379.6402390113,0.0941356454943865,-0.10847556547500023,0.059821502999999984,0.1657214
10.429999999999822,-0.10141165389902124,-0.10141165389902124,-0.3927079906700883,-0.19716342355243854,802679673.2967767,-8145780.087188335,661232.3281273706,0.09461220939583034,-0.10786894180000023,0.061503231999999984,0.1706244
10.439999999999822,-0.10184616389770701,-0.10184616389770701,-0.3931425006687741,0.066542464009571,797775293.3562675,-420937.07173053804,657492.922889335,0.09508292174263025,-0.10725197279500023,0.061890568999999986,-0.093157
10.449999999999822,-0.10228113651510967,-0.10228113651510967,-0.39357747328617676,0.045543747056190874,792269117.7525346,-702632.4561617395,655394.2185522747,0.09555095124227089,-0.10663718562500023,0.061066864999999984,-0.0715838
10.459999999999821,-0.10270440482376986,-0.10270440482376986,-0.39400074159483695,0.31054239157699437,778899475.2439897,7194769.342019755,651828.3406779653,0.09601647575364794,-0.10603673973000023,0.059022313999999985,-0.3373264
10.469999999999821,-0.10310555221210721,-0.10310555221210721,-0.3944018889831743,0.21820828270611756,762523084.9131733,6070659.139552904,645293.4274548602,0.09647757775799817,-0.10546107850000024,0.05610993199999999,-0.24515
10.479999999999821,-0.10348066187958965,-0.10348066187958965,-0.39477699865065674,0.2945498772056593,740877485.7991189,8611502.684091335,634953.9596001514,0.09693125357897817,-0.10491417336500024,0.05327109499999999,-0.3226174
10.48999999999982,-0.1038330524277486,-0.1038330524277486,-0.3951293891988157,0.10145673582346214,721199112.6589584,4339924.113477822,621578.2639638174,0.09737447460963769,-0.10439276383000023,0.05101081199999999,-0.1294392
10.49999999999982,-0.10417394847244815,-0.10417394847244815,-0.39547028524351524,-0.03770941031059171,705835439.9344497,47022.004625838395,607208.3322923162,0.09780549235657496,-0.10388564654000024,0.05041264599999999,0.009806
10.50999999999982,-0.10451393028458628,-0.10451393028458628,-0.39581026705565336,0.010478987591920097,693933047.0068427,1016910.4534253934,594556.2811386685,0.09822464227872582,-0.10338218198500024,0.05028026499999999,-0.0362822
10.51999999999982,-0.10484011561820011,-0.10484011561820011,-0.3961364523892672,0.5685843762681256,670764857.0190111,16998326.36187339,584920.2158600983,0.09863401607866087,-0.10289509345000024,0.04713744199999999,-0.5922824
10.52999999999982,-0.10511950975946943,-0.10511950975946943,-0.3964158465305365,0.7239999536551667,634187499.4717728,24593896.370645575,572115.4583179519,0.09903371825290166,-0.10245718200500024,0.040444846999999985,-0.7462366
10.53999999999982,-0.1053359783556444,-0.1053359783556444,-0.3966323151267115,0.5004375201951536,590556319.4709783,20271577.8324999,549325.0228830248,0.09941819070703714,-0.10208448046000024,0.034095461999999986,-0.5236404
10.54999999999982,-0.10550921539548946,-0.10550921539548946,-0.39680555216655655,0.004387259149831079,555046443.3238823,7140947.838880953,517823.0339488462,0.09977955701567845,-0.10175730327000024,0.031339975999999985,-0.0274568
10.55999999999982,-0.10566892683412998,-0.10566892683412998,-0.39696526360519707,0.03181200968731023,526582440.55577517,6464491.729836104,486814.8229304746,0.10011465592311067,-0.10144591374000024,0.030937929999999985,-0.0529524
10.569999999999819,-0.10583218361005692,-0.10583218361005692,-0.397128520381124,-0.20984273604456732,510768521.35066247,91375.02097297367,461893.6793691125,0.10042656407382242,-0.10113302879500025,0.03163905899999998,0.1931782
10.579999999999819,-0.10602249461840224,-0.10602249461840224,-0.39731883138946933,-0.6943498142006024,515171664.33523536,-15744310.9535841,443195.41553850885,0.10072050129164059,-0.10079474631000025,0.036017437999999985,0.6824976
10.589999999999819,-0.10626971062490159,-0.10626971062490159,-0.3975660473959687,-0.6777276269573913,536616925.35941744,-18771708.760914493,434891.63083450723,0.10100315841910326,-0.10040066768500025,0.042798286999999983,0.6736722
10.599999999999818,-0.10658354037871809,-0.10658354037871809,-0.3978798771497852,-0.6148111646833778,570844673.4963725,-19256234.816332504,440988.96782526525,0.10128451185666656,-0.09994034953000025,0.04926534399999998,0.6197392
10.609999999999818,-0.10695087662530245,-0.10695087662530245,-0.39824721339636954,-0.23297260336159206,604464031.2398016,-10932284.3573956,456765.80539063696,0.10157445109801569,-0.09942602483000025,0.053599595999999985,0.2471112
10.619999999999818,-0.1073557267336433,-0.1073557267336433,-0.3986520635047104,-0.4198572858484346,642232872.4603685,-16248442.56133394,475465.01949620363,0.10187837284288478,-0.09887281934000025,0.05704150199999999,0.44127
10.629999999999818,-0.10780457690115697,-0.10780457690115697,-0.39910091367222406,-0.6873703070447986,688966724.7677406,-26844831.316470787,493950.0368293816,0.10219761224910454,-0.09827347662000024,0.06282704199999999,0.715838
10.639999999999818,-0.10830190328167688,-0.10830190328167688,-0.39959824005274397,-0.1445013843267127,731933711.486687,-14276118.715798829,516712.50902954006,0.10253392736262304,-0.09762279949000024,0.06730838399999999,0.1804304
10.649999999999817,-0.10882993267635177,-0.10882993267635177,-0.40012626944741886,-0.2517937706388764,774735136.2706039,-16696997.00800481,542906.3099906135,0.10289078245803965,-0.09693782587500024,0.06968633899999999,0.2951606
10.659999999999817,-0.10937991706211825,-0.10937991706211825,-0.40067625383318534,-0.2301522186002237,814478139.6329614,-18331413.769317828,565760.2021921583,0.10326862251962851,-0.09622662121000024,0.07255459399999999,0.2784904
10.669999999999817,-0.10994451187037602,-0.10994451187037602,-0.4012408486414431,0.1276521824713938,845522474.0814632,-8712583.637798434,587006.0654642545,0.10366552233925605,-0.09549595163500024,0.07357932099999999,-0.073545
10.679999999999817,-0.1104962151858187,-0.1104962151858187,-0.4017925519568858,0.4904979364772165,859991404.2189826,2306451.6539503057,605580.764549652,0.10407983706777821,-0.09477280816500024,0.07104937299999999,-0.4324446
10.689999999999817,-0.111018617879862,-0.111018617879862,-0.4023149546509291,0.06337680055030952,870832059.954069,-7689118.736829721,614848.7377181296,0.10450662916003964,-0.09407319909500024,0.06887244099999998,-0.0029418
10.699999999999816,-0.11151763883682919,-0.11151763883682919,-0.4028139756078963,0.31801794546657525,872528804.6874584,-2240083.1808946775,616506.3061937519,0.10493848659046448,-0.09339094664500024,0.06757804899999997,-0.2559366
10.709999999999816,-0.11199579511186808,-0.11199579511186808,-0.4032921211355915,0.13560447939457534,874072544.5754424,-4990491.997533006,615760.2764236563,0.10537086824473615,-0.09272332965000024,0.06594534999999997,-0.0706032
10.719999999999816,-0.11245597373432531,-0.11245597373432531,-0.4037521966169365,0.13357494975112358,872972409.0864043,-6394014.080863506,612363.0365277211,0.10580150329778773,-0.09206730825000024,0.06525892999999997,-0.0666808
10.729999999999816,-0.11290124955934627,-0.11290124955934627,-0.4041973693159174,0.19335923427655963,870090165.3945302,-3573318.1252010204,607463.287077351,0.10622853070139623,-0.09141947486000024,0.06430774799999997,-0.1235556
10.739999999999815,-0.11333375260250533,-0.11333375260250533,-0.4046297694130942,-0.00938470893003908,869593947.7726176,-9440565.568253288,602084.126714265,0.1066510631979852,-0.09077745152500023,0.06409691899999997,0.0813898
10.749999999999815,-0.11377254559583289,-0.11377254559583289,-0.40506845980633654,-0.42619934043370716,881261504.7888396,-21695442.257602997,596008.3954471691,0.10706859817498518,-0.09012192042500024,0.06700930099999998,0.5010866
10.759999999999815,-0.11423287522041686,-0.11423287522041686,-0.40552868734068026,0.00030392218158514236,892880740.4679024,-12582764.147243574,595037.5089037223,0.10748299772191974,-0.08943733905000023,0.06990697399999998,0.078448
10.769999999999815,-0.11470242853558554,-0.11470242853558554,-0.4059981392350409,0.056638233537873686,903688253.259514,-9213606.416002283,599634.9635304185,0.10789889353151708,-0.08873564620500023,0.07043159499999999,0.0264762
10.779999999999815,-0.11517199140097056,-0.11517199140097056,-0.40646760150894484,-0.11397182399979514,914964830.9640867,-15108482.517518274,602791.8600021489,0.1083182658412189,-0.08802569180500022,0.07155928499999999,0.1990618
10.789999999999814,-0.1156568600873368,-0.1156568600873368,-0.40695237059690786,-0.44095836263046956,936157356.3674533,-24724468.98091531,604670.8065985459,0.10873994450738048,-0.08729190882500022,0.07519731099999999,0.5285434
10.799999999999814,-0.11616732838340649,-0.11616732838340649,-0.407462740450085,-0.028142059305479375,955597606.3204131,-16010341.382599007,611124.8525140247,0.10916515491731743,-0.08652375581500023,0.07843329099999999,0.1186526
10.809999999999814,-0.11668112473329889,-0.11668112473329889,-0.40797643967020575,0.36408299665402716,964644641.2453417,-3134331.259351434,621365.431355547,0.10959760531328183,-0.08574322273000023,0.07767332599999999,-0.2706456
10.819999999999814,-0.11718144069241684,-0.11718144069241684,-0.40847665997077864,-0.16083676578188547,975465999.3402416,-17022718.668056045,627016.2504403052,0.11003716448152429,-0.08496690622500024,0.07758997499999999,0.2539754
10.829999999999814,-0.11767638523201654,-0.11767638523201654,-0.40897151048495073,0.17241563613339217,979916546.8592732,-9505120.356467279,627836.3455778455,0.11047968808060837,-0.08418664280500024,0.07846270899999999,-0.0794286
10.839999999999813,-0.11815617499705039,-0.11815617499705039,-0.4094512080177918,0.42218063639482867,975927988.8842472,-501844.5360594392,629396.106931325,0.11092326107543618,-0.08341223847000023,0.07641815799999999,-0.3294816
10.849999999999813,-0.1186060919758316,-0.1186060919758316,-0.4099010347136856,0.1781345411816491,968047773.9689127,-6049975.201032675,626883.7568315628,0.1113664141685177,-0.08265847576500024,0.07433438299999999,-0.0872734
10.859999999999813,-0.11903224427122494,-0.11903224427122494,-0.41032709883029916,0.17213761675679376,957785970.8383782,-6367909.864096291,618291.4705539612,0.11180467921589646,-0.08191942206000023,0.07347635799999999,-0.0843316
10.869999999999813,-0.11944051688219012,-0.11944051688219012,-0.41073528551707156,0.1927776024322116,946405221.9150054,-4886208.871675201,609058.3260165632,0.11223511641733419,-0.08118943890500023,0.072520273,-0.1068854
10.879999999999812,-0.11984427126684688,-0.11984427126684688,-0.4111389563740929,-0.3769886046447831,947204069.3216823,-20551358.404670138,599300.937552916,0.11265724526724247,-0.08045541077500024,0.074285353,0.4599014
10.889999999999812,-0.12026106888939325,-0.12026106888939325,-0.4115556729976426,0.03942042055465881,947534731.7531323,-11514799.829429455,592295.7712320976,0.11307206506847023,-0.07970000556500023,0.076795689,0.0421658
10.899999999999812,-0.1206737101795361,-0.1206737101795361,-0.4119682359378789,0.46437622431656855,938803178.2915372,2668748.5990354232,591111.3017791858,0.11348332205021178,-0.07894060441000023,0.075084542,-0.3843952
10.909999999999812,-0.12105251964499664,-0.12105251964499664,-0.4123469698155542,0.3851001181046189,921051936.007632,2233936.5221117726,586880.0735498145,0.11389222856419501,-0.07820709109500022,0.071618121,-0.308889
10.919999999999812,-0.12139218667534982,-0.12139218667534982,-0.41268656413261723,0.3311209437680273,897625464.2419999,1889136.2932036193,574118.2099180885,0.114293781852155,-0.07750515310000022,0.06876947800000001,-0.2608396
10.929999999999811,-0.12170212689998927,-0.12170212689998927,-0.4129964346277141,0.141730222909906,875644484.1575431,-2394559.27204826,557296.3544579869,0.11468259211695014,-0.07682589148000023,0.06708284600000002,-0.0764868
10.939999999999811,-0.12198160090882904,-0.12198160090882904,-0.41327584199045664,0.6040672423988612,843367854.465961,10816132.285703208,539627.4856733917,0.11505664561091827,-0.07617058101500022,0.06397924700000002,-0.544233
10.949999999999811,-0.12222096880484859,-0.12222096880484859,-0.4135151464131524,0.25437980510195607,811768140.377144,4653233.701059518,519775.8383329069,0.11541477998473573,-0.07554939543000022,0.06025787000000002,-0.2000424
10.95999999999981,-0.12243005536541016,-0.12243005536541016,-0.41372417275469364,0.09842656571661595,782149035.1307954,-633035.0547737873,495150.5166851871,0.1157542321840977,-0.07495309257000023,0.05900270200000002,-0.0509912
10.96999999999981,-0.12261535052716321,-0.12261535052716321,-0.4139094110238767,0.5004230158058299,747144848.5310364,11844528.347443525,470999.10902373795,0.11607341786988556,-0.07437578883500022,0.05645804500000002,-0.4579402
10.97999999999981,-0.12275832987547936,-0.12275832987547936,-0.4140523368660945,0.5933599401467031,704289724.613655,17003824.794111222,447608.1933768958,0.11637309381345368,-0.07383658141000023,0.051383440000000016,-0.5569808
10.98999999999981,-0.12284906631759376,-0.12284906631759376,-0.414143023241326,0.40257335197068833,658121149.606303,13802506.417827297,417341.59683086944,0.11665107616889353,-0.07334601174500023,0.04673049300000001,-0.3736086
10.99999999999981,-0.12289139043820144,-0.12289139043820144,-0.41418530078362414,0.537986216181757,606863878.246701,18504528.068249963,381431.18023698207,0.11690276372500227,-0.07290096643500023,0.04227856900000001,-0.5167762
11.00999999999981,-0.12288673620769072,-0.12288673620769072,-0.4141806035059696,0.40058826040011175,555654935.8574235,17338481.60882332,342828.6415183025,0.11712548222731062,-0.07250075906000022,0.03776290600000001,-0.3863564
11.01999999999981,-0.12283892766283358,-0.12283892766283358,-0.41413275547974954,0.38700983687593987,503624330.7990043,17560773.71639172,300800.4570272765,0.117317693779392,-0.07214230073000022,0.033928760000000016,-0.3804728
11.02999999999981,-0.12275979414330945,-0.12275979414330945,-0.41405358607282045,0.07839105252697,459473927.40303063,10779284.29862919,256705.93322340996,0.11747836289643307,-0.07181448615000022,0.03163415600000002,-0.078448
11.039999999999809,-0.12266364080495959,-0.12266364080495959,-0.4139574004613591,0.13700081110036283,419539822.07205534,11526965.54502636,213723.74742328667,0.11760834409787857,-0.07150368498000022,0.03052607800000002,-0.1431676
11.049999999999809,-0.12254617351455269,-0.12254617351455269,-0.4138399045220954,0.5001654075538043,375168024.47192144,23347290.830598734,174294.67738764535,0.11771054668267356,-0.07121477570500022,0.02725577700000002,-0.5108926
11.059999999999809,-0.12239729451374956,-0.12239729451374956,-0.4136910005047218,0.11913678964093113,335014173.34115815,14751078.864079423,133037.14591149642,0.1177870056704868,-0.07095839783500021,0.02401979700000002,-0.1363034
11.069999999999808,-0.12223153176337298,-0.12223153176337298,-0.41352521640631756,-0.0631269254367251,301900554.23396325,8926231.20070746,84892.09040555665,0.1178369984248594,-0.07072062685000022,0.02353440000000002,0.039224
11.079999999999808,-0.12208900214685794,-0.12208900214685794,-0.4133826692335136,-0.922323907696852,297990082.74324656,-15539677.137919024,37377.05019668856,0.11786156540001475,-0.07046196908500021,0.028197153000000023,0.8933266
11.089999999999808,-0.12200382345936814,-0.12200382345936814,-0.4132974775852311,-0.38644624003083045,303676807.22329307,-5923596.058292946,4627.761414302396,0.11786808818806968,-0.07014874093000022,0.034448478000000025,0.3569384
11.099999999999808,-0.12196292173587289,-0.12196292173587289,-0.4132565678200207,-0.07605893512199403,312117350.5736134,4337931.699772897,4842.868693718406,0.1178681469624403,-0.06979400888000022,0.036497932000000025,0.0529524
11.109999999999808,-0.12193269008677687,-0.12193269008677687,-0.41322633171012985,0.1116462174900756,313161965.54747987,8656457.471574083,12084.22415108467,0.11786918412307171,-0.06943106430500022,0.03609098300000003,-0.1343422
11.119999999999807,-0.12189883011334451,-0.12189883011334451,-0.41319247018433714,-0.002160223783831567,312562972.973171,6995113.249473796,6300.70215288922,0.11787053062007324,-0.06907412590500021,0.03529669700000003,-0.024515
11.129999999999807,-0.12187393098234817,-0.12187393098234817,-0.4131675724815349,-0.4658503695417612,322114535.49838614,-7242948.187524464,-12024.151636272962,0.1178692224176473,-0.06871088715000022,0.03735105400000003,0.4353864
11.139999999999807,-0.12188643291198653,-0.12188643291198653,-0.41318007841835686,-0.5622846220985377,343874062.7080734,-12236977.3422343,-16247.957232557934,0.11786537271537584,-0.06831315579000022,0.04219521800000003,0.5334464
11.149999999999807,-0.12193422848239385,-0.12193422848239385,-0.41322788057495136,0.17859870341132936,358610232.51084375,6545051.3663056735,9993.605172831361,0.11786367591807387,-0.06788289302500022,0.043857335000000025,-0.201023
11.159999999999807,-0.12198720724059445,-0.12198720724059445,-0.41328086847887474,-0.002286916721404968,371076523.5316107,4325305.622371565,30583.38439193655,0.11786876238774335,-0.06744986006500023,0.04274925700000003,-0.0205926
11.169999999999806,-0.12204237516515554,-0.12204237516515554,-0.41333604783803185,-0.26165519873904297,385501471.94495726,-4866733.8441759385,36755.064823714405,0.11787917207027793,-0.06701697419500023,0.04382791700000003,0.2363246
11.179999999999806,-0.1221112479722862,-0.1221112479722862,-0.4134049343589941,-0.022689158007748008,399150058.18494964,1345955.5684985144,42020.91851858581,0.11789211895020607,-0.06657286045500023,0.04499483100000003,-0.0029418
11.189999999999806,-0.12218330137641703,-0.12218330137641703,-0.41347700376516044,0.1797422596233523,407247072.45963454,7182569.318512356,51800.74193185472,0.11790846920293896,-0.06612808481000022,0.04396029800000003,-0.2039648
11.199999999999806,-0.12224147282596906,-0.12224147282596906,-0.4135351934551789,0.21846195669291368,408673070.0507386,9459011.414620835,55665.983851893274,0.11792813512257147,-0.06569968518500022,0.04171962700000003,-0.2441694
11.209999999999805,-0.1222815445959673,-0.1222815445959673,-0.41357528566574286,0.10732100914250481,407682493.0271454,6656783.2754451325,50561.38930476915,0.11794770534112167,-0.06529195170500021,0.03982706900000003,-0.1343422
11.219999999999805,-0.1223094131769139,-0.1223094131769139,-0.413603176836014,0.05502358708804776,406654836.37410045,5412196.80615209,39917.34667337219,0.11796376058280528,-0.06489912334500021,0.038738603000000024,-0.083351
11.229999999999805,-0.12232290591946776,-0.12232290591946776,-0.4136166942474193,0.3576653523911227,398763087.9273367,13812253.57095834,27755.696926900247,0.11797485978873518,-0.06452345548500021,0.03639496900000003,-0.3853758
11.239999999999805,-0.12231548442590509,-0.12231548442590509,-0.41360929939027374,0.06621515279082477,392305854.9424689,7756812.357417559,9205.971674517885,0.11798010290697081,-0.06417151814500022,0.03399249900000003,-0.0951182
11.249999999999805,-0.12229709486678228,-0.12229709486678228,-0.41359093834917743,-0.05139369546375449,388705890.6249094,3062356.8812463135,-22894.439075337912,0.11797755335980736,-0.06383345629500022,0.03361987100000003,0.0205926
11.259999999999804,-0.12228093285754693,-0.12228093285754693,-0.41357480672600894,-0.05258786141720637,389662432.9185934,3154198.815056932,-41498.7533251137,0.11796660306567225,-0.06349605635000022,0.03386011800000003,0.0274568
11.269999999999804,-0.12227103137445153,-0.12227103137445153,-0.41356493746823747,-0.09392519758140845,394497937.86380744,1097332.0875473535,-52720.94897721603,0.11794917152493836,-0.06315495464000022,0.03436022400000003,0.0725644
11.279999999999804,-0.12226956307604808,-0.12226956307604808,-0.4135635031722076,-0.09696021308418273,402499013.7958467,684386.8950016641,-60356.934391236195,0.11792730765226345,-0.06280750354500021,0.03512999500000003,0.0813898
11.289999999999804,-0.12228543410204368,-0.12228543410204368,-0.41357940991206055,-0.4057958115665558,420708470.6902628,-8976180.188793696,-64538.33480705845,0.11790256455495118,-0.06244428930500021,0.037512853000000033,0.3951818
11.299999999999804,-0.12233399845168588,-0.12233399845168588,-0.4136280116120961,-0.39924657108539346,447064324.5706749,-11152857.096829908,-62412.64562588465,0.1178773146577343,-0.06204937717000021,0.04146957400000004,0.3961624
11.309999999999803,-0.12241819862618858,-0.12241819862618858,-0.4137122506708708,-0.22120539582613627,476781769.8370857,-7586783.050679618,-49181.34296523016,0.11785577687978141,-0.06161911440500021,0.044582979000000036,0.2265186
11.319999999999803,-0.12252094920963538,-0.12252094920963538,-0.41381504149935666,0.09959627902892962,500364817.5649612,766611.7179494882,-27410.78950592254,0.11784300501498451,-0.06116975445500021,0.04528901100000004,-0.0853122
11.329999999999803,-0.12263444587528757,-0.12263444587528757,-0.41392857923683296,-0.40784577919269654,531182213.3283737,-13007388.99571411,-5827.7782778721175,0.11783872762026859,-0.06070828409500021,0.04700506100000004,0.4285222
11.339999999999803,-0.12278210625133798,-0.12278210625133798,-0.4140762814857658,-0.6504788078045477,573516523.3011642,-23496834.30999171,19645.729042608975,0.11784133850725623,-0.06021055605000021,0.05254054800000004,0.6785752
11.349999999999802,-0.122975873924842,-0.122975873924842,-0.41427009255595243,-0.1355511221677586,615585979.2385812,-11311050.288979435,49019.650529843195,0.11785335729958824,-0.05966389606500021,0.05679144900000004,0.171605
11.359999999999802,-0.12319878570390083,-0.12319878570390083,-0.414493049445996,-0.24425174213959908,659086860.3743132,-13963705.327182703,83093.33353175853,0.11788013521662755,-0.059084484040000204,0.05909095600000004,0.2882964
11.369999999999802,-0.12343481927363903,-0.12343481927363903,-0.4147291296984483,0.09913100663990533,693119408.5335732,-6384634.868846709,110847.92091420387,0.11792311355661367,-0.0584876418500002,0.06027748200000004,-0.0509912
11.379999999999802,-0.12367158919860713,-0.12367158919860713,-0.4149659477866191,0.016515171526716846,723797161.242155,-7235521.794901206,133100.04559456313,0.1179802663199615,-0.0578852347550002,0.06020393700000004,0.0362822
11.389999999999802,-0.12390906957960404,-0.12390906957960404,-0.41520347770776955,-0.1605896156821105,754408628.8382914,-13714571.936376989,148855.8188333087,0.11804870882086127,-0.057276895030000205,0.06146400800000004,0.215732
11.399999999999801,-0.12416587157575171,-0.12416587157575171,-0.41546033054510606,-0.46823550927816765,794430927.4764217,-23127296.206505872,162361.27865735436,0.11812613059474877,-0.05664367258000021,0.06518048200000004,0.5275628
11.409999999999801,-0.12446319622199112,-0.12446319622199112,-0.41575770726799854,-0.5238947880019992,843458775.8778833,-27827483.87036909,181641.5129093331,0.11821389957468814,-0.055963969690000205,0.07076009600000004,0.58836
11.419999999999801,-0.1248042876057921,-0.1248042876057921,-0.4160988519266975,-0.23469234697444694,893301985.8435982,-21182434.28144258,209225.72985055315,0.11831689730564762,-0.055234011050000205,0.07523163200000003,0.3059472
11.4299999999998,-0.1251708784815679,-0.1251708784815679,-0.41646549724318893,-0.0267468297487059,937621274.163866,-16004695.175002964,240615.65307770847,0.11843967989154863,-0.054471471975000206,0.07727618300000004,0.102963
11.4399999999998,-0.1255397185941199,-0.1255397185941199,-0.41683439292552504,0.19818405152510854,970890671.3020931,-9482007.87947364,267989.6727966796,0.11858279211885858,-0.053699102385000204,0.07719773500000005,-0.1186526
11.4499999999998,-0.12588480383376566,-0.12588480383376566,-0.41717953481164766,0.5805643422805387,986062512.7577931,2033998.9057680015,287843.81094839703,0.1187426685537728,-0.052942594000000204,0.07410394200000005,-0.500106
11.4599999999998,-0.12618481712387666,-0.12618481712387666,-0.41747960576354015,0.4435652453041595,989882933.0277821,901871.7813117914,297070.75016236317,0.11891286518627617,-0.05222315229500021,0.06978439900000005,-0.3638026
11.4699999999998,-0.1264333857162417,-0.1264333857162417,-0.41772823296081185,0.5900930769499777,980410177.6185567,5288948.524278302,294225.68787090713,0.1190850569171234,-0.05154722471500021,0.06540111700000005,-0.5128538
11.4799999999998,-0.12661300776182843,-0.12661300776182843,-0.4179079144774183,1.1341104719270632,948579775.9380856,23527197.608984742,282873.13351077633,0.11925183228547415,-0.05093251109000021,0.05754160800000005,-1.059048
11.4899999999998,-0.12670449265951284,-0.12670449265951284,-0.41799945962656704,0.667171895291497,908812055.9276792,14818904.361927032,258868.79090729856,0.11940558798433401,-0.05039850084500021,0.04926044100000005,-0.5971854
11.4999999999998,-0.12671282963020222,-0.12671282963020222,-0.4180078575245442,0.8574628172899914,856637310.7102071,20596700.355565306,219311.04632129203,0.1195367503169957,-0.04994065870500021,0.04230798700000005,-0.7933054
11.509999999999799,-0.12664411453920454,-0.12664411453920454,-0.41793920390277706,0.6999849376101174,801397178.2909507,20236745.42023127,171025.89041855698,0.11963821318802415,-0.04955344428000021,0.035134898000000046,-0.6413124
11.519999999999799,-0.1265239744154559,-0.1265239744154559,-0.417819125605245,-0.20043366531100773,762885864.0477638,-4272841.301615786,113386.02597402503,0.11970624471413041,-0.04921180324000021,0.033193310000000045,0.2529948
11.529999999999799,-0.12641179371545097,-0.12641179371545097,-0.417707006757563,-0.617499122412621,749335965.801555,-18777144.432833083,52748.70801078288,0.11974092432196326,-0.04885689958500021,0.03778742100000004,0.6658274
11.539999999999798,-0.126347772335316,-0.126347772335316,-0.41764304640378025,-0.49094316749991573,754541429.9085505,-17752558.803047143,10046.994383483505,0.11975178833072087,-0.04844884741000021,0.04382301400000004,0.5412912
11.549999999999798,-0.126324287589536,-0.126324287589536,-0.41761962117248,-0.022079916788966564,761351139.8170387,-5835969.155340122,-5829.307808084837,0.11975237497272945,-0.04799514830500021,0.04691680700000004,0.0774674
11.559999999999798,-0.12633441732920508,-0.12633441732920508,-0.41762980866306476,-0.8094764168844814,786839966.2553021,-27333369.407057542,-1533.0027618664838,0.11975158010574669,-0.047502298745000206,0.05165310500000004,0.8697922
11.569999999999798,-0.12639895515129354,-0.12639895515129354,-0.4176944035433505,-0.5353332896857552,819421822.3745064,-25411183.81003541,15646.99918173393,0.11975337583867532,-0.04694904422500021,0.05899779900000004,0.5991466
11.579999999999798,-0.12651763900320087,-0.12651763900320087,-0.417813145752675,-0.28578368343507526,855925029.7562292,-18001606.037739195,48276.95771194796,0.11976413599076569,-0.046335213140000206,0.06376841800000004,0.3549772
11.589999999999797,-0.12665821857258014,-0.12665821857258014,-0.4179537852459234,0.2310292142103811,878866809.5883393,-5167950.450206405,83181.81970153494,0.11979072573297572,-0.045692699505000205,0.06473430900000003,-0.161799
11.599999999999797,-0.12677771668325535,-0.12677771668325535,-0.41807334430656934,0.6669894572182323,880872853.7642957,10051535.57086511,107221.34247517164,0.11983265803196069,-0.045064429085000204,0.06091977500000003,-0.6011078
11.609999999999797,-0.12684980394168244,-0.12684980394168244,-0.4181454931978396,0.3314376693617825,872820333.0785259,2722950.7205246985,113871.53945916591,0.11988306542828181,-0.044477098715000205,0.05654629900000003,-0.2735874
11.619999999999797,-0.1268845961804742,-0.1268845961804742,-0.41818034738873633,0.16195201057133968,861452666.5515405,-1616418.9070773679,104442.19080295599,0.11993254247856405,-0.043921294635000205,0.05461451700000003,-0.112769
11.629999999999797,-0.12690403593095217,-0.12690403593095217,-0.41819984912152364,-0.041228970343226784,854776420.6089339,-7089531.860894231,91346.9277146648,0.11997562545411267,-0.043375884915000204,0.05446742700000003,0.083351
11.639999999999796,-0.12691267154147656,-0.12691267154147656,-0.418208546499853,0.3526801084324741,841474008.3906275,3693885.7342994115,81793.08939551207,0.12001257265384618,-0.04283702070000021,0.05330541600000003,-0.3157532
11.649999999999796,-0.12689881877293901,-0.12689881877293901,-0.41819475510581605,0.23542218171652937,825712351.2966701,2934973.6399523923,72578.7885667598,0.12004455186661708,-0.042316984005000204,0.05070192300000003,-0.2049454
11.659999999999796,-0.12686559550667262,-0.12686559550667262,-0.4181615926086544,-0.04869185657824503,812555546.7900862,-5051360.335610856,57247.26831517773,0.12007021178845345,-0.041813298815000205,0.05003511500000003,0.0715838
11.669999999999796,-0.12682358606417693,-0.12682358606417693,-0.4181196430637011,0.21341282294494646,796789202.7180314,2063708.6971979202,40483.58279845191,0.1200881529184431,-0.0413160855850002,0.04940753100000003,-0.1971006
11.679999999999795,-0.1267630981894394,-0.1267630981894394,-0.41805921391737383,0.3610336887704785,775337654.936241,8070528.152878664,27209.773054062935,0.12009945155738427,-0.0408356896450002,0.04667165700000003,-0.3500742
11.689999999999795,-0.1266762287275318,-0.1266762287275318,-0.4179724006357992,0.11988520940930586,753245978.8007998,2696855.49157985,3816.5582084639527,0.12010407694198016,-0.0403806912450002,0.044328023000000036,-0.1186526
11.699999999999795,-0.12657730170396075,-0.12657730170396075,-0.41787352746290385,-0.11840845475769524,736756657.1276363,-3979061.323527295,-29491.201080580096,0.12009974236197801,-0.039937582620000196,0.04429370200000004,0.1117884
11.709999999999795,-0.126484761088156,-0.126484761088156,-0.417781040517605,-0.13854446526113204,726363327.3987743,-5208053.455351323,-46825.52904125863,0.12008646229248082,-0.0394886149100002,0.04549984000000004,0.1294392
11.719999999999795,-0.12641696417664566,-0.12641696417664566,-0.4177132970545378,-0.5942960269881713,731910517.869803,-18188231.288545668,-54126.064896481934,0.1200675347915692,-0.0390158186200002,0.04905941800000004,0.5824764
11.729999999999794,-0.1263940150841914,-0.1263940150841914,-0.4176903518552585,-0.46484864067951687,746408528.4164236,-17793916.533585228,-49298.07820766013,0.12004798595960342,-0.0384993366000002,0.05423698600000004,0.4530372
11.739999999999794,-0.12641370254483875,-0.12641370254483875,-0.41771003931590583,-0.18137753173512636,762630466.7705873,-9961861.712477248,-26392.954037539945,0.12003464240720918,-0.037941350685000194,0.05736019700000004,0.171605
11.749999999999794,-0.12645817436662088,-0.12645817436662088,-0.41775451113768797,-0.1638483324853173,777732822.6252403,-9892109.080704983,17744.11360597991,0.12003328765300861,-0.03735951167500019,0.059007605000000046,0.1578766
11.759999999999794,-0.12651716806892083,-0.12651716806892083,-0.4178135048399879,-0.07187306502648468,789404380.7421775,-7361491.0688689,45296.164068988226,0.12004407817884127,-0.03676399329500019,0.06009607100000005,0.0598166
11.769999999999794,-0.1265841647828871,-0.1265841647828871,-0.4178805015539542,-0.012583598072565007,797731101.0568153,-5609724.757843063,67280.78506786957,0.12006593557521417,-0.03616156168500019,0.06039025100000005,-0.0009806
11.779999999999793,-0.12666437994709806,-0.12666437994709806,-0.41796071671816515,-0.4317566840991114,813433534.6868674,-17020804.604444675,84644.09247642253,0.12009760340942288,-0.03554736287500019,0.06244951100000005,0.4128326
11.789999999999793,-0.12677931465094683,-0.12677931465094683,-0.4180756514220139,-0.5127514412932365,837415524.5101216,-21924276.94449937,102941.53713008977,0.12013879805766986,-0.03490021590500019,0.06697988300000005,0.4932418
11.799999999999793,-0.12693324578623594,-0.12693324578623594,-0.418229582557303,-0.10267036343672821,859658844.0596428,-11200436.78353521,129884.70826223567,0.1201927981565094,-0.03421602677000019,0.06985794400000005,0.0823704
11.809999999999793,-0.127093881452843,-0.127093881452843,-0.4183902182239101,0.4498615349670255,865733320.0495523,5146822.8899224475,159492.44966540718,0.1202636312862414,-0.03352713075500019,0.06792125900000005,-0.4697074
11.819999999999792,-0.12721476899780698,-0.12721476899780698,-0.41851110576887407,0.7928613166193598,848854328.818397,18030343.630232573,177844.20945993366,0.1203493302932836,-0.03288010636000019,0.06148362000000005,-0.8178204
11.829999999999792,-0.12727545980746807,-0.12727545980746807,-0.41857179657853516,0.3722852439090054,823383704.7295183,9327043.087638862,177435.15344762048,0.12044048824589837,-0.032295791335000185,0.05537938500000005,-0.4030266
11.839999999999792,-0.12727657540682824,-0.12727657540682824,-0.41857291217789533,0.845576607602002,780188303.9739568,23016041.228594206,161543.49341492023,0.12052611759199094,-0.03177416116500018,0.04894664900000005,-0.8835206
11.849999999999792,-0.1272131708284765,-0.1272131708284765,-0.4185095075995436,0.5173686493616946,733372066.8252153,18782797.48604211,135905.9063885398,0.12059859924442057,-0.03132078075500018,0.04172943300000005,-0.5599226
11.859999999999792,-0.1270947076702092,-0.1270947076702092,-0.4183910444412763,0.3220292902955489,685210761.7695099,13253729.10999551,97351.18208169434,0.12065184830414816,-0.03092677567500018,0.037071583000000054,-0.3716474
11.869999999999791,-0.12693393046514745,-0.12693393046514745,-0.41823026723621454,0.5311346418255317,633900532.7546352,21086132.355929375,49910.3749699749,0.12068171408312472,-0.03057996197000018,0.032291158000000056,-0.5844376
11.879999999999791,-0.12673507989966626,-0.12673507989966626,-0.41803141667073335,0.13863584283202685,588383792.2841141,12254218.551663551,-19689.043861477265,0.12068842269932131,-0.03027668690500018,0.028363855000000056,-0.201023
11.889999999999791,-0.1265233028546821,-0.1265233028546821,-0.4178196396257492,-0.29137606797650173,557135314.5566976,-531612.0351194735,-73201.97401885902,0.12067134743043281,-0.02999223936000018,0.028525654000000056,0.2333828
11.89999999999979,-0.12633707568575064,-0.12633707568575064,-0.41763341245681773,-0.5779624152432818,546268559.449614,-10338625.505405666,-108175.79612213044,0.12063231351760637,-0.02968808175500018,0.03230586700000006,0.5226598
11.90999999999979,-0.1262014395904419,-0.1262014395904419,-0.417497776361509,-0.5764550630392766,551931700.2466154,-12790804.798157567,-123366.23653624895,0.1205789726224343,-0.029338669460000178,0.03757659200000006,0.5314852
11.91999999999979,-0.12611245157481954,-0.12611245157481954,-0.4174087883458866,-0.1351682960368097,559713509.5671327,-2072581.4029957498,-122279.98879235818,0.12052136552298268,-0.02894718942500018,0.040719415000000064,0.0970794
11.92999999999979,-0.12605865755895523,-0.12605865755895523,-0.4173549943300223,-0.5610882506862199,578833256.225627,-13552283.170244144,-113370.46323491076,0.12046665868472636,-0.02852425664500018,0.04386714100000007,0.5324658
11.93999999999979,-0.12604394325915064,-0.12604394325915064,-0.4173402800302177,-0.3059653518204737,599570696.3617136,-10197778.73668838,-101993.28690861279,0.12041776129055679,-0.02806521327000018,0.04794153400000007,0.2824128
11.94999999999979,-0.1260529610932436,-0.1260529610932436,-0.4173492978643107,0.2236452612319311,611990562.1381264,5324417.767813485,-83282.25907209405,0.12037719921907511,-0.027584670240000178,0.04816707200000007,-0.2373052
11.95999999999979,-0.126047627214313,-0.126047627214313,-0.4173439639853801,0.4327159834288079,610156941.6940403,12299122.312524743,-66592.65284702177,0.12034629474770508,-0.027120012930000176,0.04476439000000007,-0.4432312
11.96999999999979,-0.12600360427886514,-0.12600360427886514,-0.41729994104993223,0.45848503260273993,596044754.3113184,14840721.287123533,-66946.40196677708,0.12031972371724875,-0.026695118950000176,0.04021440600000007,-0.4667656
11.979999999999789,-0.12591164475240457,-0.12591164475240457,-0.41720798152347166,0.5677775918751665,570422039.1440306,19002178.71921304,-82880.41982011401,0.12028868839390194,-0.026319083365000176,0.03499271100000007,-0.5775734
11.989999999999789,-0.1257593076927861,-0.1257593076927861,-0.4170556444638532,0.8210611099612369,530204977.24546576,28420797.51824557,-109747.77361242262,0.12024603866552136,-0.026004335280000176,0.027956906000000073,-0.8295876
11.999999999999789,-0.12553115311619656,-0.12553115311619656,-0.41682748988726365,0.8228008670446982,477949169.1963608,31375959.45704235,-147384.61865308526,0.12018484615449512,-0.025766343660000177,0.019641418000000074,-0.83351
12.009999999999788,-0.1252376933310374,-0.1252376933310374,-0.4165340301021045,0.14554549873222225,432315148.54569197,14584086.749424057,-195543.89499054835,0.12009779581404997,-0.025594665115000175,0.014694291000000075,-0.1559154
12.019999999999788,-0.12492462032736124,-0.12492462032736124,-0.4162209570984283,-0.3293895047645885,404561602.89632535,-666581.870037932,-243935.295259763,0.11997899369596102,-0.025443628200000176,0.015513092000000074,0.3196756
12.029999999999788,-0.12463063428004922,-0.12463063428004922,-0.4159269710511163,-0.2503289827693918,391597434.02421165,-240191.6546723796,-278641.2405729241,0.11983114318026203,-0.025274303095000176,0.018351929000000072,0.2480918
12.039999999999788,-0.12436070057882753,-0.12436070057882753,-0.4156570373498946,-0.13216087763058512,386723104.1843169,2161077.942280968,-298846.3694404403,0.1196633982280573,-0.025081173925000175,0.02027390500000007,0.1363034
12.049999999999788,-0.124102742304538,-0.124102742304538,-0.4153990790756051,0.035551845353370956,382512944.58419895,6333182.629159401,-311709.7377590603,0.11948355975326738,-0.024875615650000175,0.02083775000000007,-0.0235344
12.059999999999787,-0.1238457031044588,-0.1238457031044588,-0.4151420398755259,0.024269049379401768,378928145.39422846,6020468.562099878,-322795.5713114051,0.11929486479129356,-0.024668022630000175,0.02068085400000007,-0.0078448
12.069999999999787,-0.12357068380226444,-0.12357068380226444,-0.4148670205733315,0.6351141404926436,360734046.5098593,22773876.82698919,-334223.00399248995,0.11909776411998793,-0.024476732085000175,0.017577255000000073,-0.612875
12.079999999999787,-0.123258536377028,-0.123258536377028,-0.4145548731480951,0.19062759131965568,342368658.2256031,13701140.743078727,-350469.57721278386,0.11889035086946131,-0.024320448960000175,0.013679370000000073,-0.166702
12.089999999999787,-0.12293266443297285,-0.12293266443297285,-0.41422900120403994,-0.46741501866495355,338036196.0705087,-7071785.721362248,-373937.635239991,0.11866784398486835,-0.024175467250000172,0.015316972000000073,0.4942224
12.099999999999786,-0.12263087862216798,-0.12263087862216798,-0.41392721539323507,-0.21931615188858608,342878859.70259666,-2766126.6551984516,-392421.6223556146,0.1184292798878595,-0.024003690645000172,0.019038349000000072,0.250053
12.109999999999786,-0.12236321552441998,-0.12236321552441998,-0.41365955229548707,-0.45895265849862565,361320410.0447407,-9917621.352281127,-398470.0336218496,0.1181814681910906,-0.02379462672500017,0.022774435000000072,0.4971642
12.119999999999786,-0.12212715283081149,-0.12212715283081149,-0.4134234896018786,-0.12688183672186532,379742122.5633998,-3617730.366351126,-397755.7418614818,0.11793174837823894,-0.023550212175000168,0.026108475000000072,0.1696438
12.129999999999786,-0.12190711852627356,-0.12190711852627356,-0.41320345529734065,0.07152003493633788,395034794.8308561,2642336.581094043,-392438.36031699606,0.11768449730682023,-0.023285450175000166,0.02684392500000007,-0.0225538
12.139999999999786,-0.12168665497839526,-0.12168665497839526,-0.41298299174946235,0.0009932672409480434,407263766.4925015,140688.45185991656,-387939.2084742098,0.11744104215793466,-0.023016324505000164,0.026981209000000072,0.0500106
12.149999999999785,-0.12145557724510264,-0.12145557724510264,-0.41275191401616973,0.3510608471569275,409337767.3826792,9657618.318003546,-387217.59296073037,0.11719949849026556,-0.022752690195000164,0.025745653000000073,-0.2971218
12.159999999999785,-0.12118120646787373,-0.12118120646787373,-0.4124775432389408,1.02860679589791,387244001.78285956,30508111.24857011,-389759.2612137115,0.11695709649999139,-0.022527029620000163,0.019386462000000073,-0.9747164
12.169999999999785,-0.12084590751042032,-0.12084590751042032,-0.4121422217711813,0.029753182269272347,368862455.6631813,6824654.260957983,-404316.03926655493,0.11670768446033705,-0.022356969065000162,0.014625649000000072,0.0225538
12.179999999999785,-0.12047971185010156,-0.12047971185010156,-0.41177596868755384,0.1491514742847904,349564183.29921246,6172348.9780352805,-428993.4724058704,0.1164424646288029,-0.02221264926000016,0.014238312000000072,-0.1000212
12.189999999999785,-0.12010095927459472,-0.12010095927459472,-0.411397157250504,0.1742780060518951,334607269.2355454,9389889.411113227,-449185.7859042214,0.11615938268986223,-0.02207585556000016,0.013120428000000073,-0.1235556
12.199999999999784,-0.11970001395732832,-0.11970001395732832,-0.4109961517380284,0.3900555306452392,313355996.5349486,14288030.912040707,-465618.23863898905,0.11586154760218847,-0.021956246875000158,0.010801309000000073,-0.3402682
12.209999999999784,-0.1192671082316262,-0.1192671082316262,-0.41056318458890806,0.32407639844641467,289542182.984813,15101044.690564493,-484509.09938204166,0.11554918079631149,-0.021863604690000156,0.007727128000000073,-0.274568
12.219999999999784,-0.11880484145883563,-0.11880484145883563,-0.41010085526624596,0.1362786141330604,266850022.56962705,9185580.70225446,-505876.3513879448,0.1152200968365163,-0.021795428475000156,0.005908115000000073,-0.0892346
12.229999999999784,-0.118335001676934,-0.118335001676934,-0.40963095190696236,-0.29368355042911054,256823106.77862215,-2409147.9720169315,-527766.8658368775,0.114872942153803,-0.021730071485000155,0.007163283000000073,0.3402682
12.239999999999783,-0.11788599833104482,-0.11788599833104482,-0.4091818840550852,-0.3823608010757108,259157239.2894807,-7973620.056467978,-543850.9717384634,0.11450995488082358,-0.021639218895000156,0.011007235000000073,0.4285222
12.249999999999783,-0.11747449912821631,-0.11747449912821631,-0.40877031951851867,-0.44176056984530016,273783543.97267556,-10334238.569222948,-550200.1690681782,0.11413772527300989,-0.021506175990000154,0.015601346000000075,0.4903
12.259999999999783,-0.11710873149839995,-0.11710873149839995,-0.40840448582918687,-0.563380979720402,299774124.7976179,-16399856.954865152,-547650.1052028962,0.11376412205785752,-0.021322583155000154,0.021117221000000075,0.612875
12.269999999999783,-0.11680215339265548,-0.11680215339265548,-0.4080978410384575,-0.7990584335904498,340722527.21335363,-24837203.30460917,-537416.8534683754,0.11339615557348895,-0.021074810050000153,0.028437400000000074,0.8511608
12.279999999999783,-0.11655613808905146,-0.11655613808905146,-0.4078517585227694,-0.26101423871577917,380468861.70799875,-13565886.973523665,-517736.55886953796,0.1130410622846531,-0.020761287715000153,0.034267067000000075,0.3147726
12.289999999999782,-0.11635415638721744,-0.11635415638721744,-0.4076497091782475,-0.44025715977822727,424071238.99548125,-17330895.308796346,-491463.5169522432,0.1127053440242109,-0.020398343140000153,0.038321848000000075,0.4961836
12.299999999999782,-0.11619998205596102,-0.11619998205596102,-0.4074954668651557,-0.7707662648310192,476176806.82284594,-30231033.518320184,-464883.15225971385,0.11239147249244291,-0.01998207844000015,0.044931092000000075,0.8256652
12.309999999999782,-0.11610764500705295,-0.11610764500705295,-0.4074030615810158,-0.4917016044950581,531123031.26681304,-24645289.89109049,-433735.34838845866,0.11210120930850526,-0.01949842200500015,0.05180019500000008,0.5481554
12.319999999999782,-0.11608326255587892,-0.11608326255587892,-0.40737861072694714,-0.9640155167107466,600053608.168421,-39358021.184070885,-394535.94566807407,0.11183924320213051,-0.01894119605500015,0.059644995000000076,1.0208046
12.329999999999782,-0.11612181038191155,-0.11612181038191155,-0.40741709007138394,-0.0974806126904538,657289653.848181,-19328837.643961795,-348866.96688755375,0.11161053957289058,-0.01831532810500015,0.06552859500000008,0.1559154
12.339999999999781,-0.11617894062272371,-0.11617894062272371,-0.4074741518450767,0.4156790697391009,695046118.2401679,-1941393.5544481957,-298550.7637513091,0.11141821176225974,-0.01766509224500015,0.06451857700000008,-0.357919
12.349999999999781,-0.11621927668934273,-0.11621927668934273,-0.4075144195466563,-0.06211055906178163,724014225.2309247,-13966459.919036604,-258539.40603161283,0.11125864233608018,-0.01702596168000015,0.06330753600000008,0.1157108
12.359999999999781,-0.11625482996665659,-0.11625482996665659,-0.40754990462510693,-0.10015026399127698,748698660.8632077,-16299339.899640463,-232558.32332751644,0.11112207049488734,-0.016386316300000148,0.06462154000000007,0.14709
12.36999999999978,-0.11628398081819027,-0.11628398081819027,-0.4075789874937827,0.518500349087428,757687567.6152762,1631522.5231044795,-207152.51848735395,0.11100301700082749,-0.015748288910000147,0.06298393800000007,-0.4746104
12.37999999999978,-0.11627943948317748,-0.11627943948317748,-0.40757437844180594,0.41083314309361046,755118214.0442299,2126863.5051681846,-187024.3511577694,0.11089908982384811,-0.015139655005000146,0.05874284300000007,-0.3736086
12.38999999999978,-0.11621856345907741,-0.11621856345907741,-0.4075134349941713,0.9132209282158801,728778903.5651438,17088168.971845888,-181351.5918338625,0.11080355099019512,-0.014583654805000146,0.05245719700000007,-0.8835206
12.39999999999978,-0.11608792579942975,-0.11608792579942975,-0.40738273019179966,0.553190422379088,694412067.2851027,12385936.083859399,-190163.90833576687,0.11070698825700986,-0.014094507010000146,0.045372362000000076,-0.5334464
12.40999999999978,-0.1159071888377202,-0.1159071888377202,-0.4072019263289401,-0.015629927080597846,665046249.0118003,-3650821.09749826,-212232.37698355672,0.11060024130241175,-0.013653457645000144,0.04283751100000008,0.0264762
12.41999999999978,-0.11570376325510653,-0.11570376325510653,-0.40699843405399994,0.38561379477945906,633055265.1205311,7670614.051209723,-234755.84462755645,0.11047850585061364,-0.013233956965000144,0.041062625000000075,-0.3814534
12.42999999999978,-0.11546873914546776,-0.11546873914546776,-0.40676334346076515,0.5083431819431502,595903810.4933164,14001986.440457515,-251946.6118939775,0.11034312176032518,-0.012845565820000144,0.03661560400000007,-0.5079508
12.43999999999978,-0.11517855012286915,-0.11517855012286915,-0.40647308818030464,0.8042963597288438,544034212.6738744,24334267.291028045,-274009.8477839059,0.11019393372525016,-0.012512382455000142,0.030021069000000074,-0.8109562
12.449999999999779,-0.11482549174659656,-0.11482549174659656,-0.4061199637800409,0.3978382455580781,491131989.61189914,16846127.709648572,-305065.5175514438,0.11002563965089907,-0.012242717455000142,0.023911931000000074,-0.4108714
12.459999999999779,-0.11443202910803243,-0.11443202910803243,-0.4057264353535696,0.01619764081712602,445808917.44893,5999717.264491388,-341890.40305953106,0.10983231087099624,-0.012014776985000142,0.021676163000000075,-0.0362822
12.469999999999779,-0.11402294063332119,-0.11402294063332119,-0.40531728133868705,0.19479991869194074,404764530.7692826,11224996.346594216,-375037.57739538874,0.10961252689602818,-0.01180436474000014,0.020406286000000076,-0.2176932
12.479999999999778,-0.1135922190423736,-0.1135922190423736,-0.4048864944828777,0.45952717125260006,360157670.2647402,20134037.01322645,-401537.625005817,0.10936968088019566,-0.011617879135000139,0.016890835000000076,-0.485397
12.489999999999778,-0.11313267909010716,-0.11313267909010716,-0.40442688957472867,0.03888019155608611,321237755.7203624,10603812.97565284,-429032.90729095205,0.10910554351077861,-0.011462797245000138,0.014125543000000075,-0.0676614
12.499999999999778,-0.11266277210173412,-0.11266277210173412,-0.40395691796907784,-0.12261132906532525,290558715.2983141,4802455.544098788,-457623.5795321369,0.10881892065874696,-0.011320977970000137,0.014238312000000076,0.0902152
12.509999999999778,-0.11220874498188382,-0.11220874498188382,-0.4035028266000627,-0.42886519108764837,276389709.53405976,-3716622.0371984495,-480372.33960893034,0.10851141996036831,-0.011166435410000137,0.016670200000000076,0.3961624
12.519999999999778,-0.11178173957060358,-0.11178173957060358,-0.4030757573434649,-0.10054278545355026,266463452.31693697,3050026.0243512946,-494025.3449565853,0.10818894628068482,-0.010988137815000135,0.018989319000000077,0.0676614
12.529999999999777,-0.11136813854190203,-0.11136813854190203,-0.40266209291379207,0.09376102546800724,255988530.74024272,10070166.87863088,-500893.37839635933,0.10785796671777298,-0.010799691010000135,0.018700042000000076,-0.1255168
12.539999999999777,-0.11095015735798458,-0.11095015735798458,-0.40224404881254666,0.08822096587728936,242903690.59597135,9856988.933382383,-507777.56946948083,0.10752125734512669,-0.010618868370000133,0.017464486000000078,-0.1215944
12.549999999999777,-0.1105303270352335,-0.1105303270352335,-0.40182415608946176,-0.19624136815598478,235639805.54973626,2608529.0419745427,-517650.5579930704,0.10717753701061575,-0.010443218395000132,0.01766550900000008,0.161799
12.559999999999777,-0.110116374668881,-0.110116374668881,-0.4014101418695223,0.06913558593613836,227186302.7994635,8292554.84756373,-526429.090969707,0.10682601305214082,-0.010265141435000132,0.01794988300000008,-0.1049242
12.569999999999776,-0.10970728963717982,-0.10970728963717982,-0.4010009955621354,-0.13673179819753148,224108566.37837195,4296206.985262593,-532879.9624755223,0.10646812938536065,-0.01008574066500013,0.01793027100000008,0.1010018
12.579999999999776,-0.10930683695605212,-0.10930683695605212,-0.4006004822159378,-0.14098318330078732,223652875.59402323,2153599.831451204,-538787.0671206366,0.10610507000371727,-0.00990131432000013,0.01895499800000008,0.1039436
12.589999999999776,-0.10891425806349242,-0.10891425806349242,-0.40020784330235865,0.10372621288476686,221351099.65018058,9665208.266252503,-542604.6737792521,0.1057379709500117,-0.009712671395000129,0.01877358700000008,-0.1402258
12.599999999999776,-0.1085247295165975,-0.1085247295165975,-0.3998182554135374,-0.18849952712944534,223833330.6924703,1674508.3250021548,-545318.2338924485,0.10536814437267991,-0.009524665860000128,0.01882752000000008,0.1510124
12.609999999999776,-0.1081357603776458,-0.1081357603776458,-0.39942922764749994,0.25087937255363135,219021018.1507051,12876921.598115329,-548744.4208383543,0.10499570429680039,-0.009339822760000128,0.01814110000000008,-0.2882964
12.619999999999775,-0.10776040962861722,-0.10776040962861722,-0.39905381902222187,-0.8580126689458054,237376587.90967703,-16277866.867941627,-552074.0799462526,0.10462040773201634,-0.009145124630000128,0.02079852600000008,0.8197816
12.629999999999775,-0.10742453532266993,-0.10742453532266993,-0.39871788762902294,-0.1139372281233291,253780722.51486874,-2048346.7322488218,-551698.0389974646,0.1042439845967362,-0.008914708145000127,0.02528477100000008,0.0774674
12.639999999999775,-0.10712415779531739,-0.10712415779531739,-0.3984174538479998,-0.33401736183871994,279651974.668339,-4473775.785504574,-541890.2190614172,0.10387215408693068,-0.008652422160000126,0.02717242600000008,0.3000636
12.649999999999775,-0.10684574469883931,-0.10684574469883931,-0.39813898538217496,-0.09664065613202023,300472776.6611736,-1998316.2808528012,-529421.1252505108,0.1035098420129516,-0.008371578320000125,0.028996342000000078,0.0647196
12.659999999999775,-0.10657954891812371,-0.10657954891812371,-0.39787273516782357,0.03857983906878154,318280676.7694175,4090868.5564408563,-517940.51841814985,0.10315760361914975,-0.008081737475000125,0.02897182700000008,-0.0696226
12.669999999999774,-0.1063120785408617,-0.1063120785408617,-0.3976052113436948,0.07045685674061039,330465840.0416062,3660868.1063012313,-507239.0989904473,0.10281462303196404,-0.007796260300000124,0.028123608000000078,-0.1000212
12.679999999999774,-0.10603395841411697,-0.10603395841411697,-0.39732703880822823,0.24649642675808003,335041044.90206957,9978180.466097092,-501066.0954945547,0.10247855044707233,-0.007524437980000123,0.026240856000000076,-0.2765292
12.689999999999774,-0.10573395344965775,-0.10573395344965775,-0.3970269825246422,0.3119437983236748,331882161.6904242,12114385.43642167,-498493.68678543676,0.10214598751366344,-0.007277473870000122,0.023151966000000076,-0.3412488
12.699999999999774,-0.10539988546359502,-0.10539988546359502,-0.3966928643617219,0.4921368407333461,317915932.4368584,18846235.118701354,-501529.9165546982,0.10181304906797087,-0.007067551925000121,0.018832423000000077,-0.5226598
12.709999999999773,-0.1050349644151139,-0.1050349644151139,-0.396327894332338,-0.06210618280881038,309178457.9626863,4600497.856236629,-511006.5838703083,0.10147474461851583,-0.00689150971000012,0.016376020000000078,0.0313792
12.719999999999773,-0.10464975472060406,-0.10464975472060406,-0.39594263690918624,0.44359896652163877,291935991.5673742,17163882.80861443,-522925.33740808466,0.10112744101056101,-0.006738830290000119,0.014159864000000077,-0.4746104
12.729999999999773,-0.10423810389766525,-0.10423810389766525,-0.395530939672446,0.23254218716801967,275491629.7768252,14564044.169958271,-534209.1713689968,0.10077036484586105,-0.006615642415000118,0.010477711000000077,-0.2618202
12.739999999999773,-0.10379174961196186,-0.10379174961196186,-0.39508454035635937,0.4794551697252554,249752850.66102505,20482244.094000623,-548799.968886927,0.10040232240992858,-0.006530134095000117,0.0066239530000000765,-0.5089314
12.749999999999773,-0.10331300598825285,-0.10331300598825285,-0.39460575315724505,0.104120993606792,228580341.6313603,12909152.59773449,-567055.9788123963,0.1000202643141539,-0.006479927375000116,0.0034173910000000764,-0.132381
12.759999999999772,-0.10282015791200552,-0.10282015791200552,-0.3941128630351869,-0.12353638312881447,214524903.95311594,4456424.869577293,-586304.91494237,0.09962208165274072,-0.006446660520000115,0.0032359800000000766,0.0960988
12.769999999999772,-0.10232919727213952,-0.10232919727213952,-0.3936218619587235,0.06741966195005848,204104645.3593712,9758322.486469753,-601852.7386077043,0.09920883872978253,-0.006414178145000114,0.0032604950000000767,-0.0911958
12.779999999999772,-0.10185658025130948,-0.10185658025130948,-0.3931492061957731,-0.745084097692817,215481453.15218353,-13281409.033671232,-612290.9593516173,0.09878433660638186,-0.006365736505000113,0.006427833000000076,0.7246634
12.789999999999772,-0.10142860372808526,-0.10142860372808526,-0.3927211927142278,-0.36292703097163664,233973581.7669549,-7518770.647396134,-616549.6590403509,0.09835362314271084,-0.006274638765000113,0.011791715000000076,0.348113
12.799999999999772,-0.1010425369300409,-0.1010425369300409,-0.39233509083498525,-0.20552593247622128,257553325.4187355,-2408899.6562728966,-609517.1569915016,0.09792444567367448,-0.006143091275000112,0.014517783000000076,0.1971006
12.809999999999771,-0.10069022769706099,-0.10069022769706099,-0.3919827484946745,-0.57640266134874,289976072.0943394,-14680335.259281013,-598123.3765241377,0.09750343942847109,-0.005978644655000111,0.018371541000000075,0.573651
12.819999999999771,-0.10039415245951192,-0.10039415245951192,-0.39168664221977173,-0.8911113611436541,338616413.71528864,-26419847.051269643,-584848.8508115798,0.09709322743103802,-0.005758254805000111,0.025706429000000072,0.8933266
12.829999999999771,-0.10016845603951519,-0.10016845603951519,-0.39146091692808066,-0.45661394483110657,391104543.29285526,-18211965.33143196,-561434.0195691164,0.09669911992463184,-0.00546718821000011,0.03250689000000007,0.4667656
12.83999999999977,-0.09998911796214521,-0.09998911796214521,-0.3912815522433117,-0.050085026078425805,436683434.9854293,-6835247.992836957,-529256.0309313283,0.09632896384520145,-0.005128783150000109,0.03517412200000007,0.0666808
12.84999999999977,-0.09982468184438995,-0.09982468184438995,-0.3911170918819702,-0.039388940111860685,473948965.26618004,-6780459.116014754,-498325.1065032563,0.09598534283543098,-0.004773854980000108,0.03581151200000007,0.0607972
12.85999999999977,-0.099652411090658,-0.099652411090658,-0.39094479934450793,0.4421766404138025,493079818.02777886,6501865.596170543,-473942.61405375844,0.09566449993045761,-0.004424687835000107,0.034021917000000075,-0.4187162
12.86999999999977,-0.09945672211613948,-0.09945672211613948,-0.39074909113764006,0.09174105596915767,507456697.11709285,-915727.7308053435,-457114.2434087417,0.09536032545620488,-0.004096603590000107,0.031594932000000076,-0.0666808
12.87999999999977,-0.09923398960464289,-0.09923398960464289,-0.3905263420327991,0.45608272677109013,507572591.4584379,7818761.025282923,-448765.0311725615,0.09506612903473827,-0.003793107890000106,0.029104208000000076,-0.431464
12.88999999999977,-0.09897238870817968,-0.09897238870817968,-0.3902647272669815,0.5508288891530017,496896193.1055832,13773765.865229292,-445967.380473978,0.09477627812128842,-0.0035259924500001052,0.024318880000000077,-0.5256016
12.89999999999977,-0.09865792533699608,-0.09865792533699608,-0.3899502528340228,0.5567584837398767,474493792.28680015,14744930.68933321,-451327.8892693514,0.09448533621724295,-0.0033092798500001046,0.019023640000000078,-0.5334464
12.90999999999977,-0.09828949094348968,-0.09828949094348968,-0.38958181026770505,0.4944950362772295,445452889.2664957,15301697.240914905,-465591.362621447,0.094186405095817,-0.003144195840000104,0.013993162000000076,-0.4726492
12.919999999999769,-0.0978758616773373,-0.0978758616773373,-0.38916817579675544,0.2620463495454919,416499685.20852876,9536275.86023012,-484862.99117865047,0.09387373263089566,-0.003022135655000103,0.010418875000000077,-0.2422082
12.929999999999769,-0.09744216388011578,-0.09744216388011578,-0.38873447583976095,-0.21587658116566183,399631193.16975546,-3498341.2961402074,-505935.0151198602,0.09354437595994336,-0.0029181185100001024,0.010384554000000077,0.235344
12.939999999999769,-0.09701979773007041,-0.09701979773007041,-0.3883121106490285,-0.28365225989550125,394401323.00546265,-7734364.321594042,-521895.6262148048,0.09319956680264221,-0.002800789720000102,0.013081204000000077,0.303986
12.949999999999768,-0.0966300707100766,-0.0966300707100766,-0.38792238777754123,-0.5225116688519423,405046196.0278337,-14993612.229847107,-528317.0887312706,0.09284535347438197,-0.002648723175000101,0.017332105000000077,0.5461942
12.959999999999768,-0.09627847807515172,-0.09627847807515172,-0.387570802545262,-0.19682997071960892,418744318.85263276,-8841202.222389886,-525571.6858945804,0.09248967880287395,-0.0024561578500001003,0.021180960000000075,0.2235768
12.969999999999768,-0.09594689638639511,-0.09594689638639511,-0.38723923157200174,0.11563383596035459,427774811.60325956,898056.309504845,-516221.29092232155,0.0921392326996141,-0.0022408916350000994,0.021872283000000076,-0.0853122
12.979999999999768,-0.09562689336490052,-0.09562689336490052,-0.38691924263042826,-0.4976537958136293,445789138.4348018,-16354051.37680158,-507434.590281925,0.0917963750831863,-0.0020110880250000986,0.024088439000000076,0.5285434
12.989999999999768,-0.09533554410976217,-0.09533554410976217,-0.38662791086232995,-0.26658059690920866,465703515.8154509,-13144066.08721634,-499148.17820577364,0.09146063977142505,-0.001749512975000098,0.028226571000000075,0.299083
12.999999999999767,-0.09507400367508978,-0.09507400367508978,-0.38636639135482986,-0.16167543429825576,487467327.31232595,-9854442.505059116,-484458.52107943036,0.09113459455346812,-0.0014548671900000971,0.030702586000000073,0.19612
13.009999999999767,-0.09482942714557271,-0.09482942714557271,-0.38612183921649396,-0.08876330105876237,505900251.1607709,-8783732.169697069,-467300.92957640794,0.09082172446011552,-0.0011398249250000963,0.03230586700000007,0.1245362
13.019999999999767,-0.09459426012732963,-0.09459426012732963,-0.3858867000681476,-0.03731756316931207,521144759.8850193,-7215767.130437708,-451851.95232026,0.09052212800359269,-0.0008118387400000955,0.03329137000000007,0.0725644
13.029999999999767,-0.09437156488529685,-0.09437156488529685,-0.3856640361794676,-0.33561195925491666,540904642.8942759,-15933353.603094973,-437536.925371218,0.09023455096295255,-0.00046784426000009483,0.03550752600000007,0.3706668
13.039999999999766,-0.09415222164990372,-0.09415222164990372,-0.38544472777524036,0.5743577805074618,542181951.5845771,7945219.8233282305,-422792.8828019517,0.08995864223184391,-0.00011701009500009413,0.03465930700000007,-0.5403106
13.049999999999766,-0.09390816298987079,-0.09390816298987079,-0.38520070740911366,0.1754796198284635,539362827.3786185,1684861.4867102732,-410561.21160244173,0.08969343006501423,0.00021249601999990663,0.03124191600000007,-0.1431676
13.059999999999766,-0.09362658725561732,-0.09362658725561732,-0.3849191734088857,0.575365948657164,519198889.88428235,10872715.91585565,-408753.4432866651,0.0894337077595817,0.0005076321049999074,0.02778530100000007,-0.5481554
13.069999999999766,-0.09331860498815875,-0.09331860498815875,-0.38461123628505217,-0.2699828924534161,510582945.29556847,-8187451.407486891,-413986.81268244365,0.08917262590137759,0.0007791112149999082,0.02651052100000007,0.2931994
13.079999999999766,-0.09300854149829235,-0.09300854149829235,-0.3843012213069396,0.04778332553129528,500009291.55166984,-4235694.870878448,-420125.02522333624,0.08890702499914058,0.001050835474999909,0.027834331000000073,-0.0284374
13.089999999999765,-0.09270125979366026,-0.09270125979366026,-0.38399399142721696,0.063112128505788,492311006.75214505,23211.262623602524,-421383.06180542347,0.08863847909420342,0.0013273401599999098,0.027466606000000074,-0.0451076
13.099999999999765,-0.09237812704332482,-0.09237812704332482,-0.38367091374757206,0.46003424558954276,472189372.0900519,9388543.221188217,-421037.0552655495,0.08836956941281834,0.0015897487199999106,0.025015106000000075,-0.4451924
13.109999999999765,-0.0920250423599005,-0.0920250423599005,-0.38331788730470906,0.21489670387024468,449789174.72919965,7047084.148918743,-426036.15994850185,0.08809880033536055,0.0018236708499999113,0.021769320000000075,-0.2039648
13.119999999999765,-0.09162779723529066,-0.09162779723529066,-0.3829207035079934,0.8765899940915688,407163318.9369893,24004933.86462777,-436190.0089338959,0.08782195868760684,0.002014495609999912,0.016395632000000077,-0.8707728
13.129999999999765,-0.09116577591331151,-0.09116577591331151,-0.382458746512177,0.6229712027190528,357042520.3677218,23802072.203949254,-453651.30463205965,0.08753397867155205,0.0021411155849999125,0.008928363000000075,-0.622681
13.139999999999764,-0.0906332193460759,-0.0906332193460759,-0.38192625717440587,0.6988774107287112,295308342.2875228,24972736.78617613,-481234.62851879146,0.08722763926269833,0.0021971813899999133,0.002284798000000074,-0.706032
13.149999999999764,-0.09003431852507107,-0.09003431852507107,-0.3813274263836428,0.6330441265907369,229484703.82834888,28137360.755689416,-515333.3388923758,0.08689581463376278,0.002186223184999914,-0.004476438999999926,-0.6462154
13.159999999999764,-0.0893734440588691,-0.0893734440588691,-0.3806666246353348,0.5139801439767103,161316163.91182876,24959915.252778895,-552767.6617877461,0.08653395155540192,0.0021119672499999146,-0.010374747999999925,-0.5334464
13.169999999999764,-0.08866033054237146,-0.08866033054237146,-0.3799535863997075,0.4285575972825313,94295057.54891849,25728383.334365286,-592613.1202578427,0.08613907167576856,0.0019835576799999153,-0.015307165999999924,-0.4530372
13.179999999999763,-0.08790859321812466,-0.08790859321812466,-0.37920192678300374,0.17385697142494927,34038173.22118664,18626516.688941546,-631743.891658234,0.08570988135118882,0.001814085484999916,-0.018587272999999925,-0.2029842
13.189999999999763,-0.08713856922330679,-0.08713856922330679,-0.37843198277418244,-0.044824991852555146,-15398133.871917963,13603219.43580402,-668186.8179546602,0.08524734155650834,0.001623456844999917,-0.019538454999999927,0.0127478
13.199999999999763,-0.08636653339164294,-0.08636653339164294,-0.37766002904704177,-0.0037944963222537867,-56834695.28859067,13383114.835661387,-698578.8651688568,0.08475490912086309,0.0014276310249999177,-0.019626708999999926,-0.0303986
13.209999999999763,-0.08559765995361973,-0.08559765995361973,-0.3768912396616487,-0.0741596854074513,-90265184.28126574,12615072.064815331,-722573.1134749613,0.0842378793938123,0.0012315845699999183,-0.019582581999999925,0.039224
13.219999999999763,-0.08483893780259069,-0.08483893780259069,-0.3761326033328832,-0.2540083979643305,-113819201.41555262,6145421.575455276,-742282.7944511672,0.08370090764917129,0.001042181679999919,-0.018297995999999924,0.2176932
13.229999999999762,-0.08410773489425727,-0.08410773489425727,-0.3754014878313028,-0.5186566060695317,-122405060.69455004,-1742765.539725989,-757051.4143287666,0.08314816349773896,0.0008767054299999199,-0.014797253999999923,0.4824552
13.239999999999762,-0.08342323760432899,-0.08342323760432899,-0.37471707934044857,-0.5769588189454133,-117196210.10027385,-6462633.553770635,-764225.669527132,0.08258553282131684,0.0007543265499999206,-0.009678521999999924,0.5412912
13.249999999999762,-0.08278764216380374,-0.08278764216380374,-0.3740815738923818,-0.2835474675348736,-107605943.03675437,742261.5344474576,-762105.7600819136,0.0820208804299754,0.0006773249349999214,-0.005721800999999924,0.250053
13.259999999999762,-0.08218759225173139,-0.08218759225173139,-0.3734816149631515,-0.27780699944603277,-95309353.25034738,92007.8795384895,-754201.0437165486,0.08146104595528786,0.0006324869999999222,-0.0032457859999999237,0.24515
13.269999999999762,-0.08160863426117035,-0.08160863426117035,-0.3729027487425888,-0.00454688027189346,-88453204.69974566,7146703.677354443,-745210.3374001933,0.08090903288371193,0.000605471469999923,-0.0021573199999999236,-0.0274568
13.279999999999761,-0.08103913823282896,-0.08103913823282896,-0.3723333450702978,-0.09160117088351342,-82677237.53225803,5127701.291201546,-737237.5977348605,0.08036477506676362,0.0005846827499999237,-0.0020004239999999235,0.058836
13.289999999999761,-0.0804778396818116,-0.0804778396818116,-0.37177213926302455,-0.14016537866974568,-77331910.90326166,3153487.6231845436,-731452.879946869,0.07982674533405656,0.0005688215449999245,-0.0011718169999999234,0.1068854
13.299999999999761,-0.07993362980459479,-0.07993362980459479,-0.37122802232113405,-0.3116226870862895,-66512975.19189048,-2289346.273373533,-726329.2311232621,0.0792936740085465,0.0005667132549999253,0.0007501590000000766,0.2775098
13.30999999999976,-0.07942041992708584,-0.07942041992708584,-0.3707149053753432,-0.47659195314569514,-47336755.19460726,-8301061.006984618,-718916.2593374542,0.07876637965369199,0.000592233369999926,0.004353864000000077,0.4432312
13.31999999999976,-0.07894785275065572,-0.07894785275065572,-0.37024243093207604,-0.3609022938986595,-23551083.094723225,-7020179.126577556,-707103.5861929923,0.07824795211106683,0.0006550653149999268,0.008212525000000076,0.328501
13.32999999999976,-0.07851818317732037,-0.07851818317732037,-0.36981285369946626,-0.517507582848932,7779963.689077854,-11952262.464785552,-690380.3734577913,0.07774257906309817,0.0007575870449999275,0.012291821000000078,0.4873582
13.33999999999976,-0.07812464091757088,-0.07812464091757088,-0.3694194031973489,-0.04917508383891958,32912058.947297573,-1290252.5714783357,-670287.5647819653,0.07725386475882778,0.0008932040249999282,0.014831575000000078,0.0205926
13.34999999999976,-0.07773517514679659,-0.07773517514679659,-0.3690300284168516,0.45280849544312196,41795456.091477394,14822453.604344202,-649138.2593839902,0.07678357836536953,0.001030046754999929,0.012536971000000077,-0.4795134
13.35999999999976,-0.07731906786656742,-0.07731906786656742,-0.36861401118694737,0.20924922951675462,41406837.4919076,9754172.567160198,-635323.6644292955,0.0763285670078365,0.0011374959999999297,0.008952878000000077,-0.2373052
13.36999999999976,-0.07688683959000742,-0.07688683959000742,-0.36818187186333334,-0.22643649627701717,44609631.24733162,-2442232.0249420833,-631984.3669671509,0.07588081432897154,0.0012260196649999304,0.008751855000000077,0.1971006
13.37999999999976,-0.0764659642235391,-0.0764659642235391,-0.3677610842048818,-0.21048249010925976,52860328.29819155,-3850274.7611562572,-629806.4982402521,0.07543543509424505,0.001323001004999931,0.010644413000000076,0.181411
13.389999999999759,-0.07606450965311365,-0.07606450965311365,-0.3673597159524694,-0.1294303652184851,63868593.19094396,-1478905.2649234086,-622810.9095565168,0.07499420278478977,0.001436554484999932,0.012066283000000077,0.102963
13.399999999999759,-0.07566390704378503,-0.07566390704378503,-0.366959198129776,0.43528061067374063,61779632.800460815,13818920.603798319,-613441.7468030246,0.074560191867966,0.0015482938549999327,0.010281591000000076,-0.4599014
13.409999999999759,-0.07522761528387956,-0.07522761528387956,-0.3665229894946656,0.6864854631287016,42827749.01173186,24423001.515064117,-608008.4738078311,0.07413250841552738,0.0016218633699999333,0.004432312000000075,-0.7099544
13.419999999999758,-0.07473331247355858,-0.07473331247355858,-0.36602876803415696,0.5122614789975309,12826260.286192894,21337243.469453797,-614204.4206108637,0.07370433695404782,0.001635003409999934,-0.0018043039999999242,-0.5373688
13.429999999999758,-0.07419036524133013,-0.07419036524133013,-0.3654859002807946,0.2348432930247549,-17896904.09852004,15137084.994739223,-630772.0117117516,0.07326615050277832,0.0015970051599999348,-0.005795345999999924,-0.2608396
13.439999999999758,-0.0736310425991542,-0.0736310425991542,-0.36492665515987655,-0.32687297464623827,-34088018.723410845,-1040350.9636968393,-650073.7535099202,0.07281212319860023,0.0015400568149999355,-0.0055943229999999245,0.3010442
13.449999999999758,-0.07309599090825364,-0.07309599090825364,-0.3643916789469089,-0.5519150029714728,-32557663.60410142,-9550541.953593783,-664320.5516876045,0.07234319043912649,0.0015048777899999363,-0.0014414819999999245,0.529524
13.459999999999757,-0.07259850907354409,-0.07259850907354409,-0.3638942704588448,-0.07209126705096759,-27611290.50847721,1776232.548089412,-667633.3912462521,0.07186650179370016,0.001505073909999937,0.0014807060000000755,0.0549136
13.469999999999757,-0.07212624600765888,-0.07212624600765888,-0.3634220785216947,-0.3126532159000562,-15314549.709454775,-3689760.521446755,-663808.1188043965,0.0713901517858413,0.0015287799149999377,0.0032604950000000754,0.3010442
13.479999999999757,-0.07168460063685347,-0.07168460063685347,-0.362980501983488,-0.5273101043415478,5888680.938572168,-12624178.039643507,-659151.9425656017,0.07091763780552918,0.0015819039199999384,0.007364306000000076,0.519718
13.489999999999757,-0.07128960537938023,-0.07128960537938023,-0.3625855731933247,-0.49873110870330567,36208529.063141346,-13279054.31933298,-650023.6394589397,0.07045140891831778,0.0016809690349999392,0.012448717000000074,0.4971642
13.499999999999757,-0.07095867857828783,-0.07095867857828783,-0.36225471042955454,-1.0379659334851754,86819342.07972956,-30770259.49625042,-633638.3004011933,0.06999671673194507,0.0018439447549999399,0.020146427000000074,1.0423778
13.509999999999756,-0.07071814481414052,-0.07071814481414052,-0.3620142382100363,-1.0410585021288734,153485492.93664265,-35662208.57644697,-608765.2885936908,0.06956046358701609,0.0020977975799999406,0.03062413800000007,1.0531644
13.519999999999756,-0.07057372611204527,-0.07057372611204527,-0.3618698784966445,-0.7245195443409932,227316382.2233379,-29895887.47876296,-570635.3384302648,0.06915202251899838,0.002448999469999941,0.03961624000000007,0.745256
13.529999999999756,-0.07049657215086041,-0.07049657215086041,-0.36179278090425393,-0.20049204560469447,292225856.3552296,-16826039.767234437,-523146.9479156875,0.0687805168989124,0.002869529779999942,0.044489822000000075,0.2294604
13.539999999999756,-0.0704566384691298,-0.0704566384691298,-0.3617529009141188,-0.3633075426190809,353265579.2308295,-21130589.127178982,-476570.8144475926,0.06844848780370111,0.0033300930849999425,0.047622839000000076,0.397143
13.549999999999756,-0.07044447828884601,-0.07044447828884601,-0.3617407917043325,-0.18383292703091028,406236790.0189562,-18291066.768716536,-434936.29108068947,0.06815254525526834,0.0038217904399999434,0.050716632000000074,0.2216156
13.559999999999755,-0.07045092271291242,-0.07045092271291242,-0.3617472594839795,-0.012216340764842102,451161721.3829706,-13126221.173156928,-395833.7356215248,0.06788889990553273,0.004335820959999944,0.052089472000000074,0.0529524
13.569999999999755,-0.07045683712446738,-0.07045683712446738,-0.36175317389553446,0.23031789203385108,482458869.5137515,-6348951.63535876,-360487.674399187,0.0676543053416783,0.004853357124999944,0.051417761000000076,-0.1872946
13.579999999999755,-0.07044559081424673,-0.07044559081424673,-0.3617419275853138,0.23798236368005618,503029269.3668108,-4579991.508616756,-333141.5649008517,0.06744352185978858,0.005357973884999945,0.04950559100000008,-0.1951394
13.589999999999755,-0.07040023661410116,-0.07040023661410116,-0.36169657338516825,0.6580329776012204,504279391.3582089,7774504.201173525,-314982.98557645356,0.06724974582020482,0.0058327558899999455,0.04545081000000008,-0.6158168
13.599999999999755,-0.07029808466101845,-0.07029808466101845,-0.36159442143208553,0.7178617986046812,489380740.5662403,13214638.653654838,-307653.04709290684,0.06706545753355275,0.006254904189999947,0.03897885000000008,-0.6785752
13.609999999999754,-0.07012915038254164,-0.07012915038254164,-0.3614254871536087,0.5775364409525319,463307158.5586126,11123287.091027826,-314308.6572937248,0.0668814193907789,0.0066141715149999475,0.03287461500000008,-0.5422718
13.619999999999754,-0.06990487796562611,-0.06990487796562611,-0.3612012147366932,0.3405908570422492,435383022.01400137,6447818.103887181,-331657.1949762039,0.06668844200800497,0.006921614129999948,0.028613908000000077,-0.3098696
13.629999999999754,-0.06963387043255559,-0.06963387043255559,-0.3609302072036227,0.6106864911619138,399610640.15429974,14557239.975686243,-352265.7429937382,0.06648118172171583,0.007185444559999948,0.024152178000000076,-0.5824764
13.639999999999754,-0.06931365071304829,-0.06931365071304829,-0.3606099874841154,0.40652361810229926,362721791.1441791,12157739.852296596,-375144.2228507257,0.06625731646210797,0.007402868094999949,0.019332529000000077,-0.3814534
13.649999999999753,-0.06893602671263555,-0.06893602671263555,-0.36023236348370263,0.8724375088527289,311434551.1615236,25490716.90744367,-401929.745524745,0.06601417775913426,0.007565402544999949,0.013174361000000077,-0.8501802
13.659999999999753,-0.06850278713057123,-0.06850278713057123,-0.3597991239016383,0.0732246302538273,269671103.54985476,8008232.749026797,-433664.5625957681,0.06574792891024303,0.00767451880999995,0.008648892000000076,-0.0549136
13.669999999999753,-0.06804968753994128,-0.06804968753994128,-0.35934602431100837,-0.2245123891688919,240137859.62161946,-3756188.088352631,-467620.25675094454,0.06545526484079725,0.007765641064999951,0.009575559000000077,0.240247
13.679999999999753,-0.06760899401220671,-0.06760899401220671,-0.3589053307832738,-0.12051905100322952,222426589.76218605,-324207.4244568208,-492542.63741356594,0.06513854710586503,0.007870810414999952,0.011458311000000077,0.1363034
13.689999999999753,-0.06718235258790783,-0.06718235258790783,-0.3584786893589749,-0.09663558821565506,211079292.90141225,-703187.9813284287,-506657.9380122112,0.06480567691779884,0.007991644849999953,0.012708576000000077,0.1137496
13.699999999999752,-0.06677526731179134,-0.06677526731179134,-0.35807160408285843,-0.46855868788580884,213009348.50027633,-10848950.886924287,-516541.14543706086,0.06446278912480577,0.008133709274999954,0.015704309000000076,0.485397
13.709999999999752,-0.0663870552306714,-0.0663870552306714,-0.3576833920017385,0.27874809304200643,207162468.29013824,7070345.360743882,-520436.6728693207,0.0641141241632244,0.008296366299999955,0.016827096000000076,-0.2608396
13.719999999999752,-0.06599089794167318,-0.06599089794167318,-0.35728723471274026,0.2288455127523178,197579093.84932446,9851402.162557267,-521113.20338809415,0.06376353730437823,0.008452821029999955,0.014463850000000077,-0.2118096
13.729999999999752,-0.06556286096263342,-0.06556286096263342,-0.3568591977337005,0.5387484831140588,173378047.2799418,17317759.06317302,-527462.620951527,0.0634099897773176,0.008579048764999956,0.010781697000000076,-0.524621
13.739999999999752,-0.0651005776387536,-0.0651005776387536,-0.3563969144098207,0.06351131462322318,152243047.47486925,8013520.388073012,-540773.5038371404,0.06304813015384442,0.008672401884999957,0.007888927000000077,-0.053933
13.749999999999751,-0.064625279374808,-0.064625279374808,-0.3559216161458751,-0.14520151446561572,136957803.87712336,-651111.9974119333,-557144.8575067479,0.06267365486583079,0.008753718139999957,0.008374324000000077,0.1510124
13.759999999999751,-0.06415616421888165,-0.06415616421888165,-0.35545250098994874,-0.020515641486474726,126531858.04348898,3728898.120453165,-569736.9307353095,0.062286796548504,0.008841825049999957,0.009247058000000077,0.0235344
13.76999999999975,-0.06369052074547715,-0.06369052074547715,-0.35498685751654424,0.04728344073221162,116838087.69455099,4888478.843442365,-576773.290236271,0.06189150231003318,0.008933731784999958,0.009134289000000077,-0.0460882
13.77999999999975,-0.06321276445151064,-0.06321276445151064,-0.3545091012225777,0.41043455695459274,98017235.33226609,16348502.83928784,-583051.4672132931,0.06149046205109468,0.009013601654999958,0.006839685000000076,-0.4128326
13.78999999999975,-0.06271351426697158,-0.06271351426697158,-0.35400985103803867,-0.00842653310919787,82000890.12024951,6209906.702439301,-592073.6810090874,0.06108279588815657,0.00907172671999996,0.0047853280000000765,0.0019612
13.79999999999975,-0.06220912103801801,-0.06220912103801801,-0.3535054578090851,-0.1879475602243733,71693447.30490088,65289.82793432986,-603923.9988519542,0.06066605597343516,0.009124041729999961,0.005677674000000077,0.176508
13.80999999999975,-0.06171848372871214,-0.06171848372871214,-0.3530148204997792,-0.16603245070551084,68135205.37559628,2548.6098109605045,-611982.3410435711,0.06024068520905451,0.009189030994999962,0.007320179000000077,0.151993
13.81999999999975,-0.06123920510979264,-0.06123920510979264,-0.3525355418808597,0.06557534219474519,63210351.28336835,6318686.072838775,-614207.8982981895,0.059810986965919244,0.009263973349999963,0.0076682920000000765,-0.0823704
13.82999999999975,-0.060777616553036096,-0.060777616553036096,-0.3520739533241032,-0.6727824128428497,74791357.92506337,-13784501.09675651,-615013.4371675793,0.05938002219301336,0.009354923999999964,0.010521838000000077,0.6530796
13.83999999999975,-0.06035401834866455,-0.06035401834866455,-0.35165035511973164,-0.23971747868098137,88208162.76036954,-5979536.8550519,-611925.4530916474,0.05895018695244142,0.009481911699999965,0.014875702000000077,0.2176932
13.84999999999975,-0.05996184652763081,-0.05996184652763081,-0.3512581832986979,-0.10496193752878857,103115518.3354876,-402966.9376211548,-600594.0046146745,0.05852687499699938,0.009638170309999966,0.016376020000000078,0.0823704
13.859999999999749,-0.059581791486165325,-0.059581791486165325,-0.3508781282572324,-0.035155221502290404,113139002.69574022,409586.27117320127,-587449.6466164754,0.05811425044662294,0.009804234919999967,0.016836902000000077,0.009806
13.869999999999749,-0.05921510663991253,-0.05921510663991253,-0.3505114434109796,-0.35966193227061155,128814508.11291885,-7863878.636380114,-577264.0962699506,0.05771164348932645,0.009981135159999968,0.018543146000000076,0.3314428
13.879999999999749,-0.058866406119948145,-0.058866406119948145,-0.35016274289101523,0.03501006653169017,139110481.36586,700814.5028601007,-565821.4914062823,0.05731836991739586,0.010173210184999969,0.019871859000000075,-0.0657002
13.889999999999748,-0.05853345917959146,-0.05853345917959146,-0.34982979595065855,-0.34056655598435803,155955550.53885388,-7531077.59339026,-552817.9900896648,0.05693559597491116,0.010377983979999969,0.021082900000000074,0.3079084
13.899999999999748,-0.05822648766759886,-0.05822648766759886,-0.34952282443866595,-0.3929908411395249,176698880.6921084,-12351737.830165636,-539709.0343674652,0.05656394363105721,0.01060545866499997,0.024412037000000074,0.357919
13.909999999999748,-0.05795224271206134,-0.05795224271206134,-0.34924857948312843,-0.1826420265300811,198464924.6433251,-6186448.95635648,-522870.2115399067,0.056205054532085574,0.010862204259999972,0.026937082000000074,0.14709
13.919999999999748,-0.057708309947147374,-0.057708309947147374,-0.3490045932173741,-0.45220027633526294,226044880.86717296,-14584137.425206825,-502190.89008915913,0.05586200046796208,0.011145646689999972,0.029751404000000075,0.4157744
13.929999999999747,-0.05749916473534217,-0.05749916473534217,-0.3487953912763397,-0.30445715845177973,254277954.24088788,-12033387.824344976,-480413.2393126457,0.055536623650601025,0.011460247684999973,0.03316879500000008,0.2677038
13.939999999999747,-0.05732557564861371,-0.05732557564861371,-0.3486217423235293,-0.36113040982946887,285866367.6288309,-14019321.687238386,-455077.47598315735,0.055230683376750855,0.011806742694999975,0.03613020700000008,0.3245786
13.949999999999747,-0.05718755086908431,-0.05718755086908431,-0.3484836545846331,-0.39585430985343434,319614058.2379086,-16244701.101468677,-427521.3222159462,0.054946232976921416,0.012185156234999975,0.03955250100000008,0.3598802
13.959999999999747,-0.057098937178813175,-0.057098937178813175,-0.3483949748978583,-0.8236045407944613,366529872.9072027,-29485987.430503126,-398003.7097942903,0.05468461174734518,0.012609388309999976,0.04529391400000008,0.7884024
13.969999999999747,-0.05707860506907489,-0.05707860506907489,-0.34837457382408105,-0.6881998298718949,420606273.57661057,-29364686.995899364,-361832.4115424261,0.054448872027875406,0.013098438044999976,0.05251603300000008,0.6560214
13.979999999999746,-0.057131479748813885,-0.057131479748813885,-0.34842737665733076,-0.7282673785522598,482958589.5147991,-31597152.83421141,-315744.6869965316,0.05424476122156324,0.013657502619999977,0.05929688200000008,0.7001484
13.989999999999746,-0.057237944144011954,-0.057237944144011954,-0.34853376642783923,0.001173151808975204,532102946.6046479,-13784476.448339954,-261552.51309704236,0.05407778846474842,0.014267362274999978,0.06267504900000008,-0.024515
13.999999999999746,-0.05735753754219211,-0.05735753754219211,-0.3486532825501077,0.20083977582531756,566644296.5708492,-5334983.5291040335,-206875.26669694812,0.0539491502760121,0.014887959499999978,0.06144439600000008,-0.2216156
14.009999999999746,-0.05745978646308539,-0.05745978646308539,-0.3487554516926449,0.2910264857925512,584481529.9272883,-2650375.2084139762,-162610.29313354436,0.05385331029272189,0.015489067299999978,0.05877716400000008,-0.3118308
14.019999999999746,-0.057529132486631634,-0.057529132486631634,-0.3488247155983548,0.5333167256794984,585262704.5353303,6320784.000643617,-132731.4893643313,0.053780701459628544,0.01605514316499998,0.054438009000000086,-0.5560002
14.029999999999745,-0.05755760963937781,-0.05755760963937781,-0.3488531084597899,0.27718183384370226,578696024.5606897,1243969.8354975628,-116055.76736919614,0.053722116572960055,0.016578072629999982,0.05014788400000009,-0.3020248
14.039999999999745,-0.05754844015037769,-0.05754844015037769,-0.34884385266226303,0.41826596510948466,562574935.6751618,5793984.847214706,-112089.72665798511,0.053669577683152,0.017060846524999982,0.04640689500000009,-0.446173
14.049999999999745,-0.05751433607314993,-0.05751433607314993,-0.34880966040354633,-0.11627320805475973,553490762.4314115,-6983926.62616977,-115055.46027550999,0.053617327657651814,0.017515942984999984,0.04461239700000009,0.0872734
14.059999999999745,-0.057472883462698854,-0.057472883462698854,-0.34876811788622847,0.10825501187340698,543076475.667268,-2666243.39352619,-119586.53535236452,0.05356291148415093,0.017960816689999985,0.04436234400000009,-0.137284
14.069999999999744,-0.05741169174942415,-0.05741169174942415,-0.3487068347096814,0.6893716618912957,519733365.54987,16051047.929298226,-120604.511008074,0.053506885079764144,0.018383112079999986,0.04009673400000009,-0.715838
14.079999999999744,-0.05731542533547884,-0.05731542533547884,-0.34861047545632473,-0.08396679880575682,501863552.45190096,-2604377.244942503,-128341.75994868911,0.0534482856894366,0.018767605339999986,0.03680191800000009,0.0568748
14.089999999999744,-0.057208237819144164,-0.057208237819144164,-0.34850319389185697,-0.08457975023501679,487636231.58826375,-5214627.508979768,-144675.42370031125,0.053382493263519126,0.019138492774999988,0.037375569000000095,0.0578554
14.099999999999744,-0.05712260650135803,-0.05712260650135803,-0.3484174674971473,-0.6091216426668585,493608291.0690489,-19011679.631603505,-153796.2219522323,0.05330897627068998,0.01952835481999999,0.04059684000000009,0.5863988
14.109999999999744,-0.057080129246601496,-0.057080129246601496,-0.348374894366483,-0.4233394856129657,508415758.5926802,-18023602.699370004,-151223.107058966,0.05323348788344742,0.01995915691499999,0.04556357900000009,0.406949
14.119999999999743,-0.05708424724102476,-0.05708424724102476,-0.34837891596399495,-0.40800935329946425,532254418.4507892,-17101652.973404504,-136185.53278716447,0.053163413592339614,0.020434944034999993,0.04959384500000009,0.3991042
14.129999999999743,-0.05711835672911578,-0.05711835672911578,-0.34841292885221864,0.039698445501338324,549504351.0022712,-6926446.181783093,-112792.11051958762,0.05310480821733213,0.020939830459999993,0.051383440000000086,-0.0411852
14.139999999999743,-0.05716633233641136,-0.05716633233641136,-0.3484608080000707,-0.2260377519748119,569110136.8239536,-12183783.551189762,-89792.77889301827,0.05305950991194086,0.021458371739999992,0.052324816000000086,0.2294604
14.149999999999743,-0.05722804701334244,-0.05722804701334244,-0.3485224267079685,-0.13720449179950575,586760073.1882443,-12573626.001541063,-69693.7526226344,0.05302592522666963,0.021990984629999995,0.05419776200000009,0.1451288
14.159999999999743,-0.057300684178501204,-0.057300684178501204,-0.3485949687804753,0.0635260150790058,600900284.7721148,-5772058.522502391,-48241.51774447153,0.05300286024917483,0.022535315689999995,0.054668450000000084,-0.0509912
14.169999999999742,-0.05736021329420174,-0.05736021329420174,-0.3486544041940216,0.5344665673205677,599191028.9265289,7155312.990978545,-26675.41388757863,0.05298971365638824,0.023067781489999994,0.051824710000000086,-0.5177568
14.179999999999742,-0.05739037548146719,-0.05739037548146719,-0.3486844745569964,0.042217987683684725,596900190.2218997,-3015756.495469316,-19385.31545251597,0.05298265991192322,0.023572422764999997,0.04910354500000009,-0.0264762
14.189999999999742,-0.05739222493653731,-0.05739222493653731,-0.34868623407730504,0.5136067451254073,581505900.3673382,7777666.878476078,-26867.854280574364,0.052975568309170995,0.024050318174999998,0.04647553700000009,-0.4991254
14.199999999999742,-0.05735314501045807,-0.05735314501045807,-0.34864706580882854,0.5677437680389426,557710385.2932568,14108023.990339128,-39752.82809871475,0.05296431077897973,0.024488744434999998,0.04120971500000009,-0.554039
14.209999999999742,-0.057259620844813064,-0.057259620844813064,-0.3485534547769889,0.5286753014279236,524354056.6332767,13106283.766574195,-64046.06236047714,0.0529445987177139,0.02487404669,0.03585073600000009,-0.5177568
14.219999999999741,-0.057131169951478045,-0.057131169951478045,-0.34842491856185526,-0.22804383815597287,503835491.9959874,-5311698.0638683345,-97719.32464791629,0.052910273283233555,0.025225518245,0.034443575000000094,0.2363246
14.229999999999741,-0.05700519527020348,-0.05700519527020348,-0.34829886032392077,-0.171693215661377,492029635.38265324,-7822638.4873069115,-125905.80316591728,0.05285899853753806,0.025580397385,0.0365322530000001,0.181411
14.23999999999974,-0.05688924842777959,-0.05688924842777959,-0.34818283204171685,0.17025822377896416,481526023.57689095,3418421.918316722,-140327.34801729737,0.05279534210201539,0.02594633279,0.0366548280000001,-0.156896
14.24999999999974,-0.0567715770680865,-0.0567715770680865,-0.34806508173254336,-0.09988978606907971,475386699.12322855,-4336262.386944937,-149240.3783940546,0.05272464930598503,0.02631185144,0.036448902000000095,0.1157108
14.25999999999974,-0.05665044905257735,-0.05665044905257735,-0.3479438775909779,0.16773300793178947,465623304.5835192,2779423.446553712,-159267.89219412813,0.05264812144295622,0.02667545792,0.0362723940000001,-0.1510124
14.26999999999974,-0.056510030849820314,-0.056510030849820314,-0.3478033863794962,0.536003973585881,445588443.58712554,14132356.83258102,-167716.30255965932,0.05256582047892022,0.02702146263,0.0329285480000001,-0.5177568
14.27999999999974,-0.056341219957324606,-0.056341219957324606,-0.3476345058645628,-0.10407054468952305,431059672.39524007,-1202288.406624218,-181972.38910231102,0.052476292889167164,0.027340819535,0.0309428330000001,0.1206138
14.28999999999974,-0.05618028791556734,-0.05618028791556734,-0.3474735078272764,-0.6431289441007761,434094323.84490037,-19549405.685319293,-200485.1900804806,0.052376136090859976,0.027669737290000003,0.0348407180000001,0.6589632
14.29999999999974,-0.05606415593882855,-0.05606415593882855,-0.34735731372898354,-0.40182912685458183,448706035.90329766,-14999880.07097639,-206570.65123542896,0.05226796774534048,0.028045135485000004,0.040238921000000094,0.4206774
14.30999999999974,-0.055986501036355024,-0.055986501036355024,-0.3472796008598338,-0.09246196791078887,464391755.52966595,-7316391.7442858,-197142.99050834545,0.0521611179915534,0.028460934400000006,0.042920862000000094,0.1157108
14.31999999999974,-0.05590950894332394,-0.05590950894332394,-0.34720255524129845,0.5601109460221408,462410974.04805636,11712513.608737363,-183338.00048644637,0.052062014092397246,0.028879650600000008,0.0408223780000001,-0.5354076
14.329999999999739,-0.05579571172322764,-0.05579571172322764,-0.3470887091812624,0.4444015068443641,448726743.3869138,11525957.517156329,-178051.96205052116,0.0519689402950092,0.029263947740000008,0.0360370500000001,-0.421658
14.339999999999739,-0.05563926657090176,-0.05563926657090176,-0.346932220055763,0.2570033294733749,428944329.60638237,6845249.438670473,-187628.63075521516,0.051874291061898004,0.02960779513000001,0.0327324280000001,-0.2392664
14.349999999999739,-0.05545465843990599,-0.05545465843990599,-0.346747572958923,0.16811098100489402,409223166.70851517,4943365.770771705,-203976.1543127307,0.051771128481714196,0.02992528889500001,0.030766325000000098,-0.1539542
14.359999999999738,-0.055250575180267436,-0.055250575180267436,-0.3465434558807839,0.18577985422735555,389046954.49958754,5848154.049236271,-219728.6741037595,0.051657284752381766,0.03022473962000001,0.0291238200000001,-0.1745468
14.369999999999738,-0.05503295167858796,-0.05503295167858796,-0.3463258038556517,0.0019389921771674412,372796568.64285064,1311210.2865292588,-234963.9601328547,0.05153293501838932,0.03051178575500001,0.0282854070000001,0.0068642
14.379999999999738,-0.05481118388716563,-0.05481118388716563,-0.34610401298023785,-0.023942815084333983,359750039.10136557,72919.77830758726,-248459.67606359225,0.05139868530673597,0.030795571395000013,0.0284717210000001,0.0303986
14.389999999999738,-0.0545821950663975,-0.0545821950663975,-0.3458750066517877,0.33467467938699963,341063210.99445796,10294806.76901266,-258412.22208094355,0.051256264973269766,0.031072811530000015,0.0269763060000001,-0.3294816
14.399999999999737,-0.05433502184654826,-0.05433502184654826,-0.345627821625316,0.08191285333571309,323208669.442883,5278862.548541155,-268336.04623336374,0.05110682274056874,0.031332351835000015,0.0249317550000001,-0.0794286
14.409999999999737,-0.05407191902382372,-0.05407191902382372,-0.3453647128021103,0.1386837289549391,303333194.3111048,5894445.417636046,-281590.2854465334,0.05094908554782601,0.031576202540000015,0.0238383860000001,-0.1392452
14.419999999999737,-0.05379623551167381,-0.05379623551167381,-0.34508902918264683,0.14394726576860142,283705361.0061269,7458874.388778248,-294349.8274070727,0.05078196664741272,0.031807428020000014,0.0224067100000001,-0.14709
14.429999999999737,-0.05351517328893235,-0.05351517328893235,-0.3448079728196216,-0.21148940404774752,271642930.9614601,-2711770.843387747,-306566.3074716355,0.050605734739811836,0.03203296602000002,0.022700890000000102,0.205926
14.439999999999737,-0.05322697732351225,-0.05322697732351225,-0.3445197887417271,0.5642621150397531,247009640.86065435,18011264.043015227,-316721.7161578162,0.05042132711853087,0.03225083082500002,0.020872071000000103,-0.5716898
14.449999999999736,-0.05290009023108072,-0.05290009023108072,-0.3441929196107319,0.6305506872076018,211518019.46916366,24251682.54976675,-326347.46527809167,0.0502295670850573,0.03242925099500002,0.014811963000000103,-0.6403318
14.459999999999736,-0.05251209767989945,-0.05251209767989945,-0.3438049511213866,0.6188548605351263,163609198.25883603,25080136.400155805,-346941.48028136184,0.05002637202979396,0.03254550112500002,0.008438063000000103,-0.6344482
14.469999999999736,-0.05207049218120005,-0.05207049218120005,-0.3433633757905297,0.27625749244827774,116831980.62041306,18050741.305583067,-377172.94031451875,0.049803788812802285,0.032606592505000025,0.0037802130000001034,-0.2971218
14.479999999999736,-0.05160498438449576,-0.05160498438449576,-0.34289790426031014,-0.21533948031749325,82800614.06490827,3684567.32760276,-409234.1418934268,0.049557012600423694,0.032641722500000026,0.0032457860000001033,0.1902364
14.489999999999736,-0.051149897565110736,-0.051149897565110736,-0.342442859790811,-0.26260066375705965,61628907.22193599,985762.8074975405,-435308.59765367233,0.04928724723643538,0.03268484438500003,0.005378591000000103,0.2363246
14.499999999999735,-0.050721611082981816,-0.050721611082981816,-0.34201462171764513,-0.33171504549672665,52667387.52177882,-1745492.6219030134,-450647.300557784,0.0490009961651961,0.03275218709000003,0.008089950000000103,0.3059472
14.509999999999735,-0.050314560671468306,-0.050314560671468306,-0.34160762573711373,0.07640610115878477,42017122.67014527,8489294.983979005,-457581.7943553902,0.04870594153042446,0.03283821022500003,0.009114677000000102,-0.1010018
14.519999999999735,-0.04992330805286002,-0.04992330805286002,-0.3412164335186732,-0.4531295368761842,43019635.831202745,-4929959.171826391,-461206.18185762514,0.04840669265359285,0.032937545005000034,0.010752279000000102,0.4285222
14.529999999999735,-0.04956053385417275,-0.04956053385417275,-0.3408537256202101,-0.3094607747162736,48229689.84032774,-4641572.4421488345,-463024.69846120704,0.04810528744008566,0.03306291471500004,0.014321663000000102,0.2853546
14.539999999999734,-0.04922565931942613,-0.04922565931942613,-0.3405189232015883,-0.044168107341757926,53754415.89649272,3504819.7061646963,-458572.7639328903,0.047805111211856266,0.03321380454000004,0.015856302000000103,0.0215732
14.549999999999734,-0.04890896443937301,-0.04890896443937301,-0.3402023061551735,-0.3296178988812457,63949679.53114772,-5023805.226965476,-451189.00734167086,0.047509806691201806,0.03338060460000004,0.017503710000000103,0.3079084
14.559999999999734,-0.04861171122104532,-0.04861171122104532,-0.3399051363758446,-0.07448677833360332,71861404.39436746,619339.5633573523,-444582.0817744537,0.04722014460893473,0.03356466322000004,0.019308014000000102,0.0529524
14.569999999999734,-0.04834138832283319,-0.04834138832283319,-0.3396349023968369,-0.5988405572987072,92520538.55610347,-13644750.43228727,-435724.2200349818,0.04693676103746544,0.03377353102000004,0.022465546000000104,0.578554
14.579999999999734,-0.048109468884850654,-0.048109468884850654,-0.3394030772206296,-0.264184219084759,113569434.21335053,-8069548.362774145,-423739.8102629029,0.046661811048621216,0.03401877908000004,0.026584066000000104,0.24515
14.589999999999733,-0.047905250587953335,-0.047905250587953335,-0.33919895837775665,0.019005342348792472,130970388.72979736,1036247.8255867235,-406104.7118204958,0.046398767335247726,0.03428986595000004,0.027633308000000103,-0.0353016
14.599999999999733,-0.04769668803286306,-0.04769668803286306,-0.33899050030685823,0.39989126029561445,132875424.020082,11644691.525911618,-388855.8454634455,0.04614943069665181,0.03455492213000004,0.0253779280000001,-0.4157744
14.609999999999733,-0.04744661174354747,-0.04744661174354747,-0.33874053336214544,0.8417615060733458,112240013.19042802,26945137.41599109,-380673.8770613937,0.04590976154667756,0.03477683191000004,0.019004028000000103,-0.8590056
14.619999999999733,-0.0471267891292963,-0.0471267891292963,-0.33842082478097657,0.7064387249806889,76176011.85223866,26435811.541079983,-386548.4906441102,0.04567066687212121,0.034927206920000044,0.011070974000000103,-0.7276052
14.629999999999733,-0.046735602307337615,-0.046735602307337615,-0.3380297565097596,0.5999293522655135,30492445.88570881,25302073.983053178,-407960.011208889,0.045420708328360204,0.03500408596000004,0.004304834000000103,-0.6256228
14.639999999999732,-0.046283979532046216,-0.046283979532046216,-0.3375782566310902,0.5111407037977131,-18789092.361494064,24703864.225525692,-437246.27474464057,0.045150635813980794,0.03501798596500004,-0.0015248329999998983,-0.5403106
14.649999999999732,-0.045782040510543326,-0.045782040510543326,-0.33707644467417747,0.39043908859800674,-68148582.09171033,22789484.61445114,-469792.84774986195,0.04485564029906547,0.03497868842000004,-0.0063346759999998985,-0.421658
14.659999999999732,-0.04523584260576491,-0.04523584260576491,-0.3365303778157339,0.4783364500263939,-119724266.44766998,26298155.26102321,-503540.1799023669,0.04453345633610639,0.034892027895000045,-0.010997428999999899,-0.5108926
14.669999999999732,-0.04465514516679586,-0.04465514516679586,-0.33594981521074596,0.03286937897520217,-162176332.89677906,15622068.330295226,-537650.6188546848,0.04418296180110817,0.03476763878500005,-0.013880392999999899,-0.0657002
14.679999999999731,-0.04406228964358658,-0.04406228964358658,-0.33535709810758935,-0.0577862260136274,-195809221.38651085,11535642.048706293,-570134.1262586991,0.043804237572932475,0.034627829740000046,-0.014081415999999899,0.0254956
14.689999999999731,-0.043469071954516214,-0.043469071954516214,-0.3347640222144754,0.09712093220365725,-224297005.93976092,16159724.683838341,-596091.851549368,0.04340039925663558,0.034484490535000044,-0.0145864249999999,-0.1264974
14.699999999999731,-0.042866591269084514,-0.042866591269084514,-0.33416168648227745,0.23402982841319572,-253459493.7705586,20245588.870090693,-617142.7964142485,0.04297612473697454,0.034328942860000045,-0.0165231099999999,-0.2608396
14.70999999999973,-0.042249174557266234,-0.042249174557266234,-0.333544417657954,0.0322604664339101,-278778186.18933177,15585412.778178774,-638385.7494547705,0.042533283372427816,0.03415576890000004,-0.0181116819999999,-0.0568748
14.71999999999973,-0.04162919598667478,-0.04162919598667478,-0.3329245896845899,-0.19610183224005764,-295360152.3165698,8081856.535250471,-659610.873016802,0.042071641054226644,0.03397756936500004,-0.0175282249999999,0.1735662
14.72999999999973,-0.041028295218205335,-0.041028295218205335,-0.3323238419951678,-0.40324164344135205,-298481268.3026521,1147885.9141619205,-676959.3944234516,0.041592903223588634,0.03381623615000005,-0.0147384179999999,0.3843952
14.73999999999973,-0.04045455679860438,-0.04045455679860438,-0.3317502589023415,-0.08399874470444818,-298473421.45967555,7910979.208798226,-686939.1000108375,0.04110214775936369,0.03368020241500005,-0.0124683289999999,0.0696226
14.74999999999973,-0.03989340696476201,-0.03989340696476201,-0.33118926640336577,0.06763246660637239,-299541856.3224137,12954189.295363823,-691470.8256913966,0.04060502703230057,0.03355532300500005,-0.012507552999999899,-0.0774674
14.75999999999973,-0.03934831158828361,-0.03934831158828361,-0.33064433012930966,-0.6934810097334896,-284522920.13835096,-9012913.550480157,-696468.160293249,0.04010360736232724,0.03344547129000005,-0.009462789999999898,0.68642
14.76999999999973,-0.038857029709639335,-0.038857029709639335,-0.3301532088807988,-0.8332543811707779,-252129294.25329518,-17558464.084520373,-698726.4535878991,0.03959901852955097,0.03338876809500005,-0.0018778489999998977,0.8305682
14.77999999999973,-0.038427328707539676,-0.038427328707539676,-0.32972366547860676,-0.1031240806761127,-220553445.62245703,504608.384752715,-688467.8711676794,0.039098400028884234,0.03339342594500005,0.002809419000000103,0.1068854
14.78999999999973,-0.03801874572380082,-0.03801874572380082,-0.3293150824948679,0.20109300041878397,-199242482.88818192,10321405.563593378,-671104.8922435667,0.03861037919880633,0.03341938733000005,0.002382858000000103,-0.1921976
14.799999999999729,-0.0376103700145341,-0.0376103700145341,-0.3289067067856012,-0.3073385070072606,-176237745.7862177,-3722710.6666341363,-659985.4371710941,0.03813491601853031,0.03344635383000005,0.003010442000000103,0.3177144
14.809999999999729,-0.03722011425156896,-0.03722011425156896,-0.32851645102263605,-0.31120664244343416,-150067178.30376077,-6555427.3485870175,-653453.0942789544,0.03766717461750407,0.03349249106000005,0.006217004000000103,0.323598
14.819999999999729,-0.03686352759071582,-0.03686352759071582,-0.3281598643617829,-0.4170122925884974,-115973495.42047524,-10221937.322161775,-643034.5770852952,0.03720704344689582,0.033573562165000057,0.009997217000000103,0.4324446
14.829999999999728,-0.03654250396115216,-0.03654250396115216,-0.32783884073221925,-0.27729238433793457,-80530590.92619109,-8611465.250825226,-627998.3368565408,0.03675827390747197,0.03369174898000006,0.013640146000000103,0.2961412
14.839999999999728,-0.03624201963565843,-0.03624201963565843,-0.3275383564067255,0.15002017770711457,-53815769.78985453,3175289.8341117357,-610196.1668450043,0.036323987595652085,0.033832342505000064,0.014478559000000103,-0.1284586
14.849999999999728,-0.035947156324472596,-0.035947156324472596,-0.3272434930955397,-0.2475980019536938,-25405420.838672638,-7038671.2236130275,-594048.5232635373,0.03590444714087537,0.03398068277000006,0.015189494000000102,0.2706456
14.859999999999728,-0.03566305628178701,-0.03566305628178701,-0.3269593930528541,-0.08537737404178515,-1311739.2700732946,-4931723.59819649,-581769.7772196792,0.035497112317860874,0.03414206501500006,0.0170869550000001,0.1088466
14.869999999999727,-0.035392759149401765,-0.035392759149401765,-0.32668909592046885,-0.13379893092627873,26123024.33085251,-5527836.2238123715,-568551.7864875288,0.03510076499485551,0.03431962716000007,0.0184254740000001,0.1588572
14.879999999999727,-0.03514000740763029,-0.03514000740763029,-0.3264363441786974,-0.34888475591021795,56819362.964078665,-13070864.510049589,-554829.0423432019,0.034716042552859816,0.03451721806000007,0.0210927060000001,0.3745892
14.889999999999727,-0.03491332124053376,-0.03491332124053376,-0.32620965801160084,-0.21110797589872052,88657968.3364284,-10527114.431772491,-539932.9532069932,0.03434361674535702,0.03474346699500007,0.0241570810000001,0.2382858
14.899999999999727,-0.03470512326547287,-0.03470512326547287,-0.32600146003653996,0.03152790103174762,115670335.75382137,-4131383.667700256,-521414.6947532787,0.03398539625268632,0.03499092140500007,0.0253338010000001,-0.0029418
14.909999999999727,-0.03450872645694342,-0.03450872645694342,-0.3258050632280105,-0.32403125458365156,146388227.44210958,-13555013.868905652,-503774.1328868893,0.033642310147767696,0.03525301127000007,0.0270841720000001,0.353016
14.919999999999726,-0.03433419789627051,-0.03433419789627051,-0.3256305346673376,-0.2582582473661087,178134818.93025064,-14221800.951175397,-487410.17586360587,0.03331333108852225,0.03553986128500007,0.0302858310000001,0.2873158
14.929999999999726,-0.03418762019102506,-0.03418762019102506,-0.32548395696209215,-0.27757550109781987,213164620.72574973,-14686243.384289734,-467765.2174744329,0.03299926808390785,0.035857600200000075,0.0332619520000001,0.3079084
14.939999999999726,-0.03406611798995002,-0.03406611798995002,-0.3253624547610171,-0.18970877269445655,247017468.72063804,-13824801.292402845,-445343.5715078994,0.03270243011734053,0.036203433305000074,0.035904669000000104,0.220635
14.949999999999726,-0.03396540010124227,-0.03396540010124227,-0.32526173687230936,-0.17448610370428375,280046748.1970947,-13246801.632807681,-422156.4963347417,0.03242399341951352,0.03657314402000007,0.038037474000000106,0.205926
14.959999999999726,-0.033871215063442595,-0.033871215063442595,-0.3251675518345097,0.27728209278949423,300663673.17566895,-1474212.8097307403,-398824.6251020182,0.03216405062306016,0.036952513645000074,0.037836451000000104,-0.2461306
14.969999999999725,-0.033754923439435036,-0.033754923439435036,-0.3250512602105021,0.5041560207955701,306025308.8491745,7667222.696183554,-379448.3419960538,0.03192076412826206,0.03731285963000008,0.034232746000000105,-0.4746104
14.979999999999725,-0.03358583338882637,-0.03358583338882637,-0.32488217015989346,0.8263429296634592,289493004.1941297,18230827.6294223,-370923.00978065166,0.03168824008618465,0.03762329307500008,0.027853943000000107,-0.8011502
14.989999999999725,-0.03334508145169218,-0.03334508145169218,-0.32464141822275927,0.7096335808978284,259072219.33929634,19127036.053021472,-376462.3765583237,0.03145687510555362,0.03786454519000008,0.020396480000000106,-0.6903424
14.999999999999725,-0.033041602583220475,-0.033041602583220475,-0.32433793935428756,0.26346716204208476,227789752.62899828,7816831.233915655,-394736.71690914105,0.031216231943099748,0.03804497559000008,0.015689600000000106,-0.2510336
15.009999999999724,-0.03269106174444342,-0.03269106174444342,-0.3239873985155105,0.6459109072297791,188011695.65521073,19143579.275807895,-417631.8289429877,0.03095940285965687,0.03817963648500008,0.011242579000000107,-0.6383706
15.019999999999724,-0.032290089816234824,-0.032290089816234824,-0.3235864265873019,0.4619546007603086,146560626.1797514,17436278.32024948,-441056.20519799914,0.030684128719565218,0.038264629990000076,0.0057561220000001065,-0.4589208
15.029999999999724,-0.031848792058159714,-0.031848792058159714,-0.3231451288292268,0.04321308591140696,111056848.85767841,6201711.166137924,-468769.06193094334,0.03038818958269729,0.03830959050000008,0.003235980000000106,-0.0451076
15.039999999999724,-0.03139389236072904,-0.03139389236072904,-0.3226902291317961,-0.004345448876599066,83415113.80179358,4433947.604851489,-495396.96308975725,0.03006998709256492,0.03834079809500008,0.003005539000000106,-0.0009806
15.049999999999724,-0.03092743776140472,-0.03092743776140472,-0.3222237745324718,0.42758938655473927,51725713.0233016,16946077.484425277,-515012.59013676236,0.02973260245731779,0.03835996882500008,0.0008286070000001061,-0.4344058
15.059999999999723,-0.03043838712126884,-0.03043838712126884,-0.3217347238923359,0.05296605771508612,24612748.610740185,9010597.411183886,-533211.0047659945,0.029379355482156422,0.03835582579000008,-0.001657213999999894,-0.0627584
15.069999999999723,-0.029935192136687383,-0.029935192136687383,-0.32123152890775447,0.032252275837175506,-1025843.9152067602,7035303.419649754,-553126.0226451101,0.029009968815762566,0.038336557000000084,-0.002196543999999894,-0.0451076
15.079999999999723,-0.029423064568301516,-0.029423064568301516,-0.3207194013393686,0.23983274278322275,-25117715.02423024,13920730.948182609,-570062.8941246013,0.028624849433104005,0.03830708997000008,-0.003696861999999894,-0.254956
15.089999999999723,-0.028888551986752553,-0.028888551986752553,-0.32018488875781964,0.38348276512122154,-55664069.4850142,18919021.241503596,-585108.3533903334,0.028225968493983455,0.038253720815000086,-0.006976968999999894,-0.4010654
15.099999999999723,-0.028319163397347802,-0.028319163397347802,-0.3196155001684149,0.3882420412053098,-91242465.3325398,20883402.127322376,-603392.0020249009,0.027812636688599346,0.03816367722000009,-0.011031749999999894,-0.4098908
15.109999999999722,-0.02771016735140175,-0.02771016735140175,-0.31900650412246884,0.4243314141220015,-131737319.25156069,22943055.045230016,-625348.3213807226,0.027381722312112222,0.03803186006500009,-0.015331680999999894,-0.4500954
15.119999999999722,-0.027079513681488587,-0.027079513681488587,-0.3183758504525557,-0.3706544553235681,-156181456.7949736,2201092.5433044536,-650126.4957793851,0.026930208950591616,0.03787579757500009,-0.015880816999999894,0.3402682
15.129999999999722,-0.026461815681569134,-0.026461815681569134,-0.3177581524526362,-0.20141523754881074,-171967580.81174183,3203708.569466261,-671397.2245576268,0.026458225608611607,0.03772971269000009,-0.013336159999999894,0.1686632
15.139999999999722,-0.0258705138516917,-0.0258705138516917,-0.3171668506227588,-0.28258741300790763,-175954223.3224237,2151468.343181843,-682690.9483272687,0.025971696512411324,0.037606794480000094,-0.011247481999999894,0.2490724
15.149999999999721,-0.02530768641397696,-0.02530768641397696,-0.31660402318504405,-0.37261660160752447,-171861251.30348158,-2731819.304351181,-687391.7580961196,0.025478071871842423,0.037509004145000094,-0.008310584999999895,0.338307
15.159999999999721,-0.024781552914923177,-0.024781552914923177,-0.31607788968599027,-0.4401730793364437,-158307379.65447354,-5160129.914330598,-687279.5161816526,0.024982559833497675,0.03744448066500009,-0.004594110999999894,0.4049878
15.169999999999721,-0.02430031535665711,-0.02430031535665711,-0.3155966521277242,-0.5431158521189422,-135016500.12528563,-10318856.642555421,-680617.5457390471,0.02449030688731335,0.03742136302000009,-2.941799999989312e-05,0.5079508
15.17999999999972,-0.023865567027796686,-0.023865567027796686,-0.3151619037988638,-0.33340989112939196,-108796328.80916119,-5867373.983728891,-667833.4693100613,0.02400696989417983,0.037441220170000095,0.004000848000000107,0.2981024
15.18999999999972,-0.02346635449334733,-0.02346635449334733,-0.3147626912644144,-0.2117457953442731,-83163843.69807935,-3213247.295428463,-650156.0258939011,0.02353737120345062,0.037493093910000094,0.006373900000000108,0.176508
15.19999999999972,-0.02307640878900119,-0.02307640878900119,-0.3143727455600683,0.3860386352754563,-73597593.72056365,13410252.19700545,-631699.0041372712,0.023083809099102848,0.0375506796450001,0.005143247000000108,-0.4226386
15.20999999999972,-0.022666771885479664,-0.022666771885479664,-0.31396310865654675,0.22725266264545124,-72672768.16240597,11754188.245449273,-618289.1623102624,0.02264412218772155,0.0375848780700001,0.0016964380000001082,-0.2667232
15.21999999999972,-0.022233055607765062,-0.022233055607765062,-0.31352939237883215,0.12263100715728448,-77698682.1623962,8466964.05995392,-613741.503592771,0.022212036881531005,0.0375910068200001,-0.0004706879999998915,-0.166702
15.22999999999972,-0.021769248907797523,-0.021769248907797523,-0.3130655856788646,0.7311022131556514,-99582162.89834404,26490035.742903758,-613801.3382345991,0.02178174292825269,0.0375626674800001,-0.005197179999999892,-0.7785964
15.23999999999972,-0.021254399205204166,-0.021254399205204166,-0.31255073597627125,0.4568846715643707,-128834154.37307811,22824925.299795195,-618956.3250284299,0.021349069371712326,0.037478507485000104,-0.01163481899999989,-0.5089314
15.24999999999972,-0.020688607620492516,-0.020688607620492516,-0.3119849443915596,0.39280372844929123,-164599241.46829486,21039383.564139485,-633938.0181619294,0.020907464345894744,0.037338183625000104,-0.01642995299999989,-0.4500954
15.25999999999972,-0.02007578235181212,-0.02007578235181212,-0.3113721191228792,0.6388552302843395,-208640929.51831532,30106396.749725062,-652839.5004916572,0.02045086578940203,0.037145128000000104,-0.022181171999999888,-0.7001484
15.269999999999719,-0.01941293656602522,-0.01941293656602522,-0.3107092733370923,0.3303064952438369,-252942361.09413528,23771407.393038347,-674678.5308515211,0.019976111815650066,0.036895933025000105,-0.027657822999999887,-0.3951818
15.279999999999719,-0.018717276597276122,-0.018717276597276122,-0.3100136133683432,0.013099097716122377,-290490777.33470774,15040483.10057892,-700409.9038818718,0.019479981717564876,0.03660744050500011,-0.03004068099999989,-0.0813898
15.289999999999718,-0.01801457731756867,-0.01801457731756867,-0.30931091408863576,-0.07499874444641497,-318756625.2960758,12050710.113813313,-723389.5535298738,0.018961784035680163,0.03630514604000011,-0.03041821199999989,0.0058836
15.299999999999718,-0.017333212593715452,-0.017333212593715452,-0.30862954936478254,-0.7166822237475179,-324024833.096786,-6366037.040821131,-739988.1097822078,0.01842552018058541,0.03601731542500011,-0.02714791099999989,0.6481766
15.309999999999718,-0.016715381189310152,-0.016715381189310152,-0.30801171796037724,-1.0332327732498596,-303737643.7336559,-19722526.481881637,-747454.9291373614,0.017878377638503862,0.03578623703500011,-0.01906776699999989,0.9678522
15.319999999999718,-0.01618385991334037,-0.01618385991334037,-0.30748019668440746,-0.6695191348393889,-269987716.66294193,-12814517.388245346,-739201.7669643592,0.017332042758904098,0.035635004000000116,-0.011178839999999888,0.6099332
15.329999999999718,-0.015718166515781895,-0.015718166515781895,-0.307014503286849,-0.26110392389871456,-236809132.17426586,-2703832.5732118296,-717257.8634259986,0.016799930174718425,0.03554366111000012,-0.007089737999999888,0.2078872
15.339999999999717,-0.015296161485189697,-0.015296161485189697,-0.3065924982562568,-0.5560650447827785,-198946287.40430188,-11163313.737811524,-692471.8306806196,0.01628915397097902,0.03549063516500012,-0.0035154509999998874,0.5069702
15.349999999999717,-0.014916593654522414,-0.014916593654522414,-0.3062129304255895,-0.3245083171428713,-162966292.74066782,-7916429.230630246,-668118.6212044957,0.015800524809876648,0.03547514168500012,0.0004167550000001132,0.279471
15.359999999999717,-0.014567873386229946,-0.014567873386229946,-0.30586421015729703,-0.029071622115121026,-133222786.07718778,700051.4234524387,-641347.8382805592,0.01533477382494347,0.03548600183000012,0.0017552740000001134,-0.0117672
15.369999999999717,-0.01422588038087197,-0.01422588038087197,-0.30552221715193906,0.11337527704515019,-113744008.3459394,4501665.845246699,-616145.3357603028,0.014891933981509564,0.03549948508000012,0.0009413760000001135,-0.1510124
15.379999999999717,-0.013875481674639978,-0.013875481674639978,-0.30517181844570707,0.13848779605364253,-102863459.78826451,6103456.48773412,-597403.4017649642,0.014468141442119276,0.035500759860000126,-0.0006864199999998865,-0.1745468
15.389999999999716,-0.013506233223966657,-0.013506233223966657,-0.30480256999503375,0.3636389084998857,-103944917.03797555,12486129.920818683,-584628.0226809907,0.014057847500982656,0.03547957890000013,-0.0035497719999998865,-0.3981236
15.399999999999716,-0.013105864354286623,-0.013105864354286623,-0.3044022011253537,0.37905114721407046,-114462559.11435556,15026964.313277407,-578076.3776853244,0.0136556960420115,0.03542380727500013,-0.007604552999999887,-0.4128326
15.409999999999716,-0.0126796306616217,-0.0126796306616217,-0.3039759674326888,-0.08720413341366812,-121785830.26905537,2435919.741445251,-579085.6031758793,0.013255810410810476,0.03533878925500013,-0.009399050999999888,0.053933
15.419999999999716,-0.012249877481743277,-0.012249877481743277,-0.30354621425281036,-0.06402860667032301,-126220952.23188019,1781268.4829896921,-582515.2797659155,0.01285400361897221,0.035246956065000126,-0.008967586999999888,0.0323598
15.429999999999715,-0.011820760183927914,-0.011820760183927914,-0.303117096954995,0.18966318423165138,-133076070.98380923,9082171.937118504,-582317.6495288496,0.012450799401314716,0.03515264686000013,-0.009894253999999889,-0.2176932
15.439999999999715,-0.01137159633200302,-0.01137159633200302,-0.3026679331030701,0.48651088752693644,-150967721.0626614,18602665.79366085,-581751.4353572021,0.01204792564719398,0.03503546516000013,-0.013542085999999889,-0.5118732
15.449999999999715,-0.01088486488516055,-0.01088486488516055,-0.30218120165622764,0.34001883742114847,-174846350.10573554,16534646.769770393,-587165.2791208646,0.011642952309363741,0.03487815240500013,-0.01792046499999989,-0.3638026
15.459999999999715,-0.010364024033020613,-0.010364024033020613,-0.3016603608040877,0.19782764952913992,-200330824.55026722,12848420.044011444,-599165.5633337251,0.011230418321220625,0.03468433681500013,-0.020842652999999888,-0.220635
15.469999999999715,-0.009819838612944776,-0.009819838612944776,-0.30111617538401186,0.19810858095547193,-225571307.43576574,13268804.26993705,-613321.0852037215,0.01080648166450171,0.034464927565000136,-0.023039196999999886,-0.2186738
15.479999999999714,-0.009263898119533653,-0.009263898119533653,-0.30056023489060074,-0.12388449451817189,-242893961.26501012,4670784.964705437,-627020.4680467566,0.010370337154765319,0.03423171637000014,-0.023603041999999887,0.1059048
15.489999999999714,-0.008722127089574816,-0.008722127089574816,-0.3000184638606419,-0.5172445984118479,-244575832.3612337,-8040014.539201412,-638617.2502433063,0.00992304840629088,0.03401090976500014,-0.020558278999999888,0.5030478
15.499999999999714,-0.00822556020759907,-0.00822556020759907,-0.29952189697866616,-0.6499553911763358,-229379413.18561602,-14366954.086745683,-642394.2658093366,0.009468990935444899,0.03383393598000014,-0.01483647799999989,0.6413124
15.509999999999714,-0.007772298090378604,-0.007772298090378604,-0.2990686348614457,0.08484740343352352,-218539811.10967207,3934411.8528002696,-635137.5057225134,0.0090166607881631,0.03369944669000014,-0.012061379999999889,-0.0862928
15.519999999999714,-0.007341412044990059,-0.007341412044990059,-0.29863774881605715,-0.4148533536712575,-199897113.41375995,-7893247.401313242,-623175.3936294643,0.008572949988689738,0.03358714347500014,-0.01039926299999989,0.4187162
15.529999999999713,-0.00694590433590464,-0.00694590433590464,-0.29824224110697173,-0.6703713494352557,-171566137.66623664,-19394142.447960492,-612908.6407956367,0.008138988292522908,0.033510583130000146,-0.0049128059999998894,0.6785752
15.539999999999713,-0.006604862168336223,-0.006604862168336223,-0.2979011989394033,-0.42314872545313725,-137010143.3881483,-14062806.035686096,-596848.7534273833,0.007716708471684597,0.03348935314000015,0.0006668080000001115,0.4373476
15.549999999999713,-0.006309141265392282,-0.006309141265392282,-0.29760547803645937,-0.2962939450550872,-101836916.85646486,-12024134.101720471,-572508.8744340583,0.007312176851161589,0.033514873255000154,0.004437215000000112,0.3167338
15.559999999999713,-0.006051577457291624,-0.006051577457291624,-0.2973479142283587,-0.5106479809387936,-62075508.267640114,-18704665.732703377,-546975.8196187172,0.0069291176481584005,0.033580548940000156,0.008697922000000113,0.5354076
15.569999999999713,-0.005833304060543554,-0.005833304060543554,-0.29712964083161064,-0.254115873883499,-24552912.271582127,-14352276.423964435,-520096.5371163105,0.006568358766936455,0.03368799818500016,0.012791927000000113,0.2833934
15.579999999999712,-0.005654749192347541,-0.005654749192347541,-0.29695108596341463,-0.5699390521038642,20143546.802875757,-22830981.708264958,-490665.0655020433,0.006231272332445081,0.03383807901500016,0.017224239000000113,0.603069
15.589999999999712,-0.005517450772523913,-0.005517450772523913,-0.296813787543591,-0.25632961188416364,61336786.88104367,-17788664.60034699,-459306.426431812,0.005919353031354824,0.03403272811500016,0.021705581000000113,0.2931994
15.599999999999712,-0.005409473556387434,-0.005409473556387434,-0.2967058103274545,-0.0903032356017808,97844588.8024931,-11904817.286122788,-425230.4781907921,0.005634072676701685,0.03426037440500016,0.023823677000000112,0.1304198
15.609999999999712,-0.005310858228593729,-0.005310858228593729,-0.2966071949996608,0.06242715544393257,124366184.02984047,-8742888.60504779,-392693.7946991777,0.005375303342895932,0.034501356855000165,0.02437281300000011,-0.0205926
15.619999999999711,-0.005198325627764844,-0.005198325627764844,-0.29649466239883193,0.5221300204216601,132481110.99943066,5705389.913903892,-365968.84137798933,0.005139563522086388,0.03473255782000017,0.02186738000000011,-0.480494
15.629999999999711,-0.0050614698550955906,-0.0050614698550955906,-0.2963578066261627,-0.13376243752746983,141549451.4711542,-10573785.936779805,-348435.249474805,0.004920753254787191,0.034943558425000174,0.02033274100000011,0.1735662
15.639999999999711,-0.004913784742468119,-0.004913784742468119,-0.2962101215135352,0.17856532811444742,142896477.08906817,-4009038.6674570674,-338637.3726167747,0.0047123221075354715,0.03514769483000017,0.02049454000000011,-0.1412064
15.64999999999971,-0.004752785657803682,-0.004752785657803682,-0.29604912242887077,0.30919392637188786,138505008.83551884,2192085.9981916714,-328600.2823460133,0.004511384348402758,0.035342294900000175,0.01842547400000011,-0.2726068
15.65999999999971,-0.004570430016868632,-0.004570430016868632,-0.2958667667879357,0.05732286260392941,131898910.90926361,-4270422.775979436,-322512.6009004956,0.004316502312600556,0.03551914611000018,0.01694476800000011,-0.0235344
15.66999999999971,-0.004380473497939408,-0.004380473497939408,-0.2956768102690065,-0.11978866243930214,128850538.79947567,-9298058.821649766,-321404.47532769194,0.0041243112694155926,0.03569178074000018,0.01758215800000011,0.1510124
15.67999999999971,-0.004204952284311725,-0.004204952284311725,-0.29550122717364397,-0.3926761300721696,136068060.1521654,-17588775.759190828,-317717.2375321971,0.003933906756034666,0.03588194359500018,0.02045041300000011,0.4226386
15.68999999999971,-0.004060663207954951,-0.004060663207954951,-0.29535676406586375,-0.3396585807076484,149969076.19917393,-17814201.549436323,-307900.3639848833,0.003748511583186287,0.036106255845000185,0.024412037000000112,0.3696862
15.69999999999971,-0.003945618832003284,-0.003945618832003284,-0.29524154709777783,-0.09785229628371257,163438370.7677269,-11383321.1676781,-290550.1390280612,0.0035731082470945585,0.036362829835000186,0.026902761000000112,0.1284586
15.70999999999971,-0.0038548930165754336,-0.0038548930165754336,-0.29515065045053074,-0.43744966027965143,183568320.10512805,-20659232.806752335,-270371.2172735015,0.0034113334705706544,0.036646762565000185,0.02988378500000011,0.4677462
15.71999999999971,-0.003793186713175023,-0.003793186713175023,-0.2950887753938705,-0.18811200662952063,202303706.07451963,-15942666.500283351,-248744.5145800963,0.0032644768482012476,0.03696273640000019,0.033310982000000114,0.2176932
15.729999999999709,-0.0037481412012433934,-0.0037481412012433934,-0.2950435635293117,0.14717301151099269,213556924.84004092,-5486273.454923013,-222964.79432414245,0.003134162788976491,0.03729834675000019,0.033811088000000114,-0.117672
15.739999999999709,-0.0036942523388157067,-0.0036942523388157067,-0.294989511036034,0.24747571202159138,214072669.98173332,-1576639.1223730901,-199838.34002980677,0.003020551067047128,0.03762799995500019,0.03211955300000011,-0.220635
15.749999999999709,-0.0036322568242612707,-0.0036322568242612707,-0.2949273548870714,-0.31789011493796393,219799040.9026065,-16157002.686106421,-185910.00575943987,0.002919450439464455,0.03795218631500019,0.03271771900000011,0.3402682
15.759999999999708,-0.003597678162099438,-0.003597678162099438,-0.2948926188152867,-0.7084680336662158,239938448.12932158,-29751124.803407058,-173907.41085136816,0.0028267914354813684,0.03830606034000019,0.03805708600000011,0.7276052
15.769999999999708,-0.0036295322651888617,-0.0036295322651888617,-0.2949243190129495,-0.9226245956282303,279285545.144917,-37996831.75252526,-150047.05092699634,0.002745498156336207,0.038728380245000193,0.04640689500000011,0.9423566
15.779999999999708,-0.003738846361292514,-0.003738846361292514,-0.2950334831780507,-0.5448414726122979,324049471.34265566,-30689714.589699112,-106871.04166659772,0.0026846152709661952,0.0392302022950002,0.05395751500000011,0.5677674
15.789999999999708,-0.0039050816598145133,-0.0039050816598145133,-0.2951995735382145,-0.26474026165195236,365900095.0647538,-22718070.754743367,-44061.49694959149,0.0026528939976274146,0.039791277100000196,0.05825744600000011,0.2922188
15.799999999999708,-0.004110742828815017,-0.004110742828815017,-0.2954050953602361,-0.5029364783955677,409300141.1281743,-30175027.351580855,43746.19090422958,0.002653083812023449,0.040394591250000195,0.062405384000000105,0.5373688
15.809999999999707,-0.004355091835338776,-0.004355091835338776,-0.29564930952676355,-0.2770805617899528,448874757.31655264,-25360034.802106634,101666.19555631926,0.0026837581463690086,0.041039629930000196,0.0666023520000001,0.3020248
15.819999999999707,-0.004625195406690208,-0.004625195406690208,-0.29591928164613196,0.026815545479015882,479669628.4095154,-16358201.864763044,153638.62435172684,0.0027446185986550464,0.0417131550400002,0.0681026700000001,-0.0019612
15.829999999999707,-0.004893810705138779,-0.004893810705138779,-0.2961877689560646,0.2829517529870984,495412666.3959999,-7910074.035489202,197246.20441876707,0.002834657993897205,0.0423874646300002,0.0667592480000001,-0.2667232
15.839999999999707,-0.005150507177665131,-0.005150507177665131,-0.29644434129697916,-0.11600865271512355,508849429.36432266,-17159419.017978616,227881.1640749515,0.0029486425282498063,0.0430515759800002,0.06606302200000011,0.127478
15.849999999999707,-0.005403188063116682,-0.005403188063116682,-0.2966969022459498,0.10960375913573239,514898435.19174886,-11944317.98216455,250113.85362070712,0.003080391102811414,0.0437127210150002,0.06616598500000011,-0.1068854
15.859999999999706,-0.005648572087598558,-0.005648572087598558,-0.2969421708326234,0.18863293507694165,515380000.79072356,-7310943.091030133,270090.59232406534,0.0032268042981446476,0.044366977335000196,0.06468527900000011,-0.1892558
15.869999999999706,-0.005870036460469852,-0.005870036460469852,-0.29716352452105355,0.46991643513519576,502018260.5931294,1353953.4568733592,285379.41075949627,0.00338563363207825,0.044997135410000194,0.06134633600000011,-0.4785328
15.879999999999706,-0.006054148031982509,-0.006054148031982509,-0.29734753040616296,0.36564624899975995,480854120.96553254,1891839.5575962123,291878.08388913056,0.003552092474429114,0.045589148145000195,0.057056211000000114,-0.3794922
15.889999999999706,-0.006208351135932211,-0.006208351135932211,-0.2975016330616873,-0.004924768207735696,461377537.9701569,-7809671.19027358,289697.2639476932,0.003719918755174051,0.046149781680000196,0.055070496000000115,-0.0176508
15.899999999999705,-0.00634521952208722,-0.00634521952208722,-0.29763840646148054,0.3374829240266586,436400306.93019843,2114475.4124012087,284515.7089176245,0.003885031773292802,0.046690950305000194,0.05316322900000012,-0.3638026
15.909999999999705,-0.006458660897417923,-0.006458660897417923,-0.29775175850402474,0.2669848155392705,409211412.3765955,2906624.5986889023,279984.0320951722,0.004046674752611473,0.0472060104550002,0.049848801000000116,-0.299083
15.919999999999705,-0.006538172797095454,-0.006538172797095454,-0.2978311868941824,0.4857264710224256,372481788.9715934,9923509.27843508,270991.188634926,0.004203399322320611,0.047683979410000195,0.04574499000000012,-0.5216792
15.929999999999705,-0.00658886075421139,-0.00658886075421139,-0.29788179733038744,-0.08554142267105505,343494215.12043786,-3065490.193746309,256085.29978293233,0.004351540133136933,0.048129465990000196,0.043352326000000115,0.0431464
15.939999999999705,-0.006627653296538971,-0.006627653296538971,-0.2979205184966265,0.16105023075304103,313461033.1387272,1934603.4011488352,239420.31544346185,0.004488617269505946,0.0485589197600002,0.042538428000000114,-0.205926
15.949999999999704,-0.006648593836399819,-0.006648593836399819,-0.29794139393325025,0.47745969228477786,277674541.08663034,13874044.082696669,225991.31205929982,0.004615405337102502,0.048966015850000204,0.038880790000000116,-0.5256016
15.959999999999704,-0.006644833458909316,-0.006644833458909316,-0.2979375748305948,-0.12799791863357482,248917842.18273115,-1448613.8659250117,209954.57809233468,0.004733244265500897,0.049343620395000204,0.03664011900000012,0.0774674
15.969999999999704,-0.00662571635234982,-0.00662571635234982,-0.2979184054799069,0.3926753130143994,213304104.78325868,11849318.99068626,189584.88208647768,0.004839126112734904,0.0497007794300002,0.03479168800000012,-0.4471536
15.979999999999704,-0.006579203602775252,-0.006579203602775252,-0.2978718470583045,0.4384080158444551,173869503.5209384,16987865.183524296,171289.41339497716,0.0049323580865290595,0.0500251864250002,0.03008971100000012,-0.4932418
15.989999999999704,-0.00650558316175559,-0.00650558316175559,-0.2977981875993826,-0.18525111428653093,142732193.23825192,176092.78454851056,146408.21072866677,0.0050119060875070676,0.0503168904100002,0.02825108600000012,0.1255168
15.999999999999703,-0.006440275857361899,-0.006440275857361899,-0.2977328480240695,-0.4006346020837082,125768997.76020598,-7437142.175221743,118244.58147338845,0.0050752653135148484,0.050611045895000206,0.03058001100000012,0.3402682
16.009999999999703,-0.006398348495536221,-0.006398348495536221,-0.2976908951863209,0.05111819835652199,111022170.87053704,4132180.078968786,102945.23791588383,0.00512584505839922,0.050922607030000205,0.03173221600000012,-0.1098272
16.019999999999705,-0.006351864470298785,-0.006351864470298785,-0.29764439243904595,0.48059624684839247,86306367.47397923,18070407.84669736,96490.84295416473,0.005170259198172794,0.051223773805000206,0.02850113900000012,-0.5363882
16.029999999999706,-0.006275893685558476,-0.006275893685558476,-0.2975684096412881,0.16715968806302728,59102664.00039172,11553492.051836299,82358.97968569347,0.005209050102909563,0.051489737040000205,0.02469150800000012,-0.225538
16.039999999999708,-0.0061595100196177865,-0.0061595100196177865,-0.2974520207215727,0.8015996250403316,14619308.601518393,29161867.109655924,55912.79787917051,0.005237305260454461,0.0517094649850002,0.019254081000000117,-0.8619474
16.04999999999971,-0.005986088183508376,-0.005986088183508376,-0.29727860077844964,0.5111678686037208,-34234918.60825372,26247738.536547825,14286.410048658006,0.005250035466489139,0.0518660177750002,0.012056477000000117,-0.5775734
16.05999999999971,-0.005774485263651152,-0.005774485263651152,-0.2970670066750751,-0.29673888443712076,-70086876.47144651,3168810.098734225,-55394.955984313,0.0052418132030381814,0.0519777081150002,0.010281591000000118,0.2225962
16.069999999999713,-0.005577288067995512,-0.005577288067995512,-0.2968698243194147,-0.4940795241454118,-86780990.03889918,-4587150.214766318,-99380.81302162883,0.005209750344834646,0.052096728440000205,0.013522474000000118,0.4255804
16.079999999999714,-0.005411750551246819,-0.005411750551246819,-0.2967043074923274,0.018330480057971138,-99331984.05527306,8020272.702598544,-119883.59091615134,0.005159933783931758,0.0522405579450002,0.015243427000000118,-0.0813898
16.089999999999716,-0.005264333750259753,-0.005264333750259753,-0.2965569173680498,-0.2675421678639606,-103271684.92737842,1600237.0655970415,-129040.52892081803,0.005101370275087114,0.052396228195000207,0.015890623000000118,0.210829
16.099999999999717,-0.005126269899755731,-0.005126269899755731,-0.2964188861718655,0.14250505777639094,-112624465.86402869,10473613.882734982,-136879.51295943445,0.005037761062833573,0.05255550215000021,0.01596416800000012,-0.19612
16.10999999999972,-0.00499186530804524,-0.00499186530804524,-0.2962845201808241,-0.16396688222254382,-115865920.61687756,4420684.301149545,-143456.31949306728,0.004969806644563229,0.05271310908500021,0.015557219000000119,0.1147302
16.11999999999972,-0.00486524559460455,-0.00486524559460455,-0.296157944939965,-0.12614666504085736,-117644175.02525854,2510115.1552327443,-150475.0345432952,0.004897699050926241,0.052873535245000214,0.01652801300000012,0.0794286
16.129999999999722,-0.00474370549557579,-0.00474370549557579,-0.29603645510333443,0.21290473451751427,-123402333.42112637,13068972.168753734,-155033.3715332127,0.004822020673204835,0.05303442719000021,0.01565037600000012,-0.254956
16.139999999999723,-0.004600654894777567,-0.004600654894777567,-0.2958934604514149,0.5607034128831458,-142462026.9973564,23318060.986701883,-159096.63134708433,0.004743660814968853,0.05316955387000021,0.011374960000000118,-0.6001272
16.149999999999725,-0.004403646144601481,-0.004403646144601481,-0.295696513228737,0.8240144148308837,-179138820.76085424,33833680.96689751,-173206.40109691303,0.004659572481655605,0.053246727090000216,0.004059684000000118,-0.862928
16.159999999999727,-0.004141355560306148,-0.004141355560306148,-0.29543428963869495,0.40254112222566846,-219800849.5289297,24295551.67754359,-201613.00849846355,0.004561800494865681,0.053254669950000215,-0.002471111999999882,-0.4432312
16.169999999999728,-0.003830933034689954,-0.003830933034689954,-0.2951239394670731,0.2961809935527767,-260507670.09919763,21436024.48781812,-239302.4363175484,0.004442055108683479,0.053210444890000215,-0.006373899999999882,-0.3373264
16.17999999999973,-0.00349096273999544,-0.00349096273999544,-0.2947840467694446,0.18700765379877513,-296231231.81316876,19041637.887311045,-275661.89064191305,0.0042966616930201484,0.05313260976500021,-0.009193124999999882,-0.2265186
16.18999999999973,-0.003138923280235073,-0.003138923280235073,-0.2944320900189686,-0.18748216109289464,-319905816.47645617,8493294.452245945,-308248.83979574335,0.004126508558336073,0.05303879086000021,-0.009570655999999882,0.1510124
16.199999999999733,-0.0027932893524764135,-0.0027932893524764135,-0.29408654376373133,-0.06841488761368035,-336601044.59959006,9843992.99239564,-335037.1940774234,0.003934500988520939,0.052947766665000215,-0.008634182999999882,0.0362822
16.209999999999734,-0.0024550183861904995,-0.0024550183861904995,-0.2937483652691676,0.029650313290106017,-349366841.58778405,12954415.051284343,-353336.4185841383,0.003725559955524649,0.052860934535000216,-0.008732242999999883,-0.0558942
16.219999999999736,-0.002127364857720637,-0.002127364857720637,-0.29342080883324784,-0.4156704769034937,-349779278.1394601,-279147.91964129545,-367951.56015993946,0.0035040673439458436,0.05278206978000022,-0.007040707999999883,0.3942012
16.229999999999738,-0.001822957055256258,-0.001822957055256258,-0.2931165025571196,-0.12826694723019424,-346990881.4470091,5024939.35736927,-378410.617570317,0.003272916294311201,0.05272433695500022,-0.004505856999999882,0.112769
16.23999999999974,-0.001554253992415322,-0.001554253992415322,-0.2928479052553152,-0.7561546015914842,-324472294.1532881,-12390426.820027525,-381578.9645917273,0.0030364843012191667,0.05270077804000022,-0.0002059259999998824,0.7472172
16.24999999999974,-0.001340427995556448,-0.001340427995556448,-0.2926341890422794,-0.5546674003333328,-293433055.7107637,-12160709.04271867,-377374.03649488126,0.0028004548474352686,0.05273122567000022,0.006295452000000118,0.5530584
16.259999999999742,-0.0011807592328907934,-0.0011807592328907934,-0.2924746338582946,-0.30095175978177796,-258264458.90482235,-5377910.210175309,-362164.2617334192,0.0025719344053740933,0.05281570436000022,0.010600286000000118,0.3079084
16.269999999999744,-0.0010533727529772885,-0.0010533727529772885,-0.29234736450985693,-0.13486250198906446,-227074460.27682877,-2557996.692670507,-340778.769897515,0.002357496921819746,0.05293313121000022,0.01288508400000012,0.1490512
16.279999999999745,-0.0009380261004912072,-0.0009380261004912072,-0.29223213829558164,0.08897995675418752,-204080691.35390472,3779520.9537220066,-321435.0991227121,0.00215984061493657,0.05306396776500022,0.013282227000000119,-0.0696226
16.289999999999747,-0.0008363838256797984,-0.0008363838256797984,-0.29213061952625186,-0.5913380903655419,-170924565.27347684,-15573585.175591476,-305931.2587631723,0.001975027468853058,0.05321042037500022,0.01600829500000012,0.6148362
16.29999999999975,-0.0007608885068269289,-0.0007608885068269289,-0.29205525054262926,0.047757233859377204,-145073779.7863965,-1773483.0086666495,-290584.18822829035,0.0018015027694191499,0.053385383930000224,0.018984416000000122,-0.019612
16.30999999999975,-0.0006939831613289038,-0.0006939831613289038,-0.2919884741147037,0.1521943125662901,-124577153.08996868,3731819.778767325,-270657.8797777936,0.0016407803235748974,0.053571771475000224,0.01829309300000012,-0.1186526
16.31999999999975,-0.0006059837433483595,-0.0006059837433483595,-0.29190060594634837,0.49161704030589226,-121393888.9326117,12302371.543072667,-255651.05909322968,0.0014923433162938315,0.053740336615000224,0.01541993500000012,-0.455979
16.329999999999753,-0.00047523814931388353,-0.00047523814931388353,-0.29176999370977286,0.574418648981776,-131821953.63719416,17782555.60749475,-251789.83274056079,0.001350235063770966,0.05386967775500023,0.01044829300000012,-0.5383494
16.339999999999755,-0.00028615911179702413,-0.00028615911179702413,-0.2915810499489249,0.692883401027826,-157512140.83016586,21877210.734459553,-259174.72571639708,0.0012065347395399106,0.05394425238500023,0.004466633000000121,-0.6579826
16.349999999999756,-3.1245364207621584e-05,-3.1245364207621584e-05,-0.2913262732352251,0.6732029518609199,-193754997.42729378,24377348.458666343,-278798.4786386805,0.0010530132994124863,0.053956460855000235,-0.0020249389999998793,-0.6403318
16.359999999999758,0.0002939220285863575,0.0002939220285863575,0.29158908853923404,0.7240460865384506,-240273017.8294866,27017108.23353739,-307230.4272899867,0.0008821085814331997,0.05390287106500024,-0.00869301899999988,-0.6932842
16.36999999999976,0.0006760883706433685,0.0006760883706433685,0.29197139496970453,0.21107679901825588,-281942370.74137807,15388584.69610112,-342645.99608757853,0.0006876014464337055,0.05379404898000024,-0.01307139799999988,-0.1823916
16.37999999999976,0.0010943536598743697,0.0010943536598743697,0.2923898016220325,0.2978091897234885,-322400304.2111864,16203457.672942193,-379133.0609693861,0.0004658460054735025,0.05365203358500024,-0.01533168099999988,-0.269665
16.389999999999763,0.0015307682641175213,0.0015307682641175213,0.2928263586652771,-0.08068978324189104,-350766541.4925368,7709085.261625741,-411223.96428782464,0.00021748320948752897,0.05349472083000024,-0.01613086999999988,0.1098272
16.399999999999764,0.001971535176229444,0.001971535176229444,0.2932672688722076,0.037676441309925375,-374809395.26304317,8369659.287086766,-438057.920001936,-6.10776297021165e-05,0.05333598620500024,-0.01561605499999988,-0.0068642
16.409999999999766,0.0024178985811243447,0.0024178985811243447,0.29371377619681877,0.22921136640339276,-398358184.58272934,15360901.565495592,-458983.62573169474,-0.0003516623850893241,0.05317475105000024,-0.01663097599999988,-0.19612
16.419999999999767,0.0028852927494029124,0.0028852927494029124,0.29418131467698305,0.3451470480090519,-426654396.4504266,18492408.96421135,-477804.19869400194,-0.0006585096330001539,0.05299576703500024,-0.019165826999999882,-0.3108502
16.42999999999977,0.0033856212455031787,0.0033856212455031787,0.29468178765329234,0.39787438337680003,-460047015.04838824,21835702.124243133,-499557.1679446548,-0.000982008928436584,0.052787242445000236,-0.022539090999999883,-0.3638026
16.43999999999977,0.003928049960179314,0.003928049960179314,0.2952243608045961,0.5431152032063832,-501178686.3700776,26382993.27782417,-524562.2533552507,-0.0013249067323933272,0.052540008670000235,-0.026907663999999883,-0.509912
16.449999999999772,0.004530595122970882,0.004530595122970882,0.29582693189404097,0.9158237256447954,-557395669.4594574,39452299.8990147,-553666.306808152,-0.00169051978925569,0.05223607170000023,-0.033879729999999886,-0.8845012
16.459999999999773,0.0051873521579478,0.0051873521579478,0.2964836889290179,-0.20731490821136658,-598650817.8356631,10796636.289566094,-589933.7977790651,-0.002083926429649746,0.051881045470000234,-0.037125515999999886,0.235344
16.469999999999775,0.005862021792568839,0.005862021792568839,0.2971583585636389,0.21531988985945422,-638856087.8392949,18507725.126613818,-627374.7379142873,-0.002509332942715714,0.051510942515000234,-0.03689507499999989,-0.1892558
16.479999999999777,0.006557982701659804,0.006557982701659804,0.2978543194727299,0.6283517576435264,-683362949.4407172,33471630.579161577,-656254.3405093404,-0.002964180072648037,0.05112220816000024,-0.040851795999999885,-0.6020884
16.489999999999778,0.007307492667770532,0.007307492667770532,0.2986038294388406,0.6699806228703055,-738202501.3935126,36174750.00445736,-685496.7290095239,-0.003444957927039194,0.05068248260500024,-0.047093314999999886,-0.6462154
16.49999999999978,0.008125228720718025,0.008125228720718025,0.2994215654917881,0.7607801017746751,-802876485.2721636,41210831.986893035,-722701.8249429505,-0.003955518543262843,0.05017686073000024,-0.05403105999999989,-0.7413336
16.50999999999978,0.009004376727393015,0.009004376727393015,0.3003007134984631,0.2649943306586578,-862667070.959852,29361352.783969607,-764950.4422089553,-0.004502271461467006,0.04961176546500024,-0.05898799299999989,-0.250053
16.519999999999783,0.009905330417580516,0.009905330417580516,0.3012016671886506,-0.4184964051029687,-901675753.6056042,9279429.421582049,-808450.972197047,-0.0050887704681043255,0.049026371780000244,-0.05809074399999989,0.4295028
16.529999999999784,0.010776645028868548,0.010776645028868548,0.30207298179993863,-0.6135499920142885,-917187136.0038502,738388.6601984631,-842883.4082402497,-0.005712113432953747,0.048471793450000245,-0.052824921999999885,0.6236616
16.539999999999786,0.011592685880385922,0.011592685880385922,0.302889022651456,-0.5653540016942331,-914523339.630013,-100399.96743134968,-862314.9645496032,-0.006361325681582597,0.04797355059000025,-0.04682364999999988,0.5765928
16.549999999999788,0.012338833988096043,0.012338833988096043,0.30363517075916613,-1.0514517568893458,-887022975.8155782,-15910909.950881755,-869011.8043043115,-0.007023039699946276,0.04754632768500025,-0.038620930999999886,1.063951
16.55999999999979,0.012991348342684839,0.012991348342684839,0.3042876851137549,-1.0770926093801887,-839633811.3412405,-21776243.857851952,-864125.2577746726,-0.007685617974155512,0.04721400234500025,-0.027844136999999887,1.0914078
16.56999999999979,0.01355586394335101,0.01355586394335101,0.3048522007144211,-0.3143131812557839,-793169350.3928474,-3282143.488304762,-844846.3624218124,-0.00833668052323111,0.04697113224000025,-0.020729883999999886,0.3314428
16.579999999999792,0.014071244680183947,0.014071244680183947,0.30536758145125403,-0.25967558143949,-750458611.6380913,-1102346.0677763447,-818123.0915921531,-0.008965923502306627,0.046779057215000246,-0.017685120999999887,0.2775098
16.589999999999794,0.014557694502217222,0.014557694502217222,0.3058540312732873,-0.32357224785050037,-711456249.4273511,-4582974.388991121,-794794.1298711568,-0.009571577809433796,0.04661762594000025,-0.014601133999999887,0.3392876
16.599999999999795,0.015016536567594774,0.015016536567594774,0.30631287333866486,-0.19749018908694366,-675820358.0947322,-1945596.0719698826,-773853.4358132301,-0.01015652186656485,0.04648536751500025,-0.011850550999999886,0.210829
16.609999999999797,0.015459713882444326,0.015459713882444326,0.3067560506535144,0.09199572697443692,-649639224.4487448,5757823.698701222,-752909.4606712814,-0.010722009069522642,0.046370097985000254,-0.011203354999999887,-0.0813898
16.6199999999998,0.01590330335275969,0.01590330335275969,0.3071996401238298,0.030088030773362206,-629811427.0179927,5137539.09720311,-735323.4457105221,-0.011269710177224834,0.04625544133000026,-0.011727975999999887,-0.0235344
16.6299999999998,0.016348604293379698,0.016348604293379698,0.3076449410644498,-0.08360618854119972,-612761732.677069,1488861.6850108067,-722872.5901457326,-0.011803623003346475,0.04613970601500026,-0.011419086999999887,0.0853122
16.6399999999998,0.01679531215950586,0.01679531215950586,0.30809164893057595,0.19347735286090464,-603406940.6200464,9204119.356064515,-712773.2824958741,-0.01232723312317019,0.04602274495000026,-0.011973125999999886,-0.19612
16.649999999999803,0.017251405771991357,0.017251405771991357,0.30854774254306144,0.0721975486545782,-597217717.6402993,7302786.068186803,-704408.1232812321,-0.012842437668944384,0.045896124975000265,-0.013350868999999887,-0.0794286
16.659999999999805,0.017724288994936332,0.017724288994936332,0.3090206257660064,0.3338681025879775,-601222121.6862066,14437333.185774773,-699930.6351275622,-0.01335181082923037,0.045751976775000265,-0.015478770999999888,-0.3461518
16.669999999999806,0.01822893583832297,0.01822893583832297,0.30952527260939305,0.5307711125430994,-616902701.1765137,22482704.334494144,-699289.0037881747,-0.013858863289701928,0.045574831385000264,-0.01995030699999989,-0.5481554
16.679999999999808,0.018785749121951856,0.018785749121951856,0.31008208589302194,0.691410871882303,-647466281.918931,28939580.49729021,-705427.9971949845,-0.014368286984759782,0.045343752995000264,-0.026265370999999888,-0.7148574
16.68999999999981,0.01940160706509303,0.01940160706509303,0.3106979438361631,0.44836022562670813,-683637282.101015,25179230.159597516,-720783.3312205866,-0.014887220761158282,0.045051264530000266,-0.03223232199999989,-0.4785328
16.69999999999981,0.020074742200428042,0.020074742200428042,0.3113710789714981,0.7031258355818305,-730650698.2953304,32983871.797833756,-742526.9042279533,-0.015422891474474953,0.04469849368000027,-0.03832184799999989,-0.7393724
16.709999999999813,0.02079839227255248,0.02079839227255248,0.31209472904362257,0.16615765718170153,-771814868.5415014,21703683.594028976,-768455.0858077911,-0.01598037070480335,0.04429159371000027,-0.04305814599999989,-0.2078872
16.719999999999814,0.021536967922535732,0.021536967922535732,0.3128333046936058,-0.43828876491305646,-795318870.6102849,2862254.4332631966,-796274.7442897616,-0.016562760571594448,0.04386562107000027,-0.04213638199999989,0.39224
16.729999999999816,0.02224922851659994,0.02224922851659994,0.31354556528767,-0.34213978880188545,-804036563.0062559,3903374.438076526,-816672.7804324193,-0.0171679502685943,0.04346144226500027,-0.03869937899999989,0.2951606
16.739999999999817,0.02291504611668882,0.02291504611668882,0.3142113828877589,-0.7351514164942785,-791502932.0703555,-8037236.427452704,-825192.0170093719,-0.01778708500585119,0.04309906153500027,-0.03377676699999989,0.6893618
16.74999999999982,0.02351927995425962,0.02351927995425962,0.3148156167253297,-0.6509078789342913,-766087201.9791228,-9135466.23192471,-824534.9558097417,-0.018410045662875407,0.04279370269500027,-0.02729500099999989,0.6069914
16.75999999999982,0.024054926017064493,0.024054926017064493,0.3153512627881346,-0.7065438162731413,-727254426.6472843,-12060836.454844497,-813819.7989726873,-0.019027647174087392,0.04255257315500027,-0.020930906999999888,0.6658274
16.769999999999822,0.024527466551806043,0.024527466551806043,0.31582380332287613,-0.4602256110518394,-685437259.051432,-7935919.263137149,-794969.7782456994,-0.019631357891907897,0.042370475735000274,-0.015488576999999889,0.4226386
16.779999999999824,0.024946327750785646,0.024946327750785646,0.31624266452185573,-0.5201783921006049,-638823948.4153106,-10093654.431419201,-771769.4156310497,-0.02021541629950896,0.04223829085500028,-0.010948398999999888,0.485397
16.789999999999825,0.025332278627483884,0.025332278627483884,0.31662861539855397,0.1842165815111463,-606655732.7618291,7407898.773928055,-746382.7034948171,-0.020776927732121364,0.042135523975000276,-0.009604976999999888,-0.2167126
16.799999999999827,0.025717388808275343,0.025717388808275343,0.31701372557934543,0.11826075842713461,-583007401.4959352,8724437.902157579,-723655.0503158584,-0.02131627979740175,0.042030305595000275,-0.011438698999999887,-0.1500318
16.809999999999828,0.026121431092682446,0.026121431092682446,0.31741776786375253,0.33673878725104917,-574115739.616811,13751305.712748729,-709210.1497651391,-0.021838626768094005,0.04190292565500028,-0.014037288999999887,-0.3696862
16.81999999999983,0.02655178012094067,0.02655178012094067,0.31784811689201076,0.2607242326131888,-571963274.4463642,14424612.963339377,-702735.0148999396,-0.022351451817208046,0.04174593159500028,-0.017361522999999886,-0.2951606
16.82999999999983,0.027009442227103164,0.027009442227103164,0.31830577899817325,0.23452837343226013,-575802459.7221303,13290947.280894272,-702436.4908060916,-0.022861119260669027,0.04155817121000028,-0.020190553999999885,-0.2706456
16.839999999999833,0.02749092777666956,0.02749092777666956,0.31878726454773965,0.22334869432232074,-582581431.8990998,14621977.06056092,-706706.4313142457,-0.02337246110129948,0.04134297854000028,-0.022847979999999886,-0.2608396
16.849999999999834,0.02799188802635294,0.02799188802635294,0.319288224797423,0.09795338664827347,-589068001.4117692,11166424.91565416,-713219.6359253443,-0.023888624875144926,0.041104570165000284,-0.024833694999999885,-0.1363034
16.859999999999836,0.028500909234371152,0.028500909234371152,0.31979724600544124,-0.09667517087365679,-590304426.2777507,6182911.9659778755,-721070.6274075948,-0.024411297432360757,0.04085427201500028,-0.025225934999999883,0.0578554
16.869999999999838,0.029008332826045757,0.029008332826045757,0.32030466959711584,0.031584891599404696,-590187135.0693438,8653241.869636744,-727145.9122667932,-0.024940387597675306,0.040601718485000285,-0.025284770999999883,-0.0696226
16.87999999999984,0.029511100613712538,0.029511100613712538,0.3208074373847826,-0.1526348037912572,-584180542.8909061,4472109.9299388565,-730832.0942937094,-0.025474028694170314,0.04035002298000029,-0.02505432999999988,0.1157108
16.88999999999984,0.029995179695851693,0.029995179695851693,0.3212915164669218,-0.47381752069803934,-566686558.6839397,-6358713.856138924,-732984.5382311773,-0.02601041467080678,0.04011333065500029,-0.022284134999999882,0.4383282
16.899999999999842,0.030455984209264653,0.030455984209264653,0.32175232098033474,0.16933352512571198,-554488018.2535725,10039079.56015753,-730288.6139373932,-0.02654662227191612,0.03989639742000029,-0.021102511999999882,-0.2020036
16.909999999999844,0.030907206350365035,0.030907206350365035,0.3222035431214351,-0.24805156407847345,-536069551.61423206,502562.9483495215,-724110.9071475702,-0.02707879350283443,0.03968576454000029,-0.021024063999999884,0.2176932
16.919999999999845,0.03135110172015687,0.03135110172015687,0.32264743849122696,0.03379031575270121,-522660398.92586184,5503239.241821561,-719760.2848737934,-0.027606152907636683,0.03947939727000029,-0.020249389999999885,-0.0627584
16.929999999999847,0.03178730659549939,0.03178730659549939,0.3230836433665695,-0.1270585732441337,-505453356.34177494,2858292.009615953,-715026.1901757279,-0.028129368100752783,0.03927783494000029,-0.020063075999999885,0.1000212
16.93999999999985,0.03223126399521359,0.03223126399521359,0.3235276007662837,0.5305165176715558,-504119963.7258525,19335930.78261002,-709858.8898618143,-0.028648074022676384,0.03906580470500029,-0.022342970999999885,-0.5560002
16.94999999999985,0.032698524745220836,0.032698524745220836,0.3239948615162909,-0.0017532983942013644,-500413441.19403315,8827558.564565705,-708990.0887798873,-0.029163982453648207,0.038827886630000294,-0.025240643999999885,-0.0235344
16.95999999999985,0.03317633627451766,0.03317633627451766,0.32447267304558775,-0.1049351733058463,-495441785.1002407,2464365.936511874,-713378.8814003918,-0.02968138151985167,0.0385768775450003,-0.024961172999999885,0.0794286
16.969999999999853,0.033637811543034024,0.033637811543034024,0.3249341483141041,-0.44182678621305777,-476534162.7359915,-5900698.873845918,-716276.1008835448,-0.030202139841077946,0.0383396949200003,-0.022475351999999886,0.4177356
16.979999999999855,0.03406825390821927,0.03406825390821927,0.32536459067928936,-0.25272738751446144,-453184533.7144315,-4425971.588633458,-712665.8672383346,-0.030722673655059707,0.0381311703300003,-0.019229565999999886,0.2314216
16.989999999999856,0.034464895558167896,0.034464895558167896,0.325761232329238,-0.40474704822170626,-421168652.59067297,-7669933.952936398,-703381.5906294925,-0.03123733940063511,0.037954319120000295,-0.016140675999999885,0.3863564
16.999999999999858,0.034836162377877844,0.034836162377877844,0.32613249914894793,0.04726572761582963,-395583464.8788912,1750356.4602610215,-689857.6289809673,-0.03174166167449011,0.037801002310000296,-0.014522685999999885,-0.0627584
17.00999999999986,0.03520155861842278,0.03520155861842278,0.32649789538949286,0.07550191033445082,-374363221.5563061,5218565.888525009,-675525.1080365088,-0.03223340606144204,0.0376519756250003,-0.015282650999999885,-0.0892346
17.01999999999986,0.03558076740183891,0.03558076740183891,0.326877104172909,0.3543737534077459,-365973444.4142895,11547555.687887173,-664725.6463647219,-0.03271385262760629,0.0374877251250003,-0.017567448999999884,-0.367725
17.029999999999863,0.03599349207496594,0.03599349207496594,0.327289828846036,0.5565227860758027,-371002399.4315212,20392760.010883097,-659830.3557974157,-0.033187237490253485,0.037288589780000304,-0.022259619999999886,-0.5707092
17.039999999999864,0.03645877124953756,0.03645877124953756,0.32775510802060764,0.6348922986778941,-390055265.76220274,23443913.53017349,-662835.8782645661,-0.033659596023455474,0.03703544789000031,-0.028368757999999886,-0.6511184
17.049999999999866,0.03698064486528824,0.03698064486528824,0.3282769816363583,0.4375967447040663,-414962448.62360954,20900772.888030887,-675030.1604938981,-0.03413847770079498,0.03672405836000031,-0.03390914799999989,-0.4569596
17.059999999999867,0.037535748154441384,0.037535748154441384,0.32883208492551147,-0.1808073332184652,-429297575.26761055,3226809.8782268795,-692877.9741487228,-0.03463070428183129,0.03637751432000031,-0.03539965999999989,0.1588572
17.06999999999987,0.03809083762278681,0.03809083762278681,0.3293871743938569,-0.07650536501776141,-436690356.843874,4671553.676843755,-708418.6669987431,-0.035138104442907714,0.03602883747500031,-0.03433570899999989,0.053933
17.07999999999987,0.03863682438965643,0.03863682438965643,0.3299331611607265,-0.03028999577865737,-438562363.00745463,5966912.135347202,-716256.0116181081,-0.035656362197793556,0.03568704934500031,-0.03402191699999989,0.0088254
17.089999999999872,0.03917694734969496,0.03917694734969496,0.33047328412076504,-0.09746691666966192,-437055496.72620916,3948377.485211135,-720086.7698754518,-0.036180080055704444,0.035348962980000315,-0.03359535599999989,0.0764868
17.099999999999874,0.03971183286290991,0.03971183286290991,0.33100816963398,0.015749969256280076,-435428297.50840354,6288299.6482796725,-722196.3380127067,-0.03670657611417416,0.03501401453500032,-0.03339433299999989,-0.0362822
17.109999999999875,0.04024985549768384,0.04024985549768384,0.3315461922687539,0.19152083289887428,-438018978.33479404,11833966.13704462,-722407.598700579,-0.03723418345496604,0.03467386891000032,-0.03463479199999989,-0.2118096
17.119999999999877,0.040813989751262325,0.040813989751262325,0.3321103265223324,0.6457600583282583,-455854945.7838867,25216224.73110175,-723860.0724275077,-0.03776250740342724,0.034305555550000325,-0.03902787999999989,-0.666808
17.129999999999878,0.04143037315332926,0.04143037315332926,0.33272670992439934,0.6070059748784611,-485333314.536016,27597438.096212327,-731405.5092899726,-0.038294765943231834,0.03388284340500033,-0.04551454899999989,-0.6305258
17.13999999999988,0.042112397992987105,0.042112397992987105,0.3334087347640572,0.7659606648769216,-529152275.7176943,32963083.320319783,-748057.7987677045,-0.03883785317130628,0.03339210213500033,-0.05263370499999989,-0.7933054
17.14999999999988,0.04286071536467634,0.04286071536467634,0.3341570521357464,0.5128434563264072,-576636375.8021321,29367484.03393594,-772125.7495850513,-0.03939950576747625,0.03283232662500033,-0.059321396999999894,-0.544233
17.159999999999883,0.043669097439293925,0.043669097439293925,0.334965434210364,0.6110043617051834,-630472304.3369598,32132664.268460147,-800962.6617978407,-0.03998562018226903,0.03220935144500033,-0.0652736389999999,-0.6462154
17.169999999999884,0.044526359767249446,0.044526359767249446,0.33582269653831953,0.22041607469298002,-678386789.5335199,24262616.18558135,-831943.7909397994,-0.04059974522194898,0.031533987710000336,-0.0697991079999999,-0.2588784
17.179999999999886,0.0454227928879532,0.0454227928879532,0.3367191296590233,0.5150475404987834,-730420571.1079574,31078855.181384757,-862534.9455315811,-0.04124305393332989,0.030815624665000336,-0.0738735009999999,-0.5560002
17.189999999999888,0.04635470766146982,0.04635470766146982,0.3376510444325399,0.168801440447087,-775597336.7167783,25026956.521687422,-891737.6032700237,-0.04191499333056958,0.030057694410000335,-0.0777125499999999,-0.2118096
17.19999999999989,0.04730919262074579,0.04730919262074579,0.3386055293918159,0.05019759873237967,-815229357.5500901,19547429.236986026,-920147.1066620686,-0.04261474843116719,0.029272895715000337,-0.0792471889999999,-0.0951182
17.20999999999989,0.0482716908232011,0.0482716908232011,0.3395680275942712,0.05136776515473715,-848022438.863846,20834226.69866333,-944861.1704641271,-0.04334043573743357,0.028475618885000338,-0.0802081769999999,-0.0970794
17.219999999999892,0.04923624973802515,0.04923624973802515,0.34053258650909524,-0.07048230679871272,-873771118.3733162,16265549.79316677,-964587.4440658304,-0.04408802308837523,0.02767172300500034,-0.0805709989999999,0.024515
17.229999999999894,0.050196089782055364,0.050196089782055364,0.34149242655312545,-0.09915151611551057,-893305941.6124771,15539226.772044716,-980932.2053422136,-0.044853436922396905,0.02686794970000034,-0.08018366199999989,0.0529524
17.239999999999895,0.05114762181804611,0.05114762181804611,0.3424439585891162,-0.06353498255042093,-908635329.8848423,15290913.375083977,-993115.6259236684,-0.045632952267838645,0.026067878160000342,-0.0798306459999999,0.0176508
17.249999999999897,0.052092206717063216,0.052092206717063216,0.3433885434881333,-0.05166399773157451,-921195989.1646783,15912504.465923933,-1001927.2555914987,-0.04642284214336778,0.025270160060000345,-0.0797129739999999,0.0058836
17.2599999999999,0.05302225921147974,0.05302225921147974,0.3443185959825498,-0.41443320600689293,-922918239.6443641,4630344.024831135,-1008750.1147519087,-0.04722047587656336,0.024482395050000345,-0.0778400279999999,0.3687056
17.2699999999999,0.053903679459585574,0.053903679459585574,0.34520001623065566,-1.0647616769704062,-899821178.7911555,-15917480.491356079,-1011681.6843474011,-0.04802294771961518,0.023738708010000345,-0.0708973799999999,1.019824
17.2799999999999,0.054704865452575246,0.054704865452575246,0.34600120222364533,-0.6654204440628596,-865273053.9112667,-10245072.018067403,-1003756.1807789173,-0.04882294106296026,0.023070821350000346,-0.0626799519999999,0.6236616
17.289999999999903,0.055440263883933805,0.055440263883933805,0.3467366006550039,-0.23591194885024475,-831194624.3017851,1823317.7500855047,-982762.2958688936,-0.0496086199042412,0.022464565400000348,-0.0585712379999999,0.1980812
17.299999999999905,0.05615770189584118,0.05615770189584118,0.34745403866691127,0.4188149272739297,-817234093.4544798,19256538.51548536,-958604.4435218312,-0.050372040954200004,0.02187243009000035,-0.0598558239999999,-0.4549984
17.309999999999906,0.056891970940763925,0.056891970940763925,0.348188307711834,0.07151826209350191,-810732982.0988528,13022798.7284199,-941610.1004835167,-0.05111527478222655,0.02125977572500035,-0.0626750489999999,-0.1088466
17.319999999999908,0.05764457007393142,0.05764457007393142,0.3489409068450015,0.17135207833029123,-813592182.3098838,13474274.666157857,-933524.7636318104,-0.051846257477642654,0.020625033345000352,-0.0642734269999999,-0.210829
17.32999999999991,0.05839946802753665,0.05839946802753665,0.34969580479860674,-0.32227966619167764,-808081378.6334146,1869749.7985598287,-929092.6555398017,-0.052571142891138845,0.019984064155000352,-0.0639204109999999,0.2814322
17.33999999999991,0.059143076058657595,0.059143076058657595,0.3504394128297277,0.02159022479207122,-806095335.5788171,7628514.153849132,-923700.6480328424,-0.05329125172572824,0.019350326890000352,-0.0628270419999999,-0.0627584
17.349999999999913,0.05987843917591362,0.05987843917591362,0.3511747759469837,-0.05071973954557143,-802733242.3782585,8493601.55754189,-915922.3085065719,-0.05400496775596331,0.018720732660000353,-0.0630918039999999,0.009806
17.359999999999914,0.06060534579240434,0.06060534579240434,0.3519016008035256,-0.2617179612762817,-796495438.9792278,180435.59942140616,-908376.7496906058,-0.054711258891438574,0.018095575645000354,-0.0619395989999999,0.220635
17.369999999999916,0.061309964358132824,0.061309964358132824,0.3526061200140876,-0.318121190668934,-784651986.806272,-1304703.8489102265,-900604.3167461809,-0.05541014397042454,0.017488633275000356,-0.0594488749999999,0.2775098
17.379999999999917,0.0619816732578371,0.0619816732578371,0.3532777309394974,-0.4184262983542593,-765932449.1792926,-6349442.074349949,-888699.2903296809,-0.056099540863768727,0.016910569575000357,-0.0561638649999999,0.3794922
17.38999999999992,0.06261149910256608,0.06261149910256608,0.3539074602950748,-0.5203484116340825,-739449739.7561613,-9901833.603449445,-872866.9067106852,-0.05677560726934927,0.01637050412500036,-0.0518492249999999,0.4834358
17.39999999999992,0.06317842931045278,0.06317842931045278,0.3544742956014657,-1.0567023520694452,-693554370.1101227,-27823150.975331467,-852344.050196154,-0.057434281936507625,0.01588966691500036,-0.0443182169999999,1.0227658
17.409999999999922,0.06365958499379393,0.06365958499379393,0.354955358072768,-0.7972278660496124,-638316487.3837088,-24661654.15492388,-823394.2460881317,-0.058069443511314434,0.015491249135000362,-0.035365338999999905,0.7678098
17.419999999999924,0.0640584733506531,0.0640584733506531,0.35535415501020884,-0.6395349751089111,-578016791.8236954,-21955425.658430547,-783758.2339573276,-0.0586723015885412,0.015172186410000362,-0.028447205999999906,0.6158168
17.429999999999925,0.06439433635868899,0.06439433635868899,0.3556899284945508,-0.44471613666354565,-521205993.5202663,-18222889.612924963,-738886.6076613257,-0.05923581517914195,0.014913749280000364,-0.023240219999999905,0.4255804
17.439999999999927,0.06469175897378601,0.06469175897378601,0.3559872635803025,-0.008648469119609342,-477213208.6821847,-6918045.395087076,-694055.5322167565,-0.05975816211003698,0.014691814985000365,-0.021146638999999905,-0.0068642
17.44999999999993,0.06498668373655073,0.06498668373655073,0.3562821028992783,0.3621212932961702,-452923498.8776827,4968137.230017595,-652962.4059695475,-0.0602417499750032,0.014470787745000366,-0.023058808999999906,-0.3755698
17.45999999999993,0.065302585252517,0.065302585252517,0.35659792113766275,0.12354239205277205,-439179857.1347022,-95561.54561479902,-622409.3327068469,-0.06069337754521009,0.014227378310000366,-0.025623077999999907,-0.137284
17.46999999999993,0.06563646576610374,0.06563646576610374,0.3569317206082313,0.11004320996437926,-433193724.5461979,-550378.0606117728,-602529.2832657219,-0.06112267562498577,0.013964602025000368,-0.026932178999999907,-0.1245362
17.479999999999933,0.06597744803575487,0.06597744803575487,0.35727262413031136,-0.05948970194999453,-427134894.1489496,-4590006.179085589,-587324.960886765,-0.06153649246417278,0.013693294520000369,-0.027329321999999906,0.0451076
17.489999999999934,0.06632798857084107,0.06632798857084107,0.35762308827265965,0.3913151038096327,-432945560.7450576,7703042.943015981,-573759.2228135634,-0.06193772087267452,0.01341100429500037,-0.029128722999999905,-0.4049878
17.499999999999936,0.06670725008255984,0.06670725008255984,0.35800227580449323,0.42577212331329234,-448517050.0623164,11768971.084685834,-563905.5353071161,-0.06232868975425712,0.013098609650000372,-0.0333502059999999,-0.4393088
17.509999999999938,0.06712738593524428,0.06712738593524428,0.358422340142649,0.3922129024522971,-473503090.30208015,11858222.06056692,-562311.6763653609,-0.06271447606533417,0.012743951145000373,-0.0375814949999999,-0.406949
17.51999999999994,0.06759507570745724,0.06759507570745724,0.35888996091118913,0.6920592871571895,-511802816.1015582,22176705.030191496,-568206.4939535958,-0.06310188232405012,0.012340262640000373,-0.043156205999999905,-0.7079932
17.52999999999994,0.06811732592708555,0.06811732592708555,0.3594121446794111,0.40618851050939275,-553983397.9541276,17345577.242079467,-580720.4901722759,-0.06349703166460799,0.011880410270000374,-0.048814267999999904,-0.4236192
17.539999999999942,0.06867185497476133,0.06867185497476133,0.35996660986711176,-0.21320524229196208,-585058510.7054989,170800.30837961892,-600190.024939089,-0.06390587428268996,0.011386531080000374,-0.04996156999999991,0.1941588
17.549999999999944,0.06923023394893765,0.06923023394893765,0.36052492761312305,0.17427287998597896,-614740651.8745764,9488179.270087246,-617359.7859242563,-0.06433079127636004,0.010886964410000375,-0.049951763999999906,-0.1921976
17.559999999999945,0.06979851202071086,0.06979851202071086,0.36109314713464574,0.26070478951751597,-644607215.6454064,14308670.163538039,-628401.5120445576,-0.06476830071549552,0.010375728600000377,-0.0522953979999999,-0.2765292
17.569999999999947,0.07040551717756519,0.07040551717756519,0.36170009646731016,0.8535099866488718,-692681117.379247,31571971.344066672,-640842.3975495979,-0.06521617929441095,0.009824141100000378,-0.0580221019999999,-0.8688116
17.57999999999995,0.07108395093994568,0.07108395093994568,0.3623784771746064,0.8895302224576715,-755115953.8015114,37676384.63685851,-660962.8289262512,-0.06567833103940227,0.009199547930000378,-0.0668965319999999,-0.9060744
17.58999999999995,0.07185685340160228,0.07185685340160228,0.36315132938627026,1.1462897431400096,-837497805.8055795,46969315.763536066,-692685.7052282229,-0.06616339949171296,0.008478782415000378,-0.0772565709999999,-1.1659334
17.59999999999995,0.07273134681530194,0.07273134681530194,0.3640257753859635,0.8816418124353763,-927152889.3203646,44785393.442867726,-735849.0361182307,-0.06668209980595849,0.007654441025000379,-0.0876117069999999,-0.9050938
17.609999999999953,0.07368099026293809,0.07368099026293809,0.3649753742845931,0.09654258944416087,-1004463695.6460005,23844753.74191441,-786990.9908914841,-0.06724397325768144,0.0067526077200003795,-0.0927549539999999,-0.1235556
17.619999999999955,0.07465258320988238,0.07465258320988238,0.3659469255777945,-0.19665993897447429,-1062450508.9616971,14542233.175510388,-836522.4734716396,-0.06785296545295988,0.00582618587000038,-0.0925294159999999,0.1686632
17.629999999999956,0.07561622984428043,0.07561622984428043,0.36691053348727726,-0.021045719096823012,-1107817627.354622,18440090.403236005,-874167.7774517281,-0.06850366450470077,0.004904985715000381,-0.09171061499999991,-0.004903
17.639999999999958,0.07656681613433286,0.07656681613433286,0.36786108401645445,-0.28366239665645976,-1138294651.6276083,11617702.359174492,-901994.4681138229,-0.06918611293144875,0.003994253465000382,-0.09043583499999991,0.259859
17.64999999999996,0.07750557822889342,0.07750557822889342,0.36879981334683615,0.11543349185726806,-1168156778.5444183,20674792.359591432,-923796.3498782165,-0.06989280109777354,0.0030929594900003824,-0.08982295999999991,-0.137284
17.65999999999996,0.07845155284348468,0.07845155284348468,0.36974575822187555,0.3413877637929598,-1201608354.6672642,29214741.10108777,-941233.4043159136,-0.07061875488201577,0.0021822517550003835,-0.09231858699999991,-0.3618414
17.669999999999963,0.07942386687663688,0.07942386687663688,0.37071804556257054,0.2554896067813499,-1238235769.1923687,27338402.493513778,-960405.9459604374,-0.07136259652001867,0.0012431066200003843,-0.0955104399999999,-0.2765292
17.679999999999964,0.08042224585207,0.08042224585207,0.3717164009089491,0.19035324998662348,-1274722076.5143833,26319475.399756588,-983145.0707690944,-0.0721269546284547,0.0002757692350003852,-0.0979570369999999,-0.2127902
17.689999999999966,0.08143463717524851,0.08143463717524851,0.37272877167719026,-0.07561057321473758,-1303618901.2775943,18826958.25097336,-1006108.8392979915,-0.07291391236180494,-0.0007078215949996138,-0.0987611289999999,0.0519718
17.699999999999967,0.08244369434624782,0.08244369434624782,0.3737378113733614,-0.17246796982090848,-1323820210.0420666,15160724.459112588,-1026676.1094789384,-0.07372258894362307,-0.001690431824999613,-0.0977609169999999,0.1480706
17.70999999999997,0.08344233667007223,0.08344233667007223,0.3747364393038775,0.0039839426243444866,-1340585428.3322678,19277983.784382276,-1042378.3278915196,-0.07454941531497003,-0.002665050164999612,-0.09716275099999991,-0.0284374
17.71999999999997,0.08442530792346978,0.08442530792346978,0.37571939924194925,-0.46228009897382283,-1343713110.4150126,6527042.101530891,-1054075.6182067744,-0.07538994737985386,-0.003626454919999611,-0.0951181999999999,0.4373476
17.729999999999972,0.08538669272597388,0.08538669272597388,0.3766807757980677,0.05718060871451963,-1349390721.3008695,17798475.742021486,-1062070.8223227959,-0.07624035791461953,-0.00456876248999961,-0.0933433139999999,-0.0823704
17.739999999999974,0.08633290517347633,0.08633290517347633,0.37762698305341486,-0.25891317378807716,-1347130316.7589326,11368076.831385786,-1065597.7043550627,-0.07709655878155883,-0.005498420319999609,-0.0925882519999999,0.2333828
17.749999999999975,0.08725209968565206,0.08725209968565206,0.37854617540714325,-0.6200406018411767,-1333105832.2552705,-2248971.408691656,-1068132.5650286067,-0.07795580970710547,-0.006403636694999608,-0.0884550229999999,0.593263
17.759999999999977,0.08811802886837017,0.08811802886837017,0.37941210543849885,-0.6316188008339673,-1305893278.9509826,-4381621.377556361,-1065730.9828683427,-0.07881512770264726,-0.007258229594999607,-0.0824635569999999,0.6050302
17.76999999999998,0.08892618900293894,0.08892618900293894,0.3802202693963354,-0.4274837224663918,-1273431699.8903027,-1351681.5493688378,-1053791.487434842,-0.07966723679567408,-0.008057688259999606,-0.07742817599999989,0.402046
17.77999999999998,0.08968050208723066,0.08968050208723066,0.38097458924048566,-0.6672957653136108,-1231624552.903586,-8573450.14952341,-1036404.4324468948,-0.08050463872114627,-0.008805861544999604,-0.07220648099999989,0.642293
17.78999999999998,0.09037617437480641,0.09037617437480641,0.3816702711807634,-0.583556615545663,-1185128405.1850033,-9924919.55031089,-1015286.0043648819,-0.08132280673603912,-0.009497895479999604,-0.06620030599999989,0.558942
17.799999999999983,0.09101185674874535,0.09101185674874535,0.38230596605085493,-0.5651875490683362,-1133623156.0986516,-10207241.74538901,-989054.440027327,-0.08211744846433269,-0.010132392709999603,-0.06069913999999989,0.5412912
17.809999999999985,0.09160434768347439,0.09160434768347439,0.3828984722705772,-0.013725854712550882,-1092846599.0603607,2754941.0775353764,-958903.2708161728,-0.08288425316069556,-0.010726096979999602,-0.05804171399999989,-0.009806
17.819999999999986,0.09217608976967565,0.09217608976967565,0.38347023237141054,-0.23731468261836225,-1054680412.3080595,-1342171.9747005603,-929666.631264197,-0.08362194385742588,-0.0113014395149996,-0.05702679299999989,0.2127902
17.829999999999988,0.09272321884242127,0.09272321884242127,0.3840173821251204,-0.4961653182763966,-1014165737.968412,-11420330.397412457,-904733.2449101749,-0.08433327082465666,-0.011854645004999598,-0.05361430499999989,0.4697074
17.83999999999999,0.09322828871876607,0.09322828871876607,0.3845224752813109,-0.4527225368610661,-969783333.6479205,-11190546.955335684,-879357.2965142493,-0.08502029412527792,-0.012368405859999597,-0.04913786599999989,0.4255804
17.84999999999999,0.09368769177558486,0.09368769177558486,0.38498190414513944,-0.42506238904178106,-923212527.841517,-12243367.911289468,-849490.4919661579,-0.085680835550381,-0.012839191919999595,-0.04501934599999989,0.3981236
17.859999999999992,0.09411117788645926,0.09411117788645926,0.38540541851468973,-0.13383052283068061,-882747084.6526614,-4674384.946377771,-817361.7348424516,-0.08631190542796327,-0.013276760154999595,-0.04249430099999989,0.1068854
17.869999999999994,0.09452256691940666,0.09452256691940666,0.3858168381797351,0.20886373222662624,-855698431.1865823,5166071.067346644,-785768.5493261641,-0.08691296155946016,-0.013704939144999593,-0.04314149699999989,-0.2363246
17.879999999999995,0.09495046199961332,0.09495046199961332,0.3862447661858197,0.37641344202037524,-844481630.7558722,11831681.068339814,-759763.7726113716,-0.08748713244165487,-0.014152411439999592,-0.04635296199999989,-0.4059684
17.889999999999997,0.09541576959624443,0.09541576959624443,0.3867101089224573,0.5348986058518801,-850031727.2663733,17683504.042384915,-743262.2745920353,-0.08804161445078654,-0.014640284454999592,-0.05122164099999989,-0.5677674
17.9,0.09594305583406648,0.09594305583406648,0.38723743243560305,1.033020406605457,-880724960.1632419,34516469.40675419,-737019.2900382762,-0.08858542956097346,-0.01519344091499959,-0.05940965099999989,-1.0698346
17.91,0.09654296745720031,0.09654296745720031,0.38783738339198737,0.3041583104777103,-913835362.3607892,18565989.666022204,-743372.6901538615,-0.08912886855295435,-0.01582293708499959,-0.0664895829999999,-0.3461518
17.92,0.0971908145695421,0.0971908145695421,0.38848527181921605,0.27616180621441394,-949293024.33655,16507060.10052564,-759600.0176947914,-0.08968239109231163,-0.016504552144999587,-0.06983342899999989,-0.3226174
17.930000000000003,0.09786776561436872,0.09786776561436872,0.3891622660832344,0.3077515486808264,-983262865.4732574,19752837.23111478,-775603.6673986025,-0.09025080998547794,-0.017219850814999587,-0.0732263049999999,-0.3559578
17.940000000000005,0.09858383643159008,0.09858383643159008,0.38987838194455565,0.673198988539822,-1027965248.1393716,30725695.02715973,-790654.6173358536,-0.09083369598348365,-0.017979080364999588,-0.0786196049999999,-0.7227022
17.950000000000006,0.09934529223271354,0.09934529223271354,0.3906398845351463,0.16131964501293972,-1068640203.5011568,20204565.246182434,-810142.5574285513,-0.0914326170640222,-0.018788663724999585,-0.08329706699999989,-0.2127902
17.960000000000008,0.10012645252317443,0.10012645252317443,0.3914210932818079,-0.20760746188148005,-1098598311.438951,8058390.745675409,-832856.2387488458,-0.09205132715129935,-0.019623080779999583,-0.0835863439999999,0.1549348
17.97000000000001,0.10089637716461167,0.10089637716461167,0.39219106796668596,-0.1955135549594915,-1117025647.087567,8133057.201974252,-850871.8224761541,-0.09268949104220442,-0.020451467144999583,-0.0820909289999999,0.1441482
17.98000000000001,0.10163776653237297,0.10163776653237297,0.3929325088833629,-0.5427763752379388,-1118614686.3726034,-2605914.508514693,-860729.9883262984,-0.09334120794529513,-0.021256417169999584,-0.0788990759999999,0.4942224
17.990000000000013,0.10232305738644698,0.10232305738644698,0.3936178527085609,-0.9628742420555113,-1097293706.7762685,-16924090.43431697,-863584.0645517235,-0.09399926776625248,-0.02201010632999958,-0.0718387559999999,0.9178416
18.000000000000014,0.10293753578304327,0.10293753578304327,0.3942323854142338,-0.3639734397608547,-1071094302.7895385,-4129978.6492369603,-855264.3348223949,-0.09465492144112883,-0.02269743338499958,-0.06562665499999991,0.3245786
18.010000000000016,0.10349129066424495,0.10349129066424495,0.39478619585768576,-0.7381194942070607,-1031605927.26512,-13566593.735270366,-837228.301360977,-0.09529808501152467,-0.02332798369999958,-0.060483407999999905,0.7040708
18.020000000000017,0.10398307400929249,0.10398307400929249,0.39527803593500244,-0.6386490179903463,-987138128.080178,-15606506.013030037,-815908.6892270148,-0.0959226103186672,-0.023899992194999577,-0.0539182909999999,0.6089526
18.03000000000002,0.10442591129555243,0.10442591129555243,0.39572093104302475,0.057585720375868316,-951959871.0545975,3763889.985616478,-789362.3960399723,-0.0965246204475654,-0.024426010549999575,-0.0512853799999999,-0.0823704
18.04000000000002,0.1048636929989811,0.1048636929989811,0.39615877158045726,0.3212843019632963,-932690558.8973167,12303487.990085911,-762223.0451753588,-0.0971015686740063,-0.024949503859999573,-0.0534132819999999,-0.34321
18.050000000000022,0.10531523597986123,0.10531523597986123,0.39661037433689605,-0.14967477537256435,-915934137.873416,689422.0438788184,-745214.6985201581,-0.09765805086196022,-0.02548902997999957,-0.054491941999999904,0.127478
18.060000000000024,0.10575821971817467,0.10575821971817467,0.3970534187286908,-0.36429549929660787,-894298995.0755945,-7702799.798030419,-735187.7865299213,-0.09820207586323079,-0.02602220671499957,-0.05214340499999991,0.3422294
18.070000000000025,0.10617123852706714,0.10617123852706714,0.39746649900755177,-0.320331402873377,-867125454.3867145,-7152146.962945896,-722601.1257811396,-0.09873573271426356,-0.02652758343999957,-0.04893193999999991,0.3000636
18.080000000000027,0.1065443183505112,0.1065443183505112,0.39783964105502084,-0.5926011128929284,-829662991.3987056,-16190621.518480822,-705340.3520287797,-0.09925576937810862,-0.026995035459999567,-0.04455846399999991,0.5746316
18.09000000000003,0.10687076931740147,0.10687076931740147,0.3981661549373278,-0.35962063349284534,-790210391.3052764,-11915774.639223972,-683880.9439711933,-0.09975824296031735,-0.027417649544999565,-0.03996435299999991,0.3441906
18.10000000000003,0.10714841904761699,0.10714841904761699,0.3984438682122952,-0.6402070871120575,-741272997.3512983,-20184611.48309286,-657678.7397541335,-0.1002392673766643,-0.027792998709999565,-0.03510547999999991,0.627584
18.11000000000003,0.10738015685571164,0.10738015685571164,0.3986756701333757,-0.19644207711585385,-697315010.6971223,-10771610.255041076,-627869.8393297186,-0.10069532630360484,-0.028123706059999566,-0.03103598999999991,0.186314
18.120000000000033,0.1075797879931352,0.1075797879931352,0.3988753658926801,-0.2511755855001754,-654045433.6219442,-10973466.875027765,-595763.3538418424,-0.10112410071715741,-0.028423328389999565,-0.02888847599999991,0.2431888
18.130000000000035,0.10775796862029643,0.10775796862029643,0.3990536115946013,-0.15922716237702497,-616267790.4385083,-10222476.327531837,-565131.7672487398,-0.10152556794036574,-0.028702333604999564,-0.026912566999999908,0.151993
18.140000000000036,0.10791205574043186,0.10791205574043186,0.3992077641906981,-0.394110370777485,-574964113.2930055,-16261038.083950108,-536865.636239672,-0.10190173014823267,-0.028957976024999565,-0.024215916999999906,0.387337
18.150000000000038,0.10805902341578794,0.10805902341578794,0.3993547976943396,0.6626735665317166,-557595999.6285172,11203555.379352279,-507909.0342038177,-0.10225363709048574,-0.029207170999999563,-0.025623077999999907,-0.6687692
18.16000000000004,0.10821650666172677,0.10821650666172677,0.39951234707569216,-0.5106070314245332,-529316032.8268819,-15682367.535338199,-484294.90326404874,-0.1025834357093082,-0.029467544814999563,-0.026451684999999905,0.5030478
18.17000000000004,0.10836743648415254,0.10836743648415254,0.39966334330232367,0.09640976898815247,-511738023.5423403,-5633373.518940173,-467829.2631060576,-0.10289649596721992,-0.02972213308999956,-0.024465969999999906,-0.1059048
18.180000000000042,0.108508179260553,0.108508179260553,0.3998041527155149,-0.08968882873006655,-490114501.54975224,-5304006.113153323,-448546.5103869798,-0.10319494627161502,-0.02996743017999956,-0.024593447999999907,0.0804092
18.190000000000044,0.10864345049435112,0.10864345049435112,0.3999394907802407,-0.13589105620547093,-471279715.8998363,-10382322.711025855,-429688.6635722568,-0.10347789711300892,-0.03020821650999956,-0.023563817999999907,0.1255168
18.200000000000045,0.10877972224721885,0.10877972224721885,0.40007582952124787,0.40149252624068993,-463980647.15721583,7065946.146801062,-412829.39498870115,-0.1037464316863666,-0.03045103758499956,-0.025000396999999907,-0.4128326
18.210000000000047,0.10894470084958069,0.10894470084958069,0.4002408752356095,0.48118296248807363,-469676606.3434677,10630009.720128868,-398123.3214552593,-0.10400232927903583,-0.030723717929999558,-0.02953567199999991,-0.4942224
18.22000000000005,0.10914530115333457,0.10914530115333457,0.40044154274961874,0.06101353469054361,-476907565.17925143,1546117.6133326888,-394503.8139126092,-0.10425070191784011,-0.031033391409999556,-0.03239902399999991,-0.078448
18.23000000000005,0.10936853515918049,0.10936853515918049,0.40066484404701985,0.30214130380556126,-490061398.6929712,6723235.612426122,-396477.8106837579,-0.10449827810441689,-0.03136740828499956,-0.03440435099999991,-0.3226174
18.24000000000005,0.10960588366675866,0.10960588366675866,0.40090222043782875,-0.10229242406590335,-496487332.3250139,-1306722.0105223747,-398637.1264994796,-0.10474748727374977,-0.03171753151499956,-0.035620294999999906,0.0794286
18.250000000000053,0.10985821669269874,0.10985821669269874,0.4011545534637688,0.5007089134209258,-514797032.9405124,12990400.93121418,-401014.39262337226,-0.1049985301054222,-0.03208488878999956,-0.037851159999999905,-0.5256016
18.260000000000055,0.11013717678880458,0.11013717678880458,0.40143351355987467,0.16595786442858423,-532155986.32287526,9033066.400112374,-404579.52585789526,-0.10525196057531427,-0.032481369884999556,-0.0414450589999999,-0.1931782
18.270000000000056,0.11044013608289688,0.11044013608289688,0.40173647285396696,0.12734423447733187,-551847490.166961,5433331.653568508,-413063.42531754734,-0.10551007318528155,-0.03290459684499956,-0.0432003329999999,-0.1578766
18.280000000000058,0.11075276932752265,0.11075276932752265,0.40204910609859273,-0.033687833394839876,-565798714.3094203,3669743.667267141,-422467.7511093358,-0.10577530953499603,-0.03334052257499956,-0.0439848129999999,0.0009806
18.29000000000006,0.11107073321070543,0.11107073321070543,0.4023670699817755,0.1532574853967165,-581549490.3835416,6913951.721088756,-428911.53420016373,-0.10604699122364847,-0.033785028554999555,-0.0449163829999999,-0.1872946
18.30000000000006,0.11139786260735163,0.11139786260735163,0.4026941993784217,0.09379602604403953,-596442518.2539196,8146947.456126358,-434407.14537297114,-0.10632353243845094,-0.03424211072999955,-0.0465000519999999,-0.1294392
18.310000000000063,0.11171576174643955,0.11171576174643955,0.40301209851750963,-0.7100561224216896,-592614589.3996994,-15918434.050855828,-440387.35421324515,-0.10660473911409413,-0.03469352993999955,-0.043783789999999906,0.6726916
18.320000000000064,0.11199175696373942,0.11199175696373942,0.4032880937348095,-0.34983904943028094,-581394823.512079,-8838563.662073351,-440358.10036790324,-0.10688856123346407,-0.03510673026499955,-0.038856274999999905,0.3128114
18.330000000000066,0.11224955577444323,0.11224955577444323,0.4035458925455133,0.6818801757736964,-587431217.3667357,20472936.53074491,-428249.46589682857,-0.1071678305381697,-0.035505393194999554,-0.04087631099999991,-0.7168186
18.340000000000067,0.11254207043816172,0.11254207043816172,0.4038384072092318,0.37472054032285496,-603948173.4034646,17013246.37907529,-419649.0845614164,-0.10743872115362063,-0.035942373069999554,-0.046519663999999905,-0.411852
18.35000000000007,0.11287005042584508,0.11287005042584508,0.40416638719691517,-0.0126995091096017,-621334769.787012,4962524.446650582,-425905.87478294113,-0.10770832830847343,-0.036418601459999554,-0.04872601399999991,-0.029418
18.36000000000007,0.11321995803980911,0.11321995803980911,0.4045162948108792,0.5277905961445934,-648154120.9516954,20888130.505367443,-435197.93440629885,-0.10798409691375316,-0.03692091380999955,-0.05173645599999991,-0.5726704
18.370000000000072,0.1135935677136034,0.1135935677136034,0.4048899044846735,-0.09479172631643032,-667420425.7167974,6115391.868608441,-444556.5532684723,-0.10826739864369439,-0.037451418409999555,-0.05436446399999991,0.0470688
18.380000000000074,0.11397100545404804,0.11397100545404804,0.4052673422251181,-0.18508069566999621,-681182031.472105,1412179.5629304186,-456759.8942890295,-0.1085594087901427,-0.037990527774999554,-0.053457408999999914,0.1343422
18.390000000000075,0.11434173862635505,0.11434173862635505,0.40563807539742514,0.1967746185238657,-695916904.5800617,12358821.726278432,-463560.03186563315,-0.108859324842704,-0.03852794560499955,-0.054026156999999915,-0.2480918
18.400000000000077,0.1147188960527904,0.1147188960527904,0.4060152328238605,0.048515493290356745,-710193827.1617236,9839831.92317967,-466739.40633698227,-0.10916345278822714,-0.03907693451499955,-0.055771624999999915,-0.1010018
18.41000000000008,0.11509430950771482,0.11509430950771482,0.4063906462787849,-0.36354940557603294,-715182891.0047318,-2443318.9789792374,-472659.1782934685,-0.10947128868261763,-0.03962945358499955,-0.05473218899999992,0.308889
18.42000000000008,0.11544684977821013,0.11544684977821013,0.4067431865492802,-0.2363386425081538,-714192581.7474737,-533641.5658677612,-475042.68124977406,-0.1097826645719785,-0.04016451797499955,-0.052280688999999915,0.181411
18.43000000000008,0.11576626931754658,0.11576626931754658,0.40706260608861666,-0.48860255576470274,-701435806.8584086,-7810308.649608429,-470384.99549941707,-0.11009326213563853,-0.04067192944499955,-0.04920160499999991,0.4344058
18.440000000000083,0.11606554146951353,0.11606554146951353,0.4073618782405836,0.4076557675539325,-703003076.7706711,15134252.874324981,-460084.4066184763,-0.11039775803722562,-0.041164607399999546,-0.04933398599999991,-0.460882
18.450000000000085,0.1163681070397733,0.1163681070397733,0.4076644438108434,-0.1949572310504791,-699948590.3289706,2632076.061248001,-449823.1795156323,-0.11069386645411267,-0.04166593914999955,-0.05093236399999991,0.1412064
18.460000000000086,0.11667109998553982,0.11667109998553982,0.4079674367566099,-0.000638776887403183,-702039873.1764567,4229145.73968277,-445201.2110662218,-0.11098392850471578,-0.04217310546999955,-0.05050089999999991,-0.0549136
18.470000000000088,0.11697391871284529,0.11697391871284529,0.4082702554839154,0.18927431992112462,-707282581.6821088,12195556.5908604,-440485.81751249556,-0.11127021297747786,-0.04268561605999955,-0.05200121799999991,-0.24515
18.48000000000009,0.11730373310216163,0.11730373310216163,0.4086000698732317,0.7019426153569197,-731118830.4489195,26456108.843430288,-436296.9329493982,-0.1115528705605296,-0.04323073159999955,-0.05702188999999991,-0.7589844
18.49000000000009,0.11768944112355895,0.11768944112355895,0.40898577789462903,0.6426220380226786,-767678796.8269855,29564748.90378189,-441959.6823229161,-0.11183592812586635,-0.04383750236499955,-0.0643322629999999,-0.7030902
18.500000000000092,0.11814210942017744,0.11814210942017744,0.40943844619124753,0.691262213367031,-817286026.4949157,31580731.601511385,-459257.61910795834,-0.11212797936013519,-0.04451730331499955,-0.0716279269999999,-0.7560426
18.510000000000094,0.11865464113909058,0.11865464113909058,0.40995097791016066,0.36942982153663867,-867170105.085297,26117441.049036883,-485424.198328894,-0.11243757364831297,-0.045263441854999545,-0.0775997809999999,-0.4383282
18.520000000000095,0.11921569717288621,0.11921569717288621,0.4105120339439563,0.5108917790050254,-921520575.7676054,29543612.208805367,-515020.8003222305,-0.11277017494391772,-0.04606495977999955,-0.0827038039999999,-0.5824764
18.530000000000097,0.1198181804227278,0.1198181804227278,0.4111145171937979,0.26591819617886386,-971951611.0694776,25994290.69083153,-545362.0838484298,-0.11312795196977082,-0.046915041919999546,-0.0873126239999999,-0.3392876
18.5400000000001,0.12044188327164412,0.12044188327164412,0.4117382200427142,-0.19391132691473878,-1009930088.0333585,12018280.90266935,-575759.1277502954,-0.11351164392392998,-0.047793659519999546,-0.08841089599999989,0.1196332
18.5500000000001,0.12105801484659579,0.12105801484659579,0.41235435161766587,-0.18093559288922592,-1036620465.1682844,11603138.632225735,-601136.0248001294,-0.11391958512829792,-0.04867208099999955,-0.08727339999999989,0.107866
18.5600000000001,0.12165337961375167,0.12165337961375167,0.41294971638482175,-0.2748897991368143,-1051649518.804246,8079326.076502742,-617184.1982107087,-0.11434588895761333,-0.04953699471499955,-0.0857093429999999,0.2049454
18.570000000000103,0.12222662839237941,0.12222662839237941,0.4135229651634495,-0.15392434996492219,-1061757135.452201,10526877.96205408,-626660.3511536473,-0.1147835593370885,-0.05038678267499955,-0.0842482489999999,0.0872734
18.580000000000105,0.12277689223690003,0.12277689223690003,0.4140732290079701,-0.3366588652188335,-1063055965.1567352,4917818.335066159,-631591.1661494924,-0.11522758276533823,-0.051220243644999545,-0.0824439449999999,0.2735874
18.590000000000106,0.12330979436973544,0.12330979436973544,0.4146061311408055,0.13278825761904475,-1069545714.9331315,16426836.08513689,-632620.9747883017,-0.11567423602322463,-0.05204264834999955,-0.08203699599999989,-0.1921976
18.600000000000108,0.12384100734625464,0.12384100734625464,0.4151373441173247,0.0035612842688231305,-1075844912.013777,14623832.51208433,-632326.34134796,-0.11612121393906943,-0.05286931866499955,-0.08329706699999989,-0.0598166
18.61000000000011,0.12437382333502472,0.12437382333502472,0.4156701601060948,-0.07574389612611238,-1082261647.638692,11053694.835966075,-634599.0118735239,-0.11656906593842642,-0.053703245419999546,-0.08348828399999988,0.0215732
18.62000000000011,0.12489488896039974,0.12489488896039974,0.4161912257314698,-0.3220721301344114,-1080231296.26153,4060267.1629511453,-637757.6476940932,-0.1170193193553849,-0.054530822789999545,-0.08202718999999989,0.2706456
18.630000000000113,0.12538431354985502,0.12538431354985502,0.4166806503209251,-0.5457532803973659,-1066274525.5608536,-4577260.616735946,-637217.2549958181,-0.11747073080694415,-0.055331874929999546,-0.07818323799999989,0.4981448
18.640000000000114,0.1258327727948904,0.1258327727948904,0.4171291095659605,-0.22503508586382337,-1049600672.3385446,2439650.8979519485,-630290.3501545133,-0.11791884196596858,-0.05609669389999954,-0.07478055599999989,0.1823916
18.650000000000116,0.12624436484993518,0.12624436484993518,0.41754070162100526,-0.4788641475001594,-1024714022.4558996,-4805533.345480269,-617517.2434122032,-0.11835826938875527,-0.05682890791999954,-0.07166224799999989,0.44127
18.660000000000117,0.12661622028147507,0.12661622028147507,0.41791255705254515,-0.4067015593296656,-996603482.7524419,-5691515.768519813,-602543.1437767075,-0.1187855197073256,-0.057525158434999536,-0.06758785499999989,0.3736086
18.67000000000012,0.12695222663512729,0.12695222663512729,0.41824856340619737,-0.14169584934726395,-970252906.9585428,1106819.613720046,-583707.911194293,-0.11919802866861712,-0.058188853029999536,-0.0651510639999999,0.1137496
18.68000000000012,0.12726688133174713,0.12726688133174713,0.4185632181028172,-0.16397302327295477,-946014540.5756189,108212.18639706541,-563228.6694949202,-0.11959352404046508,-0.058834014284999535,-0.0638811869999999,0.1402258
18.690000000000122,0.12757602316123606,0.12757602316123606,0.41887235993230615,0.24914728319283475,-933849035.123482,10984635.690858945,-545278.4186680723,-0.11997252159010957,-0.059476062134999536,-0.0645283829999999,-0.269665
18.700000000000124,0.1278973313211199,0.1278973313211199,0.41919366809219,0.15239298140987362,-928061720.9313395,10171354.629717393,-531381.3145071343,-0.12033795218873178,-0.06013235319999954,-0.06672982999999989,-0.1706244
18.710000000000125,0.1282339450334295,0.1282339450334295,0.4195302818044996,0.058372230552880565,-926481209.7057346,6967883.076192262,-524312.617207192,-0.12069450272080595,-0.060805804764999534,-0.06796048299999989,-0.0755062
18.720000000000127,0.12857354094323292,0.12857354094323292,0.419869877714303,-0.1497864197216796,-921154313.8682648,1396899.5699671544,-521108.40358427557,-0.12104671961895014,-0.06148393869499953,-0.06766630299999989,0.1343422
18.73000000000013,0.12890207924876934,0.12890207924876934,0.4201984160198394,-0.20108258209501328,-911752077.3286536,-1505028.6710896925,-516977.4608791243,-0.121395850437228,-0.06215253628999953,-0.06605321599999989,0.1882752
18.74000000000013,0.1292037379470956,0.1292037379470956,0.4205000747181657,-0.523232704494751,-890565513.8182658,-11058872.380378317,-509938.9127265979,-0.12174029358625654,-0.06279551570999953,-0.06254266799999988,0.5138344
18.75000000000013,0.12946261163910222,0.12946261163910222,0.4207589484101723,-0.4638522617021714,-862023099.2961986,-12438339.18017089,-497442.46192419494,-0.12207657150703555,-0.06339662350999953,-0.057678891999999884,0.4589208
18.760000000000133,0.12967916377416916,0.12967916377416916,0.42097550054523925,-0.2419250496877825,-831996300.0715121,-6903095.928944744,-477778.6970005523,-0.12239949675251083,-0.06395588420499952,-0.05417324699999988,0.2422082
18.770000000000135,0.12986588911020408,0.12986588911020408,0.42116222588127417,-0.24536960020198129,-802196600.6149957,-7816269.322953396,-454419.3363529796,-0.12270472403755511,-0.06448531014499952,-0.05171194099999988,0.250053
18.780000000000136,0.1300303322577092,0.1300303322577092,0.4213266690287793,-0.15862329109925505,-775021497.5083021,-6157586.7225323785,-431668.28923234367,-0.12299119861738106,-0.06499201067999952,-0.049628165999999876,0.166702
18.790000000000138,0.13017098840213298,0.13017098840213298,0.42146732517320307,-0.3888639408560661,-743604315.9667337,-13139024.636613611,-409454.37271301803,-0.12325961994105394,-0.06547412266999951,-0.04679423199999987,0.4000848
18.80000000000014,0.13030085106454814,0.13030085106454814,0.4215971878356182,0.5046375291138365,-730925100.9320579,10145612.691343356,-386399.6295218572,-0.12351011207159551,-0.0659443203699995,-0.047245307999999875,-0.4903
18.81000000000014,0.13046109935409345,0.13046109935409345,0.42175743612516353,0.5950907201230408,-734439397.5894796,17324835.584951095,-366855.3225711074,-0.12374395061433252,-0.0664435193149995,-0.052594480999999874,-0.5795346
18.820000000000142,0.1306737510608187,0.1306737510608187,0.4219700878318888,0.401420857547845,-750170072.073004,12574922.39103273,-362526.2538283262,-0.12396828403654508,-0.0669936604299995,-0.05743374199999987,-0.3883176
18.830000000000144,0.13092365128256378,0.13092365128256378,0.42221998805363387,0.09211317065928565,-764957897.3573228,5437683.809445681,-370198.979209207,-0.12419358034318595,-0.0675797405349995,-0.05978227899999987,-0.0813898
18.840000000000146,0.13118888232464293,0.13118888232464293,0.422485219095713,0.027692538111968746,-776949347.0339663,2734579.1362592904,-379475.41285056045,-0.12442536567939666,-0.0681800393399995,-0.06027748199999987,-0.0176508
18.850000000000147,0.13146011438089422,0.13146011438089422,0.4227564511519643,0.0926511596861397,-787650677.3327749,5267802.978448919,-386529.27908058814,-0.12466354795127216,-0.0687853146899995,-0.06077758799999987,-0.0823704
18.86000000000015,0.13174154202406008,0.13174154202406008,0.42303787879513016,0.1949393535282793,-800967683.0140132,8294383.331264723,-391838.7049668061,-0.12490660339806031,-0.0693997586499995,-0.06211120399999987,-0.1843528
18.87000000000015,0.13203626258696777,0.13203626258696777,0.42333259935803785,0.04929954877775316,-813258163.1522279,5440413.918655495,-398497.7729486419,-0.12515432948505084,-0.07002646010999951,-0.06322908799999988,-0.039224
18.88000000000015,0.13234483268309127,0.13234483268309127,0.42364116945416136,0.26055740189927196,-830243364.9939655,10832891.256139807,-406337.45181780827,-0.12540774478737038,-0.07066600742999951,-0.06468037599999987,-0.2510336
18.890000000000153,0.13266902846854428,0.13266902846854428,0.42396536523961437,0.054729637073829815,-845157467.545309,7086421.77937396,-415050.61109362275,-0.12566770119367315,-0.07132023923499951,-0.06616598499999987,-0.0460882
18.900000000000155,0.1330017265462186,0.1330017265462186,0.4242980633172887,-0.02983702018617287,-857703169.38589,3609412.3893412435,-425190.5348684123,-0.12593514493442104,-0.07198211971999952,-0.06621011199999988,0.0372628
18.910000000000156,0.13331652952619738,0.13331652952619738,0.42461286629726747,-0.7108302181396474,-850053893.4132036,-15118921.723825257,-433675.3520635322,-0.12621011446142982,-0.07262534428999952,-0.06243480199999988,0.7177992
18.920000000000158,0.13356772777836867,0.13356772777836867,0.42486406454943876,-1.092691655834176,-817433062.049124,-30742709.8704305,-433647.06768049014,-0.12648874548718292,-0.07320421698499952,-0.05333973699999988,1.1012138
18.93000000000016,0.13373424261557793,0.13373424261557793,0.425030579386648,-0.4911230686768821,-777229455.6042181,-16949146.073937867,-417065.482324245,-0.12676093792990162,-0.07369748329999952,-0.04531352599999988,0.5040284
18.94000000000016,0.13384128600419215,0.13384128600419215,0.42513762277526224,-0.30392015060979416,-736941100.877421,-11846071.446951304,-386146.90431281616,-0.12701431779014466,-0.07413000144499952,-0.04119010299999988,0.3206562
18.950000000000163,0.13391327252678137,0.13391327252678137,0.42520960929785145,-0.30331127110474276,-699674041.7091577,-12674288.26168447,-354288.7051670408,-0.12724319675704876,-0.07452586966499952,-0.03798354099999988,0.3206562
18.960000000000164,0.13395605596525156,0.13395605596525156,0.42525239273632165,-0.25758067194355,-664401004.8846347,-12327019.97620619,-324510.85397805605,-0.12744850847052674,-0.07489082446999952,-0.03500741999999988,0.274568
18.970000000000166,0.13398973607229414,0.13398973607229414,0.4252860728433642,0.454370636265912,-647658259.8281488,7366670.881243432,-294539.1925580763,-0.12763148881098546,-0.07524499267499953,-0.03582622099999988,-0.4383282
18.980000000000167,0.13403956165570668,0.13403956165570668,0.42533589842677677,-0.005278989037868412,-634501143.08023,-2001336.5976071823,-270818.83238443633,-0.1277948283386765,-0.07561377181999952,-0.03792960799999988,0.0176508
18.99000000000017,0.13410612381280723,0.13410612381280723,0.4254024605838773,0.225713320523284,-632047505.8299022,2486361.297706613,-258074.5685195868,-0.1279449509748955,-0.07599809347499953,-0.03893472299999988,-0.2186738
19.00000000000017,0.13418323841393592,0.13418323841393592,0.425479575185006,-0.023986385248081096,-627859308.8121889,-1618390.1355776838,-249378.76785829003,-0.12808734820197043,-0.07639224564499952,-0.03989571099999988,0.0264762
19.010000000000172,0.13426890729628044,0.13426890729628044,0.4255652440673505,0.1644945547272771,-629727128.7242105,2045116.6197307333,-242634.99432706932,-0.12822425972594376,-0.07679470839999952,-0.040596839999999884,-0.166702
19.020000000000174,0.1343722482864701,0.1343722482864701,0.4256685850575402,0.40197857281258226,-640168966.0002631,11406819.346830374,-237930.09820504615,-0.12835711191450183,-0.07721506710499952,-0.043474900999999885,-0.4089102
19.030000000000175,0.1345012660877688,0.1345012660877688,0.4257976028588389,0.05875084167646957,-651228543.5753502,2952403.6122917593,-238117.6394298326,-0.128488271785141,-0.07766182846499951,-0.04587737099999988,-0.0715838
19.040000000000177,0.13464392286535287,0.13464392286535287,0.42594025963642296,0.0262096181255974,-661800396.5588821,2057663.5521071923,-243852.98021986254,-0.12862136442219924,-0.07812351945999951,-0.046460827999999885,-0.0451076
19.05000000000018,0.13478522380244295,0.13478522380244295,0.42608156057351304,-0.16530492862346122,-665674233.9094697,-2911461.267203412,-247695.78416991906,-0.1287578349353451,-0.07858570075499952,-0.045975430999999886,0.142187
19.06000000000018,0.1349101316796142,0.1349101316796142,0.4262064684506843,-0.35128899367815153,-660747986.8005793,-8841422.718250722,-247784.75552609982,-0.12889578612483188,-0.07903378592499952,-0.04364160299999988,0.3245786
19.07000000000018,0.13499761982840475,0.13499761982840475,0.42629395659947483,-0.6289062192471133,-641337034.082753,-17886673.230687104,-241654.01204004334,-0.129031800581206,-0.07944708430999951,-0.03901807399999988,0.6001272
19.080000000000183,0.13503843771037383,0.13503843771037383,0.4263347744814439,-0.25770924068888984,-619598312.9561157,-9718130.585756356,-225212.9184584489,-0.12916023471291072,-0.07981654987499952,-0.034875038999999886,0.2284798
19.090000000000185,0.1350402970178491,0.1350402970178491,0.4263366337889192,-0.41401827912700345,-591847208.9254141,-13303597.739554342,-200603.48239757013,-0.1292748230011001,-0.08014997838999952,-0.031810663999999884,0.3843952
19.100000000000186,0.13500592958586327,0.13500592958586327,0.42630226635693336,-0.36332377950134015,-562770245.4578063,-14053246.066720515,-172861.95332763516,-0.12937209856337456,-0.08045016456499951,-0.028226570999999884,0.3324234
19.110000000000188,0.13493779422447855,0.13493779422447855,0.42623413099554863,-0.21005133782493512,-534315350.20974755,-9761703.758207262,-141234.74185684934,-0.12945048217169558,-0.08071965795999951,-0.025672107999999885,0.1784692
19.12000000000019,0.1348574944344551,0.1348574944344551,0.4261538312055252,0.2968759299314685,-519744661.5721562,4160404.407257145,-105840.87355911602,-0.12950861844504086,-0.08098015434999951,-0.026427169999999885,-0.3294816
19.13000000000019,0.13478725164181082,0.13478725164181082,0.4260835884128809,0.018656834259206147,-509523769.5759251,-713732.778829976,-76167.15658471694,-0.1295482327126145,-0.08125403592999951,-0.028349145999999884,-0.0549136
19.140000000000192,0.1347137171616412,0.1347137171616412,0.4260100539327113,-0.4657820381844197,-492141947.4633472,-15717968.56863431,-56573.00315453061,-0.12957470263949666,-0.08152828523499951,-0.026500714999999883,0.4245998
19.150000000000194,0.13462350729156375,0.13462350729156375,0.42591984406263383,0.24593243198691056,-483447104.2881174,2852358.5480554993,-32486.208207632917,-0.12959078146456304,-0.0817898847999995,-0.025819197999999884,-0.2882964
19.160000000000196,0.13453490106225635,0.13453490106225635,0.42583123783332644,0.038095936444982416,-476179449.0266528,159557.56144677475,8427.177001070148,-0.1295951186325256,-0.0820572453899995,-0.027652919999999883,-0.078448
19.170000000000197,0.13445157335607644,0.13445157335607644,0.4257479101271465,-0.11096681405831067,-470311400.13805676,-5058997.764211863,30140.254552343333,-0.12958913085138368,-0.0823341668299995,-0.02773136799999988,0.0627584
19.1800000000002,0.13436763880235902,0.13436763880235902,0.4256639755734291,0.1595803911541024,-468784561.3487897,3063205.2173244767,44868.75887753443,-0.12957597233453655,-0.0826151577599995,-0.02846681799999988,-0.2098484
19.1900000000002,0.13429070330795184,0.13429070330795184,0.4255870400790219,0.07184332559423567,-469379160.63726497,1966847.6288871905,59341.720347983595,-0.12955618467501845,-0.0829082345849995,-0.03014854699999988,-0.1264974
19.200000000000202,0.13422117721847515,0.13422117721847515,0.42551751398954524,-0.006790805197384559,-470791619.09127164,-47019.65673193545,67168.09449767586,-0.12953103047415998,-0.0832141572699995,-0.03103598999999988,-0.0509912
19.210000000000203,0.13414706564905204,0.13414706564905204,0.42544340242012213,-0.2416391935856953,-465993704.1688726,-6385552.05862261,73024.78652308337,-0.129502439997152,-0.0835212811899995,-0.030388793999999882,0.1804304
19.220000000000205,0.13405647581549213,0.13405647581549213,0.4253528125865622,-0.16906137310164285,-458063013.1157756,-5505323.016161079,82370.55999752315,-0.12946991340964775,-0.0838179617199995,-0.02894731199999988,0.107866
19.230000000000206,0.13394970396024708,0.13394970396024708,0.42524604073131717,-0.06751892761935237,-449509470.3168731,-2311027.8205978614,96785.30678022641,-0.1294310381150971,-0.0841045910999995,-0.02837856399999988,0.0058836
19.240000000000208,0.13382042985728318,0.13382042985728318,0.4251167568921878,-0.5963801270294544,-428587980.713403,-17269827.50688336,112462.92362168997,-0.12938384227176714,-0.0843748444599995,-0.02567210799999988,0.5354076
19.25000000000021,0.1336538975470567,0.1336538975470567,0.42495009966190567,-0.23465646443384214,-406491836.83419657,-10234998.708776904,131624.30886788608,-0.12932662263325978,-0.0846138166799995,-0.02212233599999988,0.1745468
19.26000000000021,0.13345418569450487,0.13345418569450487,0.42475026053976606,-0.2615826184009712,-380682086.54610896,-9758139.825789627,158517.31327799076,-0.12925560118418972,-0.08482555273499949,-0.020224874999999882,0.2049454
19.270000000000213,0.13323513643602428,0.13323513643602428,0.4245310817429457,-0.015765285993671756,-361035667.27104855,-4511965.90013693,185828.70348796397,-0.12916776239839473,-0.08502368296499949,-0.01940117099999988,-0.0402046
19.280000000000214,0.13300193059483334,0.13300193059483334,0.4242977442234081,-0.27323571830253346,-338244466.6756451,-10216098.026534459,209580.37676516167,-0.1290633720833572,-0.08521323294499948,-0.01850882499999988,0.2186738
19.290000000000216,0.13275199400017013,0.13275199400017013,0.4240476739630389,-0.10707291066675576,-318221946.6711297,-7868731.500962614,231439.16637244355,-0.12894372359490783,-0.08539153053999948,-0.017150693999999883,0.0529524
19.300000000000217,0.13248867275247014,0.13248867275247014,0.4237842172201394,-0.04807776157478579,-299707733.57725334,-4857174.160168994,253137.997058742,-0.1288091206579362,-0.08556181172999948,-0.016905543999999884,-0.0039224
19.31000000000022,0.13222168430210718,0.13222168430210718,0.42351709159824164,0.05649345348489716,-286691516.0108454,-2703872.0262679635,273262.66099195153,-0.12865984250544837,-0.08573366187999948,-0.017464485999999883,-0.107866
19.32000000000022,0.13195952525258,0.13195952525258,0.4232547938619085,0.12825529780699488,-279059156.13139415,642112.527652374,289174.3851002477,-0.12849768979405493,-0.08591546511999948,-0.018896161999999883,-0.1784692
19.330000000000222,0.1316928097185889,0.1316928097185889,0.4229879382931857,-0.49527984224473837,-260847182.1625476,-16924054.813128393,300918.85403557617,-0.12832551438555687,-0.08609775865999948,-0.017562545999999884,0.4451924
19.340000000000224,0.13140980020380455,0.13140980020380455,0.4227047875622076,0.21051232577748932,-251025153.59292126,138468.44289500872,313386.1684894026,-0.12814445817105208,-0.08626870175499948,-0.016626072999999884,-0.2578978
19.350000000000225,0.1311433699106141,0.1311433699106141,0.42243821502124285,0.7374076398569516,-258687460.08217025,18520299.528051246,329167.64238788956,-0.1279529601103706,-0.08646097289999947,-0.021828155999999883,-0.7825188
19.360000000000227,0.1309230999305349,0.1309230999305349,0.422217801915709,0.1610849189589289,-270973116.31693697,4985723.051929032,334347.8691210555,-0.127754223556197,-0.08670399009499948,-0.026775282999999882,-0.2069066
19.37000000000023,0.1307263448864454,0.1307263448864454,0.42202090305089973,-0.11898910869854779,-278974137.2581432,-4019170.822174823,326633.1260132817,-0.12755671553355072,-0.08697512599499947,-0.02745189699999988,0.0715838
19.38000000000023,0.1305190993898199,0.1305190993898199,0.42181351322690286,-0.34274294402991834,-274636265.5992172,-10699024.151915032,321310.5021860197,-0.12736399652366176,-0.08724040280999946,-0.02560346599999988,0.2981024
19.39000000000023,0.13029003003102604,0.13029003003102604,0.4215842991891132,-0.06849473212668818,-268172013.48515606,-4817100.532363517,324068.2747814127,-0.1271719992231264,-0.08748829848999946,-0.02397566999999988,0.0274568
19.400000000000233,0.1300419784981959,0.1300419784981959,0.4213361027521045,-0.2795668964447939,-254856988.10322857,-9750245.659690367,332168.49429193506,-0.12697576817420883,-0.08772128904999946,-0.022622441999999878,0.2431888
19.410000000000235,0.12977371339151164,0.12977371339151164,0.42106769263441624,-0.1809241969230157,-240372963.01331806,-9269476.346068919,342288.3640242944,-0.12677259311285732,-0.08793773198499946,-0.02066614499999988,0.1480706
19.420000000000236,0.1294921915780193,0.1294921915780193,0.4207860258224794,0.11114477297167702,-230299463.41304016,-505255.8392772544,354975.9426151886,-0.12656068320725566,-0.08814417279999946,-0.020622017999999877,-0.1392452
19.430000000000238,0.12921913713024422,0.12921913713024422,0.4205128265089589,0.29733557809030053,-229734021.3237512,5186116.72270383,367195.3780625345,-0.12633925883809594,-0.08836193954499946,-0.022931330999999878,-0.3226174
19.44000000000024,0.12896174701620486,0.12896174701620486,0.4202552917940842,-0.07923763244576056,-227923927.19153285,-3869678.019549364,372813.821437331,-0.12611112094356808,-0.08859792093499946,-0.024264946999999877,0.0558942
19.45000000000024,0.1287078517880777,0.1287078517880777,0.4200012523754674,0.0009372674677206359,-226804692.06362724,-3522604.708233771,374526.49261736457,-0.12588022251499245,-0.08883973689499947,-0.024098244999999876,-0.0225538
19.460000000000242,0.12845458414403757,0.12845458414403757,0.41974784109370034,0.10248094144512823,-226753299.8130033,448691.8618687014,377892.2154450246,-0.12564729581899886,-0.08908429853499947,-0.024814082999999876,-0.1206138
19.470000000000244,0.1282019716900448,0.1282019716900448,0.4194950856862538,-0.1796690200957389,-222406391.0892229,-7793517.969710089,381307.1126495291,-0.1254117114930243,-0.08933136070499946,-0.024598350999999876,0.1637602
19.480000000000246,0.1279365651767749,0.1279365651767749,0.41922953703260735,-0.254895080242114,-212563716.4394331,-10988488.198040277,384455.80761823006,-0.12517354318067409,-0.08956719500499946,-0.022568508999999876,0.2422082
19.490000000000247,0.12765026673196883,0.12765026673196883,0.4189430973827416,-0.1462180808670459,-199923958.6201012,-9063859.18855227,392144.384023753,-0.12493100185514562,-0.08978339278999946,-0.020671047999999876,0.137284
19.50000000000025,0.1273293301490411,0.1273293301490411,0.41862202064160925,-0.8381942828908688,-168807802.63373423,-28730673.595363006,403669.9888179771,-0.12468079258656832,-0.08996583341999946,-0.015817077999999877,0.83351
19.51000000000025,0.12694883524051828,0.12694883524051828,0.41824138672543854,-0.5597263771552494,-130203172.24915051,-26152485.786763094,421735.27116859506,-0.12441883768249103,-0.09008916838499946,-0.008849914999999875,0.5599226
19.520000000000252,0.1265161176569713,0.1265161176569713,0.41780853137695945,-0.13125996376518687,-93427005.81420946,-13802564.214880932,450891.4716624895,-0.12413797218907735,-0.09016021285499946,-0.005358978999999875,0.1382646
19.530000000000253,0.12605511930018548,0.12605511930018548,0.41734739658528064,-0.308984624866786,-57419519.90487242,-19444734.15539901,481923.72752485756,-0.12383267008927148,-0.09020235413999947,-0.0030692779999998746,0.3196756
19.540000000000255,0.12557406348234887,0.12557406348234887,0.4168662057661413,-0.053069228533925025,-28335389.898492813,-13474673.598656699,509046.1601396709,-0.12350339699355203,-0.09022338800999946,-0.0011374959999998747,0.0666808
19.550000000000257,0.12508169866167043,0.12508169866167043,0.4163737074963478,-0.03723703173743369,-3483069.920917988,-12589405.697763095,534743.1364851494,-0.12315203644799408,-0.09023177213999946,-0.0005393299999998746,0.0529524
19.560000000000258,0.12458191778240923,0.12458191778240923,0.4158737948440674,-0.16909905130144898,19748763.162367344,-16634380.19898625,556926.9919876019,-0.12278041449564081,-0.09023118377999946,0.0006570020000001254,0.186314
19.57000000000026,0.1240698474387012,0.1240698474387012,0.415361594530545,-0.1161434435336921,41371333.7968905,-16057757.689859971,576833.6498894886,-0.12239079331896904,-0.09021659735499946,0.0022602830000001254,0.1343422
19.58000000000026,0.12354586242366572,0.12354586242366572,0.4148374814754339,-0.07520091472898995,60957354.79633188,-14846670.434721671,596991.9053966621,-0.12198387788333817,-0.09018825801499945,0.003407585000000125,0.0951182
19.590000000000263,0.1230183241617138,0.1230183241617138,0.4143098172264958,0.12443444703937123,73338840.55573106,-9545129.994357387,616181.5336430205,-0.12155986570715066,-0.09015440279999945,0.003363458000000125,-0.1039436
19.600000000000264,0.12250403166165044,0.12250403166165044,0.4137954009159989,0.35622628148275676,74171998.31258321,-1707094.0009349668,632592.4820272077,-0.12112034740649558,-0.09013175093999945,0.0011669140000001251,-0.3353652
19.610000000000266,0.1220166819868633,0.1220166819868633,0.41330792973366276,0.240918116422211,67791297.25724578,-3467968.9947140636,643079.2614892236,-0.12066916266449443,-0.09013400631999945,-0.0016179899999998748,-0.2216156
19.620000000000267,0.12156072835376977,0.12156072835376977,0.4128518570264095,0.4178764889897823,51108146.84322715,2137407.5275042914,647053.3062278674,-0.12021177712356756,-0.09016572872999945,-0.004726491999999876,-0.4000848
19.63000000000027,0.12114531609539653,0.12114531609539653,0.41243632825876664,0.5450864900180934,23984500.83015299,7899945.468248164,646301.292754888,-0.11975311177678963,-0.09023623386999945,-0.009374535999999876,-0.529524
19.64000000000027,0.12079224486439308,0.12079224486439308,0.41208314321383244,0.9856994393167572,-23600869.056139946,22437407.364032205,639281.6983313244,-0.11929808192783259,-0.09036753620999945,-0.016885931999999874,-0.9727552
19.650000000000272,0.12051918014772173,0.12051918014772173,0.4118099675110578,0.6838883177333323,-80171781.32032394,18589895.429118063,622054.0731655535,-0.1188540486533152,-0.09057760524499944,-0.025127874999999876,-0.6756334
19.660000000000274,0.12032408574529674,0.12032408574529674,0.4116147650886835,0.7654551412298974,-147346474.47301245,21815456.20097164,594042.3534533512,-0.11843012868250088,-0.09086482298499944,-0.03231567299999988,-0.7619262
19.670000000000275,0.12019350181575267,0.12019350181575267,0.41148407624656247,0.3657446099379653,-210789858.80051684,14275257.496653132,559689.4280281945,-0.11803338805234148,-0.09121619647999944,-0.03795902599999988,-0.3667444
19.680000000000277,0.12011143845276512,0.12011143845276512,0.41140191121663366,0.44400812658186367,-274982853.40677404,15998139.960357126,522995.65543089446,-0.1176670259309259,-0.09161615870499944,-0.042033418999999884,-0.4481342
19.69000000000028,0.12007694494139348,0.12007694494139348,0.4113673194152112,0.6491682771520302,-343116178.27525735,24730729.339530222,486713.0694875147,-0.1173312792056671,-0.09206409678499944,-0.04755419699999988,-0.6560214
19.70000000000028,0.1200737561590059,0.1200737561590059,0.41136403584639325,-0.49005404522394713,-388753036.60777783,-5511289.728919242,448731.30428620416,-0.1170261512663178,-0.09254402693999944,-0.04843183399999988,0.480494
19.71000000000028,0.12005952509854939,0.12005952509854939,0.41134971362694783,-0.1107186724700607,-425807705.49977255,633615.7991654365,413442.5401924838,-0.11675051147245641,-0.09301383239999944,-0.045529257999999885,0.1000212
19.720000000000283,0.12002781771216961,0.12002781771216961,0.4113179188148042,0.012478766450409037,-454830421.81977487,6377601.942239235,392111.5450699264,-0.11649698001068248,-0.09346713926499944,-0.04513211499999988,-0.0205926
19.730000000000285,0.1199929303298948,0.1199929303298948,0.41128294782281016,-0.04135786979589791,-481695578.95035124,3871208.8889177274,376938.9218964934,-0.11625753310519515,-0.09391814171999945,-0.04506837599999988,0.0333404
19.740000000000286,0.11994819613206023,0.11994819613206023,0.41123813391270064,-0.3235952360312137,-498427878.3111961,-3623533.194932604,361679.50391913316,-0.11602980023843903,-0.09436009813999945,-0.04332290799999988,0.3157532
19.750000000000288,0.11986682843337806,0.11986682843337806,0.41115669048333814,-0.7767916920455439,-495848282.533483,-18848924.573866777,351816.2480856095,-0.11581154724313086,-0.09476618911499944,-0.03789528699999988,0.769771
19.76000000000029,0.11972257355540977,0.11972257355540977,0.4110123639277639,-0.6383085513226453,-479944290.4496882,-18020631.300943933,353328.9663647294,-0.11559639284814596,-0.09511003650499944,-0.03087419099999988,0.6344482
19.77000000000029,0.1195111452577545,0.1195111452577545,0.4108008680579292,-0.633527992788453,-452972730.1686952,-19501462.60296594,368524.6521923365,-0.1153748226927096,-0.09538708051999945,-0.02453461199999988,0.6334676
19.780000000000292,0.11923978060524609,0.11923978060524609,0.41052943998358765,-0.4920896572251966,-422404333.6759627,-17724792.91679513,391617.45493250387,-0.11513843373018953,-0.09560420987499944,-0.01889125899999988,0.495203
19.790000000000294,0.11892525487344305,0.11892525487344305,0.4102148550337948,-0.10873586454649717,-397673054.42053604,-7984441.541771642,418714.26623267407,-0.11488235223439391,-0.09577789864999944,-0.01584649599999988,0.1137496
19.800000000000296,0.11859788210981179,0.11859788210981179,0.4098874273228237,0.19572569531648282,-385593437.4691901,1287864.122356901,444816.2556909844,-0.11460507896900513,-0.09593827577999944,-0.01622892999999988,-0.1902364
19.810000000000297,0.11828064163104157,0.11828064163104157,0.40957013624722405,0.12270934982261687,-382435619.61581373,411129.89803237375,463153.37159102864,-0.11430986580318372,-0.09610831181999945,-0.01777827799999988,-0.1196332
19.8200000000003,0.11797859923231996,0.11797859923231996,0.4092680476918354,0.1669564134779705,-387059486.29184294,1859515.2241383526,473294.86478691443,-0.11400303680277141,-0.09629325297999944,-0.01920995399999988,-0.166702
19.8300000000003,0.11769159710038324,0.11769159710038324,0.40898100393339115,0.14516970099604187,-395998321.04440236,2264247.42434382,478566.2663694956,-0.11368987818059192,-0.09649322183499943,-0.020783816999999878,-0.1480706
19.840000000000302,0.11741117696160253,0.11741117696160253,0.4087005467819747,-0.19388048072065703,-400434583.3585794,-6867776.889384326,480372.19079050835,-0.11337380049792953,-0.09670005488999943,-0.020582793999999877,0.1882752
19.850000000000303,0.1171202340062881,0.1171202340062881,0.4084095715031223,-0.17827729162042974,-401225927.4483123,-7737549.008970201,482086.11245171056,-0.11305626516855072,-0.09689691033999943,-0.018788295999999878,0.1706244
19.860000000000305,0.11680957053880425,0.11680957053880425,0.4080988804656633,-0.23838542281385178,-396613011.3779135,-9309626.179197678,487837.5391274438,-0.1127356392248211,-0.09707476666499944,-0.016782968999999877,0.230441
19.870000000000307,0.11647712205244556,0.11647712205244556,0.4077664092161324,-0.21635261774598058,-389470192.5021541,-9729746.781832924,496769.2569993178,-0.11240892405836192,-0.09723163814999944,-0.014591327999999876,0.2078872
19.880000000000308,0.116134773185634,0.116134773185634,0.40742404243731273,0.27512628333954714,-391970083.75534654,4095924.2624220573,507809.05116756604,-0.11207389355718739,-0.09737943908499944,-0.014968858999999876,-0.2833934
19.89000000000031,0.11580317401247714,0.11580317401247714,0.407092430240197,0.09623675368506439,-398307505.6393056,1367997.3126228335,516676.6053839562,-0.11173053749814088,-0.09753886012999943,-0.016915349999999878,-0.1059048
19.90000000000031,0.11549297071437037,0.11549297071437037,0.40678221883668136,0.38843195329362284,-416345464.4092369,9138172.647601325,519319.2277749146,-0.1113824162368719,-0.09772066336999943,-0.01944529799999988,-0.4000848
19.910000000000313,0.11521725877105468,0.11521725877105468,0.4065065037292119,0.5067511815735893,-444311126.275275,15449491.433580484,516926.0502139005,-0.1110343223674721,-0.09793813593499943,-0.024049214999999877,-0.5206986
19.920000000000314,0.11498166343500676,0.11498166343500676,0.4062709101826519,0.20292811994040424,-474615951.1549237,8297888.453402553,507474.4621324145,-0.11069139270161255,-0.09819713690999943,-0.027750979999999877,-0.2196544
19.930000000000316,0.11475927766842775,0.11475927766842775,0.40604853116091816,-0.3840740572253823,-491384367.5266218,-7976720.171063079,492046.12228375947,-0.11035897575026293,-0.09847101848999942,-0.027025335999999876,0.3647832
19.940000000000317,0.11451450517871584,0.11451450517871584,0.4058037703615086,-0.3301974695184186,-497318990.2079749,-9082527.822092257,480898.5361553855,-0.11003743532848045,-0.09872435649999942,-0.023642265999999877,0.3118308
19.95000000000032,0.11424153180243088,0.11424153180243088,0.40553081359747434,-0.08356646665825872,-499582284.33406687,-2037052.4590625488,479681.0176351649,-0.10972072707139999,-0.09895129185499942,-0.021744804999999878,0.0676614
19.96000000000032,0.11396404503169896,0.11396404503169896,0.4052533483245867,0.3168448485350572,-511011204.17002416,9306639.698072366,483083.85649994394,-0.10940298911583643,-0.09917530992499941,-0.023058808999999878,-0.3304622
19.970000000000322,0.11369477270790901,0.11369477270790901,0.4049841023371188,-0.22144490557452534,-517049989.9188938,-3473535.676205606,482669.0018042554,-0.10908409262522822,-0.09940896238999941,-0.023671683999999877,0.2078872
19.980000000000324,0.11340553400064787,0.11340553400064787,0.40469489474814024,-0.6725601526537724,-508199984.8313308,-19174430.16420601,478872.1283835082,-0.10876697845465977,-0.09962398345499941,-0.019332528999999876,0.6599438
19.990000000000325,0.1130644520107946,0.1130644520107946,0.404353848593253,-0.5071660928041509,-487907367.02196217,-16643544.640140116,482850.8788971826,-0.1084497032991889,-0.09978835652999941,-0.013542085999999877,0.4981448
20.000000000000327,0.11267656589588612,0.11267656589588612,0.40396600295629864,-0.1852726639460892,-466787532.99137115,-8851238.310204426,497974.1974453432,-0.10812446543597304,-0.09990678849499941,-0.010144306999999877,0.181411
20.01000000000033,0.11226716019758179,0.11226716019758179,0.40355664229581495,0.016971030852036027,-451673325.6698024,-2695601.3272734056,515518.2866267223,-0.10778562790005483,-0.10000413755999941,-0.009325505999999878,-0.0176508
20.02000000000033,0.11185248253570401,0.11185248253570401,0.4031420141373499,-0.059462048716154486,-439931799.0805969,-4681615.587123547,529201.8875880962,-0.10743369721641602,-0.10009631395999942,-0.009109773999999878,0.0607972
20.03000000000033,0.11143896933379258,0.11143896933379258,0.4027285547981631,0.1486151406862618,-435404114.9662962,965814.4303682824,538713.8451711466,-0.10707197754347048,-0.10018954450499942,-0.009536334999999879,-0.1461094
20.040000000000333,0.11102453134762971,0.11102453134762971,0.40231417491632426,-0.2746781437864746,-425161608.260972,-9855462.44038543,545000.6917328289,-0.1067035590498015,-0.10028159832999942,-0.008874429999999878,0.2784904
20.050000000000335,0.11059029977399537,0.11059029977399537,0.401880005560897,-0.3909616225110587,-408204582.44479346,-15499558.357675558,550095.8899800164,-0.10633029813746894,-0.10035347630999941,-0.005501165999999877,0.3961624
20.060000000000336,0.11011126358722817,0.11011126358722817,0.4014010355713746,-0.7355831365057793,-374917491.3162563,-26060147.437892094,559796.7652887938,-0.10595071936158812,-0.10037997702499941,0.000201023000000123,0.7442754
20.070000000000338,0.10956984464917077,0.10956984464917077,0.40085968667041094,-0.6331821560837585,-332154094.60123897,-26854751.655348785,577679.9609664651,-0.1055593016825708,-0.10034320452499941,0.007153477000000123,0.6462154
20.08000000000034,0.1089617240281626,0.1089617240281626,0.4002516397832906,-0.6661198693584302,-279791207.83755684,-28767687.186039716,603712.8401648658,-0.1051488884394014,-0.10023840289999941,0.013806848000000123,0.6844588
20.09000000000034,0.10828422851586184,0.10828422851586184,0.3995742215530723,-0.8095737569038071,-217846182.33185005,-35713808.45216979,635382.6820810871,-0.10471325538087439,-0.10006240971499941,0.021391789000000123,0.8325294
20.100000000000342,0.10754331297495404,0.10754331297495404,0.3988333866868206,-0.2515337611157814,-160987558.44320512,-22416479.390052866,671788.9659220916,-0.10424749351494636,-0.0998206918149994,0.02695179100000012,0.279471
20.110000000000344,0.1067714463870669,0.1067714463870669,0.39806160400197493,0.07462835528483167,-115964164.51035452,-12431739.827653995,710019.3826692111,-0.10374825598633866,-0.09954526578999941,0.02813341400000012,-0.0431464
20.120000000000346,0.10600391306439014,0.10600391306439014,0.39729415763478293,0.27569582174807794,-87508627.05432224,-6080281.089433675,741151.4175330751,-0.10321752443072321,-0.09927109002999941,0.02670173800000012,-0.2431888
20.130000000000347,0.10525497687779273,0.10525497687779273,0.39654531126683107,0.11797997082713273,-67393523.79950571,-9014723.359360747,762019.3872449524,-0.10266293829475318,-0.09901230968999941,0.02505433000000012,-0.0862928
20.14000000000035,0.10453041345143488,0.10453041345143488,0.3958208403229242,0.46336119839664575,-62018085.66784239,598646.4660283588,775616.0473614251,-0.10209253457609871,-0.0987747348249994,0.02246064300000012,-0.4324446
20.15000000000035,0.10383218628261667,0.10383218628261667,0.39512270809480626,0.00884626393715258,-55915417.0919373,-9166792.699191641,782987.0229734353,-0.10151261989942284,-0.0985604246949994,0.02040138300000012,0.0205926
20.160000000000352,0.10315490447883324,0.10315490447883324,0.39444552348043543,0.3568508236109336,-59507917.76303935,-1227898.4187001046,785371.2647190122,-0.10092833594514722,-0.0983641085749994,0.01886184100000012,-0.328501
20.170000000000353,0.10250369898229811,0.10250369898229811,0.39379441721045017,0.3205858642636046,-67092442.8285718,1350807.518032127,785601.5918846863,-0.10034291581520943,-0.0981910326749994,0.01575333900000012,-0.2931994
20.180000000000355,0.10187348338694613,0.10187348338694613,0.39316430266607644,-0.15837115881869487,-69335765.06170702,-12429078.547672717,781860.7654513938,-0.09975924554729479,-0.0980362204499994,0.01520910600000012,0.1843528
20.190000000000357,0.10123607848799215,0.10123607848799215,0.39252700043007493,-0.29139897844119983,-62227828.57141447,-16962375.905466456,776686.7199530943,-0.09917973201220259,-0.09787160222499941,0.01771453900000012,0.3167338
20.200000000000358,0.1005829256760728,0.1005829256760728,0.39187395168543415,0.11126613014028121,-56512878.86214805,-6796677.80145799,777773.0435622673,-0.09860191351729494,-0.0976886467799994,0.01887655000000012,-0.0843316
20.21000000000036,0.09993059660105658,0.09993059660105658,0.39122172788007165,0.10185178486787631,-52845234.0412662,-4993419.394499042,781939.4803926907,-0.09802154643852085,-0.0975038527099994,0.01808226400000012,-0.0745256
20.22000000000036,0.09927840568523127,0.09927840568523127,0.3905696432357955,-0.3094127502360907,-42612684.56246328,-17106733.377702728,783355.0730393671,-0.09743863681713241,-0.09731648456499939,0.01939136500000012,0.3363458
20.230000000000363,0.09861690614517338,0.09861690614517338,0.3899082507702558,0.14464187743355084,-36752666.34783006,-5686286.627611133,785151.7642781736,-0.09685419249498126,-0.09711710406999939,0.02048473400000012,-0.117672
20.240000000000364,0.09795892243354568,0.09795892243354568,0.3892503747424354,0.16077701032888045,-33724435.636992455,-3190518.8358099903,789548.9728393399,-0.09626677588513688,-0.0969185325699994,0.019229566000000118,-0.1333616
20.250000000000366,0.09732186813041566,0.09732186813041566,0.38861342854285724,0.3709972315964868,-41042005.22803855,2819628.842605586,790880.7890028585,-0.09567676818896748,-0.09673820022999939,0.01683690200000012,-0.3451712
20.260000000000367,0.09672884072965313,0.09672884072965313,0.38802050947724237,0.8583138850086607,-66948412.36320639,18918138.375755273,787090.5404924002,-0.09508805758943148,-0.09659932275499938,0.01093859300000012,-0.8344906
20.27000000000037,0.09620161103422492,0.09620161103422492,0.38749338816143153,0.5442878477952798,-101154989.20086956,13919169.979939254,775213.6621544696,-0.0945068820676252,-0.09652391461499939,0.00414303500000012,-0.524621
20.28000000000037,0.09573301130650572,0.09573301130650572,0.3870248966722245,0.3983110186533303,-139108816.44995213,10343139.095244933,752994.2062317135,-0.09394178643043608,-0.09650518515499938,-0.0003971429999998803,-0.3834146
20.290000000000372,0.09529975768493293,0.09529975768493293,0.38659175096861303,0.07293436075433482,-169451353.0618999,2849409.3489400535,727410.4371809865,-0.0933987650025905,-0.09652028639499938,-0.0026231049999998804,-0.0617778
20.300000000000374,0.09488287887668062,0.09488287887668062,0.38617497959134567,0.11081279265804311,-195428683.65515113,3019692.0479145963,703804.4409097115,-0.09287811123118642,-0.09655061144999938,-0.0034419059999998805,-0.1019824
20.310000000000375,0.09447991170090303,0.09447991170090303,0.38577211920849286,0.26190535291868716,-220905806.60126996,8581493.223933067,683902.0010971256,-0.09237702249484367,-0.09659395396999938,-0.005226597999999881,-0.254956
20.320000000000377,0.09409356994565021,0.09409356994565021,0.3853858834701803,0.030393322496465734,-241910715.6891749,2842701.831521557,665541.7653352779,-0.09189305467581954,-0.09665323123999939,-0.006628855999999881,-0.0254956
20.33000000000038,0.0937028801271117,0.0937028801271117,0.38499529876542576,-0.4966261281498654,-246672053.2437055,-12420841.675854398,647226.7618376815,-0.09142540206321592,-0.09670767905499938,-0.004260706999999881,0.4991254
20.34000000000038,0.09327467312089488,0.09327467312089488,0.3845671958569364,-0.5378615399855102,-236199764.4086833,-16626363.764137411,635518.9722423292,-0.09097082689083666,-0.09672430022499938,0.000936473000000119,0.5403106
20.35000000000038,0.0927941340065746,0.0927941340065746,0.38408675973178624,-0.5209794583099401,-212974315.0778885,-17272278.301558465,635976.6252707634,-0.09052099453049722,-0.09668831220499938,0.006261131000000119,0.524621
20.360000000000383,0.09226206673399923,0.09226206673399923,0.3835547942661823,-0.4813531615506315,-182188944.6333835,-18280282.59110416,645605.7882853805,-0.09006665291295857,-0.09660042592999937,0.011316124000000118,0.4863776
20.370000000000385,0.09168424845987919,0.09168424845987919,0.38297707655494445,-0.346404043941596,-148683698.72419977,-15578716.825913632,660920.2636352516,-0.08960122499429449,-0.09646630436499937,0.01550818900000012,0.3520354
20.380000000000386,0.09107599789804563,0.09107599789804563,0.3823689252571932,-0.04318221110353564,-120627788.48313808,-8069682.02101192,679567.255919501,-0.08912062128902917,-0.09630119583999937,0.01751351600000012,0.04903
20.390000000000388,0.09046240498833624,0.09046240498833624,0.3817554302623926,0.2190358892104998,-103592548.64098191,235593.39384368528,697223.0380811928,-0.08862369563365652,-0.09613020371499936,0.016684909000000123,-0.2147514
20.40000000000039,0.08987141545604238,0.08987141545604238,0.38116453724692084,0.5092333693370111,-103057848.78572893,9430241.822476821,709295.4608219202,-0.0881133289397879,-0.09598142217999936,0.013071398000000123,-0.5079508
20.41000000000039,0.08932188857273587,0.08932188857273587,0.38061510543377935,0.4210033316099601,-113367962.73010492,9581908.50483757,712625.8770736188,-0.08759598211312025,-0.09587402196499936,0.008408645000000122,-0.4245998
20.420000000000393,0.0888137189716203,0.0888137189716203,0.380107029409775,0.3030512550791989,-129574281.57818365,6935979.182056929,707579.3326025171,-0.087079538948581,-0.09580834627999936,0.004726492000000122,-0.3118308
20.430000000000394,0.08834226091265487,0.08834226091265487,0.37963566339482363,0.4413558442386741,-152544002.3744576,12136139.755614337,697822.5730391522,-0.08656996155545454,-0.09578025208999935,0.0008923460000001215,-0.4549984
20.440000000000396,0.08789085588466564,0.08789085588466564,0.3791843488474315,-0.38365628205065805,-160794899.53208733,-9462913.72386361,685356.031808968,-0.08607050485617185,-0.09577355949499936,0.00044617300000012117,0.3657638
20.450000000000397,0.08742002410157201,0.08742002410157201,0.3787136059631846,-0.45115980474102213,-156351700.4006183,-14975444.857615001,674428.0945560962,-0.08558150445304663,-0.09574919158499935,0.004427409000000121,0.4304834
20.4600000000004,0.08690229730135074,0.08690229730135074,0.37819596647821946,-0.5898881371950219,-135126739.85686707,-19301789.662656996,674401.8769151473,-0.08509724138281508,-0.09567991219499936,0.009428469000000122,0.5697286
20.4700000000004,0.08632731016485817,0.08632731016485817,0.37762106508856075,-0.6595401086130708,-101731026.1445837,-24149774.13871096,685016.6651976351,-0.08460814872982436,-0.09555537599499936,0.015478771000000122,0.6403318
20.480000000000402,0.08569999693789065,0.08569999693789065,0.3769938360654587,-0.1841369833121788,-69646485.764436,-12352446.689471845,703653.0934706759,-0.08410585650083108,-0.09538041243999935,0.019513940000000122,0.166702
20.490000000000403,0.08503691558936385,0.08503691558936385,0.37633083740658496,-0.40297135563343134,-33954305.03904605,-17981523.93897041,726479.1581474846,-0.08358474212640576,-0.09517144657999935,0.02227923200000012,0.3863564
20.500000000000405,0.08433862058129163,0.08433862058129163,0.37563262360139804,-0.41852615794594644,3394879.290127754,-20785177.994065315,748426.1116830375,-0.08304315828328204,-0.09492894419999935,0.026221244000000123,0.402046
20.510000000000407,0.08359498555861264,0.08359498555861264,0.3748890683210379,-0.5736353354007693,48356786.75521588,-25917223.438119274,772399.5861518153,-0.0824804132378526,-0.09464273157499935,0.031021281000000123,0.5579614
20.520000000000408,0.08281729453823086,0.08281729453823086,0.3741114556101211,0.20351242557518362,79522498.45901895,-6522865.062162332,800222.8347672727,-0.08189360346915148,-0.09432401205999935,0.032722622000000125,-0.2176932
20.53000000000041,0.08202642980892186,0.08202642980892186,0.37332066778439227,-0.3603684700298036,114154215.42079282,-18879210.443766724,826565.2847103857,-0.08128142641310221,-0.09399357437499935,0.03336491500000013,0.3461518
20.54000000000041,0.08120584467009015,0.08120584467009015,0.3725001581660166,-0.671634372288795,155955239.96450806,-31963293.294636667,848105.9359406573,-0.08064665305858726,-0.09363484637999935,0.03838068400000012,0.657002
20.550000000000413,0.08032229612102379,0.08032229612102379,0.3716166837762221,-0.8149536421476441,212084802.91847944,-37122024.06582847,873409.3705292753,-0.07998960250425088,-0.09321456121999934,0.04567634800000012,0.8021308
20.560000000000414,0.0793788208223705,0.0793788208223705,0.3706732813013219,-0.09558174764515864,260614614.69880557,-20553491.308324352,907659.2087468676,-0.07930400155309414,-0.09273558714999934,0.050118466000000125,0.0862928
20.570000000000416,0.07841321956636829,0.07841321956636829,0.36970775155871655,0.1210405206424153,297626624.2982068,-11470192.58815764,943464.2969859141,-0.0785845274814233,-0.09223545663499934,0.04990763700000012,-0.1284586
20.580000000000418,0.07745438053514114,0.07745438053514114,0.36874898274748263,0.12397781376626885,322035104.9490905,-11973038.219001021,972008.9686018425,-0.07783367312755099,-0.09174287673999934,0.048608342000000124,-0.1314004
20.59000000000042,0.07652076310159714,0.07652076310159714,0.367815434247572,0.6398677591510306,325778831.7688327,4257657.930385159,992302.7602933717,-0.07705884622324388,-0.09127628274499934,0.04471045700000013,-0.6481766
20.60000000000042,0.0756295263479971,0.0756295263479971,0.3669242651407299,0.2915138656908088,321771325.15072846,-2578880.558712695,1004823.7569256198,-0.07626802603866664,-0.09085290869499935,0.039964353000000126,-0.3010442
20.610000000000422,0.07478504644105727,0.07478504644105727,0.3660798515867905,0.6473783758760857,301378724.70031595,7570676.956443282,1007902.0477946021,-0.07546982170449656,-0.09047726534999935,0.035164316000000126,-0.6589632
20.620000000000424,0.07399571851501405,0.07399571851501405,0.3652905887076591,0.6198086184211711,271415263.65510654,10615446.364719564,1004645.7082346154,-0.07467193896502017,-0.09015790844499935,0.028707065000000125,-0.632487
20.630000000000425,0.07326320259766672,0.07326320259766672,0.3645581365139859,0.3854847351171125,236748081.41854572,5455560.699283255,994168.697561426,-0.07388109216626657,-0.08989665208999935,0.023544206000000126,-0.4000848
20.640000000000427,0.07255909284904849,0.07255909284904849,0.3638540891444154,-0.2545438802357502,215658538.1299944,-11493979.927308133,978020.6266402274,-0.0731035384894961,-0.08966523048999935,0.022740114000000127,0.2392664
20.65000000000043,0.07185795059821418,0.07185795059821418,0.36315300790538946,0.24227785522388984,193540948.6031196,96299.55304061156,964930.5652517846,-0.07234024260934696,-0.08943824610499934,0.02265676300000013,-0.2559366
20.66000000000043,0.07115745752171446,0.07115745752171446,0.36245257445126927,-0.20407039741115016,182922073.47491002,-9254278.041093647,956829.126376139,-0.07158715075762329,-0.08921324743499934,0.022342971000000128,0.1931782
20.67000000000043,0.07044236144674046,0.07044236144674046,0.36173753658516805,-0.41829852135590195,182626450.2463615,-18534205.207588054,950244.969219491,-0.07084114127877794,-0.08897474099999933,0.025358316000000127,0.4098908
20.680000000000433,0.0696966417876767,0.0696966417876767,0.3609918736947682,-0.1843335318216635,188480328.76552534,-12346219.264556617,948855.3873160236,-0.07009881070307838,-0.08870639980999932,0.028309922000000126,0.1804304
20.690000000000435,0.06893339919680086,0.06893339919680086,0.3602286864036033,0.08600566239730176,191148568.16649342,-5307353.446625787,954035.4697918543,-0.06935439334416199,-0.08842092263499932,0.028785513000000127,-0.0853122
20.700000000000436,0.06816811082679472,0.06816811082679472,0.359463451830964,-0.06953683594968957,194018631.83564186,-8413062.543041471,958571.4973585259,-0.06860521316993567,-0.08813336168499931,0.028726677000000127,0.073545
20.710000000000438,0.06739818762539274,0.06739818762539274,0.3586935808846575,-0.132370829186813,198359305.95922756,-11555274.053734586,960904.8668898472,-0.06785270833182339,-0.08784077515999932,0.029790628000000128,0.1392452
20.72000000000044,0.06661021643980142,0.06661021643980142,0.3579056603676978,-0.38770433180538644,211783805.64185524,-18740880.288584217,963844.7195757551,-0.06709756787375817,-0.08752943465999931,0.032477472000000125,0.3981236
20.73000000000044,0.06578868626272533,0.06578868626272533,0.35708417922708596,-0.43464545328633375,233313107.24021387,-22602544.76899616,970098.1274838259,-0.0663377787801114,-0.08718347897999931,0.036713664000000125,0.4491148
20.740000000000443,0.06492354232339964,0.06492354232339964,0.3562190826459976,-0.48762238068207814,263587899.27286816,-24977456.61493185,981668.0710925283,-0.06556912760790248,-0.08679244021499931,0.04149408900000012,0.5069702
20.750000000000444,0.06400409533506785,0.06400409533506785,0.3552996812912971,-0.7623007298378707,306818624.45657706,-35062902.816619694,998223.4986406041,-0.06478659576714071,-0.08634516403999931,0.04796114600000012,0.7864412
20.760000000000446,0.06303086556940157,0.06303086556940157,0.354326495387769,-0.13915811274532316,345455361.42878723,-20315906.543863457,1020449.8665432611,-0.06398485067960319,-0.08584167496999931,0.05273666800000012,0.1686632
20.770000000000447,0.06204450136306072,0.06204450136306072,0.35334017322354433,0.5151862965980221,364964273.26965404,-393354.3919736892,1045828.5554496375,-0.06315939872080309,-0.08532212857499931,0.05117261100000012,-0.4814746
20.78000000000045,0.06109503615892101,0.06109503615892101,0.3523907481883883,0.5847284832685734,364355276.97747517,4317298.345502896,1063327.9645856312,-0.06231251721301584,-0.0848361922449993,0.04601465500000012,-0.5501166
20.79000000000045,0.06019569882608128,0.06019569882608128,0.3514914490928202,0.3204715888641188,354308264.624526,-1516558.824117573,1067789.9488301084,-0.061454836511310396,-0.0843969815049993,0.04182749300000012,-0.2873158
20.800000000000452,0.05934440522657711,0.05934440522657711,0.35064019173868555,0.6960776724264063,329405907.2457051,9582532.860073572,1064098.8019328602,-0.06059704886696718,-0.0840024861249993,0.037071583000000116,-0.6638662
20.810000000000453,0.058543145636626936,0.058543145636626936,0.3498389663442827,0.2887334484418536,303679576.88963914,1723995.4456048002,1055184.1940359157,-0.05974576921709629,-0.0836548143949993,0.03246276300000012,-0.2578978
20.820000000000455,0.057783580986448535,0.057783580986448535,0.34907943378549766,0.3942530215611789,272538828.29202056,3773417.8872827757,1040935.3925158094,-0.05890625293307031,-0.08334575378999931,0.029349358000000117,-0.3647832
20.830000000000457,0.05705855343537475,0.05705855343537475,0.3483544361720687,0.3042444726207926,242000665.4991107,3925071.3976550545,1025005.1175250508,-0.058081846260537945,-0.0830682685049993,0.026147699000000118,-0.2755486
20.840000000000458,0.05636152838377448,0.05636152838377448,0.34765743886065115,0.11735801213626162,214237132.04760003,-1486026.255759634,1008329.6120373377,-0.057273661659589165,-0.0828159110949993,0.02432378300000012,-0.0892346
20.85000000000046,0.0556806330624427,0.0556806330624427,0.3469765690447629,0.10622871384721035,189912478.80255055,-1207794.0664441572,991494.1238393901,-0.056482048397677065,-0.0825768653299993,0.02348537000000012,-0.078448
20.86000000000046,0.055017516004883915,0.055017516004883915,0.34631347522765965,0.3813151110886155,161423935.79362798,6603753.042784626,977163.1271693709,-0.055705712330820084,-0.0823527982299993,0.02132805000000012,-0.353016
20.870000000000463,0.05437370259398483,0.05437370259398483,0.34566968276887006,-0.09673714053990855,140706426.66694713,-4599108.362752165,962567.8722705198,-0.054943571620362425,-0.0821452297249993,0.02018565100000012,0.1245362
20.880000000000464,0.05374141100216934,0.05374141100216934,0.3450374098243547,0.272983791526834,116061397.96383882,3412646.069619453,947609.3674290649,-0.05419587762893205,-0.08194638855999929,0.01958258200000012,-0.24515
20.890000000000466,0.05312350194398366,0.05312350194398366,0.3444195170999306,0.12604683177446924,94388743.65998363,2416432.2631566958,934755.0413608515,-0.05346166545792155,-0.08175914298999928,0.01786653200000012,-0.09806
20.900000000000468,0.05251220347472338,0.05251220347472338,0.3438082326502328,-0.26067600122660317,81343779.29101682,-10046582.655639583,921457.4680647876,-0.05274014528911805,-0.08157572175999929,0.01881771400000012,0.2882964
20.91000000000047,0.051892656377437285,0.051892656377437285,0.34318869726633,0.06531584331110747,69445522.53773928,-1648869.545285542,910221.1026104024,-0.05203041032527203,-0.0813812687799993,0.02007288200000012,-0.0372628
20.92000000000047,0.05128024378205648,0.05128024378205648,0.34257629409542956,0.4154022876488717,50111402.56234002,9015618.003345622,903935.8991958058,-0.05132898006901912,-0.08119113043999929,0.017954786000000122,-0.3863564
20.930000000000472,0.05070747320696181,0.05070747320696181,0.34200353068083833,0.6895603928371735,15790024.564279318,19014211.997947697,895171.0847612114,-0.050634877607143025,-0.08103778911499929,0.012713479000000121,-0.661905
20.940000000000474,0.05018342393104336,0.05018342393104336,0.34147948633271125,0.15432889372634498,-17517702.07946229,6292446.474042382,878298.8182541451,-0.04995333441626826,-0.08093043792999928,0.008756758000000121,-0.1294392
20.950000000000475,0.0496911846113991,0.0496911846113991,0.34098724974736755,0.2741800706765861,-52735604.941617966,8566674.646553168,856352.2756502143,-0.04929049831035301,-0.08085240668499928,0.006849491000000121,-0.2520142
20.960000000000477,0.04922409462320196,0.04922409462320196,0.3405201603493304,0.3032842228059369,-87431331.28031659,11270629.84061772,835449.1716634578,-0.04864800478426473,-0.08079727244999928,0.004177356000000121,-0.2824128
20.97000000000048,0.04878030503469788,0.04878030503469788,0.34007636926639706,0.05126747143430326,-118017552.97768974,4595590.030975983,814730.7004197347,-0.04802516605132165,-0.08076336820499927,0.0026034930000001207,-0.0323598
20.98000000000048,0.04834523600736418,0.04834523600736418,0.33964129672924526,-0.05701516143156576,-142023158.07823062,1167464.845901964,793762.9218353301,-0.04742188563215605,-0.08073627912999927,0.0028143220000001207,0.0745256
20.99000000000048,0.047896646019896294,0.047896646019896294,0.3391927012959193,-0.4781318656269776,-149802187.89024758,-11153178.59683214,776846.4027294692,-0.04683614572452727,-0.08069389269499927,0.00566296500000012,0.495203
21.000000000000483,0.04741616368362769,0.04741616368362769,0.3387122116676304,-0.26248890583039464,-150257132.53086329,-7922769.619639598,767117.3215397648,-0.04626269977714778,-0.08061787167999927,0.00954123800000012,0.2804516
21.010000000000485,0.04690417678247186,0.04690417678247186,0.33820021572779163,-0.25714278470706603,-143935487.30543137,-7452226.983519714,765458.9169656599,-0.04569453644194421,-0.08050853477999927,0.01232614200000012,0.2765292
21.020000000000486,0.04636312897938549,0.04636312897938549,0.33765915724674955,-0.38572717288779795,-131322254.45963383,-12755667.346720079,767746.9685710076,-0.045126081216092157,-0.08036821091999927,0.01573863000000012,0.4059684
21.030000000000488,0.04578863197325342,0.04578863197325342,0.33708464803751187,-0.3094319973425047,-114513594.77969909,-11815677.014328666,773116.8475184215,-0.04455407379901419,-0.08019241385499927,0.019420783000000122,0.3304622
21.04000000000049,0.04519580145390231,0.04519580145390231,0.33649180391013656,0.2712063338519288,-108324438.8660276,3559215.2418122343,782592.5698979389,-0.043975167022310635,-0.07999617127999926,0.019827732000000122,-0.2490724
21.05000000000049,0.04461221975219418,0.04461221975219418,0.33590820732023213,0.1369570546149088,-107924779.58354568,2417725.3862311253,790215.0095417007,-0.04338829743974956,-0.07980701353999926,0.018003816000000124,-0.1157108
21.060000000000493,0.04404860395035559,0.04404860395035559,0.33534457547791546,0.2535155517007321,-116642574.6458497,4740237.241315591,791256.74209508,-0.04279738607431735,-0.07963572723499926,0.016253445000000123,-0.2343634
21.070000000000494,0.04350322879272239,0.04350322879272239,0.3347991832587397,0.08563761019749637,-125908208.11036158,2046775.666283519,788026.9361407905,-0.042207496144000434,-0.07948076791999927,0.014738418000000123,-0.068642
21.080000000000496,0.04296699155779257,0.04296699155779257,0.3342629280762011,-0.05928044960537919,-133111181.39005637,-3118211.683635166,782687.332803188,-0.04162160385049998,-0.07933323664999926,0.014767836000000123,0.0745256
21.090000000000497,0.042428127547537914,0.042428127547537914,0.3337240453708778,-0.07216785103906852,-136980601.80508494,-3198306.5707889907,777764.1019421029,-0.04104049296394968,-0.07918153782999926,0.015571928000000122,0.0862928
21.1000000000005,0.04187881048629616,0.04187881048629616,0.33317470900873064,-0.21453012127441598,-135020690.90651655,-7957622.917291101,775380.3243044743,-0.04046278217528504,-0.07901794923499926,0.017145791000000122,0.2284798
21.1100000000005,0.04129944192079052,0.04129944192079052,0.33259532068033787,-0.700850556233839,-116699963.26078057,-22391797.02299824,775501.0258299252,-0.03988612362965055,-0.07882290789499925,0.021862477000000123,0.7148574
21.120000000000502,0.04067163498519444,0.04067163498519444,0.3319674936654688,-0.3213162253104477,-94128075.0429697,-15560363.778836142,782370.2718670468,-0.03930621268625001,-0.07857797852999925,0.027123396000000122,0.3373264
21.130000000000503,0.03999403163741544,0.03999403163741544,0.3312898700684087,-0.6483802807868799,-58962247.15330505,-23768207.42003283,796959.1600846316,-0.03871629391391376,-0.07828164120999924,0.03214406800000012,0.666808
21.140000000000505,0.039255780699835485,0.039255780699835485,0.3305515988570663,-0.80782985204847,-12732499.843414783,-32640281.994733695,815591.6352100754,-0.038110818755311304,-0.07792281515499924,0.03962114300000012,0.828607
21.150000000000507,0.03844778051077197,0.03844778051077197,0.3297435785134254,-0.5259311892517095,38311492.876451254,-26326132.016979985,840936.8667901047,-0.037484623112361115,-0.07749213563499924,0.04651476100000012,0.5501166
21.160000000000508,0.037589394759143746,0.037589394759143746,0.32888517286706836,-0.15573027203743328,83186948.33691454,-17503415.712805137,872358.1114702723,-0.03683147975173784,-0.07700865080499923,0.05018220500000012,0.1833722
21.17000000000051,0.036690283062853546,0.036690283062853546,0.32798604167158524,-0.7916460531530559,137684444.08469653,-34575066.00855452,902088.3381888083,-0.03614907320252769,-0.07648172539499923,0.05520287700000012,0.8207622
21.18000000000051,0.035727788401598515,0.035727788401598515,0.32702352803682355,-0.7962962202479117,199871300.14380693,-40011441.028612584,931343.7096365428,-0.03543819726188879,-0.07588848690999923,0.06344482000000012,0.8276264
21.190000000000513,0.034692002272155964,0.034692002272155964,0.32598772358482486,-0.5474202338544858,265808421.53090596,-33816519.140275985,967239.8141604288,-0.034695593906738875,-0.07521878613999923,0.07049533400000012,0.5824764
21.200000000000514,0.03359962617245715,0.03359962617245715,0.3248953299330014,-0.37246212229232273,328133237.99924994,-30975757.10082806,1007347.9329533605,-0.03391563978060885,-0.07448899910499923,0.07546207300000012,0.4108714
21.210000000000516,0.03246589807796879,0.03246589807796879,0.3237615851685352,-0.3617353131417375,387001529.92819285,-30607596.331926666,1045705.7322093183,-0.03309676107180931,-0.07371405543999923,0.07952666000000011,0.402046
21.220000000000518,0.031299914287752695,0.031299914287752695,0.32259558569355784,-0.19429508053369476,439117318.95173883,-27640758.115914077,1081559.2567884238,-0.03224072555842267,-0.07290282957499923,0.0827185130000001,0.2363246
21.23000000000052,0.03011073361403971,0.03011073361403971,0.3214063904146114,-0.17754986566717168,486194782.3442776,-26388096.633888997,1114627.0828051595,-0.03134989033253019,-0.07206422045499923,0.08500331100000011,0.220635
21.24000000000052,0.028900533535142325,0.028900533535142325,0.32019617689538,-0.2913813955065924,531534970.0494921,-30730216.139938124,1144215.0100780712,-0.030427181881801713,-0.07120028733999922,0.08778331200000011,0.3353652
21.250000000000522,0.0276773988602963,0.0276773988602963,0.31897303002135846,0.24294110002081235,563137886.1000509,-15928372.580719424,1171630.481701779,-0.029475280403974347,-0.07031902211999923,0.0884697320000001,-0.1980812
21.260000000000524,0.02648268504602541,0.02648268504602541,0.31777830531558554,0.9423726626584632,566855769.5221081,6170918.392649915,1195454.6336397456,-0.028497044671208505,-0.06946170805499922,0.08299308100000011,-0.897249
21.270000000000525,0.025346488701818992,0.025346488701818992,0.31664209944313937,0.21306690773581588,563885358.5946817,-9355140.063481864,1207384.1009694252,-0.027500696684062825,-0.06865847407999923,0.07765371400000011,-0.1706244
21.280000000000527,0.024254177112713826,0.024254177112713826,0.3155497797338551,0.38694004834778034,550982368.7526422,-6520957.3060916,1206877.010797217,-0.026498864449453596,-0.06789488085999923,0.07506493000000011,-0.3471324
21.29000000000053,0.023187509435802722,0.023187509435802722,0.3144831053805667,0.03886723539796385,543456646.584089,-12460091.886299876,1203517.7447393138,-0.02549914505322931,-0.06715290986999922,0.07332926800000011,0.0
21.30000000000053,0.022138249822059308,0.022138249822059308,0.31343384056189616,0.23170686557489495,532089443.8798487,-9134253.997309893,1199492.749282144,-0.02450326678296147,-0.06642444664499922,0.07236337700000012,-0.1931782
21.31000000000053,0.021116629200989834,0.021116629200989834,0.31241221622656284,0.6033383669382,510780134.99351835,4740899.78169724,1194912.3419695958,-0.023511851271725254,-0.06571976296999922,0.06857335800000011,-0.5648256
21.320000000000533,0.02014318521528441,0.02014318521528441,0.31143877002744563,0.48874184919365304,481721225.0836563,3283509.9461413026,1186815.5151366277,-0.02252709885844023,-0.06505942692999922,0.06349385000000012,-0.451076
21.330000000000535,0.019227215739432202,0.019227215739432202,0.3105227998398806,0.7182183967610646,440620721.79938865,11987597.999854308,1171365.7517855442,-0.021554710198542965,-0.06445282776999922,0.057825982000000116,-0.6824976
21.340000000000536,0.018377753409049458,0.018377753409049458,0.309673338291479,0.7351669238212583,390740367.8136513,15231820.006530492,1150340.3280282791,-0.02060124019163395,-0.06390915861499923,0.050907849000000116,-0.701129
21.350000000000538,0.017586070824454514,0.017586070824454514,0.3088816579665144,0.12269669307672192,347667177.7596011,719859.5858725747,1122834.9301465997,-0.01967277604415571,-0.06341988824499922,0.04694622500000012,-0.0911958
21.36000000000054,0.016833120327029327,0.016833120327029327,0.30812871118331736,0.568781360725734,300007987.00875974,11759954.232706876,1092889.090655864,-0.018773566885589704,-0.06296616462499922,0.04379849900000012,-0.5383494
21.37000000000054,0.016117424449055506,0.016117424449055506,0.30741302044529645,0.22998239251952904,258899880.5066712,6759061.854359558,1064852.4711806343,-0.017903566051237052,-0.06254663942999922,0.04010654000000012,-0.2000424
21.380000000000543,0.015429397859090477,0.015429397859090477,0.30672500038665584,0.0780810294477851,223052319.0313146,642150.1586722273,1035659.2521971817,-0.017062270879808883,-0.062151800839999216,0.03886117800000012,-0.04903
21.390000000000544,0.014741162842000943,0.014741162842000943,0.30603677325290296,-0.39443978358430304,206095526.4880495,-11169565.04297625,1008240.3786329436,-0.016249077807260037,-0.061753824329999214,0.04073412400000012,0.4236192
21.400000000000546,0.014030390341245369,0.014030390341245369,0.30532600994460896,-0.1906865080703327,198163966.05378413,-9213669.734716764,988161.8948222917,-0.015459124703551458,-0.06133035221999921,0.04396029800000012,0.2216156
21.410000000000547,0.01330984631547849,0.01330984631547849,0.3046054763747724,0.3849631927584448,184868416.5404818,8680731.06427904,976037.4709261856,-0.014684749871511943,-0.06089400973499921,0.04330819900000012,-0.3520354
21.42000000000055,0.012598753253053652,0.012598753253053652,0.30389439498250476,-0.20117855679761315,178952936.699322,-6593848.188326465,964928.0640366712,-0.013921712669197506,-0.06046386954499921,0.042719839000000114,0.2343634
21.43000000000055,0.011891346035137196,0.011891346035137196,0.303187000595498,0.1648493846462291,169266243.053977,1663362.301814359,951119.2705902804,-0.013170906467885546,-0.060034121594999205,0.043229751000000115,-0.132381
21.440000000000552,0.011192232700386051,0.011192232700386051,0.30248790119588476,0.20326690993183122,159464900.0684595,4658623.241332933,939584.6471719408,-0.012432375414568098,-0.05960939921999921,0.04171472400000011,-0.1706244
21.450000000000554,0.01049651430841203,0.01049651430841203,0.301792197784822,-0.4355527717700523,161913702.0625353,-13363342.173443692,927312.3063783058,-0.0117054145396836,-0.0591848484499992,0.04319543000000011,0.4667656
21.460000000000555,0.009770876341187784,0.009770876341187784,0.3010665757844629,-0.5289331605670891,178304636.3567834,-19281960.482364148,916454.4541985355,-0.010989646741640186,-0.058727226944999204,0.04832887100000011,0.5599226
21.470000000000557,0.008988933456944848,0.008988933456944848,0.30028464979362884,-0.7587775878451554,213532931.27674055,-27000318.623165797,915860.9745015976,-0.010279340190239211,-0.058210156564999206,0.055085205000000116,0.7913442
21.480000000000558,0.008135831909601932,0.008135831909601932,0.2994315660083823,-0.7998581877413034,263204494.8672676,-32009661.58236293,925284.5340813573,-0.009564749368480119,-0.0576186586449992,0.06321437900000011,0.8344906
21.49000000000056,0.007226087420041827,0.007226087420041827,0.2985218400927559,0.0927830955308609,303272130.9088993,-8781194.621111458,944184.2245217451,-0.008836382444979862,-0.0569670499449992,0.06710736100000012,-0.0558942
21.50000000000056,0.006296469863425358,0.006296469863425358,0.29759224186496214,-0.1806170437956515,341444440.80412793,-14231882.02422804,965262.1321780286,-0.008088491781868129,-0.0562919313599992,0.06791635600000012,0.2176932
21.510000000000563,0.005357997106151813,0.005357997106151813,0.2966537891331964,-0.08575021333262708,372866939.71754694,-13876470.722911496,980596.6550910057,-0.0073227384779975535,-0.0556043101249992,0.06960789100000012,0.1206138
21.520000000000564,0.004415473155765848,0.004415473155765848,0.29571128584614104,0.19007626571868158,396362595.712497,-5294328.706226029,993922.7032475603,-0.006542862845420494,-0.0549091382699992,0.06942648000000011,-0.156896
21.530000000000566,0.003484941798692076,0.003484941798692076,0.2947807757322462,0.1853189617156821,411960127.20427084,-4621855.3187444415,1004990.2290908578,-0.005750927106462633,-0.054222669239999195,0.06786732600000012,-0.1549348
21.540000000000568,0.0025700044150552825,0.0025700044150552825,0.29386586011482546,0.06306566981543105,424146209.07871556,-7532570.242205605,1010582.0723340071,-0.004950735458178673,-0.05354877640499919,0.06691124100000012,-0.0362822
21.55000000000057,0.0016537830673562515,0.0016537830673562515,0.2929496610010322,-0.3627935838336999,444781359.6245544,-19682084.444252748,1013668.5173455699,-0.00414623551843929,-0.05287091213999919,0.06866161200000012,0.3863564
21.56000000000057,0.00071291259567835,0.00071291259567835,0.2920088131782359,-0.32343807521258344,471683233.22689676,-20863572.380165964,1019073.4283066324,-0.00333751435934565,-0.05216600782999919,0.07231925000000013,0.3451712
21.570000000000572,-0.0002503434401432414,-0.0002503434401432414,-0.29154626703729725,0.13077661062550025,493385924.3261852,-8296041.2464892585,1030187.3820220671,-0.002520567035462884,-0.051436931729999184,0.07349597000000013,-0.1098272
21.580000000000574,-0.0012166798303600568,-0.0012166798303600568,-0.2925126267616319,-0.07878467190548202,514232379.3287163,-12844429.477897057,1042218.3701439507,-0.0016920693712861312,-0.05070226620999918,0.07343713400000013,0.09806
21.590000000000575,-0.002178462184407426,-0.002178462184407426,-0.293474432725124,0.2089472763847273,525974270.6940818,-5831243.701570882,1051020.3796877624,-0.0008531500976924622,-0.04997024830999918,0.07296644600000013,-0.1921976
21.600000000000577,-0.0031310837172988104,-0.0031310837172988104,-0.2944270781005142,0.027319513586163472,536980630.8855193,-8889968.194651825,1057856.2611342405,1.3190864845774586e-05,-0.04924570748499918,0.07194171900000013,-0.0127478
21.61000000000058,-0.004077230702739687,-0.004077230702739687,-0.29537324912164686,-0.0046052642153920735,546224282.6320548,-10854966.050524602,1062282.5890209535,0.0008654238260382696,-0.048526192234999176,0.07196133100000013,0.0166702
21.62000000000058,-0.005022222040906632,-0.005022222040906632,-0.29631826465151,0.028115188440822426,555113994.2413511,-9244035.845006173,1066111.641462023,0.0017218529580824704,-0.04780660343999917,0.07195642800000013,-0.0176508
21.63000000000058,-0.005964175791426385,-0.005964175791426385,-0.29726024271545415,0.06987753454558718,561736268.4720335,-8194697.086051684,1070417.0073709704,0.0025823841002007297,-0.04708900035999917,0.07156418800000013,-0.0607972
21.640000000000583,-0.006917180113417354,-0.006917180113417354,-0.29821327144110643,-0.6098944057029955,583176186.8268926,-26754815.531840693,1073766.3326173765,0.003446808044463262,-0.04635943395999917,0.07434909200000013,0.617778
21.650000000000585,-0.007900173419550738,-0.007900173419550738,-0.2991962892124165,-0.04965066747949773,602564952.8319659,-15085394.624048106,1080505.1269979058,0.0043162543007123355,-0.045599052204999165,0.07772725900000013,0.0578554
21.660000000000586,-0.008901787681734774,-0.008901787681734774,-0.30019792797578215,-0.03564459752898756,622360555.0742502,-11883353.008008998,1092748.508363436,0.00519515139562024,-0.044819205539999164,0.07824207400000013,0.0451076
21.670000000000588,-0.009900311288848662,-0.009900311288848662,-0.3011964760972123,0.24456521197749745,631023773.950414,-5584966.719837004,1103828.858315055,0.006085919922627386,-0.04404154070999916,0.07729089200000014,-0.235344
21.68000000000059,-0.010874021812699475,-0.010874021812699475,-0.30217021112713394,0.5390382178965653,625849123.6150932,5581554.686135111,1110567.2011353015,0.006985898876849889,-0.04328777800499916,0.07346164900000014,-0.5305046
21.69000000000059,-0.011798294268616505,-0.011798294268616505,-0.3030945080606544,0.654882976239776,605169652.1573126,10343118.532860184,1111196.313819793,0.007889689453439291,-0.04258262854499916,0.06756824300000014,-0.6481766
21.700000000000593,-0.012662002848440546,-0.012662002848440546,-0.3039582410704018,0.5737531660062827,574431599.4592469,11089021.769704888,1102454.3418448821,0.008789358810968567,-0.04193739374499916,0.06147871700000014,-0.5697286
21.710000000000594,-0.013457080195850235,-0.013457080195850235,-0.30475334278181,0.9428626282670313,526902047.77762175,22639323.508930765,1086350.7756335638,0.009676429148964522,-0.04136038418999916,0.05392319400000014,-0.941376
21.720000000000596,-0.014172488451455023,-0.014172488451455023,-0.30546877531843536,0.7272885702481878,471888924.5507548,21405403.628864873,1063075.216202141,0.0105436038367068,-0.040862901294999164,0.04557338500000014,-0.7285858
21.730000000000597,-0.014819243848525232,-0.014819243848525232,-0.3061155548973815,0.3486785384014594,418455643.87456036,11402670.266856633,1031633.4521935951,0.011383286799256792,-0.040434207489999166,0.04016537600000014,-0.353016
21.7400000000006,-0.015439859882390938,-0.015439859882390938,-0.3067361949985935,-0.37906717462609313,386325072.4565804,-8096111.124550539,997573.1875588221,0.012190284833532378,-0.040032038914999166,0.04026833900000014,0.3736086
21.7500000000006,-0.016085165967756887,-0.016085165967756887,-0.307381502738824,-0.5772530712062203,376364070.9415095,-17427085.14714019,970500.9497510619,0.012966997116418605,-0.039605674034999164,0.04500463700000014,0.573651
21.760000000000602,-0.016778789482152667,-0.016778789482152667,-0.30807512625321976,-0.3990632076918375,381142034.6199255,-13568204.769257493,956828.4239661767,0.01372364505904708,-0.039131284269999164,0.04987331600000014,0.4000848
21.770000000000604,-0.017530893569959127,-0.017530893569959127,-0.3088272303410262,-0.9638493385447328,409461432.25667,-31160933.237517275,954512.0526591626,0.014472318875489582,-0.03859830365499916,0.05672280700000014,0.9698134
21.780000000000605,-0.018354602566900746,-0.018354602566900746,-0.30965093933796783,-0.5374406563799864,445242449.6946268,-23797043.7592246,961264.580834572,0.015222849527355115,-0.037993101849999156,0.06431755400000014,0.549136
21.790000000000607,-0.01925023111968799,-0.01925023111968799,-0.3105465678907551,-0.8380580306017364,496804671.5429249,-32457801.61924067,977964.7756815002,0.015984562337207436,-0.037314796314999156,0.07134355300000014,0.8560638
21.80000000000061,-0.020216001473222722,-0.020216001473222722,-0.3115123382442898,-0.592122036693864,551639452.8715627,-30244073.502720047,1000608.7835167996,0.01676547323181435,-0.036564563769999156,0.07870295600000014,0.6158168
21.81000000000061,-0.02123968807976412,-0.02123968807976412,-0.3125360248508312,-0.2943550505391171,604873933.5259156,-22231112.813989636,1028070.2035525449,0.0175710956616755,-0.03575404883999916,0.08340003000000014,0.323598
21.82000000000061,-0.02229857892070175,-0.02229857892070175,-0.31359491569176884,-0.22734463095431273,652994080.6969991,-21611383.86673066,1056576.3610594252,0.018404647326714457,-0.03490543759999916,0.08632221800000014,0.2608396
21.830000000000613,-0.023374016358888083,-0.023374016358888083,-0.31467035312995517,0.08717530630247815,689829052.544161,-13165747.585290287,1081539.6927694646,0.01926521086687552,-0.03403696920999916,0.08737146000000015,-0.0509912
21.840000000000614,-0.024451245428461776,-0.024451245428461776,-0.31574758219952886,-0.018674157653208217,720885522.9104247,-15397809.317103762,1102414.4854460226,0.02014911824938939,-0.03316310751999916,0.08740087800000015,0.0568748
21.850000000000616,-0.025522597516745682,-0.025522597516745682,-0.31681893428781277,0.18524906057015025,741757231.3066988,-10321527.528388478,1118087.2364818486,0.02105179375767194,-0.032291329604999156,0.08695470500000016,-0.1461094
21.860000000000618,-0.026596823632688393,-0.026596823632688393,-0.3178931604037555,-0.4667886179300444,772057794.3571162,-27395596.33417421,1129803.0190633703,0.021968591599835358,-0.031412761034999154,0.08875900900000017,0.5069702
21.87000000000062,-0.027698199162905057,-0.027698199162905057,-0.31899453593397215,-0.3376556624790297,805715961.5013776,-27729286.308172256,1141343.0608305493,0.02289730264180348,-0.03050300938499915,0.09319132100000016,0.3794922
21.88000000000062,-0.028833472473234756,-0.028833472473234756,-0.32012980924430184,-0.21382228377422557,842168109.8993292,-23710159.962945744,1157778.272601756,0.023840222444474507,-0.02955513690999915,0.09638317400000015,0.2588784
21.890000000000622,-0.029993015422846825,-0.029993015422846825,-0.3212893521939139,-0.20549714249921539,877565029.9238986,-24858325.632432893,1176671.869323089,0.02480125252184953,-0.02857850833999915,0.09894254000000015,0.2529948
21.900000000000624,-0.031165298545926645,-0.031165298545926645,-0.32246163531699373,0.11519976713473662,904692647.8082291,-15889622.825339433,1194646.4185255943,0.02578137296412611,-0.027584400574999147,0.09987901300000016,-0.0657002
21.910000000000625,-0.03233169422022214,-0.03233169422022214,-0.32362803099128923,0.21059179450364238,922794247.9552604,-12297622.432364108,1210686.181974218,0.02677921992197177,-0.026591248894999146,0.09875132300000015,-0.1598378
21.920000000000627,-0.033480342882170555,-0.033480342882170555,-0.32477667965323764,0.17349713774215775,933619079.0371414,-12475808.494059753,1221545.1799122037,0.02779119839940461,-0.025610795984999143,0.09733925900000015,-0.122575
21.93000000000063,-0.03460907355267928,-0.03460907355267928,-0.32590541032374637,0.23913358759766434,937752692.8454053,-10274672.540725816,1227768.8440027363,0.028812141502426863,-0.024645174649999144,0.09578500800000014,-0.1882752
21.94000000000063,-0.03571092328994713,-0.03571092328994713,-0.3270072600610142,0.42347301669981646,932316333.948611,-3849929.741782736,1230845.6232916857,0.029837931978072246,-0.023701347149999143,0.09298049200000014,-0.372628
21.95000000000063,-0.03677402231503207,-0.03677402231503207,-0.32807035908609916,0.46394886631936544,917776649.1624814,-980509.3644376397,1229624.1559045431,0.03086468993173322,-0.02279120325999914,0.08904828600000014,-0.4138132
21.960000000000633,-0.03778813900250044,-0.03778813900250044,-0.32908447577356753,0.6079227553234802,891913544.4155494,4711400.212539492,1222859.0820765046,0.03188728475805094,-0.02192503927999914,0.08418451000000014,-0.558942
21.970000000000635,-0.03875365916441981,-0.03875365916441981,-0.3300499959354869,0.26406664499345794,865740077.0981352,-2610945.4047662523,1210378.9882329036,0.032899861746943454,-0.021102585544999136,0.08030623700000014,-0.2167126
21.980000000000636,-0.039690013328027574,-0.039690013328027574,-0.33098635009909466,0.03058388715263278,844563460.0211205,-9513617.862414623,1194232.2052642466,0.03389757250552547,-0.020304548749999134,0.07930112200000014,0.0156896
21.990000000000638,-0.04062254069779808,-0.04062254069779808,-0.33191887746886517,-0.17216939429757425,833996083.2771661,-15228887.802142117,1179622.7529079022,0.03487935618966456,-0.019505678444999133,0.08047293900000015,0.2186738
22.00000000000064,-0.04156438501139742,-0.04156438501139742,-0.3328607217824645,-0.058942222741357166,828483997.0032802,-13215777.541219547,1170059.8460537281,0.03584865602703466,-0.018692810074999133,0.08210073500000015,0.1068854
22.01000000000064,-0.04251160786979047,-0.04251160786979047,-0.33380794464085756,0.07489349143512304,823623590.5852,-8939637.063795228,1164780.2512937337,0.036810306591489234,-0.017869767979999132,0.08250768400000015,-0.0254956
22.020000000000643,-0.04346767950894992,-0.04346767950894992,-0.334764016280017,-0.4448085414351518,830705151.363371,-23437125.958847485,1160777.0555904168,0.03776718008345428,-0.01703294845499913,0.08485622100000015,0.495203
22.030000000000644,-0.044454100567529964,-0.044454100567529964,-0.33575043733859705,-0.3992746140575952,846293178.4553337,-25112352.638880827,1159024.9059658705,0.03872109401807286,-0.01616072926999913,0.08958761600000015,0.451076
22.040000000000646,-0.04548080767693852,-0.04548080767693852,-0.3367771444480056,-0.3681145901081293,870049685.8700495,-24741369.027324487,1164367.3570522282,0.039676757622427755,-0.015243010244999128,0.09395618900000015,0.4226386
22.050000000000647,-0.046540370213700555,-0.046540370213700555,-0.33783670698476764,-0.17874510046209216,893645561.8127679,-21022529.37368901,1174780.9597193527,0.04064039744446127,-0.014286998789999127,0.09724610200000015,0.235344
22.06000000000065,-0.0476113036098586,-0.0476113036098586,-0.3389076403809257,0.2707452618986694,906386854.0723115,-8044947.877464192,1186542.4478180846,0.04161543572669027,-0.013313973924999126,0.09735887100000015,-0.2127902
22.07000000000065,-0.04866866622286975,-0.04866866622286975,-0.33996500299393684,0.18007701538745602,911844526.8549823,-8889253.027637929,1195293.6737393532,0.04260119137782073,-0.012348769344999124,0.09568204500000015,-0.122575
22.080000000000652,-0.04971427692578845,-0.04971427692578845,-0.34101061369685554,-0.1608317697621695,919158856.9255899,-18540750.02922786,1198067.980923327,0.0435930466569778,-0.011389595454999122,0.09615273300000014,0.2167126
22.090000000000654,-0.050767347630532644,-0.050767347630532644,-0.34206368440159973,-0.1568416835050313,929800578.4979808,-19642863.96311243,1199389.3550396473,0.04458704153139706,-0.01041735506999912,0.09829534400000015,0.2118096
22.100000000000655,-0.05183193845825035,-0.05183193845825035,-0.34312827522931744,0.013680590944568846,939680762.2742112,-14940104.376539128,1203785.6542448502,0.045583978920872265,-0.00942807675999912,0.09956031800000015,0.0411852
22.110000000000657,-0.05288971383576929,-0.05288971383576929,-0.3441860506068364,0.40208813651502884,938260728.2346908,-3527961.001172711,1209110.9386338897,0.046585960355874506,-0.008440146774999118,0.09802567900000014,-0.348113
22.12000000000066,-0.05392050200984855,-0.05392050200984855,-0.34521683878091564,0.2616312736114704,930626263.0230209,-5042688.872498281,1210774.0827884306,0.047591592070715144,-0.007473839019999116,0.09523587200000014,-0.2098484
22.13000000000066,-0.054920861431913215,-0.054920861431913215,-0.3462171982029803,0.2917993968490569,916435759.8670865,-4190585.482398021,1206682.9065832142,0.0485959630473988,-0.006532806229999115,0.09297068600000014,-0.2431888
22.14000000000066,-0.0558984296345017,-0.0558984296345017,-0.3471947664055688,0.06641871173410374,904359750.8642306,-8852840.414124217,1199351.1411750352,0.04959440623036429,-0.005609693904999114,0.09165177900000014,-0.0205926
22.150000000000663,-0.056851454988625816,-0.056851454988625816,-0.3481477917596929,0.5570771182607241,881144705.8839254,4256567.33224242,1191297.8545223982,0.05058487561287481,-0.004706536789999112,0.08897964400000014,-0.5138344
22.160000000000664,-0.05776175096433611,-0.05776175096433611,-0.3490580877354032,0.5286021882962373,850637125.5437227,7539367.990722705,1181261.2650410128,0.05156598636036,-0.0038417946799991108,0.08396877800000013,-0.4883388
22.170000000000666,-0.058615566960748156,-0.058615566960748156,-0.34991190373181524,0.6449176770764099,808661094.6507199,11374442.393770676,1165334.740192148,0.052533699303336484,-0.0030295391849991093,0.07848232100000013,-0.6089526
22.180000000000668,-0.05940984524661008,-0.05940984524661008,-0.35070618201767717,0.5630708795537338,761479367.2668592,12533071.182579469,1143289.8014110401,0.05348188486454894,-0.002273226919999108,0.07278013200000014,-0.5314852
22.19000000000067,-0.06014933699608316,-0.06014933699608316,-0.35144567376715025,0.4204020193718213,712646822.7170912,9337424.68823346,1116927.9191966616,0.054405290648949306,-0.0015685432449991064,0.06815660300000013,-0.3932206
22.20000000000067,-0.06085263101612681,-0.06085263101612681,-0.3521489677871939,0.04403425888056362,672649178.777217,500262.8303360832,1087986.0275940634,0.05530054566376144,-0.000897322544999105,0.06608753700000014,-0.0205926
22.210000000000672,-0.06153405842436582,-0.06153405842436582,-0.3528303951954329,0.36619393505163345,631735190.6308795,8302203.648885348,1061044.4603180664,0.056167525984875094,-0.00024559126999910345,0.06425871800000015,-0.3451712
22.220000000000674,-0.062198318188871116,-0.062198318188871116,-0.3534946549599382,-0.08972932522968327,602058943.3019092,-1460593.1837725858,1036958.5451858654,0.05700884587731911,0.00039108779500089804,0.06307709500000014,0.1088466
22.230000000000675,-0.06286090532767546,-0.06286090532767546,-0.35415724209874255,-0.11987028939860511,579546445.4423969,-5154244.091774412,1014501.9488074554,0.057826896909025344,0.0010280120100008994,0.06430774800000014,0.137284
22.240000000000677,-0.06353605374797383,-0.06353605374797383,-0.3548323905190409,-0.17303580245999678,566986229.6811976,-5582788.598243967,997052.2991148551,0.05862509703292171,0.0016792775000009008,0.06594535000000014,0.1902364
22.25000000000068,-0.06423168336374707,-0.06423168336374707,-0.35552802013481416,-0.35336086120932636,564903272.6726534,-12565900.822873577,985447.9384895758,0.05940885597430576,0.0023527535800009023,0.06874986600000015,0.3706668
22.26000000000068,-0.06496077057162042,-0.06496077057162042,-0.3562571073426875,-0.45860149336999734,574384555.7797709,-16339861.684340147,978763.9061713897,0.060183414317078826,0.0030614332000009035,0.07298605800000015,0.4765716
22.27000000000068,-0.06572015512260104,-0.06572015512260104,-0.35701649189366813,0.05862896853855731,580644758.2327311,-4103691.3487042896,978849.3243346291,0.060954476989155376,0.003802227470000905,0.07517279600000014,-0.039224
22.280000000000683,-0.066483799700226,-0.066483799700226,-0.3577801364712931,0.1709290925796953,581467422.6375942,1392924.2376078432,981595.7270208955,0.06172684235666956,0.004549199520000906,0.07422161400000014,-0.1510124
22.290000000000685,-0.06723625354646973,-0.06723625354646973,-0.3585325903175368,0.047142101550883456,578869894.3746479,-2639256.531107973,980408.7293984717,0.06250009753567862,0.005286929415000908,0.07332436500000014,-0.0284374
22.300000000000686,-0.06799382044721958,-0.06799382044721958,-0.35929015721828667,-0.46974882993239464,587977408.5954847,-16739134.79688708,975863.1350647183,0.06327062780712792,0.006031646085000909,0.07561896900000015,0.4873582
22.310000000000688,-0.06877312213969594,-0.06877312213969594,-0.36006945891076303,0.02293718124427064,595130451.2187638,-6468410.453936187,974521.3143753965,0.06403815732312415,0.006799897155000911,0.07803124500000015,-0.004903
22.32000000000069,-0.06956227846053742,-0.06956227846053742,-0.3608586152316045,0.02967597883498822,602130075.564436,-3530430.315842813,977557.2477530286,0.0648063930304604,0.007579817365000912,0.07795279700000016,-0.0107866
22.33000000000069,-0.07034908994305827,-0.07034908994305827,-0.36164542671412536,0.011504393910802947,605905253.7867051,-5693583.405921077,979006.2355717253,0.06557689441558232,0.008359247275000915,0.07793318500000015,0.0068642
22.340000000000693,-0.07113930603926943,-0.07113930603926943,-0.3624356428103365,-0.1888820676474398,614170115.2101182,-10196023.408803184,978298.2632261146,0.06634783974548966,0.009143923395000916,0.07900203900000015,0.2069066
22.350000000000694,-0.07193733650676049,-0.07193733650676049,-0.3632336732778276,0.05365938343165262,619814873.3164454,-5592081.560564731,978822.2970135143,0.06711867078080427,0.009938233910000918,0.07986006400000015,-0.0353016
22.360000000000696,-0.07273847974192688,-0.07273847974192688,-0.36403481651299396,-0.0429723844083465,626736073.6332594,-6357678.057920939,980243.4002827386,0.06789044678983339,0.01073749645500092,0.07999244500000015,0.0617778
22.370000000000697,-0.07353034612498205,-0.07353034612498205,-0.36482668289604914,0.40333502023959844,622070439.3592143,4500581.44059436,980827.9253838618,0.06866325890240979,0.011529355470000922,0.07837935800000015,-0.3843952
22.3800000000007,-0.07428280087369421,-0.07428280087369421,-0.3655791376447613,0.8127554928535812,599489399.2816143,19857838.86733628,978205.4912798414,0.06943520141377338,0.012283682020000923,0.07248595200000015,-0.794286
22.3900000000007,-0.07495476552358032,-0.07495476552358032,-0.3662511022946474,1.1907579470937635,551081400.8050816,32758200.46789652,966805.1360389844,0.07020041758591664,0.012959315420000925,0.06264072800000015,-1.1747588
22.400000000000702,-0.0755124550815191,-0.0755124550815191,-0.3668087918525862,1.3767322908541582,477864445.7903402,43625783.00797192,941217.2630497717,0.07094757435047336,0.013522228850000926,0.04994195800000015,-1.3649952
22.410000000000704,-0.07595681711303925,-0.07595681711303925,-0.36725315388410634,0.5888785279415033,403918118.1963241,25097397.549071744,899946.4283059386,0.0716621811918062,0.013972961640000928,0.040204600000000146,-0.5824764
22.420000000000705,-0.07633242011872188,-0.07633242011872188,-0.36762875688978897,0.19587168676472178,339969007.57592463,14115835.74730995,849222.8587230269,0.0723324685836598,0.01435561627500093,0.036326327000000144,-0.1931782
22.430000000000707,-0.076678344848163,-0.076678344848163,-0.3679746816192301,0.20650914819028637,286975518.67459226,14278488.704065066,801972.8308349352,0.07295615173344736,0.014708950970000932,0.034340612000000145,-0.2039648
22.44000000000071,-0.07699227948530674,-0.07699227948530674,-0.3682886162563738,0.6707137087480579,229758067.83035302,28356518.321386404,761889.4209155069,0.07353885691108578,0.015030587770000934,0.029986748000000146,-0.666808
22.45000000000071,-0.07727208858677792,-0.07727208858677792,-0.368568425357845,-0.18292330470613558,188753732.60752392,7131477.562743076,722021.7105513735,0.07408456539787786,0.015318467415000935,0.027589181000000147,0.1872946
22.46000000000071,-0.0775453780876742,-0.0775453780876742,-0.3688417148587413,-0.044105899956251825,155720941.10331178,7273846.280003177,682396.5373814538,0.07459398032663597,0.015600291855000937,0.028775707000000147,0.0500106
22.470000000000713,-0.07782426914819479,-0.07782426914819479,-0.3691206059192619,0.04705157020013785,131424547.11243749,11154935.770905241,651078.0832751676,0.07507135539109003,0.01588836762000094,0.028839446000000147,-0.0372628
22.480000000000715,-0.0781083160902436,-0.0781083160902436,-0.3694046528613107,-0.25624405922352095,117778570.57910013,1548359.635179949,625690.7375160793,0.07552337563167347,0.01618257213500094,0.030001457000000148,0.269665
22.490000000000716,-0.07841199995670539,-0.07841199995670539,-0.3697083367277725,-0.320055822810878,115175105.20576477,-1921599.1744146394,603510.7859148072,0.07595425934772268,0.016497761490000942,0.033036414000000146,0.3373264
22.500000000000718,-0.07873164776643743,-0.07873164776643743,-0.37002795600443433,0.25892370544146626,108246537.8279581,12838018.775628643,589071.1689262039,0.07636887130081113,0.016830650675000943,0.033541423000000146,-0.2363246
22.51000000000072,-0.07905342477651334,-0.07905342477651334,-0.37034969434563286,-0.2825631716934979,110547763.5739336,-346509.9708028231,576859.0033646022,0.0767718137350448,0.017167879015000945,0.033904245000000145,0.308889
22.52000000000072,-0.07937490853217954,-0.07937490853217954,-0.3706711391057673,0.3179384017106803,103596292.46046495,12682621.27042463,563529.1921387598,0.07716374312602556,0.017507436280000947,0.03400720800000014,-0.2882964
22.530000000000722,-0.07968033933248389,-0.07968033933248389,-0.3709765306661089,0.28881062058895146,94034591.76326275,15592463.813149005,551066.5967292335,0.07754457994417899,0.01783390253500095,0.031286043000000145,-0.2559366
22.540000000000724,-0.07995168787864662,-0.07995168787864662,-0.3712478398140056,0.4677368549045784,73816259.03392792,19155376.41061271,534106.6985743779,0.0779129944835105,0.01812952892000095,0.027839234000000143,-0.4334252
22.550000000000725,-0.08017937286208288,-0.08017937286208288,-0.371475485332926,0.522260828654129,46684042.15257621,23589917.035745636,510756.15257177735,0.07826454137755653,0.01838490167500095,0.023235317000000144,-0.4873582
22.560000000000727,-0.08036317632390133,-0.08036317632390133,-0.3716592493613148,0.24300287775444673,19615748.621968985,15803620.624561798,482022.971261575,0.07859444370044102,0.01859987371000095,0.019759090000000146,-0.2078872
22.57000000000073,-0.08051770262806601,-0.08051770262806601,-0.3718137363634881,0.16281987747844615,-4387896.163737774,13860155.551676948,449406.99625299353,0.07889912671113561,0.018789080480000952,0.018082264000000146,-0.127478
22.58000000000073,-0.08065649740603822,-0.08065649740603822,-0.3719524920707547,0.060618414986459576,-22533344.011901855,10469638.453416767,418532.8618811643,0.0791779735190267,0.018966127810000954,0.017327202000000146,-0.0235344
22.59000000000073,-0.08077522978148874,-0.08077522978148874,-0.37207118570318254,0.5184393934176296,-47758741.20161557,23245134.576500215,390470.7158714094,0.07943321841003295,0.019126823635000956,0.014811963000000147,-0.4795134
22.600000000000733,-0.08084699214232183,-0.08084699214232183,-0.37214290974446024,0.7813033828749505,-85124524.3754642,33015629.520036027,361311.2996122789,0.07966607797948236,0.01924442209000096,0.008707728000000147,-0.7413336
22.610000000000735,-0.08085657674899313,-0.08085657674899313,-0.37215245655889223,0.406064007304837,-125041500.93460298,24777384.775311224,322909.5402374321,0.079873275321969,0.01930377290500096,0.0031624350000001474,-0.367725
22.620000000000736,-0.08082349552993146,-0.08082349552993146,-0.3721193381930499,0.11320163183406665,-158987899.00375748,16003490.857622653,275756.7362958414,0.08004880336870737,0.01932429196000096,0.0009413760000001469,-0.0764868
22.630000000000738,-0.0807707319577542,-0.0807707319577542,-0.37206653824525915,0.15482685364990054,-187124535.76040554,16859045.35933016,229968.14135097997,0.08019087289937507,0.01932885175000096,-2.9417999999853113e-05,-0.117672
22.64000000000074,-0.08070743816942569,-0.08070743816942569,-0.37200320897539874,-0.0016572711426681714,-207139121.0058298,12457868.140855467,188741.22917605014,0.08030286781346188,0.019326620885000964,-0.0004167549999998531,0.0402046
22.65000000000074,-0.0806473954154753,-0.0806473954154753,-0.37194313175565363,-0.2815858132766293,-214831781.30132914,3538021.6234267903,150705.22522675028,0.08038881760077005,0.019331499370000966,0.0013924520000001468,0.3216368
22.660000000000743,-0.08060612895298189,-0.08060612895298189,-0.3719018319626673,-0.18626817265579282,-214320597.63315248,4065845.2984380852,119813.29543202979,0.08045325079566343,0.019359201320000966,0.004147938000000148,0.2294604
22.670000000000744,-0.08060314835878671,-0.08060314835878671,-0.3718988192722796,-0.8773619453552636,-189956970.7503786,-16087145.000074564,99047.6442500988,0.08050223876480961,0.019429534855000968,0.009918769000000148,0.9247058
22.680000000000746,-0.08067031979880765,-0.08067031979880765,-0.37196595989426595,-0.8651404315983886,-147849216.37443352,-21713350.468690764,92813.88222167768,0.08054328727110358,0.01957481074500097,0.01913640900000015,0.9188222
22.690000000000747,-0.08082167269632876,-0.08082167269632876,-0.37211728319877974,-0.7596644925448324,-91157607.82125068,-20876188.591243416,109605.32281821131,0.08058688702789502,0.01980971347500097,0.02784413700000015,0.8227234
22.70000000000075,-0.08103642876615469,-0.08103642876615469,-0.3723320107886973,-0.15170199946161672,-40262938.76973534,-7397433.978537399,141866.98891390045,0.08064440322485067,0.02011428783500097,0.03307073500000015,0.2225962
22.71000000000075,-0.08128012618775501,-0.08128012618775501,-0.3725756807832652,-0.09462769454455283,4765790.675863743,-4502645.639821704,174521.61364465658,0.08072165311495083,0.02045480118500097,0.03503193500000015,0.1696438
22.720000000000752,-0.0815364750619888,-0.0815364750619888,-0.37283200330728933,-0.16514378969926957,44958414.21122861,-8507330.643500611,199411.3145588603,0.08081743740431219,0.020815392320000972,0.03708629200000015,0.2412276
22.730000000000754,-0.08179984016621322,-0.08179984016621322,-0.3730953432011068,0.14423209329740694,76042153.39660907,-71082.86340946204,218927.58191219674,0.08092808219000236,0.021190594395000973,0.03795412300000015,-0.0676614
22.740000000000755,-0.08205701376519231,-0.08205701376519231,-0.3733524927961312,0.12432793029278705,100510502.07614136,-233927.0786215549,234916.39181631192,0.08105092092444335,0.021567242855000973,0.03737556900000015,-0.0480494
22.750000000000757,-0.08229498105185915,-0.08229498105185915,-0.37359043735024117,0.37536453860772306,112528222.94537377,6930621.359329888,243907.6144056024,0.08118260653043283,0.021932271205000974,0.03563010100000015,-0.3010442
22.76000000000076,-0.08250844458166828,-0.08250844458166828,-0.3738038794852736,0.10509326679826758,122272711.19118595,859900.9949848652,245829.18399298712,0.0813183433003273,0.022280212600000977,0.03395817800000015,-0.0333404
22.77000000000076,-0.08269549819206787,-0.08269549819206787,-0.37399091310295934,0.47084570417744276,120162699.37741303,10290175.33154201,242192.26111035867,0.0814537033147783,0.02260890972000098,0.03178124600000015,-0.402046
22.78000000000076,-0.08284402540880073,-0.08284402540880073,-0.37413942178810666,0.4942710715162519,109759311.22331548,13870109.762818787,234103.45930500876,0.08158518623248956,0.02290595797500098,0.02762840500000015,-0.4285222
22.790000000000763,-0.08294475757427416,-0.08294475757427416,-0.3742401369408032,0.4524142031669341,91155813.87153244,13393791.228784092,217968.01158160775,0.08170858529063338,0.02316174748500098,0.02352949700000015,-0.3912594
22.800000000000765,-0.08300633036427643,-0.08300633036427643,-0.3743016942989616,0.16727554099675504,74313806.57022858,7021944.356762972,193879.77677629265,0.08181857412454732,0.02338449077500098,0.02101916100000015,-0.1108078
22.810000000000766,-0.08303820198932926,-0.08303820198932926,-0.37433355213519703,0.40108131281689974,52877835.12015009,12942121.402524656,167618.56703842978,0.08191204720993103,0.02358320936500098,0.018724557000000152,-0.348113
22.820000000000768,-0.08304153042672105,-0.08304153042672105,-0.3743368684830984,0.1722893398113214,34173063.0501647,8989174.08035948,140469.48602260972,0.08198861853462505,0.023758687735000984,0.01637111700000015,-0.122575
22.83000000000077,-0.08302564993922715,-0.08302564993922715,-0.37432097766433736,0.02269700298771716,19198444.270848274,3742417.783612254,110700.72090842367,0.08204799431159118,0.023919922890000986,0.01587591400000015,0.0235344
22.84000000000077,-0.08300837304563846,-0.08300837304563846,-0.3743036922666263,-0.16184653201846153,13407812.755661726,-1077811.1333135646,81917.3246084139,0.08209066042609661,0.024084418540000988,0.01702321600000015,0.205926
22.850000000000772,-0.08300424589904157,-0.08300424589904157,-0.37429955850626184,-0.22505158669922853,15812439.473405123,-4501360.279934245,60202.41298381326,0.08211977488542296,0.02426651596000099,0.01939626800000015,0.2686844
22.860000000000774,-0.08301158825949209,-0.08301158825949209,-0.3743068961679228,0.1531121774363438,15783158.910751343,5747861.6842141105,47226.28259863445,0.0821401003647245,0.024464474585000992,0.02019545700000015,-0.1088466
22.870000000000775,-0.08302107594867214,-0.08302107594867214,-0.37431638105766046,-0.1670231851748889,20948530.18740678,-2199430.336191064,37744.798083176815,0.08215513162401561,0.024668978715000994,0.02070536900000015,0.210829
22.880000000000777,-0.0830486408538037,-0.0830486408538037,-0.37434394507266067,-0.5422114645566916,38098931.124262094,-14706254.251940576,26466.446635065204,0.08216566940660985,0.024895914070000996,0.02468170200000015,0.5844376
22.89000000000078,-0.08310176378885625,-0.08310176378885625,-0.37439706896716857,0.2290659580045912,48460872.2256248,4636892.52209952,27263.999907763282,0.08217384832411995,0.025152733210001,0.02668212600000015,-0.1843528
22.90000000000078,-0.08314600016071041,-0.08314600016071041,-0.37444130790383423,0.4395217766590336,48116843.57982564,13734349.765435323,35866.21805839913,0.08218389554821831,0.025405090620001,0.02378935600000015,-0.3942012
22.91000000000078,-0.08316262208953029,-0.08316262208953029,-0.3744579338736934,-0.0035480822846255793,46268962.06761742,1920748.5457319014,27849.59722271922,0.08219430283206736,0.025634207810001003,0.02203408200000015,0.0431464
22.920000000000783,-0.08316577863731683,-0.08316577863731683,-0.3744610967082376,0.10615704457428925,42691321.7536006,4247826.7199056465,4900.9506609515765,0.08219922428196635,0.025853813180001003,0.02188699200000015,-0.0725644
22.930000000000785,-0.08316509442396217,-0.08316509442396217,-0.37446042096505355,-0.055151853549330575,43518204.89623189,589447.781333846,-18661.045131519284,0.08219697932650882,0.026073001795001004,0.02195073100000015,0.0853122
22.940000000000786,-0.08316789840793795,-0.08316789840793795,-0.37446323428600475,-0.13540394758380797,48134116.09695101,-2665924.278650764,-32372.19651418728,0.08218885163959899,0.026298760430001004,0.02320099600000015,0.1647408
22.950000000000788,-0.0831915357614817,-0.0831915357614817,-0.37448688161478855,-0.5074204677806039,66028696.94647765,-13543628.109431418,-40672.03096689538,0.08217621921939494,0.026548274100001008,0.026701738000000152,0.5354076
22.96000000000079,-0.08325517226435317,-0.08325517226435317,-0.37455052897704033,-0.4497648395763148,92776059.50250578,-14867055.633164464,-37251.261728094585,0.0821625422138858,0.02684066450500101,0.03177634300000015,0.4795134
22.97000000000079,-0.08336576201822785,-0.08336576201822785,-0.3746611306808022,-0.47122770546888837,128386448.28772473,-16244239.35457104,-17139.371178884463,0.08215364381385357,0.027183016480001012,0.03669405200000015,0.5040284
22.980000000000793,-0.08352648548049371,-0.08352648548049371,-0.3748218672204656,-0.6131731855475666,173167410.92372513,-22549573.528358735,27148.21360262989,0.08215514822619671,0.027578860185001015,0.04247468900000015,0.652099
22.990000000000794,-0.08374147388791764,-0.08374147388791764,-0.3750368693808522,-0.47305462465689174,222436039.40983748,-20603976.738090094,64644.00784887127,0.0821715108247229,0.028032657350001017,0.04828474400000015,0.509912
23.000000000000796,-0.08399889541318997,-0.08399889541318997,-0.3752943050312902,-0.13806491178172364,267482912.48601127,-12365670.013707424,105406.14322574645,0.08220729898110912,0.028532689805001017,0.05172174700000015,0.1774886
23.010000000000797,-0.0842727295280562,-0.0842727295280562,-0.3755681536046592,0.09266365868764032,302595650.9727361,-5337221.37726555,142491.015167216,0.0822657853521,0.029052922620001018,0.05232481600000015,-0.0568748
23.0200000000008,-0.08453623964209342,-0.08453623964209342,-0.375831678517306,0.3656933920274266,322531396.44131184,2999821.366904754,170043.89596550347,0.0823437407542085,0.02956643832500102,0.05037832500000015,-0.3324234
23.0300000000008,-0.08476623755315002,-0.08476623755315002,-0.3760616915571964,0.5164432049676118,326941153.5565715,9392081.944737708,185642.20916217557,0.08243529102902006,0.03004965349000102,0.04626470800000015,-0.4903
23.040000000000802,-0.08495509770023088,-0.08495509770023088,-0.37625056714750976,0.24693599090210736,325382634.64280844,3632387.049032449,188378.91742102383,0.08253263753772985,0.030494380105001023,0.042680615000000144,-0.2265186
23.050000000000804,-0.0851017609593496,-0.0851017609593496,-0.3763972461351074,0.6775658039638507,308944799.07500505,16087602.294029966,181763.85187496358,0.08262852682804755,0.030898902120001025,0.03822378800000015,-0.6648468
23.060000000000805,-0.085192866448777,-0.085192866448777,-0.3764883676017425,0.62024889948869,283266278.2248738,18491309.283952624,168207.10673923063,0.08271772635283747,0.031249196955001026,0.031835179000000144,-0.612875
23.070000000000807,-0.08522968573446307,-0.08522968573446307,-0.3765252030729199,0.25339065289808743,256548487.01074076,9354527.893083608,142791.1862105568,0.08279443136550987,0.03154585297000103,0.027496024000000143,-0.254956
23.08000000000081,-0.08523340305423863,-0.08523340305423863,-0.37652893675393484,0.1970549328431934,232217380.5075705,8316521.074527844,109703.00883175609,0.08285388943363439,0.031809340190001034,0.025201420000000144,-0.2039648
23.09000000000081,-0.0852323341706131,-0.0852323341706131,-0.376527884376184,-0.4560491316870028,226347536.0675397,-9406477.493957093,78069.39571261786,0.08289525727873587,0.032067360565001035,0.026402655000000143,0.4442118
23.10000000000081,-0.08525091213282815,-0.08525091213282815,-0.37654647895002685,-0.07083559926622253,224887915.0565915,-1783853.1572861117,54583.62810060177,0.08292206260891544,0.032343963310001035,0.028917894000000142,0.058836
23.110000000000813,-0.08529000544776369,-0.08529000544776369,-0.37658558890358995,-0.2229039709480346,232583847.55730605,-4186567.0253952644,45676.40630772259,0.08294088353766804,0.032639908390001034,0.030271122000000143,0.2118096
23.120000000000815,-0.08534225918134977,-0.08534225918134977,-0.3766378591776483,-0.009780324453469219,238581003.90210032,-477806.15012107836,43482.597003015166,0.08295711819423796,0.03294791485000104,0.03133017000000014,0.0
23.130000000000816,-0.08539558076342216,-0.08539558076342216,-0.3766911970662814,0.19975451396200675,240274273.61666846,7094185.778270073,43295.66891911603,0.08297280072497168,0.03325597034000104,0.030280928000000144,-0.2098484
23.140000000000818,-0.08543888574611899,-0.08543888574611899,-0.3767345180095491,0.010949111147932622,241416498.2870047,1988140.0845142577,40539.14261579965,0.0829878232554638,0.033552994080001036,0.029123820000000144,-0.0215732
23.15000000000082,-0.08546237546927377,-0.08546237546927377,-0.37675802327643865,0.5709743188665497,228843242.94966388,17794445.134174574,31298.92373804399,0.08300024727387295,0.03382908201000104,0.026093766000000143,-0.5844376
23.16000000000082,-0.08545110111249132,-0.08545110111249132,-0.37674676407007895,0.23768272804255916,214512483.65689445,11826855.801559363,13745.218744135367,0.08300732844472297,0.03406905934500104,0.02190170100000014,-0.2539754
23.170000000000822,-0.08540566110477463,-0.08540566110477463,-0.37670133871143985,0.3203094101301165,194150879.75362325,13403987.304772086,-26667.432725785264,0.08300515740758893,0.034273097690001045,0.01890596800000014,-0.3451712
23.180000000000824,-0.08534214434029147,-0.08534214434029147,-0.3766378357718278,-0.15520215943692398,183976624.42333055,2026134.6186550607,-57674.346822668325,0.08299010982288058,0.03445683761500105,0.01784201700000014,0.132381
23.190000000000826,-0.08528586103758906,-0.08528586103758906,-0.37658156527766673,-0.2992290033839778,183669951.6520779,-4687051.335289499,-81470.18887214559,0.08296196029680397,0.034645431510001046,0.01987676200000014,0.274568
23.200000000000827,-0.08525123651918046,-0.08525123651918046,-0.3765469525083782,-0.1126912055459984,189170404.61532116,222854.13099560747,-93678.32325791921,0.08292429761351192,0.034853392255001045,0.02171538700000014,0.093157
23.21000000000083,-0.08522756209243004,-0.08522756209243004,-0.376523288735081,0.086623515367356,192811265.49331665,5374677.081045104,-96106.17102936468,0.0828825802739907,0.035070251945001046,0.021656551000000142,-0.1049242
23.22000000000083,-0.08519278832644026,-0.08519278832644026,-0.3764885244812967,0.38345701460295795,186939879.1677451,14691371.869661195,-98894.68238763332,0.08283942337568662,0.03527421674500105,0.019136409000000142,-0.3991042
23.23000000000083,-0.08512879414570163,-0.08512879414570163,-0.3764245386074568,0.3153272576513758,174826901.76575375,14338579.311663527,-108270.0903472469,0.08279286021642399,0.035447268130001056,0.015473868000000142,-0.333404
23.240000000000833,-0.08503196833283058,-0.08503196833283058,-0.37632771982166946,0.29920494799051184,157918660.26554608,14495398.391497917,-126396.67071467727,0.08273845708284855,0.03558572885000106,0.012218276000000142,-0.3177144
23.250000000000835,-0.08491498287069693,-0.08491498287069693,-0.3762107400302244,-0.10731518997165547,148389180.05409265,3900686.1900405283,-148568.59531360056,0.08267215875839429,0.03570212607000106,0.011061168000000142,0.0862928
23.260000000000836,-0.08479116368875228,-0.08479116368875228,-0.37608692509460384,0.188794673676701,137394928.11201334,10528943.970836591,-168330.60099020903,0.08259295211963913,0.03580969789000106,0.010453196000000142,-0.2078872
23.270000000000838,-0.08464858733860073,-0.08464858733860073,-0.37594435150702105,0.4800536584593393,119431531.64307761,20711941.055242613,-183804.90280376744,0.08250256229011554,0.03589655453500106,0.006918133000000142,-0.4991254
23.28000000000084,-0.08446101004406295,-0.08446101004406295,-0.3757567754369922,0.6511973072468933,89068885.31191802,26992921.624298386,-202812.25370478662,0.08240100681411386,0.03593651398500106,0.001073757000000142,-0.6697498
23.29000000000084,-0.0842099850720105,-0.0842099850720105,-0.3755057500961487,0.7555225596310533,46385923.57464337,32531495.97228559,-231929.3249843486,0.08228350537172463,0.035911067415001066,-0.006163070999999858,-0.7776158
23.300000000000843,-0.08389529639688734,-0.08389529639688734,-0.3751910594042626,0.384371615197668,3074067.78924489,24224782.31046988,-269933.3019976001,0.08214302782694738,0.03581979807000107,-0.012090797999999858,-0.4079296
23.310000000000844,-0.08353090329679866,-0.08353090329679866,-0.37482666258803876,0.46397918348313194,-42391841.512690306,26516284.472181812,-312030.1046060469,0.08197399429164576,0.03567643435000107,-0.016581945999999858,-0.4903
23.320000000000846,-0.08313097438867559,-0.08313097438867559,-0.3744267282189128,0.10917213392033887,-79322203.9441793,18395398.261665985,-352445.3690549156,0.0817743805225225,0.03549499883500107,-0.01970515699999986,-0.1343422
23.330000000000847,-0.08271432851349778,-0.08271432851349778,-0.37401007509733913,-0.013595051818098348,-108088148.00542593,13533367.890996117,-389607.0465810159,0.08154506924746849,0.03529429453000107,-0.02043570399999986,-0.0117672
23.34000000000085,-0.08230838161822776,-0.08230838161822776,-0.37360411913402447,-0.5099268902648711,-116458286.8592906,-509758.6264921818,-420260.6102791304,0.08128912766845917,0.03510185178000107,-0.01805284599999986,0.4883388
23.35000000000085,-0.08194367729545868,-0.08194367729545868,-0.3732394038887292,-0.6162540676891898,-106960533.61377168,-7401503.331288433,-440195.7881027984,0.08101300138787576,0.03494848594000107,-0.012620321999999858,0.598166
23.360000000000852,-0.08163547678793945,-0.08163547678793945,-0.37293119057572155,-0.5177175843504351,-83993499.80095482,-6377641.953858437,-446235.36339988874,0.0807264382807309,0.034849911125001076,-0.007094640999999857,0.5069702
23.370000000000854,-0.08138238235675985,-0.08138238235675985,-0.372678081431896,-0.5525538171952263,-50999612.54956889,-9746018.382786002,-440449.81525504834,0.08043977310981015,0.03480531834000108,-0.001823915999999857,0.5471748
23.380000000000855,-0.08118742436234311,-0.08118742436234311,-0.3724831067976676,-0.7026322517734621,-6598684.120931864,-16111670.575956533,-427600.460603849,0.08016061223527329,0.03481836032000108,0.004432312000000142,0.7040708
23.390000000000857,-0.0810468331999531,-0.0810468331999531,-0.372342497052033,-0.21685496032704107,35450729.33625007,-5762259.412071085,-407038.1563880426,0.07989521384453607,0.03488587463000108,0.009070550000000142,0.2235768
23.40000000000086,-0.08093369317712831,-0.08093369317712831,-0.3722293364913794,0.038313050223810395,69900976.05979323,2159675.1006226474,-381585.9131395289,0.07964912089280127,0.034981532160001085,0.010060956000000142,-0.0254956
23.41000000000086,-0.08082159192771754,-0.08082159192771754,-0.3721172127426482,0.09873362657213602,94649998.12134075,3300381.859606607,-360091.8514598688,0.0794211393423358,0.035079396040001085,0.009511820000000141,-0.0843316
23.42000000000086,-0.0807095100407588,-0.0807095100407588,-0.37200510639026546,-0.23649277615014436,121016318.91284895,-5721516.542876633,-345820.194499124,0.07920665731788346,0.035178730820001086,0.010355136000000141,0.2529948
23.430000000000863,-0.0806027694242914,-0.0806027694242914,-0.3718983393398097,0.16064661095810684,139501439.1644237,2989238.030427484,-333682.42112856824,0.07900208381403753,0.03528502786000109,0.010904272000000142,-0.1431676
23.440000000000865,-0.08049453501645562,-0.08049453501645562,-0.37179007653161633,-0.02500334615570448,157753168.8921306,-33548.77427893557,-321586.2674689637,0.0788065486132867,0.03539161908000109,0.010413972000000141,0.0451076
23.450000000000866,-0.08039036285714751,-0.08039036285714751,-0.37168587401216424,-0.27310713731551867,179255490.33550882,-9199740.524580527,-312754.44103927416,0.07861868547036152,0.03550421647500109,0.01210550700000014,0.2931994
23.460000000000868,-0.08030881715958677,-0.08030881715958677,-0.37160429600528583,-0.33384084910749134,207207608.86284494,-11674468.588511486,-303141.5931803754,0.07843761666431587,0.035641524990001096,0.015356196000000141,0.3569384
23.47000000000087,-0.0802598817686973,-0.0802598817686973,-0.371555326373012,-0.3636234313215374,240796020.25439095,-14552638.721394505,-287206.3723697444,0.0782659988737382,0.035813742865001094,0.01908737900000014,0.3892982
23.48000000000087,-0.08024814642125716,-0.08024814642125716,-0.37154355487795965,-0.42691402622227326,280070967.29956484,-17330749.055771444,-265995.41558701586,0.07810787555593107,0.036025773100001095,0.02331866800000014,0.4569596
23.490000000000872,-0.08027116569089196,-0.08027116569089196,-0.37156653612819346,-0.17273319923063563,317383757.0533972,-12381150.79767326,-239576.38221064533,0.07796668635753867,0.036275531920001096,0.02663309600000014,0.205926
23.500000000000874,-0.0803116054238967,-0.0803116054238967,-0.3716069360137884,0.0755768417778519,347135377.8010926,-4893652.2096207235,-209978.94943080776,0.07784483288605562,0.0365460549450011,0.02747150900000014,-0.0382434
23.510000000000876,-0.08034477204001406,-0.08034477204001406,-0.3716400610052941,0.312554126917523,363758597.5163739,1839182.917515147,-183616.18306314232,0.0777415812223955,0.0368129497500011,0.02590745200000014,-0.274568
23.520000000000877,-0.08034772659003533,-0.08034772659003533,-0.37164297220460385,0.5078665922257367,365149994.08144116,9206238.40742811,-166148.06286562665,0.07765232034365044,0.0370534173850011,0.02218607500000014,-0.4697074
23.53000000000088,-0.08031346098173434,-0.08031346098173434,-0.37160866156273387,0.1605863358200468,362653026.75004196,920251.0788806272,-161056.59882898984,0.07756999466031017,0.0372603975300011,0.01920995400000014,-0.1255168
23.54000000000088,-0.08024782153583052,-0.08024782153583052,-0.37154297543495696,0.4259801724111343,350722487.3029368,8054651.531287916,-164915.4627349831,0.07748796463342905,0.0374395531500011,0.01662117000000014,-0.39224
23.550000000000882,-0.0801595834423886,-0.0801595834423886,-0.3714546890459652,-0.10855464909178393,345971293.1337364,-4632745.736925004,-172279.670617377,0.07740238444783118,0.0375994644950011,0.01536109900000014,0.1402258
23.560000000000883,-0.08006898107220317,-0.08006898107220317,-0.371364036809059,-0.11428635246434381,344857514.81375885,-7309547.257035933,-180662.03681209954,0.07731177766131322,0.0377602338650011,0.01679277500000014,0.1461094
23.570000000000885,-0.07999657837130222,-0.07999657837130222,-0.37129158272518326,-0.3908594173575881,356269226.63434625,-14488795.286751183,-183263.8045321469,0.07721763980798879,0.0379424048300011,0.01964141800000014,0.4236192
23.580000000000886,-0.07995437409183254,-0.07995437409183254,-0.37124932561830487,-0.3119316700713495,373464424.0534568,-15107315.44312867,-177453.40718750094,0.07712453710862555,0.0381581123150011,0.02350007900000014,0.348113
23.590000000000888,-0.07993833635140882,-0.07993833635140882,-0.37123323369360034,-0.03193880433908474,389632793.86944056,-7136577.650691955,-164273.22649786965,0.07703756386062166,0.0384035810100011,0.02559366000000014,0.0706032
23.60000000000089,-0.07993666299685337,-0.07993666299685337,-0.3712315048957235,-0.1987661559809375,407372766.39602923,-11910739.614395166,-147798.22488491188,0.07695993443522722,0.038667288865001107,0.02714791100000014,0.240247
23.61000000000089,-0.07994314046087717,-0.07994314046087717,-0.37123792575695996,0.10345154499268248,418530155.5850558,-4419881.250596692,-133048.7641232193,0.07689185004150365,0.03894322970500111,0.028040257000000138,-0.0617778
23.620000000000893,-0.0799394913571857,-0.0799394913571857,-0.3712342189890458,0.39695921695171943,418540767.1440234,5237624.716608648,-119328.2045212842,0.07683227073650487,0.03921323791500111,0.02596138500000014,-0.3539966
23.630000000000894,-0.07990206594352178,-0.07990206594352178,-0.3711967349379939,0.4537213466087251,406479585.0777235,8580139.51838443,-114126.18077660204,0.07677824852580933,0.03945365652000111,0.022122336000000138,-0.4138132
23.640000000000896,-0.07981707290981108,-0.07981707290981108,-0.3711116823527185,0.5983394587712135,381370291.6417961,14265313.806185026,-122002.03894447548,0.07672344699481415,0.03965048745500111,0.017243851000000136,-0.5618838
23.650000000000897,-0.07967496991983039,-0.07967496991983039,-0.37096951892990826,0.6340332372433983,345468829.95404506,17786772.165900007,-140754.9294235311,0.07666076919927983,0.03979380214500111,0.011419087000000137,-0.603069
23.6600000000009,-0.07948753504824618,-0.07948753504824618,-0.3707820227751499,-0.053102343258346264,317402189.63069606,412751.40402363974,-169343.55910909138,0.0765836187643733,0.039894902005001114,0.008800885000000137,0.0794286
23.6700000000009,-0.07928270800420936,-0.07928270800420936,-0.3705771336467291,0.1678790199166719,290588541.0706341,4641485.128238502,-198507.98056767715,0.0764881289042301,0.03998126835000111,0.008472384000000137,-0.1451288
23.680000000000902,-0.0790766480279633,-0.0790766480279633,-0.37037101086381047,-0.233319035545938,276913381.3184171,-4453587.043320519,-220138.24427515047,0.07637593660008363,0.040068762385001115,0.009026423000000137,0.2559366
23.690000000000904,-0.07888438663509098,-0.07888438663509098,-0.3701786860422551,-0.25317459744499,270909723.7832222,-7849720.772755548,-235903.2666802404,0.07625110402212848,0.040172289230001115,0.011678946000000138,0.274568
23.700000000000905,-0.07871847963441361,-0.07871847963441361,-0.3700127150993562,-0.31450745736115465,275006121.67209387,-9149916.405924302,-243724.56169248268,0.07611816607977578,0.04030437605000112,0.014738418000000138,0.3373264
23.710000000000907,-0.07858405024587117,-0.07858405024587117,-0.36987822136928167,-0.376914973230609,286875528.1572635,-12932336.678263418,-243359.44931437724,0.0759826452007914,0.04047019551000112,0.01842547400000014,0.4000848
23.72000000000091,-0.07847980707494662,-0.07847980707494662,-0.3697739135755393,-0.13911199119896453,299730955.7828939,-6820518.768303198,-237251.16028606993,0.0758494353356566,0.04066854637500112,0.02124469900000014,0.1637602
23.73000000000091,-0.07839251059802535,-0.07839251059802535,-0.36968655231319225,-0.02273018511657079,310230310.8655307,-3704306.803472761,-226863.14083463128,0.07572199924163073,0.04088626409000112,0.02229884400000014,0.0470688
23.74000000000091,-0.0783019134402968,-0.0783019134402968,-0.36959589032256185,0.31659890341580094,309711607.08252954,6328971.323189091,-217916.38578223193,0.07560114369454321,0.04110309926500112,0.02106819100000014,-0.2931994
23.750000000000913,-0.07818411764534453,-0.07818411764534453,-0.36947802975171007,0.4774786200294084,296811595.485322,12737876.00561919,-215088.1324474228,0.07548420317927096,0.04129500268500112,0.017312493000000137,-0.4579402
23.760000000000915,-0.07801965158646049,-0.07801965158646049,-0.3693134990630244,0.5952559193877981,270340688.8422737,18033898.79093337,-222699.78366730886,0.07536560889298366,0.041442166230001125,0.012120216000000135,-0.5805152
23.770000000000916,-0.07780689256388126,-0.07780689256388126,-0.3691006756314839,0.26372884179902734,241824250.79560375,10965459.077180458,-241343.32999838,0.07523802793314077,0.04154245709500112,0.007937957000000134,-0.2559366
23.780000000000918,-0.07754192514885172,-0.07754192514885172,-0.3688356440994663,0.9656220950250983,194556258.5408728,30860949.6362596,-265749.85022270127,0.0750954616263659,0.041591364520001124,0.001843528000000134,-0.9629492
23.79000000000092,-0.07720238285620054,-0.07720238285620054,-0.36849603805903447,0.7880220730161607,138043563.5373807,31771667.62223072,-296142.621966609,0.07493335992452146,0.04156591795000113,-0.006932841999999866,-0.7923248
23.80000000000092,-0.07678679639010036,-0.07678679639010036,-0.3680803882946748,0.5001006969042906,77440457.7094717,24530129.072540805,-338088.2717139371,0.0747447119691004,0.041463984580001126,-0.013453831999999867,-0.5118732
23.810000000000922,-0.07631549476213012,-0.07631549476213012,-0.36760902390052114,0.44038300797642843,18343197.140517235,24915763.592836183,-384772.4793237732,0.07452255018596837,0.04130517641000113,-0.018307801999999866,-0.4589208
23.820000000000924,-0.07579638191798443,-0.07579638191798443,-0.3670898489144713,0.5315819341618253,-42039143.426351786,28551272.795937363,-428781.91524054774,0.07426505624995616,0.04109677439500113,-0.023372600999999868,-0.554039
23.830000000000926,-0.07522972886420587,-0.07522972886420587,-0.3665231344441491,0.39806150901451515,-100738469.3950541,27286741.451162327,-472319.73889504856,0.07397309506255001,0.040838557900001134,-0.02827069799999987,-0.4255804
23.840000000000927,-0.07462533626956411,-0.07462533626956411,-0.36591868126182,0.18187668233731533,-153506168.85230565,21690772.06175535,-515759.8254924471,0.07364563775076655,0.04053989165500114,-0.031462550999999866,-0.2127902
23.85000000000093,-0.07400020634878299,-0.07400020634878299,-0.3652934916864001,0.06767817188529661,-197930228.01916003,18981615.172169413,-556261.9402897554,0.07328280860793154,0.04021739683000114,-0.03303641399999987,-0.1019824
23.86000000000093,-0.07337295553228482,-0.07337295553228482,-0.3646661822539285,-0.232410737701177,-228145857.7629385,10261447.694298882,-591077.2449603518,0.07288755532616406,0.03988941064500114,-0.03256082299999987,0.1971006
23.870000000000932,-0.07275918724602107,-0.07275918724602107,-0.36405235649704343,-0.1421954380532493,-249412805.80613804,11388071.877279758,-618668.3468856061,0.07246497907995814,0.03957137755000115,-0.031045795999999872,0.1059048
23.880000000000933,-0.07216213916584371,-0.07216213916584371,-0.36345525219863883,-0.1520567254117888,-262597494.99322176,11041486.040693615,-638678.8567713548,0.07202140134271362,0.03926648449500115,-0.029932814999999873,0.1166914
23.890000000000935,-0.07156773020983631,-0.07156773020983631,-0.3628607883831868,0.34070216604032494,-282723088.99021435,24113607.66348418,-653598.5650653944,0.07156237216379505,0.03896065987000115,-0.031232109999999872,-0.3765504
23.900000000000936,-0.07095072635831032,-0.07095072635831032,-0.36224373113530395,0.374432561878764,-308704276.6677749,27672351.25996036,-668652.7338407461,0.07108999319968934,0.03862865322500115,-0.03516921899999987,-0.4108714
23.910000000000938,-0.07031168737425603,-0.07031168737425603,-0.36160464031858197,-0.20817657940577003,-326813733.2289734,11517947.476325762,-688822.4596633256,0.07060182213683322,0.03827090583000115,-0.03638025999999987,0.1686632
23.92000000000094,-0.06968055717456031,-0.06968055717456031,-0.3609734599470725,-0.27447953078878407,-334899188.1263318,7530028.459706138,-709714.3055647599,0.07009511989468795,0.03791717889500115,-0.03436512699999987,0.2343634
23.93000000000094,-0.06907284960141893,-0.06907284960141893,-0.3603657039596104,-0.1798397209114505,-335244631.4908242,9448441.252259368,-722814.8715269138,0.06957298447117788,0.03758289235500115,-0.03249218099999987,0.1402258
23.940000000000943,-0.06848734036168905,-0.06848734036168905,-0.359780148160659,-0.2538485678158057,-329124228.853776,6649127.033824548,-729836.8309793809,0.06904234833901013,0.03726686949000115,-0.03071239199999987,0.215732
23.950000000000944,-0.06793446991168481,-0.06793446991168481,-0.35922723310329263,-0.6180928068582413,-309124686.48722816,-4946630.383541562,-733743.2826802398,0.06850696410493679,0.036979651750001154,-0.02673115599999987,0.5805152
23.960000000000946,-0.06743349553313874,-0.06743349553313874,-0.35872621616428124,-0.5858905526659305,-278098464.2441199,-7260069.941604573,-731616.3840507952,0.0679709502593211,0.036740630500001155,-0.021073093999999872,0.5510972
23.970000000000947,-0.06698681615852303,-0.06698681615852303,-0.3582794963703934,-0.38201189275325725,-242083323.1402316,-3072290.4007706232,-720707.6990979086,0.06744113574457669,0.03655242884500116,-0.016567236999999874,0.3500742
23.98000000000095,-0.06657729391648529,-0.06657729391648529,-0.3578699359442139,-0.1364603701616001,-209319604.99851012,2655032.946134311,-704372.0007398773,0.06692385084571234,0.03639820498000116,-0.014277535999999874,0.107866
23.99000000000095,-0.06618963221673654,-0.06618963221673654,-0.3574822383878997,-0.2195821615364069,-177405804.92001534,297697.43108770996,-688265.5935514434,0.06642121587628608,0.03626293121000116,-0.012777217999999873,0.1921976
24.000000000000952,-0.06582641055694388,-0.06582641055694388,-0.3571189832891872,-0.4020736108286349,-141686505.46924043,-6417026.77953848,-673939.8078415155,0.06593219726699223,0.03614937773000116,-0.009933477999999872,0.3765504
24.010000000000954,-0.06549489150711552,-0.06549489150711552,-0.35678743330624585,-0.24447524765609022,-105379137.67259502,-3665750.845319632,-658352.361435173,0.0654565658004318,0.03606497258500116,-0.006947550999999873,0.220635
24.020000000000955,-0.06518770991998002,-0.06518770991998002,-0.3564802233792241,-0.08257813064335782,-72143281.14188647,396647.3415939156,-639967.9045618831,0.06499607626383982,0.03600255739500116,-0.005535486999999873,0.0617778
24.030000000000957,-0.06488917058668245,-0.06488917058668245,-0.3561816583861035,0.0638599476913602,-45938669.59547758,4355682.449415101,-622347.8307934293,0.06455142462375768,0.035946663195001165,-0.005643352999999873,-0.083351
24.04000000000096,-0.06459242455283973,-0.06459242455283973,-0.3558848894581039,-0.11693277998743831,-20779829.461681366,-419518.15508645773,-608439.7065471929,0.06412046048360495,0.03589062190500117,-0.005564904999999873,0.0990406
24.05000000000096,-0.06431378432694687,-0.06431378432694687,-0.3556062291877049,-0.554314896941954,14384602.373098612,-14034957.520294284,-597281.2935102874,0.06370032087995367,0.03585088309000117,-0.0023828579999998723,0.5373688
24.06000000000096,-0.06407973917573934,-0.06407973917573934,-0.35537216692433166,-0.5583577071628717,59012514.322882414,-17102662.28911887,-582856.538958263,0.06329134527755198,0.035854119070001175,0.0030300540000001274,0.5452136
24.070000000000963,-0.0638933463692368,-0.0638933463692368,-0.3551857600199777,-0.2351840495023861,104156666.40230942,-9532105.11202527,-560165.2226020586,0.06289855424728114,0.035903712915001176,0.006888715000000127,0.2265186
24.080000000000965,-0.06372786467887653,-0.06372786467887653,-0.35502026732749026,0.19219090496866117,137773250.33715892,2333929.2166651273,-533410.3496069547,0.06252693922145225,0.03597336003000118,0.007040708000000126,-0.19612
24.090000000000966,-0.06356331435663914,-0.06356331435663914,-0.3548557091790303,-0.18651237460954606,170397953.47590113,-6939093.817248354,-511158.88107086415,0.06217586422964472,0.03604347293000118,0.006981872000000127,0.1843528
24.100000000000968,-0.06339942735427981,-0.06339942735427981,-0.3546918176048324,0.15423955074088821,193594530.58524442,343781.82195379725,-494633.43693032133,0.06184080892082977,0.03611405161500118,0.007133865000000126,-0.1539542
24.11000000000097,-0.06322721206888599,-0.06322721206888599,-0.3545196010790579,0.21113384531268795,210624100.47290134,4209657.926530495,-480048.0195849717,0.06151853816927033,0.03617631971500118,0.005319755000000126,-0.2088678
24.12000000000097,-0.06305344965279172,-0.06305344965279172,-0.35434584083011167,-0.514658606798405,237899521.06450343,-16719229.912145764,-470298.87241803284,0.061206120163821265,0.036237264005001185,0.006869103000000126,0.5187374
24.130000000000972,-0.06291337985942899,-0.06291337985942899,-0.35420577668565545,-0.5296285092206386,275257127.133451,-20459561.3972238,-461151.9176412882,0.06090140809317879,0.03633233317500119,0.012144731000000127,0.5363882
24.140000000000974,-0.06282487830793687,-0.06282487830793687,-0.3541172843351857,-0.48895613421739514,322048983.63145447,-20674692.74108991,-441963.23480601807,0.06060844569303048,0.03647974187000119,0.01733700800000013,0.5020672
24.150000000000976,-0.0627882618112745,-0.0627882618112745,-0.35408068065658094,-0.5680060969472067,375910568.23191476,-24808996.931656204,-414826.4703971016,0.060334299800135355,0.036680323600001195,0.022779338000000128,0.5863988
24.160000000000977,-0.06280724091726486,-0.06280724091726486,-0.35409967625665206,-0.5990028189202659,436284647.0770333,-27863824.019302566,-382852.919893486,0.0600836744638415,0.0369383684900012,0.02882964000000013,0.6236616
24.17000000000098,-0.0628714954045379,-0.0628714954045379,-0.35416395096583103,-0.045152629527694235,488519300.3937378,-14307741.71987716,-344729.7751025259,0.059860358729304064,0.0372441440850012,0.03232547900000013,0.0755062
24.18000000000098,-0.06295675367078632,-0.06295675367078632,-0.3542492332258812,-0.1509939568740511,536713904.87919545,-15951016.217641562,-305408.0022099139,0.05966632548043199,0.0375739443800012,0.03363458000000013,0.186314
24.190000000000982,-0.06305820671556053,-0.06305820671556053,-0.3543507140750682,-0.3008030221960223,583422803.3268921,-21923116.10764291,-271373.17069837975,0.05949912053093934,0.037923405705001204,0.03625768500000013,0.338307
24.200000000000983,-0.063169893510858,-0.063169893510858,-0.3544624325187997,0.3431366105828243,615669565.1495881,-4544402.872290833,-238997.72801363555,0.05935551938971634,0.03828688961000121,0.03643909600000013,-0.3020248
24.210000000000985,-0.06327105532340205,-0.06327105532340205,-0.3545636298497662,0.03549233368216189,643658157.6647475,-10495610.902548593,-209361.61869831575,0.05923329242003561,0.038643901555001206,0.03496329300000013,0.0068642
24.220000000000987,-0.06335904213471288,-0.06335904213471288,-0.35465165607484855,0.11287877138122618,663902509.5800302,-9898728.11235297,-189717.57965248695,0.059127565931370085,0.03899194101000121,0.03464459800000013,-0.0706032
24.230000000000988,-0.06343392647620313,-0.06343392647620313,-0.35472658375425187,0.2628489163794481,677545842.4891591,-4113460.9502560124,-174171.14056325037,0.05903337043835705,0.039331106035001215,0.03318840700000013,-0.220635
24.24000000000099,-0.06350022952360512,-0.06350022952360512,-0.35479293409096835,-0.2953662745375211,697805693.0573708,-19314758.23503286,-162587.91926455713,0.058947878549660354,0.03966590739000122,0.03377186400000013,0.3373264
24.25000000000099,-0.06357616030372384,-0.06357616030372384,-0.35486891613458194,-0.05734680370344427,717650522.6594597,-14878308.71305031,-152616.9838537101,0.05886917313234896,0.04001453520500122,0.03595369900000013,0.0990406
24.260000000000993,-0.06366354485607137,-0.06366354485607137,-0.3549563559265806,-0.048250053457018126,738993644.9786066,-13478692.535570761,-136590.53929947535,0.05879847370446692,0.040378852620001224,0.03690978400000013,0.0921764
24.270000000000994,-0.06375571043767286,-0.06375571043767286,-0.3550485806954602,-0.03755216462073991,758315267.3834462,-13944466.486951489,-119543.20672087898,0.05873771903609129,0.04075228961500123,0.03777761500000013,0.0813898
24.280000000000996,-0.06384766999062214,-0.06384766999062214,-0.35514060334000574,0.13147951609948644,772838547.5632399,-8764585.755061096,-103791.24345150059,0.058686524007921986,0.04112991867500123,0.03774819700000013,-0.0872734
24.290000000000997,-0.06393995546155362,-0.06393995546155362,-0.3552329557558609,-0.23851739988756535,792103184.2846122,-18538505.53955383,-89518.71153296618,0.05864377921036035,0.04151225461500123,0.038718991000000126,0.2814322
24.300000000001,-0.06404395653321562,-0.06404395653321562,-0.35533702755877483,-0.12318003863452308,811940492.7401857,-17104631.101364385,-75709.93813288135,0.05860864127225346,0.04191062336500123,0.040954759000000125,0.1657214
24.310000000001,-0.06416508421495998,-0.06416508421495998,-0.35545822961730106,-0.20033274733608147,835813417.1060761,-18729805.865196757,-55885.72981284799,0.058582138665456474,0.04233039371000123,0.042999310000000124,0.2431888
24.320000000001002,-0.06429948703744795,-0.06429948703744795,-0.3555927100902438,-0.007291043354144007,856337321.3430852,-14588188.504274052,-30363.867483474292,0.058566349788638006,0.04276774131000123,0.04447021000000012,0.0509912
24.330000000001004,-0.06444630848718019,-0.06444630848718019,-0.3557396112608541,-0.2819180935082597,881767257.1430297,-21325801.986260593,7293.437605804047,0.05856188232643572,0.043221906200001235,0.046362768000000124,0.3275204
24.340000000001005,-0.06461662995684186,-0.06461662995684186,-0.3559100149719175,-0.36898442945458176,912032380.9314611,-25994415.367859483,37787.16243322814,0.05856876271414571,0.043704018190001234,0.050059630000000126,0.411852
24.350000000001007,-0.06481707635089817,-0.06481707635089817,-0.3561105482837301,-0.18530209840055686,943436731.1945066,-21265410.143852904,68914.74109664373,0.05858887380567057,0.044220598270001236,0.05325638600000013,0.2274992
24.36000000000101,-0.06504535234970807,-0.06504535234970807,-0.35633891620791514,-0.3737958686406009,979326301.1804241,-26943948.13877724,102367.75417934106,0.0586253933162548,0.044769194940001235,0.05646294800000013,0.4138132
24.37000000000101,-0.06531272111668313,-0.06531272111668313,-0.35660638152967766,-0.6310020674191185,1024376412.7105027,-35706647.799482524,135007.50021264324,0.05868035909721525,0.045360888980001235,0.06187586000000013,0.6687692
24.38000000000101,-0.06563213065502566,-0.06563213065502566,-0.35692589214393755,-0.4460116964173632,1073357906.0339189,-32931800.758541092,172733.5512436926,0.05875661684217637,0.046008428190001234,0.06763198200000013,0.4824552
24.390000000001013,-0.06600483428245704,-0.06600483428245704,-0.35729870120961915,-0.6089125966123323,1129550306.5464196,-37857778.27275668,216602.75537736627,0.05885911854460543,0.046712915745001235,0.07326552900000013,0.6442542
24.400000000001015,-0.06642229779283795,-0.06642229779283795,-0.35771627441169856,-0.12672856627069146,1178159985.6981788,-26924128.567420725,262719.02866513835,0.05899204382224829,0.047465673335001235,0.07728598900000014,0.1598378
24.410000000001016,-0.0668555198704783,-0.0668555198704783,-0.35814961027635905,0.23189071557844787,1213015408.9158154,-14765669.732385797,307886.83097237465,0.0591572478676447,0.048237479080001235,0.07707516000000014,-0.2020036
24.420000000001018,-0.06727350006182262,-0.06727350006182262,-0.358567708183988,0.27256889750879587,1233258744.226313,-12573914.750573196,344116.0698616913,0.05935211384713282,0.04899695378000123,0.07481978000000014,-0.2490724
24.43000000000102,-0.06766484512563037,-0.06766484512563037,-0.3589591746842821,0.2883765908676999,1242021642.2889404,-10365478.241035212,367967.67340414313,0.05956930895802659,0.04973210960000123,0.07221138400000014,-0.2726068
24.44000000000102,-0.06803272003674449,-0.06803272003674449,-0.3593271745370635,0.08948402850171709,1247151526.9500775,-14886097.33584056,383521.794848599,0.0598014107014731,0.05044537352500123,0.07044140100000014,-0.0813898
24.450000000001022,-0.06839069955631741,-0.06839069955631741,-0.3596852822811089,-0.0715498319882283,1253372603.3713932,-18955350.33662359,394524.923344695,0.06004371510616199,0.051149566900001234,0.07039727400000013,0.0725644
24.460000000001024,-0.06875160523682392,-0.06875160523682392,-0.36004631925996333,-0.0635106810668383,1260813929.2764258,-18890782.03181246,405719.17004298634,0.060294735372807745,0.051856824650001236,0.07105427600000014,0.058836
24.470000000001026,-0.06911805688307668,-0.06911805688307668,-0.3604129050743113,-0.02338222562174087,1267843462.4546616,-17123414.312850256,419036.3844722477,0.06055550902181525,0.052569181520001236,0.07141709800000014,0.0137284
24.480000000001027,-0.06948662258262198,-0.06948662258262198,-0.36078160761492944,0.025639675366197694,1272536484.799096,-15407320.396322701,432807.12701828405,0.060827100740432766,0.053282690595001236,0.07128471700000014,-0.0402046
24.49000000000103,-0.06985174456581575,-0.06985174456581575,-0.36114686890753944,0.10983396016298204,1272951124.4563253,-12101017.998494674,445661.75474507187,0.061109374178284936,0.053991296670001236,0.07043649800000014,-0.1294392
24.50000000000103,-0.07021728328594445,-0.07021728328594445,-0.3615125491954049,-0.2620058575996107,1278783409.1799054,-21708652.102460507,456449.0434867308,0.06140117799846759,0.054698358300001235,0.07097582800000014,0.2373052
24.510000000001032,-0.07060387313057889,-0.07060387313057889,-0.3618992826483388,-0.4279348704799101,1292821453.6241055,-27787053.959975697,467382.7781203656,0.06170186732036595,0.055424026815001234,0.07415787500000015,0.3991042
24.520000000001033,-0.07102871811224237,-0.07102871811224237,-0.36232427306731,-0.41240304293027397,1314516701.310319,-28262876.825440697,484089.85699072224,0.06201408350962895,0.056185119505001234,0.07806066300000016,0.3814534
24.530000000001035,-0.07149530062189913,-0.07149530062189913,-0.36279100263952346,-0.41682517334905955,1341519377.659955,-29203107.42002824,507387.7543671853,0.062343060482757895,0.056984872350001235,0.08188990600000015,0.3843952
24.540000000001037,-0.07200191812031459,-0.07200191812031459,-0.36329776862538354,-0.3554031562363438,1370711226.2732072,-28364026.920735195,534405.2727936708,0.06269321558149873,0.057821422210001236,0.08542006600000016,0.3216368
24.550000000001038,-0.07254723720770798,-0.07254723720770798,-0.3638432374174373,-0.42048076192777917,1403180785.936739,-30652830.06540267,563735.3509566083,0.06306732463463374,0.058693298185001234,0.08895512900000016,0.3853758
24.56000000000104,-0.07313268584516969,-0.07313268584516969,-0.36442883676321347,-0.4088574688018744,1437760530.9357302,-31528943.8841932,594523.4586771189,0.06346729516907382,0.05960179957000124,0.09274514800000017,0.372628
24.57000000000104,-0.0737516100257474,-0.0737516100257474,-0.3650479124360317,-0.10085890486111054,1466934064.0799475,-23412800.188887358,627012.5496518676,0.06389484213493699,0.06054016022500124,0.09492698300000016,0.063739
24.580000000001043,-0.07438749033410291,-0.07438749033410291,-0.36568382710517,-0.0629876197039442,1490515684.432732,-21406601.75402102,658730.2174883117,0.06435064806135729,0.06149163640500124,0.09536825300000015,0.024515
24.590000000001044,-0.07503230027290958,-0.07503230027290958,-0.36632863704397667,-0.12898415856130213,1510294291.7528417,-23185148.195682023,685958.2610936278,0.06483259709154549,0.06244813816000124,0.09593209800000015,0.088254
24.600000000001046,-0.07569273936336379,-0.07569273936336379,-0.3669890761344309,-0.30422211584135694,1532336244.8677106,-28123036.702502336,709785.2717897437,0.06533744662630006,0.06341621099500125,0.09768246900000015,0.2618202
24.610000000001047,-0.07637421498966457,-0.07637421498966457,-0.36767055176073166,-0.10404951312129825,1551572846.8702512,-23443493.933136143,733592.5612308695,0.06586395373677756,0.06440110112000125,0.09929555600000015,0.0607972
24.62000000000105,-0.07706568940720032,-0.07706568940720032,-0.3683620261782674,0.11234895041854646,1563683837.141408,-16299574.80087556,757769.9455465827,0.06641268229713498,0.06539167872500125,0.09881996500000015,-0.1559154
24.63000000000105,-0.07776747212220103,-0.07776747212220103,-0.3690638088932681,-0.5330048647059665,1584540512.7261465,-33511845.235092774,778624.8131843173,0.06698211933901593,0.06638818896000125,0.10048208200000015,0.4883388
24.640000000001052,-0.07850391117249211,-0.07850391117249211,-0.3698002479435592,-0.4326264803683039,1610121905.6498303,-33891676.31851782,798277.9072298689,0.06757039342398063,0.06741492619000125,0.10486536400000016,0.3883176
24.650000000001054,-0.07926603769583762,-0.07926603769583762,-0.3705623744669047,0.37073515447354166,1622608583.1590674,-10819284.971588004,823617.4564275256,0.06817992196428019,0.06846296695500126,0.10474278900000016,-0.4128326
24.660000000001055,-0.08000677321832023,-0.08000677321832023,-0.3713031099893873,0.5467917926451352,1617432683.0955253,-2526360.134603517,847542.6937924724,0.0688126267291726,0.06948536503000126,0.09973682600000015,-0.58836
24.670000000001057,-0.0806993160739104,-0.0806993160739104,-0.3719956528449775,0.46338793593681205,1598059779.0863447,-2795039.3242375758,859022.1236248736,0.06946188672077905,0.07045535003500127,0.09426017500000015,-0.5069702
24.68000000000106,-0.08134756681600763,-0.08134756681600763,-0.3726439035870747,0.29811687519587726,1573436750.8262627,-5678788.854195284,859921.968232999,0.07011768870021926,0.07137669728000126,0.09000927400000015,-0.34321
24.69000000000106,-0.08196169264546155,-0.08196169264546155,-0.37325802941652864,0.30537481940620614,1545184770.5983117,-4537907.381581999,855829.4160467656,0.07077196900693519,0.07225943340000127,0.08653795000000016,-0.3510548
24.70000000000106,-0.08254613490120888,-0.08254613490120888,-0.37384247167227597,0.27847643425337776,1515082943.7511852,-3716286.857851384,849306.2791663215,0.07142119394059407,0.07310794658000126,0.08316468600000015,-0.323598
24.710000000001063,-0.08310921617320433,-0.08310921617320433,-0.3744055529442714,-0.007920105570889855,1489842787.9441197,-10805661.997069834,840759.0605322231,0.072063255426742,0.07393059643500126,0.08136528500000015,-0.0362822
24.720000000001065,-0.08366204518031473,-0.08366204518031473,-0.3749583819513818,0.14739083682210222,1464844497.0498195,-6895494.365194719,832107.0263833607,0.07269715987823419,0.07473861083500126,0.08023759500000015,-0.1892558
24.730000000001066,-0.08421710414354144,-0.08421710414354144,-0.37551344091460853,-0.37612688375652786,1453620144.1342936,-20203504.14918042,825341.8094506485,0.0733237691392791,0.07554468855000127,0.08097794800000015,0.3373264
24.740000000001068,-0.08480039911332599,-0.08480039911332599,-0.3760967358843931,-0.5246737655602598,1455593251.7220588,-27502563.04190271,821656.9572796337,0.07394544277105639,0.07637515869000126,0.08511608000000015,0.4903
24.75000000000107,-0.08542015239327871,-0.08542015239327871,-0.3767164891643458,-0.032983258205896135,1458585158.6773329,-14528877.70905485,826032.8449686166,0.07456744266543855,0.07723869956500126,0.08759209500000015,0.004903
24.76000000000107,-0.08605320910413089,-0.08605320910413089,-0.377349545875198,0.0584006019196421,1458511177.2867346,-11026841.029353924,835848.8460432771,0.07519614925388798,0.07811273286000127,0.08721456400000015,-0.0804092
24.770000000001072,-0.08668361018439208,-0.08668361018439208,-0.37797994695545917,0.02236896964475204,1455036401.6023417,-11878502.652029496,842610.6964734587,0.07583270319782251,0.07898186315500128,0.08661149500000015,-0.0402046
24.780000000001074,-0.08730747805061989,-0.08730747805061989,-0.378603814821687,0.15819002012504052,1446921506.4481683,-8054322.812373964,846260.8065616151,0.07647419571042144,0.07984268286500128,0.08555244700000014,-0.171605
24.790000000001076,-0.08791262008414036,-0.08791262008414036,-0.37920895685520745,0.41028429840022534,1429300041.971127,70325.83800520003,848002.8313132665,0.07711824903220574,0.08068342479000128,0.08259593800000015,-0.4196968
24.800000000001077,-0.0884749628592576,-0.0884749628592576,-0.3797712996303247,0.7332117192038887,1395712770.9286132,10992384.188489579,845062.3539090311,0.07776173313018872,0.08148040744000128,0.07680059200000014,-0.7393724
24.81000000000108,-0.08897777757661934,-0.08897777757661934,-0.38027411434768643,0.504414573412085,1354592116.2257366,7659257.748857247,833655.4297140249,0.07839841247727822,0.08221720576500127,0.07055907300000014,-0.5089314
24.82000000000108,-0.08942907468593508,-0.08942907468593508,-0.38072541145700217,0.31866345580966765,1311825123.670485,2877868.9774130136,813724.7336558917,0.07902027980201179,0.08290203229000127,0.06640623200000013,-0.3216368
24.830000000001082,-0.08985281948663781,-0.08985281948663781,-0.3811491562577049,-0.039697620922167026,1278486751.0618799,-6255644.0187004525,790944.6243651354,0.07962206449972772,0.08355903429000128,0.06499416800000013,0.039224
24.840000000001083,-0.09028102487980233,-0.09028102487980233,-0.3815773616508694,-0.41782828053365506,1261737556.9132717,-18469233.22748531,770880.0624498011,0.08020382880158652,0.08422049802000128,0.06729857800000014,0.421658
24.850000000001085,-0.09073981254059338,-0.09073981254059338,-0.38203614931166047,-0.3481138080725179,1257338219.7318945,-18469544.1087484,758557.5834656275,0.08077054371272133,0.08491297322500128,0.07119646300000014,0.357919
24.860000000001087,-0.09123658781181287,-0.09123658781181287,-0.38253292458287996,-0.40562868474671343,1264113553.2560773,-21168546.94439586,756020.8793758182,0.08133032763848694,0.08564445179500128,0.07509925100000014,0.4226386
24.870000000001088,-0.09177530742604856,-0.09177530742604856,-0.38307164419711565,-0.5185850560455848,1281128540.163748,-26190931.452753983,760083.2736517115,0.08189066790134628,0.08641956706500128,0.07992380300000014,0.5422718
24.88000000000109,-0.09236027917175155,-0.09236027917175155,-0.38365661594281864,-0.4074709717503218,1304153838.2503333,-25241605.19175878,769985.365568175,0.08245725768819015,0.08724332009500128,0.08482680300000014,0.4383282
24.89000000000109,-0.09298350498110908,-0.09298350498110908,-0.38427984175217617,-0.19682176722810701,1326941358.149118,-20410576.05624787,785257.3232779219,0.0830353605323648,0.08810840541500128,0.08819026100000014,0.2343634
24.900000000001093,-0.09362601569195067,-0.09362601569195067,-0.38492235246301776,0.029573328302763453,1343334349.6457558,-14553603.591639923,801919.625555415,0.08362831748284841,0.08899651032000129,0.08943072000000014,0.0137284
24.910000000001094,-0.09427014710451392,-0.09427014710451392,-0.385566483875581,0.07279537990675222,1353295251.1203468,-12915428.968701046,815960.6069016141,0.08423575662373764,0.08989052334000129,0.08937188400000014,-0.0254956
24.920000000001096,-0.09490569646921243,-0.09490569646921243,-0.3862020332402795,0.16811782647207463,1355771928.127815,-10377275.524773458,825751.4725657599,0.08485456153633211,0.09078066299000129,0.08865604600000014,-0.117672
24.930000000001098,-0.09552702976199817,-0.09552702976199817,-0.38682336653306526,0.15961184366014147,1353144953.3807006,-9834708.173290946,831648.5136026739,0.08548091477965017,0.09166160951500128,0.08753325900000014,-0.1068854
24.9400000000011,-0.09612628091031133,-0.09612628091031133,-0.3874226176813784,0.39594426510940806,1340430803.3049932,-3096628.917158354,834047.9359804329,0.08611132257403512,0.09252573875000128,0.08529258800000014,-0.3412488
24.9500000000011,-0.09669052296399772,-0.09669052296399772,-0.3879868597350648,0.44886341119312306,1318684015.9898357,475888.9955950156,832337.405806334,0.08674213881175738,0.09336030289500129,0.08162024100000013,-0.3932206
24.960000000001102,-0.09720862340465192,-0.09720862340465192,-0.388504960175719,0.5519934337910257,1286169805.1168368,4356549.116637312,824750.1807970298,0.08736857778294485,0.09415427020000129,0.07717322000000014,-0.4961836
24.970000000001104,-0.09768054171268542,-0.09768054171268542,-0.3889768784837525,0.2944350260546025,1251950037.611435,-628388.2886469234,810965.1830617352,0.08798493856953074,0.09490761615000129,0.07349597000000013,-0.2392664
24.980000000001105,-0.09811092060376092,-0.09811092060376092,-0.389407257374828,0.5207131924183005,1210398541.8484597,5458251.456549086,793330.4349297708,0.08858654048578632,0.0956249495650013,0.06997071300000013,-0.465785
24.990000000001107,-0.09849960234761823,-0.09849960234761823,-0.3897959391186853,0.33202447783535977,1168742979.1156697,3105863.376795645,773585.3774441653,0.08917067567480128,0.0963060743250013,0.06625423900000013,-0.2775098
25.00000000000111,-0.09886121076068577,-0.09886121076068577,-0.39015754753175286,-0.10187287064097714,1135672975.037649,-9612862.833269872,751225.558288317,0.08973526167441251,0.09696557685500129,0.06564626700000013,0.1559154
25.01000000000111,-0.09922044648014727,-0.09922044648014727,-0.39051678325121436,-0.03351112983172781,1109354484.6793232,-8500229.305210534,730645.9333191,0.09028004245996304,0.09762814376000128,0.06686711400000013,0.088254
25.02000000000111,-0.0995761310443885,-0.0995761310443885,-0.3908724678154556,0.31079292651342993,1080345246.5300937,1202539.3575769616,716509.7488216711,0.09080890895924873,0.09829267186500129,0.06603850700000014,-0.2539754
25.030000000001113,-0.09991099901915151,-0.09991099901915151,-0.3912073357902186,0.24453662670253318,1048997207.1212696,1289994.0559620047,703625.742641864,0.09132546010238121,0.0989420251850013,0.06383215700000014,-0.1872946
25.040000000001115,-0.10022582069812863,-0.10022582069812863,-0.3915221574691957,0.001985651514774971,1020709663.737874,-5692807.202150406,687415.8399157015,0.09182882145809021,0.0995770372300013,0.06317025200000013,0.0549136
25.050000000001116,-0.1005313900853812,-0.1005313900853812,-0.3918277268564483,0.12158373925136677,993260790.4086075,-2579153.644366768,671111.8522172625,0.09231751984786687,0.10020849460000131,0.06312122200000013,-0.0647196
25.060000000001118,-0.10083297580951789,-0.10083297580951789,-0.392129312580585,-0.08584833862452428,971969271.13341,-7867139.295912808,657248.62932872,0.09279268856360237,0.10084166802000132,0.06351346200000013,0.1431676
25.07000000000112,-0.10113366546202379,-0.10113366546202379,-0.3924300022330909,0.08587233674624717,950215313.4027303,-4055711.883470495,645114.6472149251,0.09325625990836603,0.10147967089500132,0.06408711300000013,-0.0284374
25.08000000000112,-0.10143760155107734,-0.10143760155107734,-0.3927339383221444,-0.21583618465490875,936606619.1175086,-11599243.872994427,634990.0518587552,0.09370991234860984,0.10212667077500132,0.06531286300000012,0.2735874
25.090000000001123,-0.1017583432452111,-0.1017583432452111,-0.3930546800162782,-0.32655355778536627,930787982.8400185,-16815358.673933424,627152.5620745235,0.09415553696400816,0.10279624897000132,0.06860277600000013,0.3843952
25.100000000001124,-0.10210464733125946,-0.10210464733125946,-0.39340098410232655,-0.1537286244190268,928821136.1636386,-12696770.408419805,624574.4825052262,0.09459640545098677,0.10349720636500133,0.07158870300000013,0.2127902
25.110000000001126,-0.1024711870788379,-0.1024711870788379,-0.393767523849905,-0.1755893072151318,929524305.11237,-13614721.08926942,626819.8146890331,0.09503699020218634,0.10422429675000133,0.07382937400000013,0.235344
25.120000000001127,-0.10285157214957913,-0.10285157214957913,-0.3941479089206462,-0.04907667175024281,928561146.0639178,-10759053.21990491,630112.5605950421,0.09547999138065708,0.10497119525500133,0.07555032700000013,0.1088466
25.13000000000113,-0.10324283384832594,-0.10324283384832594,-0.39453917061939303,-0.16149072178161658,929621128.2561185,-13657701.846592488,633770.8537386064,0.09592606348379443,0.10573493556500133,0.07719773500000013,0.220635
25.14000000000113,-0.10362735076192076,-0.10362735076192076,-0.39492368753298784,0.6417208585733638,912117673.095272,8025848.6390149025,637421.1741616272,0.0963753933787225,0.10649784236500133,0.07538362500000013,-0.583457
25.150000000001132,-0.10397172225914819,-0.10397172225914819,-0.3952680590302153,0.4838204017541569,884432928.4258245,8456993.937051829,636329.1963232494,0.09682602603856214,0.10722637913500133,0.07032372900000014,-0.4285222
25.160000000001133,-0.10424533387654517,-0.10424533387654517,-0.39554167064761225,1.2210335311383782,827291220.5940657,29111917.725219376,624492.7019521012,0.09727112839954108,0.10788963246000133,0.06232693600000014,-1.1708364
25.170000000001135,-0.10441804084540524,-0.10441804084540524,-0.3957143776164723,1.1102984774448876,752766671.9021405,33525355.758530423,599642.5478397388,0.09770014674594771,0.10845695859000133,0.05113829000000014,-1.0668928
25.180000000001137,-0.10448481073997412,-0.10448481073997412,-0.3957811475110412,0.7958524856182353,668426137.8269105,26110195.860296343,558751.1850331433,0.09810060475673801,0.10892264553000133,0.04199909800000014,-0.7609456
25.190000000001138,-0.10446273754219498,-0.10446273754219498,-0.39575907431326207,0.8517202452405996,578357232.5888038,31094556.33456194,506102.459876661,0.09846111580811787,0.10930299575500134,0.034070947000000136,-0.8246846
25.20000000000114,-0.10436977087857285,-0.10436977087857285,-0.39566610764963994,0.336445657619817,496266610.19437957,18921081.959874596,449144.61201533774,0.09877589805325984,0.10961519428000134,0.028368758000000136,-0.3157532
25.21000000000114,-0.10423755348356495,-0.10423755348356495,-0.39553389025463204,0.04541769495183994,426747585.55495477,10941308.796271283,389696.9584018461,0.09904353333362084,0.10989022806500134,0.026637999000000134,-0.0303986
25.220000000001143,-0.10409622726659085,-0.10409622726659085,-0.39539256403765793,-0.06295682649033722,371687396.63140297,7514994.915341333,335812.47910219675,0.09926676277520655,0.11015773574500135,0.026863537000000135,0.0755062
25.230000000001144,-0.10396787945387609,-0.10396787945387609,-0.3952642162249432,-0.4387321433236656,336416383.64327836,-3191972.9134760406,291210.81508533575,0.09945275038266235,0.11043951115500135,0.029491545000000136,0.4500954
25.240000000001146,-0.10386508968590552,-0.10386508968590552,-0.3951614264569726,-0.0820246921851897,307775458.21173596,4157764.9387785043,257044.15788365097,0.0996099041642686,0.11074803243000135,0.03221271000000014,0.0941376
25.250000000001148,-0.10378522294728415,-0.10378522294728415,-0.39508155971835124,-0.31425868558017694,290967557.204088,-870522.9155344199,233471.43253767965,0.09974641572947415,0.11108070098000135,0.034321000000000136,0.3275204
25.26000000000115,-0.10372514536948885,-0.10372514536948885,-0.39502148214055594,-0.08113865277139103,275467657.6332774,2812261.3706405056,214878.25247365443,0.09986818052630128,0.11143447694500135,0.036434193000000135,0.0951182
25.27000000000115,-0.10367793591999652,-0.10367793591999652,-0.3949742726910636,-0.03829870784941717,262398446.94949603,5561251.661538744,200507.94009910533,0.09997866028479088,0.11180252064000135,0.037174546000000135,0.0529524
25.280000000001152,-0.10363104301690756,-0.10363104301690756,-0.39492737978797465,0.1449908658409841,245029579.90026474,9419201.34319865,187253.31169762296,0.10007991977813521,0.11217232941500135,0.03678720900000013,-0.1304198
25.290000000001154,-0.1035774778660376,-0.1035774778660376,-0.3948738146371047,0.015177121808351674,228674608.58916593,7584112.357878531,171255.48727539284,0.10017169976159099,0.11253689198000136,0.036125304000000136,-0.0019612
25.300000000001155,-0.10351628980014482,-0.10351628980014482,-0.3948126265712119,0.12957149145485555,209800508.49379063,9393270.132321533,152950.78565884472,0.10025259967104963,0.11289515419000136,0.03552713800000014,-0.117672
25.310000000001157,-0.10344722616598828,-0.10344722616598828,-0.39474356293705537,0.040702625830405126,192622211.67062187,8592752.205046922,133180.03318358355,0.10032173456209778,0.11324672380500136,0.03478678500000014,-0.0303986
25.32000000000116,-0.10336663575282834,-0.10336663575282834,-0.39466297252389543,0.25009441702144847,170821080.57579565,13334132.31398493,112033.65184399956,0.10037865757372957,0.11358780100000136,0.03342865400000014,-0.2412276
25.33000000000116,-0.10326652340984782,-0.10326652340984782,-0.3945628601809149,0.23998573295036751,146638961.87549782,15391391.54186539,87752.12449098339,0.10042265979017798,0.11391022228000136,0.03105560200000014,-0.2333828
25.34000000000116,-0.10314701770706902,-0.10314701770706902,-0.3944433544781361,0.04566850900780081,124210450.4663384,9516600.501296584,56925.42420627689,0.10045206478164051,0.11421388958500137,0.02967785900000014,-0.0421658
25.350000000001163,-0.10301067940356162,-0.10301067940356162,-0.3943070161746287,0.34198834803952094,97018460.53756881,18364099.290353157,18985.751060263272,0.10046535787154318,0.11450105829500137,0.02775588300000014,-0.3422294
25.360000000001165,-0.10284722294584342,-0.10284722294584342,-0.3941435597169105,0.35509510307276904,66064357.37348223,20333307.59495438,-32739.457407318972,0.10046236392512212,0.11476103987000137,0.02424043200000014,-0.3608608
25.370000000001166,-0.10265078221381102,-0.10265078221381102,-0.3939471189848781,0.26719948824394957,32848726.14463973,18913794.787556477,-73515.24735013729,0.10044167791281708,0.11498763201500137,0.02107799700000014,-0.2716262
25.380000000001168,-0.10242038989307212,-0.10242038989307212,-0.3937167266641392,0.4685694687002392,-6003516.996724606,24967604.171970185,-114140.56422866485,0.10040022230920617,0.11517973155500137,0.01734191100000014,-0.475591
25.39000000000117,-0.10214681024483913,-0.10214681024483913,-0.3934431470159062,0.5231546741185794,-50369914.79323673,28862012.184811592,-154238.23153687865,0.10033563508627422,0.11532802279000137,0.01231633600000014,-0.529524
25.40000000000117,-0.1018334795680999,-0.1018334795680999,-0.393129816339167,0.07516232331243071,-89016158.4828732,17282862.443017647,-198106.7579528863,0.10024496624692139,0.11543583976000138,0.00924705800000014,-0.0843316
25.410000000001173,-0.10150628081255864,-0.10150628081255864,-0.3928026175836257,-0.11877040650367797,-117526857.21445417,10928670.01483298,-241313.62723965652,0.10012558062266799,0.11552897224500139,0.009379439000000139,0.1108078
25.420000000001174,-0.10117967245935322,-0.10117967245935322,-0.3924760092304203,0.1387339205776756,-142487751.77967834,17309048.958950367,-275713.6372084594,0.0999794006892166,0.11562190861000139,0.009207834000000139,-0.1451288
25.430000000001176,-0.10085088660372565,-0.10085088660372565,-0.39214722337479274,-0.07162148104546645,-160242957.47620296,12522672.991130337,-303115.32092937233,0.09981111956150499,0.1157120747800014,0.00882540000000014,0.068642
25.440000000001177,-0.1005221814918199,-0.1005221814918199,-0.391818518262887,0.001259481773194533,-175290885.37985277,12841246.79688106,-328334.5929715824,0.09962352191015092,0.1158019712850014,0.00915390100000014,-0.0029418
25.45000000000118,-0.1001862594196532,-0.1001862594196532,-0.3914825961907203,0.3577710225008168,-195140709.86179376,23613737.47197126,-349961.3526096,0.09941838749489765,0.11588453780500141,0.007359403000000139,-0.3559578
25.46000000000118,-0.09982754896792306,-0.09982754896792306,-0.39112388573899015,0.19473365576379797,-215906299.50982976,20202762.88983247,-371744.2743590277,0.09919671722539172,0.11594442795000141,0.0046186260000001395,-0.1921976
25.470000000001182,-0.0994559916478614,-0.0994559916478614,-0.3907523284189285,-0.2333660999412424,-227405441.91201878,7898419.057552111,-397619.59549836133,0.09895659242980029,0.11599174190000142,0.004844164000000139,0.2373052
25.480000000001183,-0.09909986260328713,-0.09909986260328713,-0.3903961993743542,-0.3451374737215864,-226780882.2553537,2422485.667525109,-420686.1605821999,0.09869723783728848,0.11605489254000141,0.00778596400000014,0.3510548
25.490000000001185,-0.09877307340130481,-0.09877307340130481,-0.3900694101723719,-0.24995515546460906,-217733218.58957648,3896634.7151786387,-434476.92714724,0.09842322283180496,0.11614804954000141,0.010845436000000139,0.2608396
25.500000000001187,-0.09847376173762434,-0.09847376173762434,-0.38977009850869143,-0.25405374742584963,-202715590.83085442,2502547.568747272,-440899.84604168456,0.09814109694177434,0.11626974200000141,0.013493056000000139,0.2686844
25.510000000001188,-0.0981960867228216,-0.0981960867228216,-0.3894924234938887,-0.10740330479205612,-186945326.1016612,5531494.3224879755,-443471.320640875,0.09785534492302686,0.11641455210500141,0.015468965000000138,0.1264974
25.52000000000119,-0.09793277119458071,-0.09793277119458071,-0.3892291079656478,-0.10551910546122918,-170179919.47524095,5059029.44416282,-444036.2685546728,0.09756832592970402,0.11657559114000142,0.01673884200000014,0.127478
25.53000000000119,-0.0976778640823523,-0.0976778640823523,-0.3889742008534194,-0.017895124784782612,-155094337.7383399,6730466.930005943,-444392.3730881266,0.09728093456486883,0.11674724517000142,0.01759196400000014,0.0431464
25.540000000001193,-0.09743078711185377,-0.09743078711185377,-0.38872712388292086,-0.17189631416419768,-136836803.60081244,2091028.9969031755,-445210.5315913806,0.09699306827345763,0.11692922001500142,0.01880300500000014,0.1990618
25.550000000001194,-0.09719295606494882,-0.09719295606494882,-0.3884892928360159,-0.008149190634640494,-120201903.65282059,5233042.1146468045,-445594.5582237529,0.09670543144617488,0.11712318269500142,0.01998953100000014,0.0382434
25.560000000001196,-0.09695226560843115,-0.09695226560843115,-0.38824850363577307,0.30653785552359336,-111560949.66026974,14400276.48968685,-445029.7666028987,0.09641826237631812,0.11731716989000142,0.01880790800000014,-0.274568
25.570000000001198,-0.09668038958358643,-0.09668038958358643,-0.38797651299656,0.6431815483670215,-118714699.32960701,25142865.196216784,-447555.7467280104,0.09613013734340681,0.11748313644000143,0.01438540200000014,-0.6099332
25.5800000000012,-0.09635880697572177,-0.09635880697572177,-0.38765481752488107,0.3953623685407271,-132791974.12965536,20578642.565679997,-459406.67778961157,0.09583585818422136,0.11760264706500143,0.00951672300000014,-0.3638026
25.5900000000012,-0.096000419613985,-0.096000419613985,-0.3872963191940263,0.03828386943610069,-143716052.68399048,10340406.414993549,-480018.3243924396,0.09552803436880292,0.11768852311000143,0.0076584860000001405,-0.0078448
25.600000000001202,-0.09563575234267549,-0.09563575234267549,-0.3869315429913244,-0.2207568172936667,-143630005.656188,2221788.2323338985,-501158.6264389888,0.09520295626282149,0.11777118769000143,0.008874430000000141,0.2510336
25.610000000001204,-0.09529071177505721,-0.09529071177505721,-0.38658639568772507,-0.3819070318089738,-130498133.03648543,-4024477.6599946953,-515657.9956664452,0.09486321269542697,0.11787657767500143,0.01220356700000014,0.4147938
25.620000000001205,-0.09498064077051482,-0.09498064077051482,-0.38627622031510467,-0.4143063582434257,-106341903.51652694,-6809521.066987785,-521536.6240948336,0.09451515321375464,0.11802023557500142,0.01652801300000014,0.4500954
25.630000000001207,-0.09471142595353382,-0.09471142595353382,-0.38600690367786433,-0.4238296669065303,-73531842.4367733,-8847117.154162642,-519083.4037102875,0.09416585580429165,0.11820836368500143,0.021097609000000142,0.4638238
25.64000000000121,-0.09448137776271998,-0.09448137776271998,-0.385776756394623,-0.30480846790422433,-37164604.68593335,-7311401.2322288565,-510023.39066453977,0.09382152860274418,0.11843963819500143,0.025157293000000143,0.348113
25.65000000000121,-0.09427459516081432,-0.09427459516081432,-0.3855698776033648,0.10273638340450524,-8030706.519616842,3228965.7392517133,-496681.3543955216,0.09348661734868746,0.11869851659500143,0.026618387000000143,-0.0558942
25.66000000000121,-0.09407351001768344,-0.09407351001768344,-0.3853686993382188,-0.12862642336411714,20500412.91427684,-2359011.7334834193,-484148.2090692212,0.0931623657072555,0.11896771581000143,0.027221456000000144,0.176508
25.670000000001213,-0.09387205526207623,-0.09387205526207623,-0.38516715467662344,0.1692340211426342,40376886.627043724,4157506.0436070967,-475385.5797689974,0.09284674511621127,0.11924132772500143,0.027500927000000144,-0.1206138
25.680000000001215,-0.09365980512624561,-0.09365980512624561,-0.38495481798597303,0.22194011940017033,54256851.5994997,7392181.761428043,-468657.1195928697,0.09253736017762759,0.11950898249500143,0.026030027000000143,-0.1735662
25.690000000001216,-0.09342724136100844,-0.09342724136100844,-0.38472217114166013,0.19943091631890697,61862556.94289017,6507037.767084213,-466263.83908091194,0.09223152591941747,0.11976114378500143,0.024402231000000142,-0.151993
25.700000000001218,-0.09318086483839175,-0.09318086483839175,-0.38447571512879203,-0.06832991934951253,72150440.31319499,-254881.22673958354,-468756.13954221236,0.09192552624661657,0.12000421001000143,0.02421101400000014,0.1137496
25.71000000000122,-0.09293213900053349,-0.09293213900053349,-0.3842269134961917,0.031125007059019577,82094440.67229056,970991.1298087707,-471519.78856515576,0.09161739219468373,0.12024950710000143,0.024848404000000143,0.0137284
25.72000000000122,-0.09268582410823561,-0.09268582410823561,-0.38398052661088466,-0.09043658973256798,95642419.37610841,-1624493.9037817894,-472290.6618279093,0.09130781270204871,0.12050169290500143,0.025588757000000142,0.1343422
25.730000000001223,-0.09243331400241625,-0.09243331400241625,-0.3837279484183436,0.3974758931527282,98596179.13258672,10717723.199500136,-471593.1413927064,0.09099819025953551,0.12075208911500143,0.02449048500000014,-0.3539966
25.740000000001224,-0.09214808868214103,-0.09214808868214103,-0.3834426590144379,0.6040529716045582,88720974.38542032,19801568.90293011,-472798.34879798436,0.09068824649085361,0.12097407244000144,0.01990618000000014,-0.5628644
25.750000000001226,-0.09180987798270698,-0.09180987798270698,-0.38310438831650667,0.5138333299904568,68279358.38606858,18493193.347517256,-482762.51919770456,0.09037359020518532,0.12114714834000144,0.014709000000000142,-0.4765716
25.760000000001227,-0.09141300992592916,-0.09141300992592916,-0.3827074644120308,0.7145746621657285,35566621.433660746,26008663.34738519,-501681.75785715436,0.09004696173355137,0.12126526161000144,0.008913654000000142,-0.6824976
25.77000000000123,-0.09095256540760235,-0.09095256540760235,-0.38224696825320725,0.6000758076367025,-3639546.781478405,25288352.36527599,-526541.45037295,0.08970205390926714,0.12132301895000144,0.002637814000000142,-0.5726704
25.78000000000123,-0.09043061894963283,-0.09043061894963283,-0.381724974414141,0.5453513082699188,-47742283.90893841,25246285.174457967,-557414.275042321,0.0893335956812712,0.12132198932000145,-0.0028437399999998577,-0.5236404
25.790000000001232,-0.08985864159514886,-0.08985864159514886,-0.3811529539872346,0.3104574364017611,-89085398.73347378,20228337.414940402,-591349.405184321,0.08893738096464254,0.12127313092500144,-0.006927938999999858,-0.2931994
25.800000000001234,-0.0892518613231083,-0.0892518613231083,-0.3805461349992892,0.22585052118887136,-126668601.59514451,18093990.767637778,-624830.9197460461,0.08851188568017704,0.12119120179500144,-0.009457886999999858,-0.2127902
25.810000000001235,-0.0886216752423078,-0.0886216752423078,-0.3799159146053726,0.1740738716196427,-159455694.74757147,17279378.661305137,-655423.0851865199,0.08805818873462207,0.12108720916500144,-0.011340638999999857,-0.1637602
25.820000000001237,-0.08797602183906214,-0.08797602183906214,-0.37927023133389576,0.04469463337648281,-186062079.15927124,13863062.896800559,-682547.8056675382,0.0875787836742023,0.12096877720000145,-0.012345753999999858,-0.0372628
25.830000000001238,-0.08731881815342507,-0.08731881815342507,-0.3786130022601678,0.1985481572859307,-211667558.0921998,17923808.34703785,-706312.7705510199,0.08707647836677207,0.12083955863500144,-0.013497958999999858,-0.1931782
25.84000000000124,-0.08664795071669815,-0.08664795071669815,-0.37794211394187216,0.1047590956443701,-234156481.6061976,16361282.356374815,-727232.5764862089,0.0865538889953118,0.12069720003000144,-0.014973761999999858,-0.1019824
25.85000000000124,-0.08597886075312611,-0.08597886075312611,-0.3772730076195414,-0.47920921239707354,-240870880.4068904,-602560.4054680523,-747101.8144467985,0.0860126416915962,0.12055690068500144,-0.013086106999999857,0.4795134
25.860000000001243,-0.08534295152966737,-0.08534295152966737,-0.37663708656668937,-0.4737048232396835,-234130956.3022225,-3583648.0281456057,-761487.3906585852,0.08545574196711242,0.12044984368000144,-0.008325293999999858,0.4726492
25.870000000001244,-0.08475315578318013,-0.08475315578318013,-0.37604728351860334,-0.4181013317658517,-216449506.13709617,-3094068.486986909,-764997.8887293417,0.08489086529829812,0.12038885036000145,-0.003873369999999858,0.4177356
25.880000000001246,-0.08420506508400902,-0.08420506508400902,-0.3754991900346987,-0.3584750804842029,-193545294.77386785,-3168470.212308606,-760367.2963755451,0.08432675571199907,0.12036950802500145,4.903000000141926e-06,0.357919
25.890000000001248,-0.08369198620492757,-0.08369198620492757,-0.37498611286472044,-0.26560106431830727,-168693852.2475996,-1512322.465838856,-751499.8477956037,0.08376899937027835,0.12038512408000145,0.003118308000000142,0.264762
25.90000000000125,-0.08319612448065727,-0.08319612448065727,-0.37449025730731933,0.20085819996495605,-153909290.3095591,10735439.82343432,-739955.0777332985,0.08322069057411269,0.12041785160500144,0.003427197000000142,-0.2029842
25.91000000000125,-0.08269045386186274,-0.08269045386186274,-0.373984597264163,0.2561972090552098,-148584630.68133354,14279987.874965787,-730362.4077231475,0.08268197900418875,0.12044052798000145,0.001108078000000142,-0.2608396
25.920000000001252,-0.08216617607216647,-0.08216617607216647,-0.37346033439711646,0.031034217993580217,-146577379.62059546,8081370.994603438,-727382.5941680826,0.08214878715963497,0.12044408265500145,-0.00039714299999985794,-0.0402046
25.930000000001254,-0.08161691077447936,-0.08161691077447936,-0.372911088296215,0.6812346745907963,-161561788.96275735,26293829.507905792,-728616.5329242072,0.08161622241711503,0.12042174949000145,-0.004069489999999858,-0.6942648
25.940000000001255,-0.08102325640648142,-0.08102325640648142,-0.37231745731696125,0.3820592452585322,-182154565.6934471,21999613.269574083,-733838.9638973703,0.081080528495137,0.12035369585000145,-0.009541237999999858,-0.4000848
25.950000000001257,-0.08038800717763844,-0.08038800717763844,-0.3716822355781673,0.2184412686927706,-206119684.85449266,16782034.53492297,-747585.3411304454,0.08053598259452452,0.12024222614500146,-0.012752702999999858,-0.2422082
25.96000000000126,-0.0797295852262492,-0.0797295852262492,-0.37102384512005593,0.1079671192070985,-226659895.97872853,14916500.492282392,-763804.767698479,0.0799776182162705,0.12010523632500146,-0.01464526099999986,-0.1363034
25.97000000000126,-0.07906062287406196,-0.07906062287406196,-0.37035491815995775,-0.012796006708621984,-242478390.31248307,11092374.25358865,-777897.6831563654,0.07940521787526117,0.11995491034500146,-0.015419934999999859,-0.0186314
25.98000000000126,-0.07839351601750788,-0.07839351601750788,-0.3696878504834172,-0.15670607697051198,-250882873.68245506,7118919.459559173,-789710.5200218512,0.07882077736184256,0.11980330958500146,-0.014900216999999858,0.122575
25.990000000001263,-0.07773666935563367,-0.07773666935563367,-0.36903104667180997,-0.08434643668123454,-255383732.3487389,8025223.567630114,-797510.2614622447,0.07822727013997505,0.11965859754000147,-0.014042191999999858,0.04903
26.000000000001265,-0.07709016569638533,-0.07709016569638533,-0.3683845894084936,-0.08846298130277837,-256600035.16619253,8221200.345610648,-801502.7992174895,0.07762836881960009,0.11952070066500146,-0.013537182999999857,0.0519718
26.010000000001266,-0.07644864330040879,-0.07644864330040879,-0.36774311682276944,0.06191671981716224,-259745861.5780232,11739097.897605259,-803410.9225088157,0.07702676486888857,0.11938415211500146,-0.013772526999999857,-0.0990406
26.020000000001268,-0.07581261040347156,-0.07581261040347156,-0.3671071370127546,-0.2550186382648426,-256354205.66699243,3690348.614931708,-804974.2064322806,0.07642354155253797,0.11924936864500146,-0.013184166999999858,0.2167126
26.03000000000127,-0.07519351976854197,-0.07519351976854197,-0.36648810259795483,-0.22966382767213764,-248917404.7292254,2089621.2323510014,-805515.8876538952,0.07581936344874099,0.11912772521500146,-0.011144518999999858,0.191217
26.04000000000127,-0.07459482591112943,-0.07459482591112943,-0.3658894679445506,-0.1016441622122293,-239637006.1001742,5814027.806953865,-802186.780160505,0.07521659908978096,0.11902265392500147,-0.009869738999999858,0.063739
26.050000000001273,-0.07400560014264593,-0.07400560014264593,-0.36530030420878606,0.05414079465859338,-234052029.78458238,9576230.051557967,-796342.2074684665,0.07461818496084369,0.11892327011500148,-0.010007022999999858,-0.0911958
26.060000000001274,-0.0734150787075129,-0.0734150787075129,-0.3647098474750306,0.04515959021996818,-231295986.23903322,10194522.358067397,-791809.586129297,0.07402456247118494,0.11881886073000147,-0.010874853999999858,-0.0823704
26.070000000001276,-0.0728117496758556,-0.0728117496758556,-0.3641065856496957,0.36784388587352246,-238924311.49755406,18883095.48537651,-789574.0200044928,0.07343400337512179,0.11869792823500147,-0.013311644999999858,-0.4049878
26.080000000001277,-0.07219288718919942,-0.07219288718919942,-0.36348779270771925,-0.15953220116044753,-241273599.75562572,6460948.997429842,-791050.8421668585,0.07284366375492721,0.11855772695000147,-0.014728611999999858,0.1215944
26.09000000000128,-0.07157521797293015,-0.07157521797293015,-0.3628701952054422,-0.09657502464974105,-242017469.2590227,5245123.041392072,-795060.5003937365,0.07225068145316027,0.11841495159000147,-0.013826459999999858,0.058836
26.10000000000128,-0.07097464840174064,-0.07097464840174064,-0.3622696993451554,-0.3313834291482395,-232577809.83705688,-216871.8544870168,-796070.9307604635,0.07165543903258631,0.11828553690500147,-0.012056476999999859,0.2951606
26.110000000001282,-0.07040463915774872,-0.07040463915774872,-0.36169976563226663,-0.46314401297678714,-214035099.53688717,-6918898.098346649,-792778.9426294579,0.07106139213121845,0.11818308872000148,-0.008433159999999858,0.4295028
26.120000000001284,-0.06987744346961791,-0.06987744346961791,-0.3611726471147005,-0.4549363578041428,-186880181.23217583,-7519261.270094311,-784345.5938473553,0.07047297372221223,0.11812010968500149,-0.004162646999999858,0.4245998
26.130000000001285,-0.06939095785368515,-0.06939095785368515,-0.36068624012442524,-0.2554443630497709,-158415596.26920462,-4153467.7951360275,-769610.8718763248,0.06989550790904636,0.11809483472000148,-0.0008923459999998582,0.2294604
26.140000000001287,-0.06894050445224245,-0.06894050445224245,-0.36023586661689566,-0.47551422592015197,-123670145.80615044,-10157933.780820185,-752067.9282355614,0.06933306118949875,0.11810297370000149,0.002520142000000142,0.4530372
26.150000000001288,-0.06853856831648161,-0.06853856831648161,-0.35983401145576077,-0.7342610408998068,-78185610.56624341,-20644025.42385774,-732844.015763486,0.06878758825036194,0.11815739700000148,0.008364518000000142,0.715838
26.16000000000129,-0.0681973600598976,-0.0681973600598976,-0.3594928850656819,-0.48511453452242825,-28471477.710012436,-15915958.484204955,-708019.7417337772,0.06826240420063376,0.11827072984500149,0.014302051000000142,0.4716686
26.17000000000129,-0.06791136261078304,-0.06791136261078304,-0.3592069701834131,-0.5039702024561102,25145047.99354863,-17788823.17879349,-676730.8112082698,0.06776280558345865,0.11843794666000149,0.019141312000000143,0.4961836
26.180000000001293,-0.06766453876298573,-0.06766453876298573,-0.35896022941015354,-0.07390942093635228,69895332.18092227,-7425552.0580598805,-643193.3252822703,0.06729229763486158,0.11864352945000149,0.021975246000000143,0.0706032
26.190000000001294,-0.06743237786216597,-0.06743237786216597,-0.35872815190131985,0.0652584696385447,105152594.11440301,-2614495.9792960384,-610944.483611338,0.06685083828744778,0.11886342900000149,0.022004664000000142,-0.0647196
26.200000000001296,-0.06720661142334289,-0.06720661142334289,-0.358502468987499,-0.3123913141604148,140499686.77877665,-13252011.951870132,-584542.9319789895,0.06643483662073704,0.11908972696500149,0.023254929000000143,0.3147726
26.210000000001298,-0.06699784727584177,-0.06699784727584177,-0.35829378832033004,-0.12056919014239002,172617481.83552098,-9975984.030740125,-562203.7390074292,0.06603977929006805,0.1193332834900015,0.02545637600000014,0.1255168
26.2200000000013,-0.06680355389316597,-0.06680355389316597,-0.35809957819868626,-0.025301746542482025,201436388.54329252,-6556055.689978061,-538566.4605692335,0.0656643908876369,0.1195918186800015,0.026250662000000143,0.0333404
26.2300000000013,-0.06661180818340257,-0.06661180818340257,-0.3579079153581899,0.06927265265114146,223396306.43033147,-4379489.216996132,-516717.9229366003,0.06530818929176521,0.1198536879100015,0.026123184000000143,-0.058836
26.240000000001302,-0.06640580409010613,-0.06640580409010613,-0.3577019935764447,0.45711144139775794,230852015.99242496,7486147.69651103,-499183.6300322625,0.06496839505640892,0.1201023190400015,0.023603042000000143,-0.4451924
26.250000000001304,-0.06617056345878713,-0.06617056345878713,-0.3574668345430046,0.18599453235159122,233052833.19631052,2041648.9725915752,-488541.35338503245,0.06464030094071344,0.1203228804950015,0.020509249000000142,-0.1735662
26.260000000001305,-0.06591602652532452,-0.06591602652532452,-0.3572123632963916,-0.056620644696641874,236102517.283015,-5216782.916956157,-485834.23401668505,0.06431774575249408,0.1205253498800015,0.019984628000000143,0.068642
26.270000000001307,-0.06565907897893558,-0.06565907897893558,-0.35695541575000267,0.02628141705928689,240072817.01565075,-3271195.820386079,-484042.2140687093,0.06399705143588758,0.1207265935150015,0.020264099000000143,-0.0127478
26.28000000000131,-0.06540206964964973,-0.06540206964964973,-0.3566984064207168,0.0065204609435213405,244877378.5297885,-3367294.617407335,-479997.26869782514,0.0636788522863807,0.12092913644500151,0.020244487000000144,0.0088254
26.29000000000131,-0.06514230195668824,-0.06514230195668824,-0.35643863872775533,0.07101220807996991,247741364.46814418,-1757447.8654672583,-476137.2719007629,0.06336393720901706,0.12113045362500152,0.020018949000000143,-0.053933
26.30000000000131,-0.06487708563879496,-0.06487708563879496,-0.35617342240986205,0.06940012016689869,249295445.1674087,-1165107.5145494759,-473028.8540454903,0.06305188990357652,0.12132802001000152,0.019494328000000144,-0.0509912
26.310000000001313,-0.06459625413819325,-0.06459625413819325,-0.35589259090926034,0.414794859922824,240874244.65497828,8606826.828425732,-471231.37623837497,0.06274185839515861,0.12151180896500152,0.017263463000000145,-0.3951818
26.320000000001315,-0.06428155176214623,-0.06428155176214623,-0.3555778885332133,0.45584517780075656,223597437.21792984,12386803.860966701,-473426.745762428,0.06243166317132809,0.12166365487500153,0.013105719000000146,-0.436367
26.330000000001316,-0.06392401378989965,-0.06392401378989965,-0.35522035056096674,0.3869386324572785,199575944.95424938,11388541.362612959,-483018.02775252674,0.062116615584356605,0.12177458525000152,0.009080356000000145,-0.3687056
26.340000000001318,-0.06352828092090418,-0.06352828092090418,-0.35482461769197127,0.2980734272418899,173426605.8578012,10383640.950811936,-498460.5301080676,0.06179121522763875,0.12184913536500153,0.005829667000000145,-0.2814322
26.35000000000132,-0.0630917421878519,-0.0630917421878519,-0.354388078958919,0.6491490753298239,137072164.22606754,20819526.14108064,-516145.375887225,0.06145202008134015,0.12188455954000153,0.001255168000000145,-0.6334676
26.36000000000132,-0.06259568516640529,-0.06259568516640529,-0.3538920219374724,0.7843599578732405,89221402.79668903,28196502.108227983,-537606.2807173561,0.06109637563033132,0.12186200574000153,-0.005765927999999855,-0.7707516
26.370000000001323,-0.06203210751885907,-0.06203210751885907,-0.35332844428992616,0.482956052905724,37824045.73121095,21836813.59062528,-567119.7616548898,0.06071907218198591,0.12177326144000153,-0.011982931999999854,-0.4726492
26.380000000001324,-0.06142349391651852,-0.06142349391651852,-0.3527198306875856,0.05116612808893122,-5035437.01858902,10670944.114962826,-602297.8392134067,0.06031392991469364,0.12164051271500154,-0.014566812999999854,-0.044127
26.390000000001326,-0.06080347919343082,-0.06080347919343082,-0.3520998159644979,-0.12926789030265368,-35369543.48569608,4531597.577329913,-634427.4777716493,0.05987943896636816,0.12149712448000154,-0.014110833999999853,0.1353228
26.400000000001327,-0.06019657748846724,-0.06019657748846724,-0.35149291425953433,-0.3172227014523886,-50680082.1469233,-1158199.1044113776,-658312.9757408918,0.05942022721318957,0.12136748916000153,-0.011816229999999853,0.323598
26.41000000000133,-0.05961051148480917,-0.05961051148480917,-0.35090684825587626,-0.06981085422981471,-60981662.680512905,3978854.386128219,-673346.7800999527,0.058943679679083594,0.12125935349500154,-0.009810902999999854,0.0774674
26.42000000000133,-0.059042251093365805,-0.059042251093365805,-0.3503385878644329,-0.2554794230379424,-62765833.304986,-364918.51547279675,-682125.8360010913,0.05845645841814029,0.12116977568500154,-0.008104658999999853,0.2637814
26.430000000001332,-0.0584860397732771,-0.0584860397732771,-0.3497823765443442,0.09873198256308757,-68036724.53891468,7433973.975042627,-687672.9426020139,0.057962809396570114,0.12109306825000153,-0.007236827999999852,-0.0902152
26.440000000001334,-0.05792728511072914,-0.05792728511072914,-0.34922362188179623,0.15972475976802364,-76021280.44729042,11293922.344292093,-691572.7968868752,0.057464940316797386,0.12101464476500154,-0.008447868999999853,-0.151993
26.450000000001335,-0.057358816124492784,-0.057358816124492784,-0.34865515289555987,-0.029637168711920313,-83615456.19234681,5398697.953297683,-697469.8715856794,0.056962622446273814,0.12092724879000154,-0.009031325999999854,0.0353016
26.460000000001337,-0.05678356194548606,-0.05678356194548606,-0.34807989871655315,0.1709000601741203,-94412968.48564029,11110672.311543634,-705066.8013046982,0.05645417246662465,0.12083362600500154,-0.009693230999999853,-0.1676826
26.47000000000134,-0.056198518121582886,-0.056198518121582886,-0.34749485489265,0.07939423007678002,-104977315.45120978,9298866.809595842,-711999.3303127018,0.0559391544446331,0.12073054043000155,-0.010923883999999853,-0.078448
26.48000000000134,-0.05561529147875299,-0.05561529147875299,-0.3469116282498201,-0.4024032550767497,-104696981.64507747,-4352541.117613874,-720052.7900400317,0.055417312211152925,0.12062934251000154,-0.009315699999999852,0.4000848
26.49000000000134,-0.05505275096097362,-0.05505275096097362,-0.3463490877320407,-0.10211794350707573,-101976701.73803496,1382285.8965784833,-725087.2440886417,0.0548896186561208,0.12054863913000154,-0.0068249759999998525,0.09806
26.500000000001343,-0.05451597805613401,-0.05451597805613401,-0.3458123148272011,-0.42418154806403646,-88257876.58316994,-6377491.488431646,-723737.1186772777,0.054360439788849635,0.12049330877500154,-0.004241094999999853,0.4187162
26.510000000001344,-0.054015445303114695,-0.054015445303114695,-0.3453117820741818,-0.4992425202947429,-66549960.305430174,-11883159.149571294,-718685.1082290605,0.053834305601513976,0.12047367226000154,0.0003137920000001468,0.4922612
26.520000000001346,-0.05355988789321098,-0.05355988789321098,-0.34485622466427807,-0.3764657547155593,-39070105.27734685,-8996404.762046345,-707687.4132379746,0.05331565331564797,0.12049833435000154,0.004618626000000147,0.3687056
26.530000000001348,-0.05314677557072994,-0.05314677557072994,-0.34444311234179703,-0.4457490325910718,-6523789.901037216,-12592948.732332502,-690598.1083711794,0.05280989609972098,0.12056467194000155,0.008648892000000147,0.4373476
26.54000000000135,-0.052761535310040686,-0.052761535310040686,-0.3440578720811078,0.15299010126348142,15079335.615083218,3235688.6904749786,-670612.367736374,0.0523209076347117,0.12065802506000155,0.010021732000000148,-0.1627796
26.55000000000135,-0.05238702849621346,-0.05238702849621346,-0.34368336526728055,-0.2896316476060519,39203700.075502396,-7249678.98993622,-651195.2815299117,0.051849499674706645,0.12076111063500154,0.010595383000000147,0.2775098
26.560000000001352,-0.052018663583000724,-0.052018663583000724,-0.3433150003540678,0.18053447495652233,51638351.55405426,3346774.680549675,-635529.1887635479,0.05139354723951872,0.12086909921000154,0.011002332000000148,-0.19612
26.570000000001354,-0.05164333719691799,-0.05164333719691799,-0.3429396739679851,0.2069902652880617,57770326.34973931,7175720.825128554,-621514.6031199967,0.05095060611451502,0.12096858108000154,0.008894042000000147,-0.225538
26.580000000001355,-0.05124436191079296,-0.05124436191079296,-0.34254069868186005,0.351440996159073,51751775.11934233,10948856.424025845,-612290.8433024528,0.05051768986192873,0.12104251832000154,0.005893406000000147,-0.3745892
26.590000000001357,-0.05081512630298024,-0.05081512630298024,-0.34211146307404733,0.3005406099001769,39296271.659265995,12067407.312197989,-610243.496591011,0.050089477219687706,0.12108387512500154,0.0023779550000001468,-0.328501
26.60000000000136,-0.05034507710864733,-0.05034507710864733,-0.3416414138797144,0.6800212448494808,11391137.53853941,23115622.775777116,-613343.0917188389,0.0496607207328259,0.12108161974500155,-0.0028290309999998535,-0.7128962
26.61000000000136,-0.04982157465316234,-0.04982157465316234,-0.3411179114242294,0.4775473464825616,-23040500.081610203,21596401.703936428,-623388.3525342516,0.04922618959661429,0.12102261214000155,-0.008972489999999854,-0.5157956
26.62000000000136,-0.04925441737930297,-0.04925441737930297,-0.34055075415037006,0.11107679716103365,-55523611.02934098,11384940.452468662,-640903.4134626682,0.0487795062009056,0.12091611898000156,-0.012326141999999854,-0.1549348
26.630000000001363,-0.04867752175159007,-0.04867752175159007,-0.33997385852265716,-0.31019578221763316,-73878475.00738478,-30501.729806733318,-659841.3281220422,0.048316659226032954,0.12079555421000156,-0.011786811999999855,0.2628008
26.640000000001365,-0.04811579162836188,-0.04811579162836188,-0.33941212839942897,-0.09738969605520735,-85973922.11511183,3711850.063710997,-671965.903135968,0.047839959249145636,0.12068548186000155,-0.010227657999999855,0.04903
26.650000000001366,-0.04756506834631491,-0.04756506834631491,-0.338861405117382,0.06461994585721242,-96751049.90982962,9644015.702950036,-676863.677883697,0.04735563130289144,0.12058161180500156,-0.010546352999999856,-0.112769
26.660000000001368,-0.04701283060368505,-0.04701283060368505,-0.33830916737475214,0.028701934822708778,-108030030.02461147,8521698.958976308,-680290.2986863944,0.04686756162526451,0.12047139236500155,-0.011497534999999856,-0.0774674
26.67000000000137,-0.04646169334999378,-0.04646169334999378,-0.33775803012106087,-0.1660702121351019,-114555219.58471179,3567647.79313681,-685038.8115798065,0.0463758131485148,0.12035739761500155,-0.011301414999999856,0.1166914
26.68000000000137,-0.045912898099468635,-0.045912898099468635,-0.3372092348705357,0.20970468462819977,-125995447.8699379,12832203.724727824,-688436.6657850264,0.04588040642465968,0.12024082879000156,-0.012012349999999856,-0.2588784
26.690000000001373,-0.04535781444274911,-0.04535781444274911,-0.3366541512138162,-0.0018552115729099405,-135525260.9829216,9330653.892537287,-691250.6915965577,0.04538219745801947,0.12011305661000156,-0.013542085999999856,-0.0470688
26.700000000001374,-0.04478672373356757,-0.04478672373356757,-0.33608306050463466,0.43423691071946957,-156148971.470762,20065328.64403504,-696371.766962248,0.044880391758631566,0.11996437313500156,-0.016194608999999856,-0.4834358
26.710000000001376,-0.04419304556373094,-0.04419304556373094,-0.335489382334798,0.03685435319572824,-173654436.2942593,12654954.008411797,-704523.0156042472,0.04437257771192671,0.11978818383000156,-0.019043251999999858,-0.0862928
26.720000000001377,-0.04357914030374255,-0.04357914030374255,-0.33487547707480964,0.30113798896082283,-197564541.5081594,17636074.72626365,-715973.4948189262,0.04385586381929274,0.11958681762000156,-0.02122998999999986,-0.3510548
26.73000000000138,-0.04293335906356499,-0.04293335906356499,-0.3342296958346321,0.6359088764485008,-231476398.14521885,30564826.25175809,-728546.6665567837,0.043328202613287514,0.11934860536500157,-0.02641246099999986,-0.6854394
26.74000000000138,-0.04225103362311272,-0.04225103362311272,-0.3335473703941798,-0.11120689679086972,-257835823.82275605,10854133.642901849,-745831.6104851672,0.04278686775190449,0.11906886470000157,-0.02953567199999986,0.0607972
26.750000000001382,-0.04155830169584218,-0.04155830169584218,-0.33285463846690927,0.00272605802523303,-280426713.4056859,12159597.875126705,-766529.9519466294,0.0422280402586791,0.11877370410000157,-0.02949644799999986,-0.0529524
26.760000000001384,-0.04087183440517589,-0.04087183440517589,-0.332168171176243,-0.14486715794360708,-292960551.4072206,8716789.375541955,-781697.0940016762,0.04165260649600916,0.11847984279500157,-0.02927581299999986,0.0970794
26.770000000001385,-0.04019347289718889,-0.04019347289718889,-0.331489809668256,-0.03727612179767368,-302998989.990767,10433146.677975856,-792548.5940753974,0.041065063870089735,0.11818931553000157,-0.028829639999999858,-0.0078448
26.780000000001387,-0.03952238795073121,-0.03952238795073121,-0.3308187247217983,-0.0717125478221089,-308873249.7461903,9846121.573877046,-801155.3558277475,0.04046849424808435,0.11790155846000157,-0.028721773999999856,0.029418
26.79000000000139,-0.03885224250491226,-0.03885224250491226,-0.33014857927597935,0.14307219859939896,-317809691.8093965,15116948.216888767,-807794.3791131012,0.03986485540656676,0.11761051638000157,-0.029486641999999855,-0.1823916
26.80000000000139,-0.0381805034374223,-0.0381805034374223,-0.3294768402084894,-0.15071532867126033,-321155157.56632257,7930054.087473849,-814881.3462897332,0.039254781232267,0.11731393391000157,-0.029829851999999855,0.1137496
26.81000000000139,-0.03750896825687444,-0.03750896825687444,-0.32880530502794153,0.150176826792024,-328257817.70577073,14427214.815878287,-821912.5160711076,0.038638084121882854,0.11701387031000157,-0.030182867999999856,-0.1843528
26.820000000001393,-0.03682325221400329,-0.03682325221400329,-0.3281195889850704,0.41758309088283546,-342902724.66516495,23874045.93883062,-828218.1688243361,0.038015124248105325,0.11669620494000157,-0.033350205999999855,-0.4491148
26.830000000001395,-0.0361028179690257,-0.0361028179690257,-0.3273991547400928,0.4033850757010511,-365445451.59972763,24483611.540588874,-837984.13929451,0.03738447330953476,0.11634063938000158,-0.03776290599999985,-0.4334252
26.840000000001396,-0.03534537995567261,-0.03534537995567261,-0.3266417167267397,0.2557974927341992,-390112395.91904426,21543950.643024445,-854356.566865504,0.03674132428217486,0.11594504082500158,-0.04135680499999985,-0.2853546
26.850000000001398,-0.034556776860373506,-0.034556776860373506,-0.3258531136314406,0.33162321667149164,-417506878.9314244,23643306.555340827,-873477.0808371673,0.036081267596990596,0.11551534190500158,-0.04458297899999985,-0.3598802
26.8600000000014,-0.0337456007159993,-0.0337456007159993,-0.3250419374870664,-0.01612767787360481,-437936579.65975475,15189307.203633748,-893538.1374544324,0.03540244760565625,0.11506024544500158,-0.04643631299999985,-0.0107866
26.8700000000014,-0.03292993417944101,-0.03292993417944101,-0.3242262709505081,-0.11977005203249594,-450937818.57632184,10463030.35566016,-912751.1051771378,0.03470471774160033,0.11459799060500159,-0.04601465499999985,0.0951182
26.880000000001402,-0.03211847320887684,-0.03211847320887684,-0.32341480997994393,0.0874265296347388,-461466579.89096737,16104107.496763833,-927621.3608837372,0.033990588709039926,0.11413750084500159,-0.04608329699999985,-0.1088466
26.890000000001404,-0.03130711791294871,-0.03130711791294871,-0.3226034546840158,-0.05932006593670254,-467464541.4420526,12094714.061746014,-938930.2300561329,0.03326385957689271,0.1136749763400016,-0.04642160399999985,0.0411852
26.900000000001405,-0.03049766464593906,-0.03049766464593906,-0.32179400141700615,-0.04487494016431527,-470992436.8306961,11512048.588508822,-949495.2115696155,0.03252651787105021,0.1132125253800016,-0.046068587999999855,0.029418
26.910000000001407,-0.02967976704235953,-0.02967976704235953,-0.3209761038134266,0.48683951090961286,-484414919.9514935,26234875.290833555,-958091.6841469278,0.03177987942365457,0.11274009681500159,-0.04841712499999985,-0.4991254
26.92000000000141,-0.028829870189928608,-0.028829870189928608,-0.3201262069609957,0.3511685710736724,-503110865.5189738,25104128.1040941,-968074.9645173555,0.031024083686501225,0.1122344013950016,-0.05272195899999985,-0.3618414
26.93000000000141,-0.02794873280951643,-0.02794873280951643,-0.3192450695805835,0.06045242804572577,-520478905.59173465,16446040.102789652,-984150.8176448037,0.030255296358044192,0.1116963706900016,-0.05488418199999985,-0.0706032
26.94000000000141,-0.02705652918240181,-0.02705652918240181,-0.3183528659534689,-0.029416142038649756,-532131489.0982363,13537400.34108732,-1001661.5704127997,0.029469913330996467,0.1111462786050016,-0.05513423499999985,0.0205926
26.950000000001413,-0.026164665287204736,-0.026164665287204736,-0.3174610020582718,-0.015207129933386517,-539228984.1775379,13090271.20596121,-1015583.1024876052,0.0286690928945309,0.1105956717050016,-0.05498714499999985,0.0088254
26.960000000001415,-0.025267022313800513,-0.025267022313800513,-0.3165633590848676,0.2910024494051603,-550701932.871469,21587320.742720418,-1026422.9940208411,0.02785607196047435,0.1100386418750016,-0.05641882099999985,-0.2951606
26.970000000001416,-0.02434855785700396,-0.02434855785700396,-0.31564489462807105,0.26608789709764,-565541352.5185163,22116840.915866233,-1037232.9265632252,0.027032256544287703,0.10946035754000161,-0.05923804599999985,-0.2686844
26.980000000001418,-0.023410132702289532,-0.023410132702289532,-0.3147064694733566,-0.02472442396127354,-576964527.9450219,13991311.742720488,-1050999.88517429,0.02619606419460413,0.1088618238150016,-0.06046869899999985,0.0225538
26.99000000000142,-0.022459324785038925,-0.022459324785038925,-0.31375564309535864,0.27942998607991965,-591905457.4357255,21411832.53153678,-1065130.1484478426,0.02534587742082217,0.10825068938000161,-0.061758187999999846,-0.2804516
27.00000000000142,-0.021489117603252783,-0.021489117603252783,-0.3127853860999619,0.24312753006171423,-608060915.3361241,22145070.97576061,-1077741.983441597,0.024482279931918427,0.10762001649000161,-0.06437638999999984,-0.2431888
27.010000000001423,-0.020499814227464663,-0.020499814227464663,-0.3117960343271988,-0.0018520231074116483,-621207238.3593142,14801476.463192334,-1092118.4227874035,0.023605008361430146,0.1069702219000016,-0.06558252799999983,0.0019612
27.020000000001424,-0.019504459932620177,-0.019504459932620177,-0.31080063320702483,0.0025838044414895098,-630731976.3883585,14313300.320182232,-1106627.1693427947,0.022713118631597196,0.10631439662000161,-0.06558252799999983,-0.0019612
27.030000000001426,-0.018511722418622256,-0.018511722418622256,-0.30980785059315286,-0.10801937053024907,-634222381.4241985,10787418.725699915,-1117965.760799161,0.021808210355643676,0.10566126799000161,-0.06504319799999983,0.1098272
27.040000000001427,-0.01752162747347147,-0.01752162747347147,-0.30881771242653133,0.10771655490776544,-638954885.8232422,15887953.6791219,-1126490.147248583,0.020893280672797,0.10501095858500162,-0.06501868299999983,-0.1049242
27.05000000000143,-0.016524197765111548,-0.016524197765111548,-0.3078202415266357,0.18595897516862414,-646284533.053543,18813775.905140787,-1133388.1488136991,0.019970522349847086,0.10435358886000162,-0.06645526199999982,-0.1823916
27.06000000000143,-0.015509867679775802,-0.015509867679775802,-0.306805872428989,0.19638057378774085,-657225426.9407606,19238955.721963346,-1141391.1496911494,0.01904009437489107,0.10367964699500162,-0.06833311099999982,-0.1931782
27.070000000001432,-0.014486152769846827,-0.014486152769846827,-0.3057821208318893,-0.2033508585287654,-660700373.3377123,8330048.137728874,-1151457.3221903674,0.018100395921286316,0.10299663458000162,-0.06826937199999983,0.205926
27.080000000001434,-0.013472166771757943,-0.013472166771757943,-0.30476810061370085,-0.1789097872318839,-658671756.5540344,6749471.769213999,-1160178.1675530586,0.01715112893873577,0.10232362428500162,-0.06633268699999983,0.181411
27.090000000001435,-0.01247599659863119,-0.01247599659863119,-0.30377189882597216,-0.15156678539949342,-651466894.2567741,7339087.67265602,-1164124.6083598384,0.016195497193683905,0.10166870606000163,-0.06465095799999983,0.1549348
27.100000000001437,-0.0114957272230925,-0.0114957272230925,-0.3027916005764714,-0.1540981710874121,-641710535.3115921,6095671.694398875,-1164413.5622263437,0.015237784060709025,0.10103001676500163,-0.06308690099999983,0.1578766
27.11000000000144,-0.010536997712831897,-0.010536997712831897,-0.301832845063748,-0.40194634351979824,-623677211.1044469,-1434519.3214141,-1162975.4362503178,0.01428069643128943,0.10041324388000164,-0.06026767599999983,0.4059684
27.12000000000144,-0.009615486667050255,-0.009615486667050255,-0.30091131101253127,-0.5308676021386974,-595933226.0678911,-7620270.105324438,-1158200.0823389387,0.013326887468674192,0.09983410152000165,-0.05556079599999983,0.5354076
27.13000000000144,-0.008742724520724221,-0.008742724520724221,-0.30003852897789224,-0.4863991153114876,-560573043.4854884,-8175616.41036348,-1147613.9923027805,0.012381120561418046,0.09930418528000165,-0.050422451999999826,0.4922612
27.140000000001443,-0.007914090785561378,-0.007914090785561378,-0.29920987858652126,-0.2615998979601641,-525168997.61319995,-3666855.8465644466,-1131146.3202874034,0.01144934686932686,0.09881898440000166,-0.046617723999999826,0.2686844
27.150000000001445,-0.007113079423688606,-0.007113079423688606,-0.2984088539103253,-0.09542969577037215,-494333886.3212571,787367.7168839462,-1112189.881017397,0.010535665749833112,0.09836209834500166,-0.04475948699999983,0.102963
27.160000000001446,-0.006318527611871405,-0.006318527611871405,-0.2976142922300892,0.19397583218228312,-474964109.2094226,8589739.122195434,-1094469.6554080688,0.009640510992433793,0.09791239518500167,-0.045181144999999825,-0.1872946
27.170000000001448,-0.0055104421319036034,-0.0055104421319036034,-0.2968062004253453,0.2487912142026474,-465915740.32779646,11621158.118135165,-1080975.6087794346,0.00876094544851469,0.09744979713500167,-0.04733846499999982,-0.2441694
27.18000000000145,-0.004671942875983992,-0.004671942875983992,-0.29596769847946236,0.5249927774871774,-472416212.1480143,19847488.0816405,-1073551.7051150114,0.007891667015392761,0.09695721724000167,-0.05117751399999982,-0.5236404
27.19000000000145,-0.00379106213047814,-0.00379106213047814,-0.2950868187632666,0.39648281426948523,-487394498.07565093,19035147.834625404,-1073004.0598123083,0.007026136731842658,0.09642237348500167,-0.05579123699999982,-0.3991042
27.200000000001452,-0.002873636104300248,-0.002873636104300248,-0.2941693975630736,0.14385282085754345,-503884134.80281067,12164108.035145223,-1079374.2774257509,0.006157538385433037,0.09585070820000167,-0.05854181999999982,-0.1510124
27.210000000001454,-0.001931404812732851,-0.001931404812732851,-0.2932271749641599,0.30802215959234147,-524126800.7102196,17236647.28697846,-1088223.1853109868,0.005281251404862797,0.09525354731500167,-0.06089035699999982,-0.318695
27.220000000001455,-0.0009744924093567642,-0.0009744924093567642,-0.29227027518278803,-0.17269344066337913,-535529079.87989426,5078155.894653093,-1097061.4604819627,0.0043960136883860745,0.09464064780000167,-0.06168954599999982,0.1588572
27.230000000001457,-2.2054767560397703e-05,-2.2054767560397703e-05,-0.29131785414737044,-0.14174671496957242,-541988890.6617064,3914589.1371032065,-1105002.6381235581,0.0035022679862225237,0.09403086169000167,-0.06026767599999982,0.1255168
27.24000000000146,0.0009159996328529929,0.0009159996328529929,0.2922118196503357,-0.13997417984343236,-542442990.0943379,4405536.133961783,-1108255.7100860476,0.0026028371869512845,0.09343438722500168,-0.05902721699999982,0.122575
27.25000000000146,0.001843615199859594,0.001843615199859594,0.29313945992539303,0.025677529306918224,-544283717.0044494,8225085.769078929,-1107861.9929281482,0.0017019619085022752,0.09284607625500169,-0.05863497699999982,-0.044127
27.26000000000146,0.002763950919900615,0.002763950919900615,0.29405982445511974,-0.20249447611000657,-541354367.2188835,2740728.3245737553,-1106893.3407219034,0.0008017871775118368,0.09226318310000169,-0.05794365399999982,0.1823916
27.270000000001463,0.0036708111527891107,0.0036708111527891107,0.2949667176222468,-0.1596679225460356,-536479651.64384794,2202646.4488919084,-1105175.1634871806,-0.00012175943884906726,0.09169176296500169,-0.05634037299999982,0.1382646
27.280000000001465,0.00454886805644672,0.00454886805644672,0.29584481159896037,-0.6303028480324712,-516999916.0529611,-10765857.415635377,-1101228.8831349083,-0.0010177471204003974,0.09114701515000169,-0.05260918999999982,0.607972
27.290000000001466,0.005378043601063642,0.005378043601063642,0.2966740283608255,-0.5349807430164493,-489204943.63140607,-11998207.665195594,-1092428.8408800901,-0.001907271159313828,0.0906489438950017,-0.04700506099999982,0.5128538
27.300000000001468,0.006157172786624698,0.006157172786624698,0.29745320290451605,-0.30159002816763897,-458470697.6608465,-5653345.276023885,-1076400.402210056,-0.002784233455345203,0.0901987259200017,-0.04303853399999982,0.2804516
27.31000000000147,0.006902794244814159,0.006902794244814159,0.2981988738505314,-0.20214829551374255,-430064113.3149493,-3940849.264906858,-1056357.1463627235,-0.0036430064282368113,0.0897798871450017,-0.04072922099999982,0.181411
27.32000000000147,0.007623169863071877,0.007623169863071877,0.298919303067656,-0.30394697807508225,-401105175.13232684,-6735126.160939987,-1037260.1800454651,-0.004482123951980915,0.0893841905300017,-0.03841010199999982,0.2824128
27.330000000001473,0.008320215247509588,0.008320215247509588,0.2996164061356159,-0.1231671011383975,-375813892.76631427,-3240784.108847541,-1018588.130555529,-0.005302361815201606,0.0890096748750017,-0.03649302899999982,0.1010018
27.340000000001474,0.009005570621309578,0.009005570621309578,0.30030182324361127,0.08272173538196359,-357667585.9378371,3421673.090201363,-999997.3009416066,-0.006104056052546075,0.0886446220100017,-0.036517543999999826,-0.1059048
27.350000000001476,0.009695840431379943,0.009695840431379943,0.30099215879762714,0.15442181785771744,-348002217.80059767,5828584.101934061,-984267.820261951,-0.00688874149278465,0.0882723127050017,-0.037944316999999825,-0.1794498
27.360000000001477,0.010408194469084808,0.010408194469084808,0.3017045312401549,0.4899101693774983,-353251347.54153705,16477413.422663484,-973727.6374450347,-0.00766039588551895,0.08787543937000171,-0.041430349999999824,-0.5177568
27.37000000000148,0.011156867010340576,0.011156867010340576,0.30245320378141066,0.31776179250794884,-365899032.9473796,14099250.285611292,-969763.7262409609,-0.00842470877627291,0.08743946461000171,-0.04576460199999982,-0.3490936
27.38000000000148,0.011935584744565353,0.011935584744565353,0.30323192151563544,0.07637396436809385,-379380585.6294365,7808962.922442948,-972822.9091280508,-0.009188332567618945,0.08697029654000171,-0.04806901199999982,-0.1117884
27.390000000001482,0.012719204696369502,0.012719204696369502,0.3040155414674396,-0.2744572413524948,-383080447.3051219,-2030074.0513815922,-978029.328259461,-0.009955952244848687,0.08649271982500172,-0.04744633099999982,0.2363246
27.400000000001484,0.013482971616901263,0.013482971616901263,0.30477930838797135,-0.32169023948732656,-377703760.33051324,-4897064.759233706,-979537.0763627777,-0.01072700582597233,0.08603122495000172,-0.044852643999999824,0.2824128
27.410000000001485,0.014216003413599299,0.014216003413599299,0.3055123401846694,-0.3117119962349871,-364838839.27196836,-5200691.699250126,-975063.3454308113,-0.011496801438049042,0.08559657400000172,-0.04207754599999983,0.2726068
27.420000000001487,0.014923557986508573,0.014923557986508573,0.30621989475757866,-0.0741157040219281,-353009747.6196158,593459.4017699491,-965788.8118810222,-0.012259990446874591,0.08518349625000171,-0.04053800399999983,0.0353016
27.43000000000149,0.015622860313619369,0.015622860313619369,0.30691919708468945,0.12974898185205877,-347167846.73821735,7111383.075744012,-955204.1512464355,-0.013013462894575972,0.08477478217000171,-0.04120481199999983,-0.1686632
27.44000000000149,0.016330917641402043,0.016330917641402043,0.30762725441247213,0.16478268155553838,-347899992.8517978,8919660.360197768,-947191.0281266995,-0.01375773056502791,0.08435339383500172,-0.04307285499999983,-0.2049454
27.45000000000149,0.017057254643323916,0.017057254643323916,0.308353591414394,0.2718726206034455,-356279222.2786627,12733194.771886915,-943577.5390298386,-0.014496162399393886,0.08390969685000173,-0.045666541999999824,-0.313792
27.460000000001493,0.01780003530340718,0.01780003530340718,0.30909637207447727,-0.05081208669346552,-362335526.910069,4945167.047241262,-943891.4207010182,-0.0152328552800928,0.08344535823500172,-0.04720118099999982,0.0068642
27.470000000001495,0.018548392700055816,0.018548392700055816,0.3098447294711259,0.05276003462059904,-369203572.2254143,6777642.310980579,-945976.9080788102,-0.015970671828463234,0.08297106653000172,-0.047657159999999824,-0.09806
27.480000000001496,0.0193026319406705,0.0193026319406705,0.3105989687117406,0.18053528570431948,-378345488.3897407,11611243.246967807,-946911.6386642267,-0.01671000516849508,0.08248638046500172,-0.049280052999999824,-0.2265186
27.490000000001498,0.020073493832963307,0.020073493832963307,0.3113698306040334,0.25107546109499596,-392666623.5012312,14199685.267880527,-948648.0263566059,-0.017450629956662078,0.08198046441000172,-0.051903157999999824,-0.2981024
27.5000000000015,0.020866066208028278,0.020866066208028278,0.31216240297909836,0.18573310299385512,-409432655.5803411,13705919.007959748,-953607.7349788767,-0.0181944436489547,0.08144812118500172,-0.05456548699999982,-0.2343634
27.5100000000015,0.021681214306855157,0.021681214306855157,0.31297755107792524,0.28048728339142404,-430461443.4941735,16651227.170106389,-960916.5225964363,-0.01894420788868617,0.08088834567500172,-0.057389614999999825,-0.3304622
27.520000000001502,0.022515633881559027,0.022515633881559027,0.3138119706526291,0.02415136530272838,-448104389.4738412,11011284.370875854,-970046.2982334892,-0.01970200541189951,0.08030430031500173,-0.05941945699999982,-0.0755062
27.530000000001504,0.02335231307555513,0.02335231307555513,0.3146486498466252,-0.23842393378297283,-457171037.3056607,2582857.2592792725,-979687.9773123326,-0.020469054580114276,0.07971287594000173,-0.05886541799999982,0.186314
27.540000000001505,0.02417239088037504,0.02417239088037504,0.3154687276514451,-0.21141504608167871,-458697403.8268838,2520546.2205501944,-985691.4494059368,-0.021243965538365578,0.07913287555500173,-0.057134658999999824,0.1598378
27.550000000001507,0.02497260222043346,0.02497260222043346,0.31626893899150355,-0.13347567903368138,-456257706.48625827,4061007.763191702,-986178.8989534994,-0.022022286825625126,0.07856760868500173,-0.05591871499999983,0.083351
27.56000000000151,0.025753525634429397,0.025753525634429397,0.3170498624054995,-0.2932147111732183,-447615081.2995784,-559793.927793405,-983781.4166570647,-0.022799783027901394,0.07801660954500174,-0.054281112999999825,0.2441694
27.57000000000151,0.026509059626611764,0.026509059626611764,0.31780539639768185,-0.29572861604728823,-434087065.3278823,-2291344.308203509,-979223.5849951428,-0.02357387535149627,0.07748610494500174,-0.05181980699999983,0.2480918
27.58000000000151,0.027240888500761506,0.027240888500761506,0.3185372252718316,-0.06358221094495661,-421512356.41371274,3722945.438145069,-971092.752548615,-0.02434176597451637,0.07697455044000175,-0.05049109399999983,0.0176508
27.590000000001513,0.027965491519933716,0.027965491519933716,0.3192618282910038,0.13382474155353502,-415131199.96376014,9468413.255725045,-961327.6953320546,-0.02510091017450078,0.07646561904000175,-0.051295185999999826,-0.1784692
27.600000000001515,0.028698787529189362,0.028698787529189362,0.31999512430025945,0.14364107003464635,-414632720.11133933,10665136.653213669,-954169.2809761901,-0.02585175173085641,0.07594349857000175,-0.05312890799999983,-0.1882752
27.610000000001516,0.029451559596778976,0.029451559596778976,0.32074789636784906,0.3579354517370917,-423957977.59369206,16928015.085526183,-951099.1129975005,-0.02659755747653425,0.07539742694500176,-0.05608541699999983,-0.4030266
27.620000000001518,0.03022594168651016,0.03022594168651016,0.32152227845758025,0.0048889121531717145,-431858745.6221936,8936656.165529508,-952246.2279056694,-0.02734232355640126,0.07482522233000176,-0.058355505999999835,-0.0509912
27.63000000000152,0.03100810271519333,0.03100810271519333,0.3223044394862634,-0.05655577327596165,-437761834.2961652,5639028.721184202,-956108.6705584775,-0.02808946558477926,0.07424063764000176,-0.05856143199999984,0.009806
27.64000000000152,0.031779635170671394,0.031779635170671394,0.3230759719417415,-0.3169204044237476,-433621717.85407805,-1225809.4585719444,-958148.3266820486,-0.028839568986919306,0.07366203461000176,-0.05715917399999984,0.2706456
27.650000000001523,0.03252312825408482,0.03252312825408482,0.3238194650251549,-0.4311783557740593,-419848197.19839025,-6850926.90146889,-956009.5586942667,-0.029589725860374005,0.07310686792000176,-0.05387416399999984,0.3863564
27.660000000001524,0.03323070673187406,0.03323070673187406,0.32452704350294415,-0.25730710899402465,-401720747.2181356,-2889402.4771348373,-948180.7746672244,-0.030335031842817273,0.07258315397500176,-0.05086862499999984,0.2147514
27.670000000001526,0.033910204409642375,0.033910204409642375,0.32520654118071246,-0.17743942707720756,-382883804.8170712,-1432359.2142904783,-935363.2563955594,-0.03107025364783217,0.07208326861000176,-0.04910844799999984,0.137284
27.680000000001527,0.03457524447898852,0.03457524447898852,0.3258715812500586,0.03389065967008652,-369532203.93120503,4290077.377587644,-921554.5100826519,-0.031792507899303546,0.07159380212000177,-0.04878484999999984,-0.0725644
27.69000000000153,0.0352275054855864,0.0352275054855864,0.3265238422566565,-0.4014863353786582,-349663284.2035508,-7619269.554344816,-909108.7548993966,-0.032502019066005916,0.07111323457500177,-0.047328658999999836,0.3638026
27.70000000000153,0.035854626287004976,0.035854626287004976,0.32715096305807506,-0.23651716267690986,-329016630.26089454,-5668081.581737706,-896670.1504242006,-0.0331994953644249,0.07065404411000177,-0.044509433999999834,0.2000424
27.710000000001532,0.03645534987213889,0.03645534987213889,0.327751686643209,-0.18136799065419734,-306832305.8062191,-3780688.107328868,-880709.6217047751,-0.03388329092766296,0.07021762808000177,-0.042773771999999835,0.14709
27.720000000001534,0.03703860502935591,0.03703860502935591,0.328334941800426,-0.09948397269079941,-287701120.87653255,-2517348.342440986,-863156.5539749499,-0.03455101007927769,0.06979523463000177,-0.041704917999999834,0.0666808
27.730000000001535,0.03760003905807785,0.03760003905807785,0.32889637582914794,-0.49250920376609647,-260702083.71930194,-13425570.422307458,-846690.4206091989,-0.035202485992968324,0.06939137452000177,-0.03906710399999983,0.460882
27.740000000001537,0.038122510830018275,0.038122510830018275,0.32941884760108836,-0.473987891037251,-228182326.04216933,-16017412.895210678,-828397.0345402281,-0.035837451985458624,0.06902333082500177,-0.034541634999999835,0.4442118
27.75000000000154,0.038597218607871076,0.038597218607871076,0.32989355537894116,-0.47007477766411626,-189560313.48050952,-16561149.385649577,-804780.0605253583,-0.03645263070784038,0.06870010055000177,-0.030104419999999833,0.4432312
27.76000000000154,0.03903092199405406,0.03903092199405406,0.33032725876512414,-0.2260382204285026,-153692258.13070607,-11723476.54164952,-776450.472975385,-0.0370434590047482,0.06841518722000177,-0.026878245999999835,0.2020036
27.77000000000154,0.039441881673350276,0.039441881673350276,0.33073821844442036,0.012433248438059319,-125635782.55765986,-4507381.71508542,-746999.0504136399,-0.03760742895284319,0.06815059682500177,-0.026039832999999835,-0.034321
27.780000000001543,0.039839267120935884,0.039839267120935884,0.33113560389200597,-0.3417369340973368,-96257798.28967595,-14391947.807175446,-720293.4859517539,-0.03814553005268034,0.06789735687500177,-0.024608156999999835,0.3206562
27.790000000001545,0.04020892815944033,0.04020892815944033,0.3315052649305104,-0.4379054381051438,-63225631.67742276,-19060287.31882773,-696170.8766633578,-0.0386604293053705,0.06766973510000178,-0.020916197999999834,0.4177356
27.800000000001546,0.04053966059986164,0.04053966059986164,0.3318359973709317,-0.3395961130156338,-27766061.971360445,-17498551.38438964,-668780.4996827649,-0.03915203773003617,0.06747905743000178,-0.017219335999999835,0.3216368
27.810000000001548,0.04083670434886194,0.04083670434886194,0.332133041119932,-0.23044999270553396,5957604.571517229,-15143010.139898073,-637636.4310023332,-0.03961744839464382,0.06732027377500178,-0.014537394999999835,0.2147514
27.82000000000155,0.041114606577832724,0.041114606577832724,0.3324109433489028,0.03487466806422757,31190958.64120722,-8016607.977361075,-606242.0347235348,-0.04005518330030111,0.06717904286000179,-0.013708787999999835,-0.04903
27.83000000000155,0.041398027261004944,0.041398027261004944,0.33269436403207503,0.38156033189303584,40884463.895619154,2827977.3048310224,-577581.56263355,-0.0404666486410159,0.0670308496850018,-0.015929846999999834,-0.3951818
27.840000000001552,0.041712638485762066,0.041712638485762066,0.33300897525683215,0.4497943455734481,35775034.669472456,6907268.833616918,-556977.6730317632,-0.04085661682536451,0.0668500515600018,-0.020229777999999834,-0.4648044
27.850000000001554,0.042068811657343996,0.042068811657343996,0.3333651484284141,0.38150403752884043,20139669.18005967,6621189.600520991,-546889.5602841836,-0.04123307445101282,0.0666261560650018,-0.024549320999999832,-0.3991042
27.860000000001556,0.04245871634058157,0.04245871634058157,0.33375505311165166,0.13663993941072033,2924460.4588797092,1058304.1743587116,-544899.6039513142,-0.04160412253518703,0.0663667628500018,-0.027329321999999833,-0.156896
27.870000000001557,0.04286894999755175,0.04286894999755175,0.33416528676862184,0.15856345418855178,-15786250.444643259,1733539.3228327567,-546086.8738268415,-0.041974730014586514,0.0660850364700018,-0.029015953999999834,-0.1804304
27.88000000000156,0.04329497905048629,0.04329497905048629,0.3345913158215564,0.17824396422686437,-35714706.55703211,3481317.168411449,-547365.8863335018,-0.042346387826671716,0.06578534059500181,-0.030923220999999834,-0.201023
27.89000000000156,0.043733681632335875,0.043733681632335875,0.33503001840340596,-0.007961405648301488,-53221811.858247995,-1116258.9720134921,-549434.801854759,-0.04271946917450853,0.06547069057000181,-0.03200678399999984,-0.0156896
27.90000000000156,0.04416821451273589,0.04416821451273589,0.335464551283806,-0.3290595265422465,-60967590.82763076,-10387815.52670224,-551706.5718588115,-0.04309442890273535,0.0651578546550018,-0.030560398999999835,0.3049666
27.910000000001563,0.04457814295131057,0.04457814295131057,0.33587447972238066,-0.31809721428327536,-60663430.96607089,-11702618.889437655,-549508.3078916098,-0.04346957862070344,0.0648672538450018,-0.027559762999999834,0.2951606
27.920000000001565,0.044945448738235916,0.044945448738235916,0.336241785509306,-0.7396521108621283,-43229618.50216508,-24026773.365091987,-540379.7541067285,-0.04384013575904733,0.0646170047250018,-0.022490060999999832,0.7187798
27.930000000001566,0.045244161363619306,0.045244161363619306,0.3365404981346894,-0.9463250256715764,-8163711.876662731,-33628706.82679604,-523080.73588506,-0.04419975396681025,0.06443328931500181,-0.014253020999999833,0.9286282
27.940000000001568,0.04545865312230407,0.04545865312230407,0.33675498989337416,-0.7365325057411372,37470512.8649106,-30367749.343473054,-493705.3640625299,-0.044539958332748986,0.06433206688000181,-0.005991465999999833,0.7236828
27.95000000000157,0.04559547571371614,0.04559547571371614,0.3368918124847862,-0.6873766537516787,89402949.0881393,-30822534.813991643,-452733.9003167704,-0.044851085996820084,0.06430723318500181,0.001024727000000167,0.6795558
27.96000000000157,0.04567764970779414,0.04567764970779414,0.33697398647886423,-0.07465808011887144,130179159.66448855,-15453438.330827195,-405934.700211768,-0.045126622462469235,0.06433623443000182,0.004775522000000167,0.0706032
27.970000000001573,0.045734784143270035,0.045734784143270035,0.3370311209143401,-0.16488953009399088,164747855.9893732,-16240088.815029807,-359365.61257138225,-0.045365258854963564,0.06438982422000182,0.005942436000000167,0.1627796
27.980000000001574,0.045779440448956155,0.045779440448956155,0.33707577722002624,-0.09468805128640645,190751720.69723892,-15633824.98974663,-319152.75952541904,-0.04557055741502314,0.06445562248000182,0.007217216000000167,0.0921764
27.990000000001576,0.04580965130900805,0.04580965130900805,0.33710598808007813,-0.22355219270073226,215795367.2390206,-18402656.357361518,-283675.572544926,-0.045747588476109935,0.06453561492500182,0.008781273000000167,0.220635
28.000000000001577,0.04582441874491511,0.04582441874491511,0.3371207555159852,-0.0759445291046481,235684682.2649393,-15547611.080416705,-249298.18670099566,-0.045899264125013994,0.06463075764000181,0.010247270000000168,0.0725644
28.01000000000158,0.0458382793115229,0.0458382793115229,0.337134616082593,0.339234794363209,242271698.4245751,-2623923.0152221834,-216019.21517565267,-0.04602715442631189,0.06472646420000182,0.008894042000000168,-0.34321
28.02000000000158,0.0458762997658515,0.0458762997658515,0.3371726365369216,0.3640744842480283,236314079.46528387,210201.55763702653,-188857.77313570338,-0.04613436579459573,0.06479755770000183,0.005324658000000168,-0.3706668
28.030000000001582,0.04594495711032909,0.04594495711032909,0.3372412938813992,0.15836377366917365,224560925.28780985,-4025253.5278273663,-174026.0352773905,-0.04622745033268444,0.06483729651500182,0.002623105000000168,-0.1696438
28.040000000001584,0.04604127435361649,0.04604127435361649,0.3373376111246866,0.4258664653154605,202781054.14150453,3932302.4484503753,-166915.30379936803,-0.046313282702639846,0.06484825472000183,-0.0004314639999998325,-0.44127
28.050000000001585,0.04617580824518519,0.04617580824518519,0.3374721450162553,0.5188419185462596,171232454.60980034,9607157.376432914,-164749.0832650085,-0.04639604823205723,0.06481944959500183,-0.0053295609999998335,-0.5383494
28.060000000001587,0.04634490311482348,0.04634490311482348,0.33764123988589356,-0.08090599032908294,144783896.2601967,-5537610.93568624,-171899.53533276104,-0.046480221166833646,0.06475409260500183,-0.007741836999999833,0.0558942
28.07000000000159,0.04651887512376518,0.04651887512376518,0.33781521189483527,-0.16187553449593903,125067738.24126625,-9081192.87228743,-182259.60892405748,-0.046569958641992426,0.06468140563000183,-0.006795557999999833,0.1333616
28.08000000000159,0.046679283926260196,0.046679283926260196,0.3379756206973303,-0.13787119854961108,112209247.72803807,-8082313.123715576,-184670.07515020052,-0.046664014516895114,0.06461950525500183,-0.005584516999999832,0.1088466
28.09000000000159,0.046822777104299496,0.046822777104299496,0.3381191138753696,-0.23900704663238848,105344392.09395337,-11141359.944899568,-180370.53888094384,-0.046757658565317994,0.06457162746000183,-0.003991041999999832,0.2098484
28.100000000001593,0.046945242613746496,0.046945242613746496,0.3382415793848166,-0.22522145187657194,102712862.84643936,-11310600.777266284,-172190.0626834042,-0.046847420167992704,0.06454186625000184,-0.001961199999999832,0.19612
28.110000000001595,0.04705608504966163,0.04705608504966163,0.3383524218207317,0.2245951841298519,92620657.07995296,1188683.6943190452,-159263.85855640416,-0.04693060325967835,0.06452083238000185,-0.002245573999999832,-0.2529948
28.120000000001596,0.047174260515106925,0.047174260515106925,0.338470597286177,0.06955497161223319,79879593.33036828,-795851.0354231517,-147639.44492644904,-0.04700609806222672,0.06448957575500185,-0.004005750999999832,-0.0990406
28.130000000001598,0.04729822387118299,0.04729822387118299,0.3385945606422531,-0.131988613614204,68505160.46576595,-6977284.695652146,-142765.13035940824,-0.04707639366634486,0.06444954276000185,-0.004000847999999832,0.1000212
28.1400000000016,0.04741434165125491,0.04741434165125491,0.338710678422325,-0.11933442780280837,60135241.6021986,-6642369.638561511,-138552.94967430126,-0.04714393192062716,0.06441419213000185,-0.003069277999999832,0.0862928
28.1500000000016,0.04751906763877384,0.04751906763877384,0.3388154044098439,-0.08501423290013287,53281416.09344339,-5802959.770910444,-130293.27945633986,-0.047207819635711856,0.06438695596500185,-0.002377954999999832,0.0519718
28.160000000001602,0.047609203782442266,0.047609203782442266,0.33890554055351235,-0.2942308604159762,52263674.93003321,-11438544.852528954,-120410.8591249249,-0.04726637978241127,0.06437099670000185,-0.0008138979999998317,0.2608396
28.170000000001604,0.04767155680791735,0.04767155680791735,0.33896789357898743,-0.43784877400308564,59395271.599668026,-16916143.658423126,-107573.33720160308,-0.04731841665260078,0.06437950340500186,0.002515239000000168,0.4049878
28.180000000001606,0.047702591664969374,0.047702591664969374,0.33899892843603946,-0.08279832849975208,65267310.46245432,-7976466.1892371215,-86760.18055333855,-0.04736116164258147,0.06441607978500186,0.004800037000000168,0.0519718
28.190000000001607,0.04771597756893403,0.04771597756893403,0.3390123143400041,-0.102512692492025,70347878.26279378,-7543594.682931178,-59929.70559195476,-0.04739133366736653,0.06446721807500186,0.005427621000000168,0.073545
28.20000000000161,0.04771968438142299,0.04771968438142299,0.3390160211524931,-0.09933994554507483,73184045.65664554,-7979327.428457108,-34127.70502218671,-0.047408608625343795,0.06452509799000186,0.0061483620000001675,0.0706032
28.21000000000161,0.047713539482649614,0.047713539482649614,0.3390098762537197,-0.09287586690860913,75556915.06265736,-7562902.497160075,-5813.027569803718,-0.04741472437686556,0.06458998919500186,0.006829879000000168,0.0657002
28.220000000001612,0.047696065194244686,0.047696065194244686,0.33899240196531477,-0.16808390589994782,79286362.77957463,-9900097.105423566,27568.857439316733,-0.04741074442979559,0.06466348516500187,0.007869315000000168,0.142187
28.230000000001613,0.04766465635584871,0.04766465635584871,0.3389609931269188,-0.12833832093634137,83337781.31310296,-9064138.35636538,49937.07246278027,-0.04739693957021657,0.06474823352000186,0.009080356000000168,0.1000212
28.240000000001615,0.047621271108212404,0.047621271108212404,0.3389176078792825,-0.05429582184004147,86120725.31320095,-6940790.293023941,71581.59852056616,-0.04737291507176555,0.06484219951500186,0.009712843000000167,0.0264762
28.250000000001616,0.0475661555375424,0.0475661555375424,0.3388624923086125,-0.23228295673220153,91877944.85888433,-11665695.10448068,91151.21205244525,-0.04733839901226633,0.06494506445500187,0.010860145000000166,0.2029842
28.260000000001618,0.04749562989818473,0.04749562989818473,0.3387919666692548,-0.09754101220180533,96712001.60987067,-8917572.426237056,109745.43922886645,-0.04729352521062613,0.06506045656000187,0.012218276000000167,0.068642
28.27000000000162,0.04740996636905509,0.04740996636905509,0.3387063031401252,-0.1781506097429721,103639036.41847396,-10488410.761071026,129358.65271216388,-0.04723775709581113,0.06518808165000187,0.013306742000000166,0.1490512
28.28000000000162,0.047312391643277996,0.047312391643277996,0.3386087284143481,-0.022605634211492313,107361653.66349792,-7031378.2978009535,148542.22925029052,-0.047170477816947054,0.06532472826000187,0.014022580000000166,-0.0058836
28.290000000001623,0.04720821892025845,0.04720821892025845,0.33850455569132853,-0.04055801153191033,109839738.54097962,-6440667.77117784,166337.97921320712,-0.04709184678313211,0.06546510115000187,0.014051998000000166,0.0117672
28.300000000001624,0.04710769977510404,0.04710769977510404,0.3384040365461741,0.24991523345495903,103259883.07569528,1354524.74470226,181634.47277640697,-0.04700277139340586,0.06559895305000187,0.012718382000000165,-0.2784904
28.310000000001626,0.047033575432814445,0.047033575432814445,0.33832991220388453,0.5966551174851928,81644319.62815356,13567880.720774986,191900.97861205298,-0.04690546047762928,0.06570350952500187,0.008192913000000164,-0.6266034
28.320000000001627,0.047006654071649945,0.047006654071649945,0.33830299084272003,0.4450569317591591,50425396.14994311,11819277.215748012,191556.43560469194,-0.04680491975692758,0.06575783476500187,0.0026721350000001648,-0.4775522
28.33000000000163,0.047024272545879486,0.047024272545879486,0.33832060931694957,0.2949742825646333,15178751.403272629,8895556.385388035,178416.57230591393,-0.04670875993210061,0.06576433124000187,-0.0013728399999998345,-0.3314428
28.34000000000163,0.04706729809848492,0.04706729809848492,0.338363634869555,-0.01862260656165543,-14009666.139421225,960890.7692459344,159429.5747414207,-0.0466228964340899,0.06574182647000187,-0.0031281139999998347,-0.019612
28.350000000001632,0.04711330045202089,0.04711330045202089,0.338409637223091,-0.13862896625264134,-35459560.415097,-3018740.775241467,141669.4709143948,-0.04654881703037278,0.06571255556000187,-0.0027260679999998347,0.1000212
28.360000000001634,0.04714621899125454,0.04714621899125454,0.3384425557623246,-0.22747203302463367,-47896992.407094955,-5820536.502674812,130193.67366533993,-0.04648417625715828,0.06569257583500188,-0.0012698769999998345,0.191217
28.370000000001635,0.04715344052628068,0.04715344052628068,0.33844977729735076,-0.4343071359991381,-48821134.74068189,-12539359.889600154,126527.45028232345,-0.04642384915237735,0.06569468412500187,0.0016915350000001655,0.4010654
28.380000000001637,0.04712004595795444,0.04712004595795444,0.3384163827290245,-0.5285578290752985,-38171295.77892375,-17014952.690752123,131295.70469622788,-0.04636295926084355,0.06573412876000187,0.006197392000000166,0.500106
28.39000000000164,0.04704139031802018,0.04704139031802018,0.33833772708909027,-0.31902007016884476,-22987828.483404398,-12790590.188772881,146778.4123378093,-0.04629574214491827,0.06581600886000187,0.010178628000000165,0.2961412
28.40000000000164,0.04693090226152086,0.04693090226152086,0.33822723903259094,-0.10669869319029053,-9690634.50214076,-7157446.0936427,169087.83904372653,-0.046216781058793455,0.06592742953500187,0.012105507000000165,0.0892346
28.41000000000164,0.046803804824103956,0.046803804824103956,0.33810014159517404,-0.13195778015448933,1797465.3773002625,-7817842.692957744,190331.08586351303,-0.04612400545929457,0.06605365727000187,0.013140040000000165,0.117672
28.420000000001643,0.046666490858492116,0.046666490858492116,0.3379628276295622,-0.0380468742965026,9720103.219851017,-5750290.287204193,207952.63485605994,-0.04601855000397853,0.06618866137500187,0.013860781000000166,0.0264762
28.430000000001645,0.04651927721791388,0.04651927721791388,0.33781561398898396,-0.18793546990641397,19363273.49601984,-9649916.956991786,223221.05374692837,-0.045902120404776536,0.06633239282000188,0.014885508000000165,0.1784692
28.440000000001646,0.046356566204143634,0.046356566204143634,0.3376529029752137,-0.20597711357432918,30578222.85949135,-11396536.834320236,237309.01729646756,-0.04577571504530492,0.06649068617500188,0.016773163000000164,0.1990618
28.450000000001648,0.04617039458171451,0.04617039458171451,0.3374667313527846,-0.33853764873950265,47352201.608944654,-15431240.512718339,252674.02394033072,-0.04563911363632489,0.06667175396500188,0.019440395000000162,0.3343846
28.46000000000165,0.04595230210397411,0.04595230210397411,0.3372486388750442,-0.3937878002823396,69504353.51316404,-18688255.168591924,270916.2962863901,-0.045490685101188755,0.06688434804500189,0.02307842100000016,0.3932206
28.47000000000165,0.045699481090998834,0.045699481090998834,0.3369956317965389,-0.27048266255854453,93550244.02478433,-16204690.975190047,292982.68328968907,-0.045327830112187106,0.06713180245500189,0.02641246100000016,0.2735874
28.480000000001652,0.04541707243682022,0.04541707243682022,0.3367130060606411,-0.2500157774644219,118302069.39062905,-16279898.039482694,317719.19306689024,-0.045147904320867294,0.06740918968000188,0.02906498400000016,0.2569172
28.490000000001654,0.04511059062369377,0.04511059062369377,0.33640630800775867,-0.19241214042573906,141751945.54607725,-15347514.149962395,342229.7935583014,-0.044949670806501696,0.06771131254000189,0.03135958800000016,0.2020036
28.500000000001656,0.04478758989685108,0.04478758989685108,0.3360830922077544,-0.025916490333382756,160484092.61737323,-11064968.086706068,365882.7496032648,-0.0447332001222594,0.06803091459500189,0.03256082300000016,0.0382434
28.510000000001657,0.044455399327259115,0.044455399327259115,0.33575068806573566,-0.12334858887810615,177707869.85783863,-13335785.950376214,387151.5882701157,-0.04449944123853583,0.0683609110100019,0.03343846000000016,0.137284
28.52000000000166,0.04411290824369607,0.04411290824369607,0.3354079852509629,-0.13940689075432774,193867591.7061932,-14635980.870228518,405439.1721295487,-0.04425026897750289,0.0687026010800019,0.034899554000000166,0.1549348
28.53000000000166,0.04375449128986886,0.04375449128986886,0.3350493587487143,-0.23487244017936712,212482567.0708773,-17393945.818745017,422931.7664996412,-0.04398698707022741,0.0690617703450019,0.03693429900000016,0.2520142
28.540000000001662,0.043372185744388586,0.043372185744388586,0.334666846172155,-0.34639189500894585,235492244.15482378,-21699432.519975644,441179.63905903255,-0.04370942208652917,0.0694465577850019,0.04002318900000016,0.3657638
28.550000000001663,0.04296081002009025,0.04296081002009025,0.33425526625972657,-0.23515092252598135,259694710.98909116,-19566326.560024694,461649.8379502279,-0.0434161919823402,0.0698623567000019,0.04313659400000016,0.2569172
28.560000000001665,0.04252254434528541,0.04252254434528541,0.3338167995566827,-0.2589042801998019,285396831.30452085,-20607587.80988896,484407.7493992194,-0.04310528408782388,0.0703072304050019,0.04583814700000016,0.2833934
28.570000000001667,0.04206199606571598,0.04206199606571598,0.3333560537215989,-0.13834470765727538,308619970.10769415,-18040444.884712074,507415.28900209296,-0.04277563851288921,0.07077681523000191,0.04807881800000016,0.1647408
28.580000000001668,0.041582562815944524,0.041582562815944524,0.3328764267005942,-0.2198051125673919,332334709.36455274,-20216386.59010352,529831.1566899375,-0.042427052370633656,0.07126792422500192,0.05014298100000016,0.2480918
28.59000000000167,0.04107711418818549,0.04107711418818549,0.33237078839570705,-0.4626601867116142,361853256.3001485,-28078629.225761212,551360.0938598198,-0.0420599370380802,0.07178786286000192,0.053844746000000165,0.4922612
28.60000000000167,0.04053621109823896,0.04053621109823896,0.33182970002606016,-0.2730530015081952,392213237.84129643,-24527299.90405207,574646.2969473539,-0.04167366959463242,0.07234624101500192,0.057830885000000165,0.3049666
28.610000000001673,0.03997241075026858,0.03997241075026858,0.33126571908890734,0.09292837312757647,414682709.9991987,-14069945.711887974,601110.1815410974,-0.04126589664635111,0.07293070313000193,0.05906153800000016,-0.058836
28.620000000001674,0.039403667911452556,0.039403667911452556,0.3306968006383135,-0.11039836986639108,434309602.6548495,-18619089.255462088,624977.8483296621,-0.040836274994036886,0.07352347583000193,0.05949300200000016,0.1451288
28.630000000001676,0.038829521973194725,0.038829521973194725,0.3301224843531651,-0.08820310671286646,450624093.4908619,-18983132.760332733,643663.1658793656,-0.04038808249432879,0.07412509844500194,0.060831521000000166,0.122575
28.640000000001677,0.03824814357124762,0.03824814357124762,0.3295409411523727,-0.002493964279408862,464068701.3279505,-16062965.387460485,660914.7325559303,-0.03992401509701257,0.07473740960000194,0.061630710000000165,0.0372628
28.65000000000168,0.03766917019752963,0.03766917019752963,0.3289618088005124,0.18945559833943024,469565946.87798333,-10422522.585543454,676986.4212556974,-0.039445126999332364,0.07535077490000194,0.06104235000000016,-0.1549348
28.66000000000168,0.03710804122667671,0.03710804122667671,0.3284005269355806,0.3375466371977027,464972331.4991226,-4639956.568733129,689095.0162350201,-0.03895372135355113,0.07594972538000194,0.05874774600000016,-0.303986
28.670000000001682,0.0365748202530507,0.0365748202530507,0.32786715940912636,0.25202466637031473,453815969.11440015,-5568483.819902207,695248.66905798,-0.038454266943831916,0.07652408731500195,0.05612464100000016,-0.220635
28.680000000001684,0.03607473447958032,0.03607473447958032,0.32736693367384284,0.48407567688943515,431874612.22755384,1928722.0104923733,695550.819341823,-0.03795206299205284,0.07706844289000195,0.05274647400000016,-0.4549984
28.690000000001685,0.035620118262182865,0.035620118262182865,0.3269121843253808,0.5988794527094491,399081974.461678,7875428.525911456,690906.1754962676,-0.03745195774736543,0.07757021591000195,0.04760813000000016,-0.5726704
28.700000000001687,0.03522585236053538,0.03522585236053538,0.3265177923524243,0.7324604379134562,353085429.618031,13914711.890122019,679081.742359037,-0.036959465017195214,0.07801423159000195,0.04119500600000016,-0.7099544
28.71000000000169,0.03489019239445329,0.03489019239445329,0.3261820135947157,0.2807282813832673,307954597.50070786,4328008.591087135,658741.2139981467,-0.03648160471906867,0.07840186277000195,0.03633123000000016,-0.2628008
28.72000000000169,0.03460137473287461,0.03460137473287461,0.32589308462929767,0.5800746909383051,255915000.28904843,12433094.173165776,633593.3700765076,-0.036024083357161785,0.07874445989500195,0.032188195000000155,-0.5658062
28.73000000000169,0.0343566188300804,0.0343566188300804,0.3256482251016771,0.3218998486401493,206573357.3133142,9085308.237878272,607236.0014627243,-0.03558926386987801,0.07904442543500195,0.027804913000000153,-0.3108502
28.740000000001693,0.03414514809377295,0.03414514809377295,0.32543665859298987,0.10784636911331322,161760320.71445513,2559155.9751506355,578573.5625072838,-0.03517844336156259,0.07931220278000195,0.025750556000000153,-0.1000212
28.750000000001695,0.033945264611002446,0.033945264611002446,0.32523668734652006,-0.07386583846618996,127195225.73641825,-1509830.642820781,550706.9086518447,-0.034791896830376895,0.07956919352500195,0.025647593000000152,0.0794286
28.760000000001696,0.033740779314401725,0.033740779314401725,0.32503212242965845,-0.14410937193070464,101903595.41140914,-4544131.133987071,528489.3298525561,-0.03442647301625634,0.07983138145000196,0.02678999200000015,0.1490512
28.770000000001698,0.03352206219398279,0.03352206219398279,0.32481333394415796,-0.2071883704022568,85715503.14729404,-6140242.853348676,512098.5007959863,-0.03407710325091862,0.08010830289000197,0.02859429600000015,0.2118096
28.7800000000017,0.03328232529937908,0.03328232529937908,0.32457353403117617,-0.2823048546562401,78094405.32327962,-9404139.65460733,501551.5982025847,-0.033738779192336144,0.08040672398500197,0.03108992300000015,0.2873158
28.7900000000017,0.033019037698981346,0.033019037698981346,0.32431019183328874,-0.1702301520468004,74701115.54044175,-6776643.805728748,496406.5801259415,-0.03340677531882122,0.08072919429500197,0.03340413900000015,0.1755274
28.800000000001702,0.032741376563478586,0.032741376563478586,0.32403248458027,0.04790693674354202,69343752.87156343,-974562.9666498859,495594.51432076405,-0.03307707876201904,0.08106656972500197,0.03407094700000015,-0.0421658
28.810000000001704,0.032459195869259494,0.032459195869259494,0.32375026629615444,-0.10619970570325087,65659362.730523825,-4311175.341192748,495182.64773799473,-0.032747831584064774,0.08140899524500196,0.034414157000000146,0.1108078
28.820000000001706,0.03216884122123698,0.03216884122123698,0.3234598826242897,-0.16238249527773588,64489680.76264,-7051796.096469541,493529.2508148726,-0.03241943482511159,0.08176005004500196,0.03579680300000015,0.1657214
28.830000000001707,0.031864388240572805,0.031864388240572805,0.3231554092128415,-0.13296860940864513,66041974.198550224,-6205584.759485115,493687.24046371924,-0.03209164219123051,0.08212554418000197,0.03730202400000015,0.1353228
28.84000000000171,0.031538702021746634,0.031538702021746634,0.32282971116888887,-0.421009812383556,76526883.57745719,-14950391.58067397,496243.8230819739,-0.031762714160151306,0.08251251345500196,0.04009183100000015,0.4226386
28.85000000000171,0.03118384049062567,0.03118384049062567,0.3224748464168301,-0.19202425761620426,88556240.42428207,-10308422.801582694,502200.87575758004,-0.03143023609440254,0.08292882718500197,0.04317091500000015,0.1931782
28.860000000001712,0.030806724752626136,0.030806724752626136,0.32209773604714725,-0.08510994752896392,100294306.53060675,-6902024.732920188,512534.6240695314,-0.031090950304382442,0.08336752311000196,0.04456827000000015,0.0862928
28.870000000001713,0.030418686124903893,0.030418686124903893,0.3217097113505199,-0.0746714362323903,109787574.0058701,-6817540.181418781,522921.67973217095,-0.03074297281515065,0.08381722627000196,0.04537236200000015,0.0745256
28.880000000001715,0.030027145833205537,0.030027145833205537,0.32131819351641994,0.09446916112010995,114036799.08071756,-2029665.0866031486,531401.4149996368,-0.03038704443912285,0.08427041056000197,0.045264496000000154,-0.0960988
28.890000000001717,0.029644833416978322,0.029644833416978322,0.32093591203746374,0.2551000787537217,110348788.39654946,3468015.7169672577,537924.2630012941,-0.030024766406345105,0.08471418109000196,0.04348961000000015,-0.2588784
28.900000000001718,0.02927908094702031,0.02927908094702031,0.3205701989257483,0.05806537100145967,104739661.29130673,-865741.6787738774,539759.9732965892,-0.029658938368546328,0.08514098724000196,0.04187162000000015,-0.0647196
28.91000000000172,0.028932461802865794,0.028932461802865794,0.32022362748958066,0.3944362011568159,89465208.16545701,8379536.441970001,537777.7927037111,-0.02929317697922551,0.08554798527000197,0.039527986000000154,-0.4040072
28.92000000000172,0.028617486020514504,0.028617486020514504,0.3199087076800359,0.4191272915943952,67029522.50400615,11877660.034007322,532926.2505898826,-0.02893037893069217,0.08592237835000198,0.035350630000000154,-0.431464
28.930000000001723,0.028338700807515993,0.028338700807515993,0.31962998660560776,0.21525862032526513,41943837.7176888,7048646.431667628,521978.6260848737,-0.028574414634852385,0.08625931251000198,0.03203620200000015,-0.2314216
28.940000000001724,0.028082975539898525,0.028082975539898525,0.3193743335287245,0.07307536954866987,19537001.13377309,3701125.180158969,506496.25235061644,-0.028229661242362508,0.08657158458000198,0.030418212000000153,-0.0921764
28.950000000001726,0.027832744417606137,0.027832744417606137,0.3191241825212831,-0.14140622960929153,5065375.968745232,-2383973.6316405386,491918.374599728,-0.027897414699882883,0.08687647763500199,0.03056039900000015,0.1206138
28.960000000001727,0.027576498230901858,0.027576498230901858,0.31886802423226723,-0.030788022109297975,-5841552.383835316,4259.854419756237,480929.71894794045,-0.027575649871315305,0.087185342120002,0.03121249800000015,0.009806
28.97000000000173,0.02731240876145513,0.02731240876145513,0.31860403029061546,-0.1107490358741283,-11747322.572038412,-1767460.8845239228,474160.8751069779,-0.027261095160785453,0.08749996763000199,0.03171260400000015,0.0902152
28.98000000000173,0.027042496590351073,0.027042496590351073,0.3183342211138958,0.019449237562603368,-17966654.504930973,1140106.3126708744,469675.3425623011,-0.026951126458027386,0.08781836845000199,0.03196756000000015,-0.039224
28.990000000001732,0.026769423731818842,0.026769423731818842,0.3180612585418818,-0.05443451638729317,-21883779.562603474,-159598.77568186773,466271.2897470562,-0.026644393621954893,0.08813794599000199,0.03194794800000015,0.0353016
29.000000000001734,0.026496378871900816,0.026496378871900816,0.3177883310748285,0.09067836342423553,-28295543.137144804,3190186.4775989708,463146.802941121,-0.026340332996094812,0.08845558684500199,0.03158022300000015,-0.1088466
29.010000000001735,0.026241484918689162,0.026241484918689162,0.3175335614233463,0.5993175972729683,-48290345.37219763,18727490.17982946,459481.7726930939,-0.026039046121229092,0.08875324797500199,0.02795200300000015,-0.6167974
29.020000000001737,0.026033635378024056,0.026033635378024056,0.31732584288144056,0.5927308250866153,-79907977.24793816,21538071.78723818,450304.28710422077,-0.025743080785782857,0.08900207522500199,0.02181344700000015,-0.6109138
29.03000000000174,0.02587829246083434,0.02587829246083434,0.3171706374283601,0.31574430556527927,-115062014.07916212,15217303.397618417,430111.3509374947,-0.02545922264706918,0.08919652820500198,0.01707714900000015,-0.3363458
29.04000000000174,0.025764575115293176,0.025764575115293176,0.3170570637595307,0.44105193382616337,-154257278.75976968,19174334.881068505,403358.2290841393,-0.025194292109190664,0.08934731997000199,0.013081204000000148,-0.4628432
29.05000000000174,0.025681149209232146,0.025681149209232146,0.3169737874746542,0.01404718489911731,-185402063.6459186,9152021.014106305,374863.7873384087,-0.024951149306858406,0.089465653875002,0.010585577000000148,-0.0362822
29.060000000001743,0.02560797545392962,0.02560797545392962,0.3169007690056536,-0.058885836411048845,-209512766.909904,5399207.229467595,346148.539970171,-0.02473010467271225,0.08957153416000199,0.010590480000000149,0.0372628
29.070000000001745,0.025524375971474056,0.025524375971474056,0.316817330189631,-0.31324629477158344,-219720814.92530918,-1414136.8437355617,322546.71395272686,-0.02452876859833683,0.089685725030002,0.012247694000000149,0.29418
29.080000000001746,0.025415518696633832,0.025415518696633832,0.3167086386800162,-0.3249332694338665,-219892690.68580604,-4210870.845700395,307071.4735643462,-0.024341902915447244,0.089823303210002,0.015267942000000149,0.3098696
29.090000000001748,0.02527931253533494,0.02527931253533494,0.3165726031100311,-0.1308426247074427,-215818053.52117324,773782.0735670328,299878.86730928725,-0.024163399514807837,0.089986744715002,0.01742035900000015,0.1206138
29.10000000000175,0.025125286735193098,0.025125286735193098,0.316418752459515,-0.12616703487009714,-209459834.83251286,272809.0556545942,297989.3987436922,-0.023988232200745835,0.09016697899500199,0.018626497000000148,0.1206138
29.11000000000175,0.02495766195609994,0.02495766195609994,0.3162513071140927,-0.16078246360212786,-200784264.57438636,-1194757.961772712,296774.72823673574,-0.023814201144533892,0.09036023074000199,0.020023852000000147,0.1588572
29.120000000001752,0.024773355210002623,0.024773355210002623,0.31606718379914206,-0.21954671809486337,-188065628.69500875,-3939504.031176874,296810.19950434583,-0.023640601394155136,0.09056998108000198,0.021926216000000148,0.2216156
29.130000000001754,0.024568908152613922,0.024568908152613922,0.3158629238775972,-0.20573655186152023,-172114609.0392871,-4472954.237235485,299357.0577827827,-0.023466056598735408,0.090800078870002,0.024093342000000146,0.2118096
29.140000000001756,0.02434504649718322,0.02434504649718322,0.31563925276806437,-0.14556409986437963,-154751476.07881117,-3805019.078328564,304574.3517079101,-0.023288664161424527,0.091050205415002,0.025931967000000146,0.1559154
29.150000000001757,0.024102644319403732,0.024102644319403732,0.31539704424750303,-0.24475614236056137,-133902441.51192188,-7067230.254118297,311324.2885163451,-0.023106865692146178,0.091319894930002,0.028005936000000148,0.2588784
29.16000000000176,0.023842436523208277,0.023842436523208277,0.3151370329140602,-0.07714835205117967,-114336599.00396943,-3909261.6808484267,319297.1840463755,-0.0229196176416695,0.091608804205002,0.029775919000000147,0.0951182
29.17000000000176,0.02357335099094443,0.02357335099094443,0.3148681463370922,0.04396661133314455,-98103225.89675236,-162470.32520362348,328310.0048052716,-0.022726043102202914,0.09190837750500201,0.030138741000000146,-0.0225538
29.180000000001762,0.023307385653355606,0.023307385653355606,0.31460238212305974,0.11408617941806025,-87115593.51522994,1562591.7973721775,335159.0106111475,-0.022526526723499612,0.09220694569000201,0.029574896000000146,-0.0902152
29.190000000001763,0.02304246012557659,0.02304246012557659,0.31433765954532844,-0.23048967453290098,-71502860.2299149,-7648332.4675625935,338074.46265781636,-0.022323335982588483,0.09250683768500201,0.030403503000000144,0.2559366
29.200000000001765,0.022770734672060366,0.022770734672060366,0.3140661385159333,0.07492279027909138,-59459331.0310719,-1325022.0980035448,340642.87569436827,-0.022118074403104565,0.092816094410002,0.03144784200000014,-0.0470688
29.210000000001767,0.022502138674006578,0.022502138674006578,0.3137977480661396,0.20585112162587907,-51988802.5493269,4082746.263222351,344938.19474535563,-0.021910214030737257,0.093125007925002,0.030334861000000143,-0.1755274
29.220000000001768,0.022250291934092836,0.022250291934092836,0.31354610764541296,0.18337612915001947,-49983289.95910072,3283997.977411393,345792.63847251347,-0.021700401379183387,0.093420168525002,0.028697259000000145,-0.151993
29.23000000000177,0.022018504919584292,0.022018504919584292,0.31331452735083365,0.2298016659663699,-52609482.0454278,5470848.801236533,341502.5699378712,-0.021491891179502703,0.093698389260002,0.026946888000000144,-0.1980812
29.24000000000177,0.02180653984507458,0.02180653984507458,0.31310276901402145,0.14990391212283044,-56754143.207820415,3484089.094033906,334263.1179302106,-0.021287741607475236,0.093959964310002,0.025368122000000146,-0.117672
29.250000000001773,0.021608431318346222,0.021608431318346222,0.3129047680894163,0.0207032933277713,-59056791.147042036,183210.20015376664,324664.5537390975,-0.02108994246091367,0.09421099791000201,0.024838598000000146,0.0117672
29.260000000001774,0.021411418060571452,0.021411418060571452,0.31270775483164154,-0.15178642260266131,-55269046.68742776,-5376850.660496797,315281.2464421435,-0.020899240483709752,0.09446431140500201,0.025824101000000144,0.1853334
29.270000000001776,0.021198067834355294,0.021198067834355294,0.3124944046054254,-0.3706030155591783,-41094371.82577777,-12407960.348116677,309465.41192540055,-0.0207141724873936,0.09473733496000201,0.028780610000000144,0.4059684
29.280000000001777,0.0209622994440265,0.0209622994440265,0.3122586362150966,-0.0037341107843759996,-27465619.22551489,-4153839.2481179317,310261.7423322252,-0.02053096370669394,0.09503634441500201,0.031021281000000143,0.0421658
29.29000000000178,0.020715061775376686,0.020715061775376686,0.31201139854644677,-0.08069989571307846,-12331711.866380215,-5012481.47117036,315634.59775245277,-0.02034566015055672,0.09535065123000201,0.031840082000000144,0.1215944
29.30000000000178,0.02045901227501351,0.02045901227501351,0.3117553490460836,-0.1873393663242901,4570546.143282175,-9614928.198847318,320030.0208191734,-0.020156753505419844,0.09567782842000201,0.033595356000000146,0.2294604
29.310000000001782,0.020200730637051245,0.020200730637051245,0.31149706740812133,0.36611962164664713,10996367.823723316,5704144.342306213,325131.71293704177,-0.019964307564666495,0.09601145305500201,0.03312957100000014,-0.3226174
29.320000000001784,0.019968068269476114,0.019968068269476114,0.3112644050405462,0.479956603476999,5968762.543040514,11196078.180883095,328566.36622678634,-0.01976867031309376,0.09632377415500201,0.029334649000000143,-0.436367
29.330000000001785,0.01977408578159301,0.01977408578159301,0.3110704225526631,0.2212882876105467,-4006860.7588100433,5202016.851575671,322246.11221408384,-0.01957421032063328,0.09660170071000201,0.026250662000000143,-0.1804304
29.340000000001787,0.01960973863439547,0.01960973863439547,0.31090607540546555,0.2630218417760717,-17392423.549498558,6253499.716051614,308584.4198665271,-0.01938731138498212,0.09685408263500202,0.024225723000000143,-0.2245574
29.35000000000179,0.019467708109616955,0.019467708109616955,0.31076404488068704,0.14548968934685946,-29623349.826236486,4230683.943136696,293678.53181745636,-0.019210983533606563,0.09708800476500203,0.022558703000000145,-0.1088466
29.36000000000179,0.019343974678523113,0.019343974678523113,0.3106403114495932,0.17805388995643087,-42756148.872731924,4810940.6575894505,277922.3147683778,-0.019045836357066137,0.09730729144000203,0.021298632000000144,-0.1431676
29.37000000000179,0.019232749321715592,0.019232749321715592,0.3105290860927857,-0.0011376243516147808,-51699745.06164241,819159.8980592921,262058.65158849797,-0.018892038558444124,0.09751755659500203,0.020754399000000142,0.034321
29.380000000001793,0.019127058266664332,0.019127058266664332,0.3104233950377344,0.045695122292244816,-59181910.284101486,1101113.339978911,247416.99381055514,-0.018748999793197163,0.09772561540000203,0.020857362000000143,-0.0137284
29.390000000001795,0.01902120601958296,0.01902120601958296,0.31031754279065304,-0.09659219868699816,-61273147.786515236,-2099415.884584379,235212.45312380252,-0.01861526525673829,0.09793703276000204,0.021426110000000144,0.127478
29.400000000001796,0.018908324272780275,0.018908324272780275,0.31020466104385036,-0.13363666239925764,-59120232.591359615,-4512503.445961281,225918.20905824914,-0.018488870218210884,0.09815857481500204,0.022882301000000143,0.1637602
29.410000000001798,0.018781253058349046,0.018781253058349046,0.31007758982941913,-0.2037131816538542,-51101103.37779021,-6472726.694197132,220705.25203951902,-0.018367399238633064,0.09839732640000204,0.024868016000000142,0.2333828
29.4200000000018,0.01863529062768393,0.01863529062768393,0.309931627398754,-0.2145856236475855,-38671158.20471501,-8187854.664295366,220255.19403795764,-0.018247850861325132,0.09865794536500204,0.02725577700000014,0.2441694
29.4300000000018,0.018461787026719134,0.018461787026719134,0.3097581237977892,-0.4687623830406181,-16232957.293897152,-15693801.436744109,224105.02349218744,-0.018127140724577828,0.09894906099000204,0.03096734800000014,0.4981448
29.440000000001803,0.018252040673975733,0.018252040673975733,0.3095483774450458,-0.29759968141508997,9767755.848141432,-13603397.978884637,234018.9038754014,-0.018001718799472655,0.09927937610000205,0.03509567400000014,0.3275204
29.450000000001804,0.018018831653991985,0.018018831653991985,0.30931516842506207,0.12552153178952852,29148457.237715006,-1398462.7764418917,250243.40062877818,-0.01786725713634274,0.09963614289500206,0.03625768500000014,-0.0951182
29.460000000001806,0.017784043557724227,0.017784043557724227,0.3090803803287943,-0.01647348245810605,45079276.42262077,-4567271.828802658,265186.6020901774,-0.017721879204998015,0.09999746948000206,0.036007632000000137,0.0451076
29.470000000001807,0.017543401186186358,0.017543401186186358,0.30883973795725644,-0.3266791021465358,65237750.91489315,-13808669.672611143,274160.3813960518,-0.01756801865198998,0.10036747437500206,0.037993347000000136,0.3520354
29.48000000000181,0.017284861850599242,0.017284861850599242,0.30858119862166933,-0.04604687521933684,83824973.20835137,-7717303.113180097,284166.3393472187,-0.017407346100530408,0.10075794929500205,0.040101637000000134,0.0696226
29.49000000000181,0.01701990326541475,0.01701990326541475,0.30831624003648483,0.16207668400887137,96500854.01024652,-587621.5559436283,297581.65899914724,-0.017238184561560732,0.10115720058500205,0.03974862100000014,-0.1402258
29.500000000001812,0.01675884535832073,0.01675884535832073,0.3080551821293908,-0.12193173854170389,109417911.93982983,-8169085.607283859,307491.6451919845,-0.017060495906738582,0.10155468679500206,0.03974862100000014,0.1402258
29.510000000001813,0.016497309649727065,0.016497309649727065,0.30779364642079715,0.06282544026208944,118387824.58178687,-3785848.983267345,313973.6478375335,-0.01687676247683717,0.10195447741500206,0.04020950300000014,-0.0480494
29.520000000001815,0.016236157775056104,0.016236157775056104,0.3075324945461262,0.01186833986186488,126906886.06564116,-4178159.1115542236,320866.05994114926,-0.0166880618472231,0.10235537121000206,0.03996925600000014,0.0
29.530000000001817,0.01598491857006379,0.01598491857006379,0.3072812553411339,0.31026140722113316,126071384.13708496,4023834.457983799,326326.4140007716,-0.016494755573083553,0.10274751315000206,0.03845913200000014,-0.3020248
29.540000000001818,0.01575566350868368,0.01575566350868368,0.30705200027975377,0.2472956355821479,120176780.58571458,4541605.5453758715,328104.50712821924,-0.01629880860046712,0.10311847413000207,0.03573306400000014,-0.2431888
29.55000000000182,0.015548045456799664,0.015548045456799664,0.30684438222786975,0.060952577838566786,113319190.4980483,-470285.85817071283,324397.3758991526,-0.016103727392277556,0.10346818060500207,0.03420823100000014,-0.0617778
29.56000000000182,0.015346563211068032,0.015346563211068032,0.3066428999821381,-0.1235242418928148,111642214.63617754,-5429877.568640919,317947.4331422917,-0.015912496264711695,0.10381168478500206,0.034492605000000134,0.1186526
29.570000000001823,0.015140045266856306,0.015140045266856306,0.3064363820379264,-0.015251067950810014,111600522.86061549,-3129116.43629261,314483.8177547357,-0.01572487449345289,0.10415977327000206,0.035125092000000135,0.0078448
29.580000000001824,0.01493069087184884,0.01493069087184884,0.3062270276429189,0.04065223029198835,111553003.82616043,-810181.2129416477,314284.23447007407,-0.015538524994515968,0.10450997004500207,0.03491426300000013,-0.0500106
29.590000000001826,0.014725260526137152,0.014725260526137152,0.30602159729720724,0.09115795567367115,109101275.38732648,757571.0162915536,314432.4539834999,-0.015352177369113262,0.10485528833500207,0.03414939500000013,-0.102963
29.600000000001828,0.01452596788653765,0.01452596788653765,0.30582230465760774,0.022870698162524364,106619549.19555998,-408810.9996148464,313046.4776106406,-0.015166313380267804,0.10519327664000207,0.03344826600000013,-0.0372628
29.61000000000183,0.014328738315340539,0.014328738315340539,0.3056250750864106,-0.054128017383451243,105883224.15939498,-2731671.7677172963,310723.2044236976,-0.014981829947470826,0.10552775930000206,0.03344826600000013,0.0372628
29.62000000000183,0.014131016150505493,0.014131016150505493,0.3054273529215756,0.06584746222313016,104091185.41200614,639183.3147536102,309138.88418655057,-0.014798757862411305,0.10586106524000206,0.03321292200000013,-0.0843316
29.630000000001832,0.013935018973394275,0.013935018973394275,0.30523135574446436,-0.008402646544165778,103216157.74915767,-781051.8226290671,308332.16351497837,-0.014616536139788083,0.10619079199000206,0.03273242800000013,-0.0117672
29.640000000001834,0.013743206842155742,0.013743206842155742,0.3050395436132258,0.11852265398848044,99355201.70877361,2557888.4814064256,306883.4993349075,-0.014435145044187081,0.10651431644500206,0.03197246300000013,-0.1402258
29.650000000001835,0.013560396132430541,0.013560396132430541,0.3048567329035006,0.1316528492945032,93448745.7551136,4026773.063150521,304598.5684525232,-0.014255140554703949,0.10682666206000206,0.03049666000000013,-0.1549348
29.660000000001837,0.013386595230331089,0.013386595230331089,0.3046829320014012,-0.021200584445691038,88897562.96783233,-34633.873808039585,300283.13770003436,-0.014077601054341748,0.10712765723000206,0.02970237400000013,-0.0039224
29.67000000000184,0.01321654522251825,0.01321654522251825,0.30451288199358834,0.06093624118933415,83969139.46807814,2076809.1881225356,294914.21574880334,-0.013903618446841681,0.10742240107500206,0.02924639500000013,-0.0872734
29.68000000000184,0.013047426954034436,0.013047426954034436,0.3043437637251045,-0.06325287518425798,82266925.68455982,-835093.0013285202,290668.991446544,-0.013733105206916174,0.10771359024500206,0.02899143900000013,0.0362822
29.69000000000184,0.012873310200109678,0.012873310200109678,0.30416964697117976,-0.13429518366516652,84164578.42551684,-3489785.6909881295,287068.415004967,-0.013565408363471365,0.10800708382500206,0.02970727700000013,0.1068854
29.700000000001843,0.012687039647860443,0.012687039647860443,0.30398337641893053,-0.15430869046440693,90264100.66579342,-4400198.498342306,285839.2620456858,-0.013399389081041213,0.10831001568000206,0.030879094000000128,0.127478
29.710000000001845,0.01248164767837745,0.01248164767837745,0.30377798444944754,-0.3219441247561451,103601083.3333602,-9729359.446597343,288166.3726297815,-0.013232916840413111,0.10862939710000206,0.03299719000000013,0.2961412
29.720000000001846,0.012255675372509489,0.012255675372509489,0.3035520121435796,-0.025016515421393215,115464629.11917329,-2805074.1236471166,294380.4533519027,-0.013063339903251647,0.10896679704500206,0.034482799000000126,0.0009806
29.730000000001848,0.012012782886566042,0.012012782886566042,0.30330911965763613,-0.3048300474222955,133507118.31800866,-9705534.021786846,303258.0816041479,-0.012888250956929914,0.10931870987000206,0.035899766000000125,0.2824128
29.74000000000185,0.011748597417609197,0.011748597417609197,0.3030449341886793,-0.21704271026885746,152863400.00367928,-9660758.645497665,312696.8824325124,-0.012706428446732698,0.10968967085000206,0.03829243000000013,0.19612
29.75000000000185,0.011461893458501349,0.011461893458501349,0.30275823022957143,-0.16182413807799462,174134871.81662774,-7750068.067325593,325089.6338581953,-0.012516510807691283,0.11008107734000205,0.03998886800000013,0.1431676
29.760000000001853,0.011156157345823148,0.011156157345823148,0.30245249411689323,-0.220595156392295,196947440.9088118,-10517217.25362896,339202.3685528469,-0.01231667425802907,0.11048964433000205,0.04172453000000013,0.2039648
29.770000000001854,0.010836053969313308,0.010836053969313308,0.3021323907403834,0.02837904678355043,215417225.080539,-3962807.4422869263,353339.20342910377,-0.012106160200598237,0.11091091009000205,0.04252862200000013,-0.0431464
29.780000000001856,0.010515518014961978,0.010515518014961978,0.30181185478603206,0.1466989496856366,227734779.38713932,-83172.49430471938,366936.55929573806,-0.011885057931350307,0.11133112170500205,0.041513701000000125,-0.1598378
29.790000000001857,0.010200764130716022,0.010200764130716022,0.3014971009017861,-0.09032958845573374,240030909.83739233,-6115853.216812344,375930.898903536,-0.011655260785393584,0.11174419945500205,0.04110184900000013,0.0774674
29.80000000000186,0.009876305982369049,0.009876305982369049,0.30117264275343913,-0.354155634661599,259386067.67718935,-14794251.823221948,381955.18688780034,-0.011419644817348862,0.11216571036500206,0.043200333000000125,0.3422294
29.81000000000186,0.009526155445731377,0.009526155445731377,0.30082249221680146,-0.2290546738496712,282577711.0871947,-12749137.600459317,391553.979314134,-0.011177938614615746,0.11261176079000206,0.046009752000000126,0.2196544
29.820000000001862,0.00914162208237751,0.00914162208237751,0.3004379588534476,-0.5630480862858073,317132668.3197398,-22618955.69376999,406264.3867269001,-0.01092669292348869,0.11309127419000206,0.04989292800000013,0.5569808
29.830000000001863,0.008718026504721643,0.008718026504721643,0.30001436327579173,-0.2073377256593809,350868174.1574137,-15608483.468813082,425478.8871406802,-0.010662014613967041,0.11360925162500206,0.05370255900000013,0.2049454
29.840000000001865,0.008264020900683455,0.008264020900683455,0.29956035767175354,-0.23867751768901133,386328571.008193,-15624363.793053623,448823.6204320393,-0.010380292427496496,0.11415740702500206,0.05592852100000013,0.240247
29.850000000001867,0.007797564000976975,0.007797564000976975,0.29909390077204706,0.1866760081588514,410193951.92720366,-5395858.622288843,471758.085947542,-0.01007981243594791,0.11471813862000206,0.056217798000000124,-0.1823916
29.860000000001868,0.00733827320620456,0.00733827320620456,0.29863460997727465,0.15207401504847748,427250299.67421126,-3934712.238107398,490439.52005339053,-0.009762270246331473,0.11527210407500206,0.05457529300000012,-0.1461094
29.87000000000187,0.006897293590577669,0.006897293590577669,0.29819363036164775,0.24175601234156444,434764873.20487857,-2122533.92607666,502642.98833088006,-0.009431988997225693,0.11580832067000206,0.052668026000000125,-0.235344
29.88000000000187,0.006484822236161203,0.006484822236161203,0.2977811590072313,0.5048659081225252,430117724.4469726,7137485.317775048,508970.8981858616,-0.009094105836989663,0.11631666371000206,0.049000582000000126,-0.4981448
29.890000000001873,0.006114798883213757,0.006114798883213757,0.29741113565428384,0.44654208693400554,416314016.12434316,7176866.694443921,509102.3282944096,-0.008753727479748452,0.11678320867500205,0.044308411000000124,-0.4402894
29.900000000001874,0.005789802066954841,0.005789802066954841,0.2970861388380249,0.403209303412511,395873076.86812425,7356754.655292594,500915.7712397538,-0.008416945156374811,0.11720533246000206,0.04011634600000012,-0.3981236
29.910000000001876,0.005507391691256469,0.005507391691256469,0.29680372846232655,0.4505826142247408,369827650.19244885,9768812.469671171,487431.60240695236,-0.008089316951950587,0.11758538850500207,0.035894863000000124,-0.446173
29.920000000001878,0.00526996721688372,0.00526996721688372,0.2965663039879538,0.49513490877704064,337981064.94086933,12786609.157354984,470264.1132636107,-0.007774440247538261,0.11792090079500207,0.031207595000000123,-0.4912806
29.93000000000188,0.005073469294546662,0.005073469294546662,0.29636980606561675,0.1962706727009555,308380045.5716989,5792004.86593185,448619.2459050126,-0.007475538752800992,0.11821586527500208,0.027785301000000123,-0.1931782
29.94000000000188,0.004899755790509663,0.004899755790509663,0.29619609256157975,0.023749004652333587,284705904.2188029,697903.8072341527,424866.73877760035,-0.0071950168674615456,0.11848837401500208,0.026716447000000122,-0.0205926
29.950000000001882,0.004737768416275823,0.004737768416275823,0.2960341051873459,0.2253127838191875,261848116.67370677,6191530.819578187,404196.00445002026,-0.006932126825193785,0.11874950779500208,0.025510309000000123,-0.220635
29.960000000001884,0.004584784671971598,0.004584784671971598,0.2958811214430417,-0.11420895201163643,247290563.28632712,-2138940.295707387,386701.54186148394,-0.006684177746521802,0.11900211035500208,0.025010203000000123,0.1206138
29.970000000001885,0.004433937605528959,0.004433937605528959,0.29573027437659904,0.08857750811309596,233136222.89225888,1694170.7302467648,370754.67650643684,-0.006449186471661206,0.11925321750000208,0.025211226000000125,-0.0804092
29.980000000001887,0.004286866816940127,0.004286866816940127,0.2955832035880102,0.08810504993697622,221064957.59506345,3155009.2455619355,358419.7790915394,-0.00622522832844935,0.11950138284500207,0.024421843000000124,-0.0774674
29.99000000000189,0.004153828284299388,0.004153828284299388,0.2954501650553695,0.296502629935448,203401112.67959714,8329033.812460061,346993.1509626833,-0.006010334780076232,0.11973655524000207,0.022612636000000123,-0.284374
30.00000000000189,0.0040433856323818795,0.0040433856323818795,0.29533972240345197,0.22272491912180606,183985968.42308903,8225821.965239966,333188.4015319107,-0.005805041263776567,0.11995032604000207,0.020141524000000122,-0.2098484
30.01000000000189,0.003958855021121366,0.003958855021121366,0.2952550401305924,0.2884626941394941,160516561.60434747,9634130.484222442,316356.9168857976,-0.005611294769343106,0.12013960635500207,0.017714539000000123,-0.2755486
30.020000000001893,0.003898161533797906,0.003898161533797906,0.2951941747713782,0.1530262384135587,138272833.6105225,7422263.754657891,296882.8184218655,-0.005431034178134508,0.12030635738500206,0.015635667000000124,-0.1402258
30.030000000001895,0.00385360318403255,0.00385360318403255,0.29514944590709247,0.05094462616988067,118788883.97475576,3804516.70240255,276339.8354067651,-0.005265366177693714,0.12045825232500207,0.014743321000000123,-0.0382434
30.040000000001896,0.0038202558303455647,0.0038202558303455647,0.2951159296886468,0.1935903428508604,98862797.42837143,8197838.082618238,256980.60062952922,-0.005113949505196558,0.12060021869000206,0.013649952000000123,-0.1804304
30.050000000001898,0.0037954999025223146,0.0037954999025223146,0.2950910068258133,-0.09441392102328144,85259535.23976946,515648.3932149566,239206.4564624095,-0.004975547135363467,0.12073490410000207,0.013287130000000123,0.107866
30.0600000000019,0.003771306589298362,0.003771306589298362,0.29506664877769045,0.017784420344164237,73237144.54106212,2443360.6988703776,222595.0022149108,-0.004848980611640713,0.12087037399000207,0.013806848000000123,-0.0039224
30.0700000000019,0.0037550080471809855,0.0037550080471809855,0.29505018795519966,0.3747112719764143,55091441.96330476,13005721.438213956,209995.6242436115,-0.004732320353537545,0.12099934740500207,0.011987835000000124,-0.3598802
30.080000000001903,0.0037601267746755207,0.0037601267746755207,0.295055147102345,0.08959182114834646,37420043.86826682,6758527.320056747,195873.0800690989,-0.004624607155207239,0.12110834109500207,0.009810903000000124,-0.0755062
30.090000000001904,0.0037842289849115973,0.0037842289849115973,0.2950790927073778,0.2055634012260048,16619039.327777624,8910841.146349542,176822.8822586383,-0.004527783630698751,0.12119973301500207,0.008467481000000124,-0.1931782
30.100000000001906,0.00381983528985258,0.00381983528985258,0.2951145456839218,-0.04045866591121431,1396052.7020745277,3494316.4440485113,157656.80282755403,-0.004443224578827454,0.12128087766500208,0.007761449000000123,0.0519718
30.110000000001907,0.003858750826173485,0.003858750826173485,0.29515331145907,0.007796069254963945,-12086796.4731884,3148869.9327054378,139804.33691740409,-0.004370221164409105,0.12135986499500208,0.008036017000000123,0.0029418
30.12000000000191,0.0038949088557364564,0.0038949088557364564,0.2951893235551656,-0.08535530200406527,-20443946.411874533,1377033.6752001827,125240.83377995365,-0.004307054651853798,0.12144270118000208,0.008531220000000122,0.0960988
30.13000000000191,0.00392319479561809,0.00392319479561809,0.2952174676075287,-0.15192983204673563,-24401435.55265212,-1942230.0104848742,114491.09873399012,-0.0042513667408643485,0.12153448534000208,0.009825612000000122,0.1627796
30.140000000001912,0.003935712275275005,0.003935712275275005,0.2952298474162129,-0.2415234428908028,-21920385.28640127,-4654365.80584182,107908.09118525218,-0.004200688171467265,0.12164313582000208,0.011904484000000121,0.2529948
30.150000000001913,0.003929094233138253,0.003929094233138253,0.29522309603099783,-0.13044415391855588,-17327023.485239983,-3178704.7700161436,107579.98947983053,-0.004151979192301425,0.12177208472000207,0.013885296000000122,0.1431676
30.160000000001915,0.003913518867371291,0.003913518867371291,0.295207391709486,0.1441624055354965,-17581152.100222826,4865593.230010039,111770.19437714928,-0.00410216250744283,0.12191125637500208,0.013949035000000122,-0.1304198
30.170000000001917,0.0038988313053630597,0.0038988313053630597,0.2951925796559132,-0.12228130677681501,-16022303.815964937,-2100923.2490248377,114673.36083249729,-0.004050310659410694,0.12205086930000209,0.013973550000000121,0.1353228
30.180000000001918,0.0038759256836843337,0.0038759256836843337,0.2951695541504828,-0.22827857878787675,-10816896.446922302,-6344764.478340674,114807.16925926498,-0.003997579047389038,0.12219999404500209,0.01585139900000012,0.240247
30.19000000000192,0.0038343258734350183,0.0038343258734350183,0.29512783921757163,-0.1689290784717358,-2298083.741243124,-5562886.28037815,119041.88856741627,-0.00394357497053599,0.12236904948500209,0.01795968900000012,0.181411
30.20000000000192,0.0037758379377270668,0.0037758379377270668,0.2950692410222776,-0.10938828261424498,6761028.59494257,-4288345.525452566,128326.37428716643,-0.003885609790926059,0.12255624602500209,0.019479619000000118,0.122575
30.210000000001923,0.003709750175833859,0.003709750175833859,0.295003047951758,0.08376397323699412,11101332.084245443,772834.9933372083,138620.8050639099,-0.003821828007347816,0.1227523415100021,0.01973947800000012,-0.0706032
30.220000000001924,0.003644682899037077,0.003644682899037077,0.2949378804392576,-0.01721750611232223,14038354.339665174,-1209627.5317325818,146911.89801230177,-0.0037524320833982605,0.1229487066600021,0.01953355200000012,0.029418
30.230000000001926,0.003578712027412445,0.003578712027412445,0.29487181455873657,-0.08542137718299253,17074386.46879387,-3879138.5460639307,151857.55850727414,-0.003678980511649027,0.1231471801000021,0.02016113600000012,0.0960988
30.240000000001928,0.0035105199899572725,0.0035105199899572725,0.2948035328958452,0.09926811322850916,16722035.81989789,1291086.1734003497,156768.85473343695,-0.0036024725101652666,0.1233489630650021,0.02019545700000012,-0.0892346
30.25000000000193,0.003447018883245001,0.003447018883245001,0.29473994768473855,0.07468855227019458,14004602.301154852,1271984.4575257634,161371.45697325445,-0.0035229909447910546,0.12354704426500211,0.019420783000000122,-0.0657002
30.26000000000193,0.003387828863102904,0.003387828863102904,0.2946806792088966,-0.07603286922836418,12308823.911832571,-2865767.929214672,162652.47264474328,-0.0034416575623674173,0.12374169336500211,0.01950903700000012,0.083351
30.270000000001932,0.003329534741458917,0.003329534741458917,0.29462231240068426,0.11332976726294369,7508721.290807009,1878570.2650087967,163215.78922349957,-0.003359734475266135,0.12393619537500211,0.019391365000000122,-0.1068854
30.280000000001934,0.0032790185610916955,0.0032790185610916955,0.2945717294016477,0.1606686396842009,-639946.403967619,4445216.832388657,164087.3616668352,-0.0032773494024787853,0.12412356352000212,0.018082264000000122,-0.1549348
30.290000000001935,0.003236082597676604,0.003236082597676604,0.29452873256888723,-0.13128138453783214,-5476738.479731798,-3550575.8658977663,161466.86311526393,-0.0031955037916348017,0.12430389586000212,0.01798420400000012,0.1353228
30.300000000001937,0.003184040962510848,0.003184040962510848,0.294476636083165,-0.2622739692651003,-3835830.7229430676,-8236985.21527428,157978.91169255684,-0.0031155641620816965,0.12449376453500212,0.019989531000000123,0.2657426
30.31000000000194,0.003112215884383429,0.003112215884383429,0.29440476221410616,-0.1355083954007874,957556.9986665249,-5634570.892428103,160283.48476280394,-0.003035985078876896,0.12470380905500213,0.022019373000000123,0.1402258
30.32000000000194,0.0030237815679537428,0.0030237815679537428,0.29431628517411,-0.13107877202440105,7619050.960765839,-5427807.207009305,167543.10752191252,-0.00295338653104793,0.12493094053000213,0.02340692200000012,0.137284
30.33000000000194,0.0029223712920460887,0.0029223712920460887,0.29421483823502265,-0.12137243966851477,14758573.76095581,-5803105.092126153,175675.2179156682,-0.002865897048606153,0.12517165331500213,0.02473563500000012,0.1284586
30.340000000001943,0.0028110567521196783,0.0028110567521196783,0.2941034930798054,-0.02234690938786818,20319047.28534937,-3113699.3775723195,184134.62555620898,-0.0027730757186345545,0.12542298109500213,0.025529921000000122,0.0303986
30.350000000001945,0.0026956833839380523,0.0026956833839380523,0.29398809512182067,0.00377375119649061,23939535.356191397,-2281657.413590106,192080.51715090987,-0.0026749230651031686,0.12567916284500213,0.02570642900000012,0.004903
30.360000000001946,0.0025803282740248235,0.0025803282740248235,0.29387272141150317,0.015709718046251264,25540730.380952597,-1786104.8462428527,197815.9997865088,-0.002572280181131814,0.12593617810500213,0.02569662300000012,-0.0068642
30.370000000001948,0.0024690351283533363,0.0024690351283533363,0.2937614156023111,0.12752285772980654,23104648.818787336,1453254.1011134856,201461.84253899744,-0.0024665319090974025,0.12619000641500214,0.02506903900000012,-0.1186526
30.38000000000195,0.0023665349555601067,0.0023665349555601067,0.29365890863109406,0.08119808549178961,18655143.865136623,1027572.3595102513,202653.73522059913,-0.0023592216905342633,0.12643591638000215,0.02411295400000012,-0.0725644
30.39000000000195,0.0022728275190808667,0.0022728275190808667,0.2935652001685428,0.06202131792054651,12808512.002477884,450875.2087650583,200575.83246879996,-0.0022522896386854563,0.12667388348500216,0.02348046700000012,-0.053933
30.400000000001953,0.0021868467463167507,0.0021868467463167507,0.29347922402792886,0.10405215616026971,5440212.497906685,2106611.4280620995,196740.057267636,-0.002147363932923585,0.12690493736000216,0.02273030800000012,-0.0960988
30.410000000001954,0.0021081270521635664,0.0021081270521635664,0.2934005144894878,0.020538456671053924,-1210725.4953758717,113757.97839902563,191735.88690722093,-0.002045381454238382,0.12712951927500216,0.022186075000000118,-0.0127478
30.420000000001956,0.002037245919405073,0.002037245919405073,0.293329648881761,0.16862815906926926,-11010476.561570406,4264899.847247537,185567.6927703409,-0.0019470803240825008,0.12734704087000215,0.021318244000000118,-0.1608184
30.430000000001957,0.001981061875555301,0.001981061875555301,0.29327348555884564,0.23029661764922693,-24421690.479518175,7106166.726798677,178271.355492209,-0.00185317521050829,0.12755063794500215,0.01940117100000012,-0.2225962
30.44000000000196,0.0019376377923628896,0.0019376377923628896,0.29323008719671123,-0.11867014184195543,-32960439.579300165,-2000215.4062653622,167266.32705574873,-0.0017652065775421721,0.12774222267000215,0.01891577400000012,0.1255168
30.45000000000196,0.0018886197521547077,0.0018886197521547077,0.29318109965903844,-0.21666387347653376,-34704794.04990244,-6143441.70010671,155116.10697055,-0.0016845552958063281,0.12794010775000214,0.02066124200000012,0.2235768
30.460000000001962,0.0018261001292204648,0.0018261001292204648,0.2931186150971309,0.011977419582544288,-35209190.290557384,-151393.40640950575,149124.5724896136,-0.0016094208133825283,0.12815223604500214,0.021764417000000123,-0.0029418
30.470000000001964,0.0017630695856742373,0.0017630695856742373,0.2930556239607596,0.17239989520871793,-39537451.48324418,4917319.821349882,147470.56355428166,-0.0015365482046240386,0.12836576169500213,0.02094071300000012,-0.161799
30.480000000001965,0.001711694932022112,0.001711694932022112,0.2930042928371936,0.10962330220803802,-46349462.482616425,4006028.5880258945,142734.34771403915,-0.0014656791633381183,0.12856864783500213,0.01963651500000012,-0.0990406
30.490000000001967,0.001672539059500544,0.001672539059500544,0.2929651843578327,0.09725926857971473,-54571873.58510375,3674221.0242922967,133478.9022595903,-0.0013991242336143517,0.12876035513500214,0.018704945000000122,-0.0872734
30.500000000001968,0.0016424765658756835,0.0016424765658756835,0.2929351728299413,0.05973621941541816,-62203759.89822912,3095332.7121957745,122372.48198266538,-0.0013386689429968623,0.12894397248500214,0.018018525000000122,-0.0500106
30.51000000000197,0.0016170132327813502,0.0016170132327813502,0.2929097637299868,-0.03266477142017872,-67206568.72242308,407581.68134353217,110720.21163497036,-0.0012848584022552567,0.12912396161500214,0.01797930100000012,0.0421658
30.52000000000197,0.0015906004383060557,0.0015906004383060557,0.29288340812571545,-0.03235306787875722,-69884602.52531362,179416.46974764974,99884.13349898146,-0.0012374296626071757,0.12930586291500215,0.01840095900000012,0.0421658
30.530000000001973,0.0015618925995048993,0.0015618925995048993,0.29285476013241063,0.005593453017778678,-71431499.39844704,1108347.3443837278,91430.40118250901,-0.0011953147095785377,0.12949104922500215,0.018636303000000118,0.004903
30.540000000001974,0.001530795474918023,0.001530795474918023,0.2928237252201898,-0.07435663183261684,-70373321.20716977,-1040763.6678602125,84349.259212577,-0.001157391974727917,0.12967966763500216,0.01908737900000012,0.0853122
30.550000000001976,0.0014961841548460364,0.0014961841548460364,0.2927891781959847,0.0025949685474476987,-69158891.06368184,504621.4052320182,78350.4255207932,-0.0011229553040152107,0.12987289486500217,0.01955806700000012,0.0088254
30.560000000001978,0.001453523064979756,0.001453523064979756,0.29274658321127134,-0.25278678017011685,-61107537.82643795,-6346392.845275184,73916.99633423166,-0.0010912587691763176,0.13007531522000218,0.02092600400000012,0.264762
30.57000000000198,0.0013898608736573892,0.0013898608736573892,0.29268298869300985,-0.3370468080222814,-45962545.52581048,-10668420.467228387,72690.42192435422,-0.0010610317586434437,0.13029994616500218,0.024000185000000118,0.3500742
30.58000000000198,0.0012938820521235517,0.0012938820521235517,0.2925870789588782,-0.3657848122430992,-23099251.550866842,-12353190.466899298,79504.77596782784,-0.0010293482881885696,0.13055823620500218,0.02765782300000012,0.3814534
30.590000000001982,0.0011657165131772063,0.0011657165131772063,0.2924589838696373,-0.21885226399330007,1720471.5254554749,-9865502.571454972,94505.02629392907,-0.0009918581506110358,0.13085028340000218,0.03075161600000012,0.2373052
30.600000000001984,0.001015006168418986,0.001015006168418986,0.29230834528725524,-0.09830289224097585,25190372.46475315,-6539965.375803152,113027.77180780302,-0.0009451282739568745,0.13116669850500218,0.03253140500000012,0.1186526
30.610000000001985,0.0008465367204693042,0.0008465367204693042,0.2921399487762546,-0.2949060791870621,51774228.012658596,-12586804.03514834,130604.32272969943,-0.0008880505191166677,0.1315028727000022,0.034703434000000116,0.3157532
30.620000000001987,0.0006576203747567511,0.0006576203747567511,0.2919511063293617,-0.12976085989785824,77106796.16100907,-9367324.050066587,147660.33218133077,-0.0008206717542670883,0.1318615761800022,0.03703726200000012,0.1510124
30.63000000000199,0.00045286156048002235,0.00045286156048002235,0.2917464221456008,-0.07927094358355566,101280109.26519203,-7775649.397148932,166394.2834463595,-0.0007422938797523315,0.13223824915500218,0.03829733300000012,0.1010018
30.64000000000199,0.0002448797061187502,0.0002448797061187502,0.2915385154213157,0.1593830758469939,117456743.9286108,-1440783.592069944,183657.60759613873,-0.0006525456063101731,0.1326202909150022,0.03811101900000012,-0.1382646
30.65000000000199,3.9226742986009366e-05,3.9226742986009366e-05,0.2913329378346919,-0.1463356946355961,135262800.15628672,-8770870.042299027,196297.11454897837,-0.0005531343828129309,0.1330020875250022,0.03824830300000012,0.1657214
30.660000000001993,-0.00017252718419086266,-0.00017252718419086266,-0.29146631363069947,-0.008738764144503907,150271393.66316915,-6657544.111159545,205863.60169204953,-0.00044641741647333255,0.1333893754950022,0.039209291000000125,0.0264762
30.670000000001995,-0.00038741552513710253,-0.00038741552513710253,-0.29168127705153774,-0.06659081742773082,166447262.8616705,-7172272.356815466,216097.4900854701,-0.00033309236097336936,0.1337842140850022,0.039758427000000124,0.083351
30.680000000001996,-0.0006043851476469908,-0.0006043851476469908,-0.29189832125166054,0.058676895437091446,178720964.07796884,-4658555.05229602,226295.57109780642,-0.00021286814355631067,0.13418280347000222,0.039959450000000125,-0.0431464
30.690000000001998,-0.0008140022051068008,-0.0008140022051068008,-0.29210801216949084,0.24336386731759296,184236214.87580132,1754201.0329212435,234850.88531612762,-8.624372446042194e-05,0.13457558280000223,0.038596416000000126,-0.2294604
30.700000000002,-0.0010105306831846295,-0.0010105306831846295,-0.29230461357607984,-0.021836254220254335,189852151.61533594,-4940429.963775338,239781.95999658943,4.8016504252429426e-05,0.13495664396000223,0.03761581600000013,0.0333404
30.710000000002,-0.0012027479512795591,-0.0012027479512795591,-0.2924969026256441,-0.027234238765754617,195659342.17820907,-5720904.849148807,240987.2922015746,0.00018120256527662248,0.13533454268500222,0.037963929000000125,0.0362822
30.720000000002003,-0.0013920904093691067,-0.0013920904093691067,-0.2926863155200558,0.19131283748340833,197615715.45139575,660666.8568010987,243580.55844467893,0.00031570777301936914,0.13571050472500223,0.03722847900000013,-0.1833722
30.730000000002004,-0.0015646759429948642,-0.0015646759429948642,-0.29285896997420574,0.3149331609811121,192393963.35250425,5423306.863272337,245873.5854683327,0.00045191330615002023,0.13607048298500224,0.03476717300000012,-0.308889
30.740000000002006,-0.0017071212484187637,-0.0017071212484187637,-0.2930014825186125,0.3844972302808454,178953347.3737738,8594928.853732672,242651.45228662857,0.0005877965008807551,0.13640089615500223,0.03131546100000012,-0.3814534
30.750000000002007,-0.0018180227981574038,-0.0018180227981574038,-0.29311244944777815,0.177896988105764,164155564.61292934,4319186.420631692,232888.28809086067,0.00071918233866064,0.13670005270000224,0.02851584800000012,-0.1784692
30.76000000000201,-0.001907519728165219,-0.001907519728165219,-0.29320200971751076,0.11597517082545447,149866700.67056704,2479173.2432556744,219002.64774020098,0.0008424516935020832,0.13697775862000225,0.027025336000000122,-0.1196332
30.77000000000201,-0.001986644161935003,-0.001986644161935003,-0.2932811952912123,0.005140511485042393,139587610.94737887,26003.24854497437,205467.35266387727,0.0009564315287327041,0.13724475148500226,0.026373237000000122,-0.0107866
30.780000000002012,-0.0020596480603494727,-0.0020596480603494727,-0.293354258005803,0.11865817064167483,129074324.61056495,2788506.7929428495,194238.9709924756,0.0010621453901506206,0.13750507627000225,0.025691720000000123,-0.1255168
30.790000000002014,-0.00212742953853029,-0.00212742953853029,-0.29342209588546003,-0.033487793387706806,122252492.83798957,-415162.27642219234,184597.07135981027,0.001160993251742265,0.13775949294000225,0.025191614000000122,0.0254956
30.800000000002015,-0.002192401877663841,-0.002192401877663841,-0.29348712214164785,0.060733678973623015,115134442.37607908,1308455.5148827385,175872.97897825803,0.0012538783655702823,0.13801030590500227,0.024970979000000122,-0.0696226
30.810000000002017,-0.0022544343113155008,-0.0022544343113155008,-0.293549205956503,0.02969375078262152,109474851.10432696,1466215.3396387708,168702.41715499153,0.0013416633602906236,0.13825729453000227,0.02442674600000012,-0.039224
30.82000000000202,-0.0023054389580080548,-0.0023054389580080548,-0.2936002594142972,0.32109310190330553,96778616.0615933,9204168.483447947,162156.16268570788,0.00142509609389746,0.13849229532000226,0.02257341200000012,-0.3314428
30.83000000000202,-0.0023376971628413235,-0.0023376971628413235,-0.29363256382635355,0.0780818749184476,84925473.23755717,4711283.725374578,152874.39941993356,0.0015035688564220828,0.13870748799000227,0.02046512200000012,-0.0902152
30.84000000000202,-0.00235916542955944,-0.00235916542955944,-0.2936540756454762,-0.04558086379783824,75509864.50653124,-38590.79060264712,139703.07146853412,0.0015752588837274206,0.13891066831000226,0.02017094200000012,0.0313792
30.850000000002023,-0.0023772393196246355,-0.0023772393196246355,-0.29367219038640885,0.14890752145893538,65294636.99071121,5885236.650818238,127924.52174460384,0.001639415370409708,0.13910906820500227,0.019509037000000118,-0.1637602
30.860000000002024,-0.002384687635742788,-0.002384687635742788,-0.29367967684253643,0.17286948367300595,53106766.74196243,7117242.358915769,118713.59465404697,0.0016973402855720021,0.13929535769000226,0.017748860000000116,-0.1882752
30.870000000002026,-0.002376353980536927,-0.002376353980536927,-0.2936713786173192,0.13674076498908908,39328310.74095535,6859836.096966842,106567.15972124768,0.0017490768891291475,0.13946429055500226,0.016037713000000117,-0.1539542
30.880000000002028,-0.002356034117776462,-0.002356034117776462,-0.29365109144619295,0.033206822706559294,27285814.299095392,4046661.877882512,91722.65290969203,0.0017932035832949056,0.13961951953500226,0.015008083000000116,-0.0519718
30.89000000000203,-0.0023224332126879355,-0.0023224332126879355,-0.29361752045390105,0.3281984362259422,9540169.504505634,12437313.024135947,76955.68099975552,0.0018292647561024278,0.13975959824500225,0.013007659000000116,-0.348113
30.90000000000203,-0.0022726988885087285,-0.0022726988885087285,-0.2935678132093033,-0.04418341226268426,-3479032.403814316,3759842.6352606416,60255.73800881053,0.0018571541457201302,0.13988153585500226,0.011379863000000115,0.0225538
30.910000000002032,-0.0022162114509012842,-0.0022162114509012842,-0.2935113498710537,0.030352515704902855,-15916628.41487956,4253661.81188372,40024.09693420167,0.0018760766353002611,0.13999455000500227,0.011222967000000115,-0.053933
30.920000000002034,-0.0021584617714863197,-0.0021584617714863197,-0.29345362101352224,0.034069342794267835,-25633706.82440114,5371867.564385729,22165.222460202054,0.001886541475887099,0.14010398496500226,0.010664025000000115,-0.0578554
30.930000000002035,-0.002095170742529462,-0.002095170742529462,-0.2933903464066307,0.12333877310728876,-37227342.273836136,7417297.651073428,5233.109349210249,0.0018904492334531064,0.14020547706500225,0.009634395000000115,-0.1480706
30.940000000002037,-0.0020272990659645496,-0.0020272990659645496,-0.2933224872783419,-0.09736603312117544,-44426048.63813901,2197967.2944404366,-17377.14195824725,0.0018885390623497034,0.14029988433000226,0.009247058000000115,0.0706032
30.95000000000204,-0.0019637388760664898,-0.0019637388760664898,-0.29325893818692206,-0.10103913464594642,-48504303.70186138,582845.175507226,-30895.281809210614,0.0018810118298427936,0.14039603216000227,0.009982508000000116,0.0764868
30.96000000000204,-0.0019132009441846787,-0.0019132009441846787,-0.2932084104396115,-0.2214713680094823,-45906299.77602816,-2646836.769166782,-37889.91717108222,0.0018693564158016318,0.14050272144000225,0.011355348000000116,0.1980812
30.97000000000204,-0.001880248785350147,-0.001880248785350147,-0.29317546715626214,-0.15945734944945733,-40315132.19715977,-2555968.5336073595,-37784.02359750398,0.0018562276813517964,0.14062470808000224,0.013041980000000116,0.1392452
30.980000000002043,-0.0018644191587127157,-0.0018644191587127157,-0.293159644922655,-0.14451937008667756,-32078901.008790493,-2090458.0229394222,-31725.130777961593,0.0018444120389703167,0.14076177144500224,0.014370693000000117,0.1264974
30.990000000002045,-0.001870471111221128,-0.001870471111221128,-0.29316570251463403,-0.42676707621076093,-15511347.528068542,-11144168.322945762,-21190.53247870444,0.0018359874595658687,0.14091893711000225,0.017062440000000116,0.411852
31.000000000002046,-0.001907876132268005,-0.001907876132268005,-0.2932031102385712,-0.256069219031127,4023368.29431653,-8424590.616956474,4213.941545533145,0.0018329213227527286,0.14110601107500226,0.020352353000000115,0.2461306
31.010000000002048,-0.001975024959424254,-0.001975024959424254,-0.29327025934639067,-0.2508795863056022,26805394.072028637,-8637594.45575869,33575.8004817147,0.001838322879462534,0.14132181662000226,0.022808756000000114,0.24515
31.02000000000205,-0.0020650301169350405,-0.0020650301169350405,-0.2933602646883697,-0.1564905349443091,48389061.8993001,-7185317.785829352,59913.06783203114,0.0018550091840290606,0.14155983275500225,0.024794471000000113,0.151993
31.03000000000205,-0.002169910592868529,-0.002169910592868529,-0.293465145340402,-0.031193494766083584,66705551.578976154,-3831052.7308580466,84005.84018812276,0.0018839676749715928,0.14181228822500225,0.025696623000000113,0.0284374
31.040000000002053,-0.002281085475936695,-0.002281085475936695,-0.29357631988520805,-0.03291587660030797,81988438.53105378,-3931689.238263239,104970.78256852606,0.0019249462624246205,0.14207072535500226,0.025990803000000114,0.0303986
31.050000000002054,-0.0023919957426778993,-0.0023919957426778993,-0.2936872292472642,0.10760134319836573,91457345.66373706,-188075.63855384756,121560.51832307347,0.0019765758589973814,0.14232864767000225,0.025593660000000115,-0.1098272
31.060000000002056,-0.002492018458457368,-0.002492018458457368,-0.29378725039039094,0.2532299650141666,93052164.68527246,4671767.757998686,134241.55217082842,0.002037146844264537,0.14257544017500226,0.023764841000000116,-0.2559366
31.070000000002057,-0.0025720023512328938,-0.0025720023512328938,-0.29386723203461673,0.18752111960883516,89426559.32868218,3805544.052988988,140559.1608469641,0.0021034453438605327,0.14280190974500226,0.021529073000000117,-0.191217
31.08000000000206,-0.002639180795109386,-0.002639180795109386,-0.29393440753623307,-0.1160395119330995,89060897.004112,-4472324.805136109,140612.55543932965,0.0021716327135846702,0.14301519024500225,0.021127027000000118,0.1108078
31.09000000000206,-0.0027030076137715686,-0.0027030076137715686,-0.2939982307441598,0.17862356732960455,84761140.81352615,2669615.8890710017,140240.8331266547,0.0022397120542025917,0.14322464640500226,0.02076420500000012,-0.1833722
31.100000000002062,-0.0027568136956753753,-0.0027568136956753753,-0.2940520325787762,0.15963425737163522,78434858.36549044,3933424.1638574735,141710.99193620813,0.002308125457141319,0.14342361014500227,0.01902854300000012,-0.1637602
31.110000000002064,-0.002795949497501393,-0.002795949497501393,-0.2940911635521407,0.08894236800447698,70052866.34060812,1673374.240671507,139760.2962887708,0.0023763038721870133,0.14360747264500226,0.01774395700000012,-0.093157
31.120000000002065,-0.0028262123143556472,-0.0028262123143556472,-0.2941214210134616,0.017421488362560005,62946665.59547186,179408.73766841483,134809.20019083782,0.0024423278610065102,0.14378204396000227,0.017170306000000118,-0.0215732
31.130000000002067,-0.002856002090720011,-0.002856002090720011,-0.2941512049744883,-0.10484533296339733,59719791.91857195,-3754862.6692941952,130725.65067888245,0.0025058077248915345,0.14395575725000226,0.017572352000000117,0.1019824
31.14000000000207,-0.0028889368308486207,-0.0028889368308486207,-0.2941841335083969,0.06648626229173023,55506075.02488279,639566.8696817497,129010.37591187368,0.0025675856356030258,0.14413233879500226,0.017743957000000116,-0.0676614
31.15000000000207,-0.002923570421751176,-0.002923570421751176,-0.2942187605776036,-0.0960686035446995,54503564.37561989,-3381427.9448236777,129411.16504783941,0.002628966551503603,0.14431051381500226,0.017891047000000115,0.0970794
31.16000000000207,-0.002959466129235311,-0.002959466129235311,-0.2942546495216606,0.0751759507836131,50855028.149223804,416094.65990376263,129946.09706719678,0.0026906195605805594,0.14449003716000225,0.018013622000000114,-0.0725644
31.170000000002073,-0.0029920973099819004,-0.0029920973099819004,-0.29428727377477737,0.07630698931110731,46197874.01037693,1438556.643670914,130949.62151869731,0.0027527244643464066,0.14466656967500224,0.017292881000000114,-0.0715838
31.180000000002075,-0.003021561734577183,-0.003021561734577183,-0.29431673118572693,-0.10111435003812602,43756096.29582691,-3862843.7334708883,130364.51820498978,0.002814948155014013,0.14484038102500224,0.017469389000000113,0.1068854
31.190000000002076,-0.0030527329260794933,-0.0030527329260794933,-0.2943478953606866,0.057651034482597556,39989903.64692807,-32195.827086072764,129213.5843656807,0.0028766499153813074,0.14501649678500225,0.017753763000000113,-0.0500106
31.200000000002078,-0.003081938156890951,-0.003081938156890951,-0.2943770936532443,0.06445226625429441,35382794.02590275,797520.3237031545,129979.78187551431,0.002938231834083843,0.14519141131000227,0.017229142000000114,-0.0549136
31.21000000000208,-0.003108048451824108,-0.003108048451824108,-0.2944031971709703,-0.06276052578627826,32122087.442029953,-2918412.692325918,129189.7279913981,0.002999801456152168,0.14536416851500228,0.017322299000000114,0.073545
31.22000000000208,-0.00313780754963755,-0.00313780754963755,-0.294432949737995,-0.08489318663169391,31070888.532500982,-4064542.65731316,127790.99755024735,0.0030607165051642904,0.14554165711500228,0.018175421000000115,0.0970794
31.230000000002082,-0.0031757158388668882,-0.0031757158388668882,-0.29447085182599286,-0.09343393987917308,32347241.38317871,-4655947.917748106,128998.61578901277,0.0031215700148406744,0.14572853496000227,0.019200148000000115,0.107866
31.240000000002084,-0.003223366545606232,-0.003223366545606232,-0.29451849673482694,-0.1179517670561158,35762682.19183946,-5781062.942723613,132460.17563029903,0.003183807898270802,0.14592659164500227,0.020411189000000114,0.1343422
31.250000000002085,-0.0032849385369754236,-0.0032849385369754236,-0.29458006340054416,-0.2275328013357634,43565186.63348627,-9412572.928800348,137761.32747431778,0.0032486569894487893,0.14614021535500227,0.022313553000000114,0.2461306
31.260000000002087,-0.0033671531099446206,-0.0033671531099446206,-0.29466227318343297,-0.2527073171351641,55553360.57572293,-11254670.785692811,146073.50188716943,0.0033175735635316006,0.14637634383500228,0.024912143000000116,0.2735874
31.27000000000209,-0.003468814264068698,-0.003468814264068698,-0.2947639301393677,-0.04493948623202778,66120208.532752275,-6211661.348482721,158508.38476304107,0.003392781238639425,0.14663402100000228,0.026623290000000115,0.068642
31.28000000000209,-0.0035799238574687475,-0.0035799238574687475,-0.29487503618004024,-0.03537709991263107,74982438.66027832,-5580885.481479105,172233.71542417418,0.0034761493828045775,0.1469034898800023,0.027270486000000115,0.0607972
31.29000000000209,-0.0036948632759812305,-0.0036948632759812305,-0.2949899727551357,-0.03752769085946885,81786733.03316164,-6046066.90823407,183447.76945492174,0.0035675198072339376,0.1471793081450023,0.027893167000000114,0.063739
31.300000000002093,-0.003807216576386274,-0.003807216576386274,-0.2951023239966693,0.21385209888101664,81486786.90040874,1079004.6144059338,192747.3589049083,0.00366559036746264,0.1474551509250023,0.027275389000000115,-0.1872946
31.310000000002095,-0.003908792394119842,-0.003908792394119842,-0.2952038986221216,0.04091253373271409,79654948.841192,-2478886.003049031,199084.9106924433,0.0037688016838890726,0.1477228547250023,0.026265371000000114,-0.014709
31.320000000002096,-0.004000660235905118,-0.004000660235905118,-0.2952957662264309,0.09264187158560346,74533746.52557707,-1671909.1244715438,200804.24797230598,0.003874669725936225,0.1479834491750023,0.025853519000000113,-0.0676614
31.330000000002098,-0.00408589333130932,-0.00408589333130932,-0.29538100012969415,0.039193578339082734,69544586.4644754,-2261768.5692857755,201022.36844628243,0.003981177107763828,0.1482399251050023,0.025441667000000112,-0.014709
31.3400000000021,-0.004162901188150547,-0.004162901188150547,-0.2954580099241775,0.15798051425658327,60776331.93745208,746152.3013951853,200682.92914338302,0.004087642134365493,0.1484906154950023,0.024696411000000112,-0.1343422
31.3500000000021,-0.0042247021941896334,-0.0042247021941896334,-0.29551981407805633,0.2531194252338934,47110321.50571966,4707092.443207053,198617.55467281246,0.004193308965593584,0.1487284600250023,0.022872495000000114,-0.230441
31.360000000002103,-0.004271364005997258,-0.004271364005997258,-0.2955664803300517,-0.05866329410559276,36323335.552809,-3364559.211048132,193064.9122177965,0.0042964609275056576,0.1489534096650023,0.022117433000000113,0.0794286
31.370000000002104,-0.004312597642306737,-0.004312597642306737,-0.29560771978253797,0.08131078562372286,24597092.069790363,-290418.0145099303,185595.48830927684,0.0043953417972819875,0.14917502526500231,0.022205687000000113,-0.0617778
31.380000000002106,-0.004355585536734874,-0.004355585536734874,-0.29565071494214495,-0.17415334719422318,19592485.29458213,-6449524.35298965,180499.84596596562,0.004490130588428426,0.14940036714500232,0.022862689000000113,0.1931782
31.390000000002107,-0.004405487640785799,-0.004405487640785799,-0.2957006258159433,-0.009616051501991655,14318639.426790714,-3445579.9222746114,177768.92536861834,0.0045823879713065285,0.14963453442500232,0.02397076700000011,0.0284374
31.40000000000211,-0.004453255235063125,-0.004453255235063125,-0.2957484037257222,0.2787178304470158,3201037.327988386,5875676.996813852,177920.5324061885,0.004673813797775123,0.14986845655500233,0.02281365900000011,-0.259859
31.41000000000211,-0.004480003429304824,-0.004480003429304824,-0.2957751638202811,0.2929389100206687,-14752110.117648602,7476156.153442925,176091.78030078692,0.004764700754681467,0.15008320795500232,0.02013662100000011,-0.2755486
31.420000000002112,-0.0044806865494324555,-0.0044806865494324555,-0.2957758604821725,0.1780073140730952,-35579656.64228988,5357453.631944391,166591.804771178,0.004851973120739789,0.15027359144500232,0.01794007700000011,-0.1637602
31.430000000002114,-0.00445941080535589,-0.00445941080535589,-0.29575459999601683,0.22940103000430206,-59224185.28825903,7070929.302034892,152680.68362187,0.0049318637546564015,0.15044345588000232,0.01603281000000011,-0.2176932
31.440000000002115,-0.004419656843017594,-0.004419656843017594,-0.29571486308239947,0.10231935638565813,-81612462.91129446,4750062.43184441,136893.9581519423,0.00500257738807372,0.15059601272500234,0.01447855900000011,-0.093157
31.450000000002117,-0.004371327512364409,-0.004371327512364409,-0.29566655266010144,-0.09104607519167651,-98859559.3589673,-931431.8565243443,119742.03005755066,0.005063385495797629,0.15074092089000235,0.014503074000000109,0.09806
31.46000000000212,-0.004332490398665678,-0.004332490398665678,-0.2956277363695223,-0.2999757068344547,-106208174.38775778,-7228339.942418186,105033.28571289135,0.005114893634175971,0.15089605181000235,0.016523110000000108,0.3059472
31.47000000000212,-0.004309087558138802,-0.004309087558138802,-0.2956043562788587,0.07357011171521267,-114673924.45018482,1811560.5051357155,98242.95793913558,0.0051602869599521595,0.15106726457000236,0.01771944200000011,-0.0666808
31.48000000000212,-0.0042884447075649534,-0.0042884447075649534,-0.2955837380656103,0.04241819265167852,-123241905.11586833,2719988.0179908155,96874.48729866484,0.005203404384743121,0.15124190943000235,0.017209530000000108,-0.0353016
31.490000000002123,-0.004260584497015607,-0.004260584497015607,-0.29555590433880186,0.13028790200211143,-136101320.63614178,4520801.731658006,92992.3624067067,0.005245077648735302,0.15141000878500235,0.01641034100000011,-0.1245362
31.500000000002125,-0.004219903427752414,-0.004219903427752414,-0.29551525159355335,0.20984035189468908,-152809504.51479673,8179381.271095935,85705.68826231179,0.00528377093022564,0.15156585064000236,0.01475803000000011,-0.205926
31.510000000002126,-0.004160482160610601,-0.004160482160610601,-0.29545586051152306,0.19963930935656768,-173023075.83963418,8323484.519849746,74878.57058305206,0.005317665704930918,0.15170333076000236,0.01273799400000011,-0.1980812
31.520000000002128,-0.004080579194843836,-0.004080579194843836,-0.2953759896473196,0.2101489743892052,-196042741.71389437,9707174.10236058,58526.64601027918,0.005344592306081447,0.15182046343000236,0.010688540000000111,-0.2118096
31.53000000000213,-0.0039817183552545155,-0.0039817183552545155,-0.2952771629574349,0.13837769476715409,-219392147.55757117,8246595.799686747,37462.67169544119,0.0053625291885551485,0.15191847440000236,0.008913654000000111,-0.1431676
31.54000000000213,-0.003865759218696585,-0.003865759218696585,-0.29516124053591514,0.19702751481989883,-244509018.98136258,10541325.815070514,10169.783348115892,0.005370339418179493,0.15199888360000235,0.007168186000000111,-0.205926
31.550000000002132,-0.003738224288977965,-0.003738224288977965,-0.29503374473413435,-0.06940211053296978,-264346786.33613253,3901647.411532236,-26204.82221789529,0.0053675758621485326,0.15206681466500235,0.006418027000000111,0.0558942
31.560000000002134,-0.0036082529594188006,-0.0036082529594188006,-0.2949038138684605,0.039230474763349156,-282996874.7614751,6014187.687326249,-48977.083643559046,0.005354485000667264,0.15213111751000236,0.006442542000000111,-0.0509912
31.570000000002135,-0.003474420809852219,-0.003474420809852219,-0.2947700231301375,0.14537284874894948,-302189886.4359646,9891519.418551493,-65427.37037846519,0.005332358516647179,0.15219032123500237,0.005398203000000111,-0.1578766
31.580000000002137,-0.003330533641669353,-0.003330533641669353,-0.294626178392416,0.07222457239137589,-321383759.60921264,8320092.754390864,-80719.36039241197,0.005302263082322234,0.15223824806000236,0.0041871620000001105,-0.0843316
31.59000000000214,-0.003183374716154652,-0.003183374716154652,-0.2944790628998032,-0.15895799805762428,-334700549.0287087,1914977.288254688,-97595.33198705509,0.00526366240403095,0.15228163961000235,0.0044911480000001105,0.1451288
31.60000000000214,-0.0030494860699114,-0.0030494860699114,-0.2943452186733887,-0.2851450632587126,-339612960.9048681,-2769602.9728739276,-110905.60495924967,0.005216747313469494,0.15233699448000235,0.006579826000000111,0.2726068
31.61000000000214,-0.0029417579049523246,-0.0029417579049523246,-0.2942375358909959,-0.3172096362884611,-336342786.5883558,-4676248.502102125,-116405.9059726796,0.005164501985860048,0.15241725659000235,0.00947259600000011,0.3059472
31.620000000002143,-0.0028619014006991406,-0.0028619014006991406,-0.2941577257209946,-0.19534015982528974,-329764940.3071737,-2367040.6610548724,-113600.1137961942,0.005111481000668661,0.15252431359500235,0.011938805000000111,0.1872946
31.630000000002145,-0.002801814146316972,-0.002801814146316972,-0.2940976857257952,-0.08291703613891208,-323483110.9370959,587410.9013084425,-105679.81838306488,0.005061523184044209,0.15265029618000234,0.01325771200000011,0.0764868
31.640000000002146,-0.002752907881494404,-0.002752907881494404,-0.29404882760321793,-0.08610067278010677,-317796362.366519,337403.75873533264,-97016.40978743655,0.005016240065707334,0.15278682021500234,0.01404709500000011,0.0813898
31.650000000002148,-0.002714171052178471,-0.002714171052178471,-0.2940101397294252,-0.15169156968064673,-310780483.7521093,-1835084.0663484833,-89689.87216449284,0.004975380064434987,0.15293300316000233,0.01518949400000011,0.14709
31.66000000000215,-0.002692530703757079,-0.002692530703757079,-0.2939885490651178,-0.2944045672743865,-298657616.4646745,-6561168.034722015,-81944.50806493942,0.004938598410251183,0.15309585630500233,0.01738113500000011,0.2912382
31.67000000000215,-0.002692950761120916,-0.002692950761120916,-0.2939890194457432,-0.1419410930811919,-285795997.3526938,-3555170.8329043235,-70388.57065860218,0.004906895603262379,0.15328045425500234,0.01953845500000011,0.1402258
31.680000000002153,-0.002710280480790195,-0.002710280480790195,-0.2940064000487024,-0.09812213991519785,-273003858.3205743,-2186759.4481664617,-54288.1167628212,0.004882177937346244,0.15348182046500233,0.020734787000000112,0.0990406
31.690000000002154,-0.0027393755351585725,-0.0027393755351585725,-0.2940355464723543,-0.13244745479998737,-260332916.6533134,-3683888.0036292123,-37437.38047023755,0.004865297276506836,0.15369500290500235,0.021901701000000114,0.1343422
31.700000000002156,-0.0027810530043346215,-0.0027810530043346215,-0.2940772757361021,-0.14029655431561297,-246948623.62949777,-4303867.363354072,-20253.271800776292,0.004855768647066716,0.15392098217500236,0.023294153000000112,0.1441482
31.710000000002157,-0.002832234407520229,-0.002832234407520229,-0.2941285093503621,0.03286998347760768,-236900204.71379805,-22082.516331599094,6931.364478239699,0.0048533006386370925,0.15415689002000235,0.023887416000000113,-0.0254956
31.72000000000216,-0.002886584146490123,-0.002886584146490123,-0.2941829114562495,-0.0521821425350341,-227408754.05964303,-1684263.8887538358,24990.08118448016,0.0048575954945278554,0.15439659769000236,0.024054118000000114,0.058836
31.73000000000216,-0.002944117944694513,-0.002944117944694513,-0.2942404547157616,-0.05416276060170405,-218832186.81913948,-2472491.969340984,36546.95359562718,0.004867531431279271,0.15464012970000235,0.024652284000000114,0.0607972
31.740000000002162,-0.0030050157815794676,-0.0030050157815794676,-0.29430135255264656,0.026313690991256983,-211971701.37157774,11461.264921191032,46478.86768651046,0.004882152225378106,0.15488768217000234,0.024858210000000113,-0.019612
31.750000000002164,-0.0030655985905160277,-0.0030655985905160277,-0.2943619353615831,0.014134030579826509,-206533036.23068953,-249258.68802692328,55066.39552648608,0.0049012730018129225,0.15513560236500235,0.024725829000000112,-0.0068642
31.760000000002165,-0.0031198102189479715,-0.0031198102189479715,-0.29441614699001506,0.20026546803329348,-206934633.53955436,5143496.49834283,60640.391418381034,0.004923766217455633,0.15537785959500236,0.023725617000000112,-0.1931782
31.770000000002167,-0.0031540453840186444,-0.0031540453840186444,-0.29445038215508573,0.38439356780296496,-216270842.504776,11524589.962789675,62200.39571095457,0.004947966374880042,0.15560084803500235,0.02087207100000011,-0.377531
31.78000000000217,-0.0031543035784086237,-0.0031543035784086237,-0.2944506403494757,0.3900262235902222,-233639131.75074577,13344006.105673848,55002.85605761325,0.004970649115041359,0.15579049607500234,0.01705753700000011,-0.3853758
31.79000000000217,-0.0031182527433622487,-0.0031182527433622487,-0.29441458951442934,0.2879151624693136,-254911985.85013986,11643059.488190986,35586.93582456118,0.004987170609713848,0.15594427867000235,0.01369898200000011,-0.2863352
31.80000000000217,-0.003053137377160231,-0.003053137377160231,-0.2943494741482273,0.19672469769838516,-276618322.1146519,9935250.938863333,1614.478146128053,0.004993456915040162,0.15606910905000235,0.01126709400000011,-0.2000424
31.810000000002173,-0.0029720461384910024,-0.0029720461384910024,-0.2942683829095581,-0.04233618565865144,-292500276.31532645,3631782.0858119745,-36750.90098638539,0.004987493105930718,0.15617773501500234,0.01045809900000011,0.0382434
31.820000000002175,-0.002889070529995874,-0.002889070529995874,-0.29418540730106296,-0.03670693986925044,-303875289.6270249,2992442.9309461294,-60675.88788114973,0.0049696107601451545,0.15628415463000234,0.010825824000000109,0.0353016
31.830000000002176,-0.002812529505284267,-0.002812529505284267,-0.29410886627635136,-0.14168402661623666,-308560667.6632991,123302.48271166487,-76735.96861995652,0.004941952768182933,0.15639687460000234,0.01171817000000011,0.1431676
31.840000000002178,-0.0027489661151791633,-0.0027489661151791633,-0.29404530288624625,-0.19908778740948715,-307339423.5462823,-2543724.5276507526,-86909.9364550189,0.004907386623309307,0.15652273461000235,0.01345383200000011,0.2039648
31.85000000000218,-0.0027004245856461218,-0.0027004245856461218,-0.2939967613567132,-0.06107707937261877,-304255537.80619144,695877.3365527624,-91506.16347222397,0.004868782676561434,0.15666411261500235,0.01482176900000011,0.0696226
31.86000000000218,-0.002659246285719785,-0.002659246285719785,-0.2939555830567869,0.02666534584431334,-302071123.10158086,3176550.682429374,-92081.11223552334,0.004828742184840751,0.15681370314500234,0.015096337000000109,-0.014709
31.870000000002182,-0.0026201680482520473,-0.0026201680482520473,-0.29391650481931914,-0.07628812438971429,-298613010.0415535,356407.57287055743,-93428.70471078712,0.004788176602299632,0.15696655417000235,0.01547386800000011,0.0902152
31.880000000002184,-0.002582418994949598,-0.002582418994949598,-0.2938787557660167,0.07270889634590523,-297513060.78569007,3838821.39538611,-95799.0496190673,0.0047465915543002946,0.15712212636000236,0.01564057000000011,-0.0568748
31.890000000002185,-0.002544393824394975,-0.002544393824394975,-0.29384073059546206,-0.05812185306080786,-294399735.4985578,884695.6201399807,-98149.8612875053,0.004703705640734301,0.15727899784500235,0.01573372700000011,0.0755062
31.900000000002187,-0.0025091480087466866,-0.0025091480087466866,-0.2938054847798138,-0.06770216765772608,-290220706.95321655,-437933.64183745673,-101341.1360018868,0.004659281707528995,0.15744038009000236,0.01654272200000011,0.0862928
31.91000000000219,-0.0024790665440009296,-0.0024790665440009296,-0.293775403315068,-0.013136342890555578,-285381206.91157556,1166579.7678105868,-103217.8279469924,0.004613443843618198,0.15760879814000237,0.01714088800000011,0.0333404
31.92000000000219,-0.0024507688243202708,-0.0024507688243202708,-0.29374710559538736,0.022558184632175973,-281407877.72297716,1891494.0590494354,-103577.42867361823,0.004566979325617226,0.15778101601500236,0.01730268700000011,-0.0009806
31.93000000000219,-0.002419743758360071,-0.002419743758360071,-0.29371608052942716,0.07709222743920893,-279500750.7447822,3645005.7419413985,-104838.9844732476,0.004520058796806059,0.15795264553000235,0.017023216000000112,-0.0549136
31.940000000002193,-0.0023792552982657145,-0.0023792552982657145,-0.2936755920693328,0.20179312585485304,-282300755.51543665,7320160.832206152,-107676.9240676613,0.004471980738046666,0.15811701860500235,0.015851399000000113,-0.1794498
31.950000000002195,-0.002326112852204132,-0.002326112852204132,-0.2936224496232712,0.025480959541720524,-284582202.42873764,3336968.386084969,-113820.01452457155,0.004421344973353308,0.15827094829000235,0.014934538000000113,-0.0039224
31.960000000002196,-0.0022638023851216382,-0.0022638023851216382,-0.2935601391561887,0.11396579589843402,-288836967.36418414,5066719.594579552,-122569.8170280141,0.004366413181530443,0.15841786668500235,0.014449141000000113,-0.093157
31.970000000002198,-0.002191876298237694,-0.002191876298237694,-0.2934882130693048,0.13121224072044171,-294047724.0444081,6565832.445651499,-131071.48266295246,0.004306427711567251,0.15855725897500236,0.013429317000000112,-0.1108078
31.9800000000022,-0.002109586945714448,-0.002109586945714448,-0.29340592371678154,0.038140348233113686,-298774919.58080983,3888941.3941120654,-140519.8689351482,0.004241102864063373,0.15868831616500237,0.012782121000000111,-0.0186314
31.9900000000022,-0.0020083579203124535,-0.0020083579203124535,-0.29330469469137954,0.5500939779632077,-315296220.3931935,18472493.53327011,-150784.72070625867,0.00416980721140503,0.15880238446000236,0.01003153800000011,-0.5314852
32.0000000000022,-0.0018700225742628307,-0.0018700225742628307,-0.2931663593453299,0.34592452174518135,-336155156.27170134,15871617.695280699,-164888.85973890632,0.004091048967701433,0.15888117567000237,0.005726704000000111,-0.3294816
32.0100000000022,-0.0016931133063269876,-0.0016931133063269876,-0.2929894500773941,0.3010138539968128,-361454791.2887249,14425754.136554677,-187573.02664652068,0.004000779955236927,0.15892299826000236,0.002637814000000111,-0.2882964
32.0200000000022,-0.0014861451795643577,-0.0014861451795643577,-0.29278248195063145,0.2544021233325508,-386632071.62867284,14609867.642068,-213174.4460752205,0.003894810466938875,0.15893606475500235,-2.4514999999889105e-05,-0.2441694
32.0300000000022,-0.0012555156863218175,-0.0012555156863218175,-0.2925518524573889,0.13663655853385054,-409749124.92033887,11521047.72119169,-238198.21862068525,0.003771788050395908,0.15892650390500235,-0.0018876549999998892,-0.1284586
32.040000000002195,-0.0010108917960942598,-0.0010108917960942598,-0.29230722856716135,0.032100638997712906,-428411400.0599904,8944489.632361352,-262314.5185078678,0.0036317264344087885,0.15890377850000234,-0.002657425999999889,-0.0254956
32.05000000000219,-0.0007648991400410199,-0.0007648991400410199,-0.2920612359111081,-0.146116305751901,-439125464.77025867,3525674.4209416164,-282866.61778112996,0.003475745197045632,0.15888036667500235,-0.002024938999999889,0.151993
32.06000000000219,-0.0005270737085948385,-0.0005270737085948385,-0.2918234104796619,-0.06664657568949724,-445439605.02288413,4918096.64798313,-298401.3521218361,0.0033066534762947186,0.15886573122000236,-0.000902151999999889,0.0725644
32.07000000000219,-0.0002942350056335252,-0.0002942350056335252,-0.2915905717767006,0.07984849666686086,-451667076.20946217,9063263.357237507,-308662.9066506283,0.003128104142168714,0.15885668518500237,-0.000907054999999889,-0.073545
32.08000000000219,-6.397427463261662e-05,-6.397427463261662e-05,-0.2913603110456997,-0.19623224810326512,-451990894.8669193,1701356.3541676132,-317235.7182174273,0.0029426065646817046,0.15885082610000237,-0.00026476199999988896,0.2020036
32.090000000002185,0.00015824740024938944,0.00015824740024938944,0.2914545841713195,-0.043670340638281215,-451454130.72417665,4300865.582953126,-324706.6019658386,0.002751148036739981,0.15885445432000236,0.0009904060000001111,0.04903
32.10000000000218,0.00037534871319661045,0.00037534871319661045,0.2916716854842667,0.11428441363053925,-452697935.6943176,9497051.389228148,-328522.894513492,0.0025554754145766523,0.15886286296500238,0.0006913230000001111,-0.1088466
32.11000000000218,0.0005972757876318568,0.0005972757876318568,0.29189361255870194,0.008224567233322513,-454328521.3259313,6668560.243026796,-332314.51930715266,0.0023569500383904818,0.1588669569700024,0.000127478000000111,-0.0039224
32.12000000000218,0.000826214134997616,0.000826214134997616,0.2921225509060677,0.14983906983937703,-459508714.5237899,10474403.912091121,-338213.29980190634,0.0021547776844837163,0.15886445644000238,-0.0006275839999998889,-0.14709
32.13000000000218,0.0010643963403371703,0.0010643963403371703,0.29236073311140726,0.06197236881093578,-464629408.7128689,8828348.380639145,-344706.7525409635,0.001947923656913264,0.1588529834200024,-0.001667019999999889,-0.0607972
32.140000000002175,0.0013118281662427567,0.0013118281662427567,0.29260816493731284,0.09632052847545673,-471341080.27591324,9499669.466422144,-352524.0043686329,0.0017356782096168977,0.1588323663050024,-0.002456402999999889,-0.0970794
32.15000000000217,0.0015623738834187884,0.0015623738834187884,0.2928587106544889,-0.12996798915768606,-472894845.8056853,3672796.0495600933,-360853.5164009447,0.0015174818790111289,0.1588085622400024,-0.002304409999999889,0.127478
32.16000000000217,0.0018075361893465924,0.0018075361893465924,0.2931038729604167,-0.05169061026001348,-472741755.4543145,4547565.243797667,-367571.599221483,0.0012935535938309872,0.1587899063250024,-0.001426772999999889,0.0480494
32.17000000000217,0.002046782130800562,0.002046782130800562,0.29334311890187065,-0.0033053692752462553,-471404098.5214479,6387021.710374051,-371273.1321613507,0.0010656836822375282,0.1587768153150024,-0.0011914289999998891,-0.0009806
32.18000000000217,0.0022859343139924326,0.0022859343139924326,0.2935822710850625,0.05457909895363666,-471739254.4549935,7691931.856429851,-373555.0811745262,0.0008355284083809977,0.1587633810950024,-0.0014954149999998891,-0.0598166
32.190000000002165,0.0025284228138834353,0.0025284228138834353,0.2938247595849535,0.027681642364963368,-472483681.72469664,7461438.388079703,-376666.8561691111,0.0006032553070599855,0.15874607350500242,-0.0019661029999998893,-0.034321
32.20000000000216,0.0027795853519598235,0.0027795853519598235,0.2940759221230299,0.23712492978151925,-478861869.09855485,13103067.240250044,-380417.8087865731,0.0003682880477657302,0.15871942570000241,-0.0033634579999998896,-0.24515
32.21000000000216,0.0030510856711342127,0.0030510856711342127,0.2943474224422043,0.31168207311927587,-491232772.4787748,16826590.97203452,-386082.7657140947,0.00012958877978769268,0.1586716214500024,-0.00619739199999989,-0.3216368
32.22000000000216,0.0033503993751826666,0.0033503993751826666,0.29464673614625275,0.2521448679498519,-507833651.8922372,15861399.780443229,-396213.6414268532,-0.00011833762066773557,0.1585949875600024,-0.00912938599999989,-0.264762
32.23000000000216,0.0036756602090270984,0.0036756602090270984,0.2949719969800972,0.22200785984314067,-526502991.01455545,15877112.213260474,-410561.6381202089,-0.00037309688232187166,0.1584911420200024,-0.01163972199999989,-0.2373052
32.240000000002155,0.004017374079720859,0.004017374079720859,0.29531371085079094,-0.0379711585923962,-540114773.1485949,9013553.579580318,-426492.4583952819,-0.0006398450502203834,0.1583693269850024,-0.01272328499999989,0.0205926
32.25000000000215,0.004362079523776652,0.004362079523776652,0.29565841629484674,-0.02638084860066644,-549975791.9600801,8557299.253969597,-441265.3181117577,-0.0009188942274795109,0.15824280507000238,-0.01258109799999989,0.0078448
32.26000000000215,0.004703463077159853,0.004703463077159853,0.29599979984822994,-0.04214277110899666,-555681156.6003072,8265751.293756702,-452353.088007228,-0.0012083925782161165,0.1581177785700024,-0.01242420199999989,0.0235344
32.27000000000215,0.005043904075630323,0.005043904075630323,0.2963402312736266,0.07259786558311551,-561878619.7085447,11112371.004311228,-460547.99951752776,-0.0015057170382588303,0.1579918450150024,-0.012762508999999889,-0.0911958
32.28000000000215,0.005386047883370493,0.005386047883370493,0.29668230406800666,-0.03736501226428884,-565586469.6902852,8622679.726421075,-467995.6221663444,-0.0018094226169716177,0.1578624058150024,-0.01312533099999989,0.0186314
32.290000000002145,0.005726247393179951,0.005726247393179951,0.2970224309826143,-0.07568643772816244,-566873545.5245254,6757795.03247913,-475127.61657477677,-0.0021191003315287615,0.15773304016000242,-0.012747799999999889,0.0568748
32.30000000000214,0.006063036177902326,0.006063036177902326,0.29735914575003397,0.05226529776232975,-568449445.5651388,10248946.812609527,-480682.81120357005,-0.0024339929735060217,0.15760521895000243,-0.01281644199999989,-0.0706032
32.31000000000214,0.0063996561132135255,0.0063996561132135255,0.2976956904142627,-0.035621690311132534,-568422899.5653353,8051003.145158883,-484995.92902540305,-0.002752954063450691,0.15747573072000243,-0.01308120399999989,0.0176508
32.32000000000214,0.00673754020182965,0.00673754020182965,0.2980334981542802,0.0695240985871498,-570079546.8040311,10474827.672310928,-489666.3690996469,-0.003075628664668706,0.15734317811500242,-0.01342931699999989,-0.0872734
32.33000000000214,0.007080271597049603,0.007080271597049603,0.2983761523069189,0.0904556990547214,-572834584.1442113,11657782.048072774,-494297.53154726274,-0.0034021570758435427,0.15720400646000243,-0.01440501399999989,-0.107866
32.340000000002135,0.007431280569000331,0.007431280569000331,0.2987270833328154,0.08066757253615221,-576889458.2749434,11373042.576632751,-499936.4639451063,-0.00373295171198737,0.15705480817000245,-0.01543464399999989,-0.09806
32.35000000000213,0.007791263495221301,0.007791263495221301,0.2990869878062921,0.10716732668204665,-582175759.3587701,12374335.106621422,-506926.91958860715,-0.0040690079567180515,0.15689489682500246,-0.01654762499999989,-0.1245362
32.36000000000213,0.008164735775728182,0.008164735775728182,0.29946038133020686,0.24457194553817188,-591755579.3340635,16490051.42898764,-514602.3443843517,-0.004411194448797062,0.15671976166500245,-0.01847940699999989,-0.2618202
32.37000000000213,0.008562801513144758,0.008562801513144758,0.2998583682160186,0.38742893319007743,-608327782.9603522,21649978.5686317,-524259.3231641888,-0.00476065530043987,0.15651829739500245,-0.02181344699999989,-0.4049878
32.38000000000213,0.00899817150115223,0.00899817150115223,0.3002936594708973,0.4727466150439109,-632980357.5275894,25398723.86552652,-538209.8036087974,-0.005120024867161649,0.15627775621500245,-0.026294788999999888,-0.4912806
32.390000000002125,0.00947592337285219,0.00947592337285219,0.30077133294456515,0.3623665882861378,-661374035.770411,23889932.065864142,-557750.0274172619,-0.005493494091728585,0.15599296546000246,-0.03066336199999989,-0.382434
32.40000000000212,0.009987147912503214,0.009987147912503214,0.30128247964066646,0.14144910572213626,-687137542.6118072,18229818.465647936,-581343.965356716,-0.005885341103933295,0.15567270150000245,-0.03338942999999989,-0.1627796
32.41000000000212,0.010518843194351701,0.010518843194351701,0.30181409785704655,0.17359601142066505,-710856806.6919382,19021917.474928573,-604959.6546471819,-0.006297624103140637,0.15532985922500245,-0.035179024999999885,-0.1951394
32.42000000000212,0.011065220464116399,0.011065220464116399,0.3023603990687959,0.09867868620869831,-730768992.7139362,17537142.698186997,-626294.784163468,-0.006729622909754623,0.15497019966000244,-0.036752887999999886,-0.1196332
32.43000000000212,0.011621713151958313,0.011621713151958313,0.3029168169405325,0.033713015651595145,-746889107.3829174,15454598.9924775,-646047.0048092089,-0.00717979753793313,0.15459833162500244,-0.037620718999999886,-0.053933
32.440000000002115,0.012183083285475349,0.012183083285475349,0.30347811373751143,0.029052292181240034,-759425194.2739486,15199236.932000643,-663826.6638508479,-0.007646691936121858,0.15421957487500246,-0.03813063099999989,-0.0480494
32.45000000000211,0.01274567161928325,0.01274567161928325,0.304040630454302,-0.04304107166044623,-767435941.0332975,12958126.211378373,-679157.38962943,-0.008128409995107999,0.15383770472000247,-0.038243399999999886,0.0254956
32.46000000000211,0.013303225223774973,0.013303225223774973,0.30459811440266515,-0.1443427901520041,-769431891.1592946,9492388.544006,-692279.8242049554,-0.008622916080156418,0.15345911957500247,-0.03747362899999988,0.1284586
32.47000000000211,0.01384731165511427,0.01384731165511427,0.3051421333806164,-0.20696027412993498,-764784903.3456187,6736893.990524513,-702216.4852080721,-0.009127833869497087,0.15309242420500246,-0.035865444999999885,0.1931782
32.48000000000211,0.01437296731524329,0.01437296731524329,0.30566772403204573,-0.17896751000085476,-755333840.2235823,6466046.859870497,-708065.2009620063,-0.009639903494369079,0.15274279127500245,-0.034061140999999885,0.1676826
32.490000000002105,0.014880799533019129,0.014880799533019129,0.30617549392721877,-0.1480423999951189,-742841844.1214705,6561118.04210681,-710285.1991719655,-0.010155636707417981,0.15240985306000246,-0.03252650199999989,0.1392452
32.5000000000021,0.01536894286628554,0.01536894286628554,0.3066635778633423,-0.31250307038405,-724092567.887026,1145126.8840710446,-710227.08438309,-0.01067235252599405,0.15209571785000245,-0.030300539999999886,0.3059472
32.5100000000021,0.015832580613796998,0.015832580613796998,0.30712715937518864,-0.20717488943534065,-702788384.5577911,2292627.275615627,-707599.9906195009,-0.011187847968262415,0.15180543573500244,-0.027755882999999888,0.2029842
32.5200000000021,0.01627339555203866,0.01627339555203866,0.30756792147159806,-0.18605952154107494,-679209359.0481154,2478493.1327686915,-701617.3322210424,-0.01169943462012471,0.15153756033000243,-0.025819197999999887,0.1843528
32.5300000000021,0.016692158666642365,0.016692158666642365,0.3079866353661282,-0.3027790129985917,-651811902.8282505,-1985882.4942138363,-694003.9146095488,-0.012204859946393254,0.15129155230500244,-0.023382406999999886,0.3030054
32.540000000002095,0.017085646078473793,0.017085646078473793,0.3083800774016518,-0.21941056335355097,-622882158.359559,-1055947.1487581832,-684845.7092978875,-0.01270270550827618,0.15107084376000243,-0.020759301999999886,0.2216156
32.55000000000209,0.01745944754967005,0.01745944754967005,0.30875383755605856,-0.04583748569859799,-596551089.1397748,3162527.784934408,-673149.0886839544,-0.013191158959102028,0.15087004139500243,-0.019401170999999887,0.0500106
32.56000000000209,0.0178235936270551,0.0178235936270551,0.3091179465850237,-0.07513021769839022,-572188769.8962762,2337832.5212328127,-661451.6816487586,-0.013669117186711738,0.15067929018000242,-0.018749071999999888,0.0804092
32.57000000000209,0.01817930428619635,0.01817930428619635,0.3094736246641106,-0.14131880865844718,-547981074.8316336,-280648.97724676784,-651609.2980653719,-0.014137450927400791,0.15049748694000242,-0.017611575999999886,0.14709
32.58000000000209,0.01852941722782997,0.01852941722782997,0.3098237096845002,0.1339069619414216,-529924209.0216856,6826581.363840326,-642094.4947936923,-0.014597170241338359,0.15032186148000243,-0.017513515999999885,-0.127478
32.590000000002085,0.01888216386296193,0.01888216386296193,0.3101764332384038,-0.021051720831259606,-512938842.90031743,3504908.799771792,-633538.0562348271,-0.015048875929203676,0.15014422579000242,-0.018013621999999885,0.0274568
32.60000000000208,0.01924039012299822,0.01924039012299822,0.3105346414281525,0.127480444409883,-501564360.73818207,6642090.1278994875,-627824.7174382563,-0.015494272551588889,0.1499617361300024,-0.018484309999999886,-0.1215944
32.61000000000208,0.019598883296842673,0.019598883296842673,0.3108931217023726,-0.22313033308139216,-484585695.723644,-2085167.7201623525,-623794.900662824,-0.015935372158426442,0.1497795651650024,-0.017949882999999885,0.2284798
32.62000000000208,0.019942624196734482,0.019942624196734482,0.31123685502202175,-0.27125959506422326,-463145520.28620625,-5888469.775052227,-619443.570813701,-0.01637278285301949,0.1496126915600024,-0.015424837999999885,0.2765292
32.63000000000208,0.02026139863293741,0.02026139863293741,0.3115556273355815,-0.23300902434556547,-437169343.9191277,-5043393.860423012,-611253.8083818045,-0.01680468723944356,0.1494713380700024,-0.012845859999999886,0.2392664
32.640000000002075,0.020554717631398767,0.020554717631398767,0.3118489497966872,-0.2809398659092626,-407771430.79250646,-7699703.776542213,-598846.7788982098,-0.017227579257571124,0.1493560685400024,-0.010208045999999886,0.2882964
32.65000000000207,0.020824618114696047,0.020824618114696047,0.31211885944371265,-0.14185185039586357,-379118254.5049722,-4540790.95586364,-584363.3043131718,-0.017638760231072026,0.14926494628500242,-0.008016404999999886,0.1500318
32.66000000000207,0.021083099175930486,0.021083099175930486,0.3123773554723783,0.10792507773830039,-357145765.55282617,2182915.0983442287,-568294.4507985162,-0.018036715421701738,0.14918605701500243,-0.0077614489999998865,-0.0990406
32.67000000000207,0.021339709460718892,0.021339709460718892,0.3126339866169891,-0.14871257581482092,-334891995.6170988,-4024377.691107397,-554334.9962079448,-0.018421751605739473,0.14910988891000243,-0.007472171999999886,0.156896
32.68000000000207,0.021587303133766167,0.021587303133766167,0.31288160711606017,-0.17110600220115785,-312214020.49937844,-6373337.772296607,-543222.9675669309,-0.018796066236252434,0.14904355132000244,-0.005795345999999886,0.1784692
32.690000000002065,0.021821751570811676,0.021821751570811676,0.31311608840463057,-0.03488485985311979,-290812967.4467919,-2447613.063581774,-530801.6297887341,-0.019160377313092253,0.14899111373500243,-0.004692170999999886,0.0421658
32.70000000000206,0.022049369338594804,0.022049369338594804,0.313343745094985,-0.032351048588207004,-271511673.1788721,-2544684.3971353397,-517383.46321301727,-0.019513767193608395,0.14894622677000244,-0.0042852219999998855,0.039224
32.71000000000206,0.022274519902962475,0.022274519902962475,0.3135689406842439,0.0009605976432703227,-255109986.93413472,-1498631.531392803,-505608.3058810742,-0.01985657024582116,0.14890447772500243,-0.004064586999999885,0.004903
32.72000000000206,0.02249887566510761,0.02249887566510761,0.31379334759006816,-0.0012386811374629336,-240698310.0563903,-1586919.5015372187,-495237.64058590017,-0.02019011586581504,0.14886410152000243,-0.004010653999999885,0.0058836
32.73000000000206,0.02272449803498966,0.02272449803498966,0.31401902722424696,0.05230451361943359,-229364681.75706387,109185.94721732591,-486173.1010445146,-0.02051554059817634,0.14882291632000244,-0.004226385999999885,-0.04903
32.740000000002055,0.022952962602530047,0.022952962602530047,0.3142475551640516,0.010501186338188277,-219411385.42268348,-784274.4565814536,-478563.48101185396,-0.020833994654301746,0.14877920607500245,-0.004515662999999885,-0.0088254
32.75000000000205,0.02318342319155703,0.02318342319155703,0.31447808520625853,0.006777209795508889,-210748227.695364,-836480.4283208906,-472287.8841692884,-0.021146661198975014,0.14873365720500245,-0.004594110999999885,-0.0068642
32.76000000000205,0.023411396078063917,0.023411396078063917,0.3147061335853921,-0.12338146269759823,-199657868.33553314,-4403774.01385892,-466632.211065004,-0.021454387431619065,0.14869058435000246,-0.0040204599999998855,0.1215944
32.77000000000205,0.02363542148829323,0.02363542148829323,0.3149302404716414,0.0822073325591447,-191897492.6540029,783177.9254807502,-460261.52585297846,-0.02175718800364443,0.14865128680500245,-0.0038390489999998857,-0.0853122
32.78000000000205,0.02386523000037999,0.02386523000037999,0.3151601363725819,0.19046805139333742,-189107943.78281116,5007680.362472191,-453655.5270500336,-0.022054676779276666,0.14860588502500244,-0.005241306999999886,-0.1951394
32.790000000002046,0.02411373426967145,0.02411373426967145,0.31540873385963586,0.28492000919145244,-193937758.66589856,8395310.52315256,-450182.04306935746,-0.022347961699941937,0.14854128800000244,-0.007678097999999886,-0.2922188
32.80000000000204,0.024389408281864533,0.024389408281864533,0.3156845068229137,0.3267109791796247,-205543182.60898256,11020057.208733603,-451683.4686023966,-0.022640297580060503,0.14844876839000243,-0.010825823999999887,-0.3373264
32.81000000000204,0.024696291832627892,0.024696291832627892,0.31599149495170087,0.31026465282037974,-222350943.98381495,11720290.107130269,-457931.28179523326,-0.022935649681648546,0.14832396252500243,-0.014135348999999887,-0.3245786
32.82000000000204,0.025032894505274683,0.025032894505274683,0.31632820771200926,0.2417449760322831,-241470605.8956933,10975780.52588567,-468303.49793012114,-0.023237674935211255,0.14816799809500245,-0.017057536999999887,-0.259859
32.83000000000204,0.025391199249980734,0.025391199249980734,0.31668662792499647,0.07454350226651443,-258276814.2417612,6968591.2386638075,-480917.5471943639,-0.023549079047471694,0.14798852378000243,-0.018837325999999887,-0.0960988
32.840000000002036,0.025761555010858195,0.025761555010858195,0.31705710439254303,0.09141820180978215,-273522847.5494571,7466704.383913663,-493258.03347026766,-0.0238708068988506,0.14779485528000244,-0.019896373999999887,-0.1157108
32.850000000002034,0.026138831039921873,0.026138831039921873,0.3174345062100521,0.019634092613558644,-285551911.00840116,6099810.942830424,-503709.03583900695,-0.024202070581702206,0.14759184656500243,-0.020705368999999887,-0.0460882
32.86000000000203,0.026520447145870596,0.026520447145870596,0.3178162530155666,0.0431131331785155,-296314442.46683574,6615363.833827112,-512619.0997334148,-0.02454148506728024,0.14738185107500243,-0.021293728999999886,-0.0715838
32.87000000000203,0.026901226711631587,0.026901226711631587,0.3181971680085036,-0.13917871554181505,-301319081.18167806,1987053.628598298,-520125.8715090884,-0.024887849896352482,0.14716984535500244,-0.021107414999999886,0.1088466
32.88000000000203,0.02727219330801306,0.02727219330801306,0.3185682745636064,-0.15722767802726414,-301701956.5933769,404211.19327147445,-525300.2330139457,-0.02523964384450933,0.14696463029000245,-0.019935597999999888,0.1255168
32.890000000002026,0.027629755912964793,0.027629755912964793,0.31892598144957296,-0.08252558559106511,-299465013.747174,2452202.655682916,-526711.672015372,-0.025594342340080234,0.14676966249500245,-0.019057960999999887,0.0500106
32.900000000002024,0.027980154130878343,0.027980154130878343,0.31927649090194843,0.034255695904058914,-298688044.4053545,5542867.221843604,-525382.8788399838,-0.025949170106058933,0.14657864161500245,-0.019146214999999887,-0.0676614
32.91000000000202,0.028328091764164176,0.028328091764164176,0.31962442853523426,-0.088936919202511,-296279803.9582293,2691192.187939033,-524160.9628121076,-0.0263029353358383,0.14638683625500246,-0.019214856999999887,0.053933
32.92000000000202,0.028675007891090232,0.028675007891090232,0.3199713446621603,0.10268424335130857,-297443163.38305473,7272302.328762149,-523235.81069474935,-0.026655796070076093,0.14619255488000246,-0.019641417999999886,-0.1392452
32.93000000000202,0.029027408484637307,0.029027408484637307,0.3203237452557074,0.10291027496122468,-300622853.9119868,8660989.250878174,-522447.2692420006,-0.02700793388023731,0.14598912941000247,-0.021043675999999886,-0.1412064
32.940000000002016,0.029387389964683985,0.029387389964683985,0.32068372673575407,-0.005297649790296907,-303909490.5764692,5447136.50439797,-523650.9260599036,-0.027360199257139034,0.14577427995000247,-0.021926215999999887,-0.0353016
32.950000000002014,0.029753347217197912,0.029753347217197912,0.321049683988268,0.14665929031476452,-310165059.5783353,9908035.347251479,-525942.4134463798,-0.02771391236634624,0.14554940385500248,-0.023049002999999887,-0.1892558
32.96000000000201,0.03013147314612724,0.03013147314612724,0.3214278099171973,0.1986978092773467,-319899514.0831027,12239744.959506515,-528356.1581980657,-0.02806960819230278,0.14530810271000247,-0.02521122599999989,-0.2431888
32.97000000000201,0.03052065347263161,0.03052065347263161,0.3218169902437017,-0.10190030468653581,-325868558.1715555,4551578.174051596,-533223.8891952694,-0.028428325757289957,0.14505128357000246,-0.02615260199999989,0.0549136
32.98000000000201,0.030902976372800983,0.030902976372800983,0.32219931314387107,-0.26925441739651024,-324309146.27624846,-1431943.1083250185,-538413.2478928497,-0.02879130870885746,0.14479664626500247,-0.02477485899999989,0.220635
32.990000000002006,0.031265032717480656,0.031265032717480656,0.32256136948855074,-0.17032508559772175,-317984152.4742341,585861.410502485,-538837.3117688401,-0.029156764566213328,0.14455745341000248,-0.02306371199999989,0.1215944
33.000000000002004,0.03160340147489887,0.03160340147489887,0.32289973824596896,-0.3376592369549348,-304265868.0281706,-4493978.1793167405,-534272.2463610477,-0.029520507239255506,0.14433708807500248,-0.02100935499999989,0.289277
33.010000000002,0.031914114136674276,0.031914114136674276,0.32321045090774436,-0.26064860022489855,-287310330.0239177,-3897658.0723283994,-526289.7930230901,-0.02987893570948036,0.14413954620500247,-0.018499018999999887,0.2127902
33.020000000002,0.03220090824724586,0.03220090824724586,0.32349724501831595,-0.09782174180006079,-270860740.87873554,342892.2182648801,-514388.86637947685,-0.03022897911882866,0.14396115055000247,-0.017180111999999886,0.0509912
33.030000000002,0.032472831929814594,0.032472831929814594,0.3237691687008847,-0.13854884848970422,-254753117.66132784,-845312.0505433795,-500991.3094440817,-0.030568410329285173,0.14379292862000248,-0.016464273999999886,0.0921764
33.040000000001996,0.03272966736614652,0.03272966736614652,0.3240260041372166,-0.2286225773870054,-236811713.53491592,-4054994.510887928,-488569.819050724,-0.030897076033861826,0.1436351500800025,-0.015091433999999886,0.1823916
33.050000000001994,0.03296828756280268,0.03296828756280268,0.32426462433387276,-0.13281893016610039,-219060670.2183709,-2197444.9615016966,-475249.2788900176,-0.031215080814064405,0.1434909773650025,-0.013743108999999885,0.0872734
33.06000000000199,0.033193899680047656,0.033193899680047656,0.32449023645111774,-0.026062738727680893,-203893789.56666493,739111.2691190117,-460433.845202106,-0.03152151609006623,0.14335526232500248,-0.013399898999999885,-0.0186314
33.07000000000199,0.033414295390319315,0.033414295390319315,0.3247106321613894,-0.02371187131056073,-191448876.79136515,924886.1315741466,-446421.66916928685,-0.03181618416729126,0.14322028273500248,-0.013596018999999885,-0.0205926
33.08000000000199,0.03363189819881812,0.03363189819881812,0.3249282349698882,-0.038229589564076745,-180803073.23378706,403584.93855956144,-434524.9496127495,-0.03210052773084193,0.14308366064000247,-0.013728399999999884,-0.0058836
33.090000000001986,0.03384404147880832,0.03384404147880832,0.3251403782498784,-0.11821008990736985,-169302016.04268575,-1941052.4529191905,-423890.52560095245,-0.03237584144952482,0.14294809269000247,-0.013385189999999884,0.0745256
33.100000000001984,0.03404952296168906,0.03404952296168906,0.32534585973275915,0.008196235652502422,-160140484.50726104,1025741.9850942788,-413236.2200919036,-0.032642647410900005,0.14281482915000246,-0.013267517999999884,-0.0509912
33.11000000000198,0.03425557976547938,0.03425557976547938,0.32555191653654947,0.12488746712099258,-155505165.41925287,4917203.071356099,-402556.64402176475,-0.03290098168068306,0.14267671164000245,-0.014355983999999884,-0.166702
33.12000000000198,0.034469623362779256,0.034469623362779256,0.32576596013384934,0.06158343151780815,-153713596.97924447,3623598.1907966887,-394398.19767660165,-0.03315185327150327,0.14252641017500245,-0.015704308999999885,-0.102963
33.13000000000198,0.034687958873616975,0.034687958873616975,0.32598429564468706,-0.07630970040014556,-150733241.86784768,-203499.73834314535,-389518.3780447778,-0.03339754406219375,0.14236767555000246,-0.016042615999999885,0.0353016
33.140000000001976,0.03490422516276309,0.03490422516276309,0.3262005619338332,0.008320142134722083,-148323889.55719662,1599278.4345348033,-384842.3002190032,-0.03363947594403072,0.14220693069500245,-0.016106354999999885,-0.0480494
33.150000000001974,0.03511515371129892,0.03511515371129892,0.326411490482369,-0.15378190464937058,-142184851.04903126,-2500532.44200328,-379186.2565572696,-0.033877394794218085,0.14204755868000246,-0.015768047999999885,0.1157108
33.16000000000197,0.03531637548120348,0.03531637548120348,0.32661271225227356,-0.08899832627208878,-135409721.28552032,-1923148.280922935,-372708.8883087144,-0.034110615436085956,0.14189409478000245,-0.014924731999999885,0.0529524
33.17000000000197,0.035509985004690714,0.035509985004690714,0.3268063217757608,0.027324957591344942,-130112405.51821041,1702863.7685538882,-364433.9330627833,-0.034338165419154854,0.14174465134000244,-0.014963955999999886,-0.0607972
33.18000000000197,0.03570854382263805,0.03570854382263805,0.32700488059370814,0.2324323383623844,-131987639.38441253,7520579.943592373,-356286.21410016756,-0.03455937863829783,0.14158689731500243,-0.016586848999999886,-0.2637814
33.190000000001966,0.03592276721879939,0.03592276721879939,0.3272191039898695,0.13455004382071437,-137292189.24756837,6240935.973216414,-352070.4297579457,-0.034775745436023464,0.14141031577000243,-0.018729459999999885,-0.1647408
33.200000000001964,0.036151660710877,0.036151660710877,0.3274479974819471,0.0854370804194359,-144546488.51557922,4532317.059622249,-352362.8716369034,-0.03499049582160996,0.14121603439500244,-0.020126814999999885,-0.1147302
33.21000000000196,0.03638981784753492,0.03638981784753492,0.327686154618605,0.0652958684869196,-151762780.14888358,4537469.478631005,-354429.9153269571,-0.035206102655571225,0.14100956906500245,-0.021166250999999886,-0.093157
33.22000000000196,0.03663752492194272,0.03663752492194272,0.3279338616930128,0.16615155192749098,-161735048.90013218,7221716.123344246,-356623.8779244452,-0.03542333882700893,0.14079077269000245,-0.022593023999999885,-0.1921976
33.23000000000196,0.03690144381188898,0.03690144381188898,0.32819778058295906,0.2510650257395394,-176036349.75438952,10698330.626319971,-360051.1571089485,-0.035642704351980525,0.14055314879500244,-0.024931754999999885,-0.2755486
33.240000000001956,0.03718513316104877,0.03718513316104877,0.32848146993211885,0.12273631465993623,-191210984.32221198,7705524.587172663,-366454.5941603984,-0.035865784304732085,0.14029328979500244,-0.027040044999999884,-0.1461094
33.250000000001954,0.037480749271505076,0.037480749271505076,0.32877708604257516,-0.019313197483977477,-203514363.02294517,3810017.9597257595,-375322.822631181,-0.03609471397607139,0.14001916306500245,-0.027785300999999884,-0.0029418
33.26000000000195,0.037780855664890645,0.037780855664890645,0.32907719243596073,0.09560975316436518,-215681049.36581635,6518920.390387032,-383097.76473655854,-0.03633014285940328,0.13973834374000246,-0.028378563999999884,-0.1157108
33.27000000000195,0.03808998061635288,0.03808998061635288,0.32938631738742297,0.18900544549223944,-230060271.67689037,9976789.73906722,-389183.5574925562,-0.03657103524323152,0.13944649266500247,-0.029991650999999883,-0.2069066
33.28000000000195,0.03841656091424667,0.03841656091424667,0.32971289768531675,0.22482358434150104,-248016570.93443537,11423464.180796567,-396615.26969753235,-0.036817208176149196,0.1391353728000025,-0.03223232199999988,-0.2412276
33.290000000001946,0.0387592565193437,0.0387592565193437,0.3300555932904138,0.006197201994307251,-263402230.91948056,6113297.455963228,-406794.821920751,-0.037070266736478896,0.1388064795600025,-0.03354632599999988,-0.0215732
33.300000000001944,0.03910596047072257,0.03910596047072257,0.33040229724179265,-0.07670299110488622,-274568267.542506,2822662.847488409,-417431.68520610733,-0.03733158038436146,0.1384720459300025,-0.03334039999999988,0.0627584
33.31000000000194,0.039445383288330804,0.039445383288330804,0.3307417200594009,-0.1439759084330094,-279806087.0210004,789062.9999164972,-424991.8712238972,-0.03760024400517037,0.1381435204150025,-0.032364702999999884,0.132381
33.32000000000194,0.03977208434045587,0.03977208434045587,0.33106842111152596,-0.14421581135390799,-280839040.49551415,-267467.0032954272,-428568.9076990163,-0.03787349241916699,0.1378265659800025,-0.031026183999999884,0.1353228
33.33000000000194,0.04008541762379103,0.04008541762379103,0.3313817543948611,-0.10230322045756718,-279505345.77045465,620421.9379852791,-428881.12930168945,-0.03814838622135869,0.1375220896800025,-0.029869075999999883,0.0960988
33.340000000001936,0.04038608710126401,0.04038608710126401,0.3316824238723341,-0.15772998221607054,-275245381.4018805,-1552994.8534066337,-426918.59500396514,-0.03842264532339151,0.13722965024500253,-0.028618810999999883,0.1539542
33.350000000001934,0.04067455555341959,0.04067455555341959,0.3319708923244897,-0.07027782780604783,-270870655.6371374,259639.02220425615,-423381.9019118997,-0.03869470378009965,0.13694902704000253,-0.027505829999999884,0.068642
33.36000000000193,0.04095523009950186,0.04095523009950186,0.33225156687057195,-0.013470605105158306,-267495643.9591384,1702672.821382258,-418469.00733970344,-0.0389633877816834,0.13667602800000253,-0.027093977999999883,0.0137284
33.37000000000193,0.04123149960521055,0.04123149960521055,0.33252783637628064,-0.07898257692686342,-263808597.8826685,-182119.91749821627,-413768.5190796687,-0.03922824194132646,0.13640744166000254,-0.026623289999999883,0.0804092
33.38000000000193,0.041502806459689234,0.041502806459689234,0.3327991432307593,-0.02707029024143944,-260969323.47326422,633125.4505029328,-409600.15289187134,-0.03948957248839352,0.13614395444000255,-0.026074153999999884,0.029418
33.390000000001926,0.041769368363915205,0.041769368363915205,0.3330657051349853,-0.05667485269902664,-257713907.274791,-31015.75316820736,-405013.76361723576,-0.039747434548186245,0.13588544376500256,-0.025627980999999883,0.0598166
33.400000000001924,0.04203072051795165,0.04203072051795165,0.33332705728902173,-0.06797001194353358,-254259560.62661934,-928133.1714572026,-400386.6310931672,-0.04000165620951124,0.13563244896500257,-0.024970978999999883,0.0715838
33.41000000000192,0.04228917109537916,0.04228917109537916,0.33358550786644925,0.07662791951021077,-253884563.70519423,3087257.569934385,-395405.086701015,-0.04025209260408513,0.13538271466000257,-0.024975881999999883,-0.0725644
33.42000000000192,0.04254813038043809,0.04254813038043809,0.3338444671515082,-0.06478530726097816,-252691971.84467363,-434566.4550822752,-390843.37142125174,-0.0404987803392684,0.13513285778000256,-0.024995493999999882,0.068642
33.43000000000192,0.042802711471284394,0.042802711471284394,0.3340990482423545,-0.1221089662141204,-249947007.93037724,-2776117.863318537,-387459.6942441953,-0.040742355346448544,0.13488775681000256,-0.02402469999999988,0.1255168
33.440000000001916,0.043048845608591235,0.043048845608591235,0.3343451823796613,-0.028874901888480034,-247288127.36323714,-491970.6212496713,-382763.6783242561,-0.04098277441160103,0.13465145672500256,-0.02323531699999988,0.0323598
33.450000000001914,0.04329164550981901,0.04329164550981901,0.3345879822808891,0.04656706792385136,-246997697.03981018,1813231.0262193787,-376522.6285333366,-0.041218934802762286,0.13441883389000256,-0.02328924999999988,-0.0431464
33.46000000000191,0.04353603687291907,0.04353603687291907,0.33483237364398916,-0.00044527687219573435,-247940597.35014606,760509.8579300661,-371381.0028922476,-0.04145067734910601,0.13418493627500255,-0.02349027299999988,0.0029418
33.47000000000191,0.043785452146159864,0.043785452146159864,0.33508178891722995,0.15543545781564772,-253718841.94743466,5069570.827381777,-367705.2747486413,-0.04167900499952626,0.13394625823500256,-0.024245334999999882,-0.1539542
33.48000000000191,0.044046569474716135,0.044046569474716135,0.3353429062457862,0.15789065980540953,-263111141.88248467,6242315.539783061,-365730.102385118,-0.04190510816740939,0.13369600911500257,-0.025804488999999882,-0.1578766
33.490000000001906,0.04432631991472519,0.04432631991472519,0.3356226566857953,0.2744198063002315,-279049509.6335077,9896958.64004634,-366941.97378482984,-0.042130822219009156,0.13342710408000258,-0.02797651799999988,-0.2765292
33.500000000001904,0.044635406547504364,0.044635406547504364,0.33593174331857445,0.4670285462638088,-304451265.0295999,16854764.218584552,-371886.7324838186,-0.04235880330490743,0.13312863395500257,-0.03171750699999988,-0.4716686
33.5100000000019,0.04497925209863096,0.04497925209863096,0.33627558886970105,0.18218950611801246,-331066665.48337436,10742588.51548675,-382356.05805280316,-0.04259261371730183,0.13279491126000256,-0.03502703199999988,-0.1902364
33.5200000000019,0.04534758835803332,0.04534758835803332,0.3366439251291034,0.14852862663847072,-358037789.75971913,9547901.738643792,-397369.12384492863,-0.04283625653107248,0.13243588908500256,-0.03677740299999988,-0.1598378
33.5300000000019,0.045726461871446245,0.045726461871446245,0.33702279864251633,-0.05752636173182776,-378735143.5025809,4714575.079103941,-411762.5925277223,-0.043091491090867406,0.13206522228500256,-0.037355956999999884,0.044127
33.540000000001896,0.04610626847481325,0.04610626847481325,0.33740260524588334,0.003999949586792438,-396941952.6868894,5495932.791512063,-423389.80617540446,-0.04335713659233931,0.13169230010500255,-0.037228478999999884,-0.0186314
33.550000000001894,0.046487191189874766,0.046487191189874766,0.33778352796094485,0.09439566830758805,-414715130.56687236,8878130.009140046,-431891.8975350504,-0.04363091550452319,0.13131680385000255,-0.037870771999999886,-0.1098272
33.56000000000189,0.04687260948039834,0.04687260948039834,0.3381689462514684,-0.012745121813500042,-430699558.6131332,6080637.67414995,-439318.2448324101,-0.04391113072412073,0.13093525239000256,-0.03843951999999989,-0.0039224
33.57000000000189,0.047258123602534896,0.047258123602534896,0.338554460373605,-0.0649983088828594,-443937791.48185825,4547847.92350594,-446917.421245555,-0.04419741568663349,0.13055193585000255,-0.038223787999999884,0.0470688
33.58000000000189,0.04763803575562475,0.04763803575562475,0.33893437252669484,-0.08133702228803621,-454022509.5100231,3790959.585868959,-452579.4306225277,-0.04448912877561356,0.13017244365000255,-0.037674651999999885,0.0627584
33.590000000001886,0.048009057690723056,0.048009057690723056,0.33930539446179314,-0.12793636620454116,-460600223.9562812,2390946.500893271,-455975.05754433724,-0.04478458901943261,0.12979998725500255,-0.03681662699999989,0.1088466
33.600000000001884,0.04837278172758536,0.04837278172758536,0.33966911849865544,0.04536210360029718,-468683526.5433767,6730850.518060582,-457399.505483588,-0.04508203860783122,0.12943292416000254,-0.03659599199999989,-0.0647196
33.61000000000188,0.048731490731591165,0.048731490731591165,0.34002782750266125,-0.1632525985743041,-472753002.5847697,1759978.696311966,-457988.69537708745,-0.04538030404696636,0.12906892544000254,-0.03620375199999989,0.1431676
33.62000000000188,0.04907742863616754,0.04907742863616754,0.3403737654072376,-0.22963260528877313,-472663080.80583286,-1586049.9702264457,-458486.1550413026,-0.04567900216560972,0.12871568880500253,-0.034443574999999886,0.2088678
33.63000000000188,0.0494039299583765,0.0494039299583765,0.3407002667294466,-0.15494548554558704,-469611935.1217437,283441.11064162245,-456024.6344076911,-0.04597689042995212,0.12837983330500252,-0.03272752499999988,0.1343422
33.640000000001876,0.049717977364130306,0.049717977364130306,0.3410143141352004,0.04142776994927716,-469590137.5521517,5317610.814046711,-450329.1095130185,-0.046271451663378205,0.1280543721650025,-0.032364702999999884,-0.0617778
33.650000000001874,0.050033246359334094,0.050033246359334094,0.3413295831304042,0.12113327100048023,-474227127.4899523,8576345.09108238,-445196.793698015,-0.04656160914067564,0.1277256260150025,-0.033384526999999886,-0.142187
33.66000000000187,0.050355970111106985,0.050355970111106985,0.34165230688217707,0.014729473343412198,-480417941.53232336,5852354.4868555125,-443408.6280451311,-0.04684895445781512,0.1273872945000025,-0.03428177599999989,-0.0372628
33.67000000000187,0.05068300490798938,0.05068300490798938,0.34197934167905947,0.022074452705291767,-487479192.2845478,6142790.79253781,-444340.75997817237,-0.04713594399796611,0.1270423929650025,-0.03469853099999989,-0.0460882
33.68000000000187,0.0510126949533764,0.0510126949533764,0.3423090317244465,0.04754742695528079,-495213831.8533292,7031670.649981756,-445654.0342250447,-0.04742383224795843,0.1266924413400025,-0.03529179399999988,-0.0725644
33.69000000000187,0.05134794187640512,0.05134794187640512,0.3426442786474752,0.10531224504905917,-505214753.27685905,9100596.381435879,-447444.7798547562,-0.047712953684493464,0.1263344242800025,-0.036311617999999886,-0.1314004
33.700000000001864,0.05169143259493858,0.05169143259493858,0.34298776936600867,0.07177659716174352,-516188815.4106722,8663093.078100184,-450686.85803059425,-0.048004071017222094,0.1259655470750025,-0.03746382299999989,-0.0990406
33.71000000000186,0.0520435428854768,0.0520435428854768,0.3433398796565469,0.09610412408235194,-528630683.5782726,9644771.045876417,-455383.8403582505,-0.048298365167878554,0.12558531942500248,-0.03858170699999989,-0.1245362
33.72000000000186,0.05240592578314296,0.05240592578314296,0.34370226255421304,0.14709583978284368,-543130715.3447406,11580578.30311675,-461061.32940947835,-0.04859684912128459,0.12519197625000247,-0.04008692799999989,-0.176508
33.73000000000186,0.05278774294521571,0.05278774294521571,0.3440840797162858,0.3872406283207451,-565371907.9919682,19125825.90013185,-468100.5030611067,-0.04890048180214379,0.12477625088000248,-0.04305814599999989,-0.4177356
33.74000000000186,0.05320034601841489,0.05320034601841489,0.344496682789485,0.3100145467203817,-591974265.2714682,18923956.500609815,-478899.08488776255,-0.04921132649554916,0.12432667029500248,-0.04685797099999989,-0.3422294
33.750000000001855,0.053641633465352834,0.053641633465352834,0.3449379702364229,0.1402498062184326,-618531846.1089804,14721208.071743408,-494728.1331843879,-0.04953302979514573,0.12384517118000249,-0.04944185199999989,-0.1745468
33.76000000000185,0.05409500546140167,0.05409500546140167,0.34539134223247175,-0.10702938222111272,-637771349.560657,8007157.9358172845,-512163.32318635605,-0.049868529884281976,0.1233481785850025,-0.04995666699999989,0.0715838
33.77000000000185,0.054541902628906846,0.054541902628906846,0.34583823939997693,-0.18515101583385912,-648956331.8565329,4840538.13090023,-526429.3193371971,-0.05021741400600144,0.12285415230500249,-0.048848588999999894,0.1500318
33.78000000000185,0.05497367085194277,0.05497367085194277,0.34627000762301285,-0.12782636487960936,-654687819.4918501,5957885.234513676,-535309.3739881327,-0.05057621447688737,0.12237177065000249,-0.0476277419999999,0.0941376
33.79000000000185,0.05538621559134588,0.05538621559134588,0.34668255236241596,-0.32813559971823,-651737587.0444026,-39130.79976826999,-539920.1077886472,-0.05094080299717141,0.1219052502000025,-0.045676347999999894,0.2961412
33.800000000001845,0.05577134903383196,0.05577134903383196,0.34706768580490205,-0.31235431236659117,-642512313.650477,-1322587.3949363697,-540861.6741142129,-0.051307739963768306,0.12146295057000249,-0.04278357799999989,0.2824128
33.81000000000184,0.05612793575737568,0.05612793575737568,0.34742427252844577,-0.1890245332426369,-630337384.2645378,1471860.3903327677,-536728.5897230926,-0.051673316338500086,0.12104622008500249,-0.040562518999999894,0.161799
33.82000000000184,0.056461614852570285,0.056461614852570285,0.34775795162364037,-0.2259017551142652,-615589177.8709595,-110794.07206735015,-529355.6337055089,-0.05203401231296756,0.12064966544500248,-0.03874840899999989,0.201023
33.83000000000184,0.056776322781464106,0.056776322781464106,0.3480726595525342,-0.1180186085605096,-601526778.3490741,2020606.571719029,-521119.41372164234,-0.052388109296223895,0.12026958488500249,-0.037267702999999895,0.0951182
33.84000000000184,0.05708192151944114,0.05708192151944114,0.3483782582905112,0.09757606981168122,-592673391.6885877,8041571.679720577,-512200.8381294161,-0.052734982882292114,0.11989631949500248,-0.037385374999999894,-0.1186526
33.850000000001835,0.05739891895116195,0.05739891895116195,0.34869525572223203,0.37882464573609553,-595301390.7704036,16746757.125057572,-505275.9611299817,-0.053075209604168616,0.11950952182500249,-0.0399741589999999,-0.3991042
33.86000000000183,0.05774579530317642,0.05774579530317642,0.3490421320742465,0.3399381018117788,-606387774.1465261,17458703.281049497,-504664.70828454726,-0.05341227973545715,0.11909078111000249,-0.0437739839999999,-0.3608608
33.87000000000183,0.05812647453406483,0.05812647453406483,0.3494228113051349,0.29341526414991875,-623245474.2082013,16828624.294177268,-511911.65175023867,-0.05375204542813705,0.11863612592000249,-0.0471570539999999,-0.3157532
33.88000000000183,0.058535352389064654,0.058535352389064654,0.34983168916013474,0.20117633434592325,-641252221.3751175,15218179.101427693,-523866.62909290363,-0.0540997488987085,0.11815104761500249,-0.0498586069999999,-0.2245574
33.89000000000183,0.05896967357808475,0.05896967357808475,0.35026582082535646,0.3143844760335524,-662961558.8123455,18690455.16937128,-537617.6028746271,-0.05445823626566715,0.11763838993500249,-0.0526729289999999,-0.338307
33.900000000001825,0.05942672184544706,0.05942672184544706,0.35072264250484625,0.0776552843096683,-681588423.4896032,13493043.999513362,-552858.4932657692,-0.05482899170763522,0.11710065341000249,-0.054874375999999905,-0.1019824
33.91000000000182,0.059895098888160164,0.059895098888160164,0.3511907942410938,-0.016508761297012058,-696182234.8611563,10002167.475286262,-568787.7771024378,-0.05521306312502411,0.11654916397000249,-0.055423511999999904,-0.0078448
33.92000000000182,0.06035910694772051,0.06035910694772051,0.35165457856526455,-0.21938459236072946,-701278990.0688391,4388018.388214669,-582173.6042886395,-0.055609833300789835,0.11599963573000249,-0.0544821359999999,0.19612
33.93000000000182,0.06080593035580392,0.06080593035580392,0.352101180107962,-0.23210811305826212,-699084402.8834349,2346093.699420872,-590826.5556226437,-0.05601624556258489,0.1154649880950025,-0.052447390999999906,0.210829
33.94000000000182,0.0612294602597529,0.0612294602597529,0.35252449032325905,-0.2481393468995715,-690107242.0998883,1453300.1106549893,-594185.5875437187,-0.056427906892851876,0.11495152142000249,-0.050245943999999904,0.2294604
33.950000000001815,0.06163062973959696,0.06163062973959696,0.3529254425999036,-0.16603015734116217,-678479283.6963286,2432789.969030802,-592944.5724221879,-0.056840521320051435,0.11445854928500249,-0.0483484829999999,0.1500318
33.96000000000181,0.06200876633901917,0.06200876633901917,0.35330336478570246,-0.34111555529159354,-660250873.7944579,-2702392.914939887,-589016.2094073188,-0.05725115077436038,0.11398700326000248,-0.0459607219999999,0.3275204
33.97000000000181,0.06235953587674101,0.06235953587674101,0.35365392299591286,-0.2464212000909502,-639393927.8213227,-2179719.887571267,-582410.7649665321,-0.057657212165407895,0.11354146765000248,-0.0431463999999999,0.235344
33.98000000000181,0.0626834851218645,0.0626834851218645,0.35397766429036137,-0.2388537484596375,-615565555.9375412,-2126852.310858819,-572356.0453068689,-0.058056070366436785,0.11312164827500247,-0.040817474999999895,0.230441
33.99000000000181,0.0629910876716718,0.0629910876716718,0.3542850625503404,0.07030054986764518,-597900326.6357028,5176390.195705205,-560235.7039690758,-0.058445379890313315,0.11271732238000247,-0.04004770399999989,-0.0764868
34.000000000001805,0.06330157150758281,0.06330157150758281,0.3545953460272371,0.21362498083589965,-588182571.4172788,10631779.756903592,-549232.9621717765,-0.058824778723190835,0.11230946632500247,-0.04152350699999989,-0.2186738
34.0100000000018,0.06363112159893378,0.06363112159893378,0.3549246999371551,0.2652668093135215,-587242850.0547047,12321612.734402291,-543193.9078450305,-0.05919690304490485,0.11188199827000246,-0.04397010399999989,-0.2706456
34.0200000000018,0.06398442895814227,0.06398442895814227,0.3552778155130598,0.20630804000847325,-591099957.6722198,11912193.80321187,-543315.8450173016,-0.05956650780194922,0.11143021133500246,-0.04638728299999989,-0.2127902
34.0300000000018,0.06436277461235823,0.06436277461235823,0.35565597398380056,0.32383290411011223,-601501690.3175125,15268087.184241509,-547617.3084571414,-0.059937966994103586,0.11095273268000246,-0.04910844799999989,-0.3314428
34.0400000000018,0.0647704044243533,0.0647704044243533,0.3560634214034881,0.3175841096416802,-616539198.7300221,16821546.247914854,-555263.1521305027,-0.060314434342532836,0.11044519863500246,-0.052398360999999886,-0.3265398
34.050000000001795,0.06520688706548383,0.06520688706548383,0.35649972662587914,0.19531098474584063,-633020858.8364997,13805680.118028905,-566618.4264668821,-0.06069892264568985,0.10990790338000246,-0.055060689999999884,-0.205926
34.06000000000179,0.0656619232499856,0.0656619232499856,0.3569545905401789,0.03414159721575315,-646233763.2056166,9837981.751709811,-580074.7386074368,-0.061094024138610065,0.10935099612500246,-0.056320760999999886,-0.0460882
34.07000000000179,0.06612168919832073,0.06612168919832073,0.35741418954093945,-0.07424600752375336,-653951172.6403557,6175305.512801003,-592297.5430353062,-0.06150026983036763,0.10878818075500246,-0.056242312999999884,0.0617778
34.08000000000179,0.06657657382563689,0.06657657382563689,0.3578689127211093,-0.08084950131768648,-656991410.7374876,5732418.99467822,-601163.7891879686,-0.0619157845060935,0.10822901812000246,-0.05559021399999988,0.068642
34.09000000000179,0.06702078330464212,0.06702078330464212,0.3583129664326598,-0.19106092227902996,-653883113.7981714,2077960.291518516,-606523.6929935401,-0.06233758949424467,0.10767931827500246,-0.05434975499999988,0.1794498
34.100000000001785,0.06744469112072754,0.06744469112072754,0.35873672433694054,-0.3490951709160221,-642340111.3716943,-3291234.2722631674,-608591.1768038989,-0.06276266627308977,0.10714876464500246,-0.05176097099999988,0.338307
34.11000000000178,0.06784044651552137,0.06784044651552137,0.3591323358469319,-0.23684558755300347,-626472003.338434,-1832915.008487762,-605892.3718109011,-0.06318746714106757,0.10664530009000246,-0.048931939999999875,0.2274992
34.12000000000178,0.06820982301128778,0.06820982301128778,0.35950157465153815,-0.2323696150757014,-607151216.7729936,-1977660.4709462742,-598265.7024523229,-0.0636077605842498,0.10616728210500247,-0.04667165699999987,0.2245574
34.13000000000178,0.06855413462792795,0.06855413462792795,0.35984575492794046,-0.3010103473452619,-584299063.3507407,-5157374.369757127,-588246.2145466883,-0.06402037128289192,0.10571353397000247,-0.044077969999999876,0.29418
34.14000000000178,0.06887160561399741,0.06887160561399741,0.3601631010687802,-0.23923491306098035,-559661279.3888423,-4410357.892248122,-576105.4081039238,-0.0644233741017691,0.10528594334000246,-0.041440155999999874,0.2333828
34.150000000001775,0.06916360604784852,0.06916360604784852,0.36045498328469877,-0.23934191526761214,-533415921.9245219,-5219198.039641149,-561402.5808846758,-0.06481480032862505,0.10488323543500247,-0.03910142499999987,0.2343634
34.16000000000177,0.06943663831950733,0.06943663831950733,0.3607279040862044,-0.04080774409636926,-511114442.01992035,-402545.7277784818,-545309.6676270522,-0.06519302796543053,0.10449898732500247,-0.03774819699999987,0.0362822
34.17000000000177,0.0697011355334427,0.0697011355334427,0.36099229668306065,-0.020444905476415864,-492250432.02102447,536304.8920968514,-529542.410753889,-0.06555769456981586,0.10412280465000247,-0.03748833799999987,0.0156896
34.18000000000177,0.06996383674093012,0.06996383674093012,0.361254900213344,0.00992713840530629,-477589496.23934555,1156654.3624003183,-516165.27053815505,-0.06591004068913597,0.10374792127000247,-0.03748833799999987,-0.0156896
34.19000000000177,0.07023114367385405,0.07023114367385405,0.3615221164771801,0.18503024459481315,-469910715.9085436,6341726.4394812975,-505248.95511591114,-0.06625218210140801,0.10336784071000248,-0.03852777399999987,-0.1921976
34.200000000001765,0.07050751856034279,0.07050751856034279,0.3617984077546047,-0.017057811887746622,-463047374.2851014,1706728.0199938905,-497239.4159825812,-0.06658641486980973,0.10297795415000248,-0.03944953799999987,0.0078448
34.21000000000176,0.07078772354814822,0.07078772354814822,0.36207853623074515,0.002431872142855305,-457739560.87514853,1441742.1367548762,-492325.13853788783,-0.06691525051648206,0.10258331168000248,-0.03947895599999987,-0.0137284
34.22000000000176,0.07107028901603915,0.07107028901603915,0.36236103231196276,0.10682754285280192,-455008037.7240889,4993746.923946414,-487379.98764019366,-0.06723998227187375,0.10218518808000249,-0.04014576399999987,-0.1196332
34.23000000000176,0.07136021124286984,0.07136021124286984,0.36265089229772507,0.07846922394273438,-454613683.68733025,4605612.226930481,-483086.857133597,-0.06756084882783983,0.10177841068500249,-0.04120971499999987,-0.093157
34.24000000000176,0.07165713278532124,0.07165713278532124,0.36294775875457835,0.016492852897064654,-454794647.58341885,3224263.304706404,-480988.30054113426,-0.06787899897701355,0.10136315110000249,-0.04184220199999987,-0.0333404
34.250000000001755,0.07195560689208144,0.07195560689208144,0.3632461849300093,-0.04913792693131825,-453546434.86379147,1285399.6767641325,-479537.7389833751,-0.06819565463615865,0.1009446555350025,-0.04185691099999987,0.0303986
34.26000000000175,0.07225084418379529,0.07225084418379529,0.36354138143640546,-0.047618312496114194,-451147863.85394716,1247209.144018903,-477293.2121567293,-0.06851080086008648,0.1005275328100025,-0.041567633999999874,0.0274568
34.27000000000175,0.07254255150862265,0.07254255150862265,0.3638330551075303,0.0032472578420353407,-449140602.6328471,2614010.6777253114,-473810.2283043003,-0.06882361580301674,0.1001119300150025,-0.04155292499999987,-0.024515
34.28000000000175,0.07283150974369026,0.07283150974369026,0.3641219867977138,-0.06869703082078313,-445996704.43810844,907595.7450258845,-469929.74334668746,-0.06913341080762786,0.0996969400950025,-0.041445058999999874,0.0460882
34.29000000000175,0.073118232181164,0.073118232181164,0.36440868976591084,0.044856887306175146,-444946328.88563037,3668220.4856430744,-465967.149950819,-0.06943998595333414,0.0992819256600025,-0.04155782799999987,-0.068642
34.300000000001745,0.07340416263613608,0.07340416263613608,0.3646946077833552,-0.05255483209077548,-442837387.4166131,1734624.7430087728,-461960.1132072963,-0.06974329499433454,0.0988653177500025,-0.041763753999999875,0.0274568
34.31000000000174,0.07368505589599839,0.07368505589599839,0.36497549558314357,-0.1411644216332343,-438409969.7776723,-1449043.6923473664,-458413.4150720783,-0.0700435064172864,0.0984512348850025,-0.04105281899999987,0.1147302
34.32000000000174,0.07395429920040358,0.07395429920040358,0.3652447403414737,-0.13111454292723854,-431580273.5176861,-1379165.6930727633,-453584.40316600824,-0.07034033764026842,0.0980461735400025,-0.039959449999999876,0.1039436
34.33000000000174,0.07421203241019553,0.07421203241019553,0.36550248184819983,-0.057010277041479616,-424822627.1977277,286283.3522297859,-446400.7606541631,-0.07063234706381208,0.09764991308000251,-0.03929264199999988,0.029418
34.34000000000174,0.07446403347579433,0.07446403347579433,0.3657544979736065,0.015915812662257486,-420192912.17032003,2640727.753066795,-438481.70958244166,-0.07091825641145891,0.09725661893500251,-0.03936618699999988,-0.044127
34.350000000001735,0.07471461873150934,0.07471461873150934,0.366005104959941,-0.0313207768777007,-416391004.1221142,1472384.513299587,-431519.7194201856,-0.07119813362996152,0.0968619029200025,-0.03957701599999988,0.0019612
34.36000000000173,0.07496410391850267,0.07496410391850267,0.36625461844429297,0.002853767494408112,-414067169.17956185,2404100.888003386,-425790.2991840297,-0.07147287501091268,0.0964653482800025,-0.03973391199999988,-0.0333404
34.37000000000173,0.07521198355453368,0.07521198355453368,0.3665025328301323,-0.038480212823220894,-411530630.9345169,1468108.6431555506,-420544.428763819,-0.07174320547867971,0.0960673472550025,-0.03986629299999988,0.0068642
34.38000000000173,0.07545724201060819,0.07545724201060819,0.36674783236521014,-0.030676248217299532,-409301488.16759324,1565989.5422157766,-415616.3017319046,-0.0720094662124709,0.0956688069000025,-0.039841777999999876,-0.0019612
34.39000000000173,0.0756982603326076,0.0756982603326076,0.3669888979635364,-0.06977265374607754,-406065978.3879874,565247.641310383,-410658.4443081904,-0.07227179444175494,0.0952712471450025,-0.03967017299999988,0.0362822
34.400000000001725,0.07593519818428301,0.07593519818428301,0.36722588914849946,0.007061594794163036,-404127697.67185307,2509466.1469551036,-405302.53178622207,-0.07253004256886811,0.0948744228400025,-0.03969468799999988,-0.0411852
34.41000000000172,0.07616974645098973,0.07616974645098973,0.3674604966564506,-0.03981623049818798,-401896346.37287974,1632270.4704470097,-399972.06726391707,-0.07278406598084336,0.0944765689050025,-0.03987609899999988,0.004903
34.42000000000172,0.07640001836240265,0.07640001836240265,0.36769083355941573,-0.09842449350552973,-398430125.3263924,-305129.39349515364,-395123.82869249664,-0.07303406834410694,0.0940794994500025,-0.03953779199999988,0.0627584
34.43000000000172,0.07662271221031977,0.07662271221031977,0.36791359798337897,-0.06645732232246541,-394270870.10104275,386858.9080639308,-389759.8708880853,-0.07328007030443687,0.09368645045500251,-0.039072006999999874,0.0303986
34.44000000000172,0.07683795749668829,0.07683795749668829,0.36812891925638835,-0.06660332379424795,-389588422.4146676,376798.3479845439,-383241.02818859357,-0.07352144392052493,0.09329725031500251,-0.038768020999999875,0.0303986
34.450000000001715,0.07704389289856992,0.07704389289856992,0.3683349358733403,-0.17273140956339947,-382137334.6388304,-2763259.4846594227,-376421.39655040466,-0.07375762147609466,0.0929137376550025,-0.03793451099999987,0.1363034
34.46000000000171,0.07723690455938248,0.07723690455938248,0.3685280337873574,-0.10488349984187098,-374001016.05602217,-1583315.0298435618,-368514.7744403223,-0.07398810663932537,0.0925395161800025,-0.03690978399999987,0.068642
34.47000000000171,0.07741524214523765,0.07741524214523765,0.36870646246585803,-0.20446458904958087,-362518883.9389527,-4292435.17723433,-358842.9184279514,-0.07421184637442904,0.0921763509700025,-0.03572325799999987,0.1686632
34.48000000000171,0.07757615165659285,0.07757615165659285,0.36886746770190754,-0.18331030205819335,-349452012.2466388,-4742788.732785959,-347803.6484171031,-0.07442766589374256,0.0918270367350025,-0.034139588999999866,0.1480706
34.49000000000171,0.07772008673568342,0.07772008673568342,0.3690115029214278,-0.1078920974183306,-336301107.7607751,-2767554.1765760654,-334808.59752198285,-0.07463434934902424,0.09149118123500251,-0.03303151099999987,0.073545
34.500000000001705,0.07785325226358014,0.07785325226358014,0.36914477278002955,-0.0316875508588413,-325451415.0112517,-853268.8374031408,-320695.0173273737,-0.07483081555263568,0.09116265572000251,-0.03267359199999987,-0.0019612
34.5100000000017,0.0779833340860398,0.0779833340860398,0.3692749628906176,0.04795642872747901,-318467229.01535463,1674348.425079257,-307725.84549017606,-0.07501716288866525,0.09083383602500252,-0.03309034699999987,-0.0813898
34.5200000000017,0.07811797713742344,0.07811797713742344,0.36940971795048344,0.11833332116945111,-316354806.6035466,4009600.4896569503,-297172.76630735234,-0.07519476078960183,0.09049709798500252,-0.034257260999999865,-0.151993
34.5300000000017,0.07826544261622467,0.07826544261622467,0.3695572989195877,0.22841329847091635,-320827873.43924737,7837258.575981896,-290054.1706486726,-0.07536578001366864,0.09014415553000252,-0.03633122999999987,-0.2628008
34.5400000000017,0.0784306849059829,0.0784306849059829,0.36972265994430176,0.1360423062806316,-328306906.22720385,6296672.4266188145,-287375.2349825028,-0.07553310733741742,0.08976998308500252,-0.038503258999999866,-0.171605
34.550000000001695,0.07861131699799714,0.07861131699799714,0.3699034137817047,0.11521459652453854,-337809793.7707503,5914802.789464597,-288681.9773710731,-0.0756998329917836,0.08937686054500252,-0.040121248999999866,-0.151993
34.56000000000169,0.07880355606103015,0.07880355606103015,0.37009577736640165,0.09791839242976196,-347833462.61291385,6025772.571862522,-291589.12721115525,-0.07586804882568374,0.08896846516000252,-0.041557827999999866,-0.1353228
34.57000000000169,0.07900789535159519,0.07900789535159519,0.3703002437164253,0.1730592316841087,-360463086.448087,8442366.161271874,-295125.3452692449,-0.07603859946260785,0.08854423308500252,-0.043288586999999865,-0.210829
34.58000000000169,0.07922237999670595,0.07922237999670595,0.3705148577164489,-0.03815114675057786,-370008967.65923667,3425126.956058964,-300022.2711869264,-0.07621221073468606,0.08810607649000252,-0.044342731999999864,0.0
34.59000000000169,0.07943683766248447,0.07943683766248447,0.3707294467878606,-0.09781292534045359,-376006272.68422437,877146.2062146815,-305101.67992059997,-0.07638949451112245,0.08766414458500252,-0.044043648999999865,0.0598166
34.600000000001685,0.07964333027299642,0.07964333027299642,0.3709360726029634,-0.08482521322986175,-378482957.6101091,1233823.4542123969,-307223.79504980566,-0.07656951628361108,0.08722640474500253,-0.04350431899999987,0.0480494
34.61000000000168,0.07984007292376316,0.07984007292376316,0.37113294999450497,-0.12253503800882411,-377876096.741848,-246433.98244012566,-306180.44472492527,-0.07675003206271039,0.08679474462500253,-0.04282770499999987,0.0872734
34.62000000000168,0.08002863253147285,0.08002863253147285,0.3713216456092507,0.0025832816454637933,-378005801.7824669,2945369.5276654176,-303259.85819707206,-0.07692915036445874,0.08636774235500252,-0.04257274899999987,-0.0362822
34.63000000000168,0.08021278831573789,0.08021278831573789,0.37150593839515483,-0.05876503370879733,-377148230.8740721,1538466.6666311088,-299376.24010001647,-0.07710580241998549,0.08594176971500253,-0.04262177899999987,0.0264762
34.64000000000168,0.08039044706202386,0.08039044706202386,0.371683734868097,-0.14492501871003216,-373912080.39727616,-1397980.574943562,-295879.7524312681,-0.07727975284168068,0.08551905757000253,-0.041920649999999865,0.1137496
34.650000000001675,0.08055504790097809,0.08055504790097809,0.37184847389091835,-0.17370122214131242,-367348328.13207936,-2801851.343395483,-291146.50214338367,-0.07745073566087582,0.08510629851500252,-0.04063116099999987,0.1441482
34.66000000000167,0.08070498536791407,0.08070498536791407,0.37199854972672897,-0.09420857539001073,-360028401.3612571,-1180668.3587069851,-283665.57438819564,-0.07761732200530977,0.08470525763000253,-0.03957701599999987,0.0666808
34.67000000000167,0.08084427125200974,0.08084427125200974,0.37213797388720704,-0.06395073613152527,-352970153.8683765,-395627.86437178985,-274483.2869746554,-0.07777789127024631,0.08431211057500253,-0.039052394999999865,0.0382434
34.68000000000167,0.0809773482034078,0.0809773482034078,0.37227118874706555,-0.026261977131786997,-347414295.15828395,413781.6945488333,-265317.2983711027,-0.0779318793257803,0.08392259174000252,-0.03885137199999986,0.0019612
34.69000000000167,0.08110779188081624,0.08110779188081624,0.37240176969748834,0.011127052769629567,-343772712.3205645,1519314.526824338,-256970.1232860376,-0.07807963662978379,0.08353326902500252,-0.03901317099999986,-0.034321
34.700000000001666,0.08123532145013354,0.08123532145013354,0.3725294356461687,-0.11257471849559986,-338679624.97020674,-1921622.3375715846,-249804.91444954812,-0.07822190906265447,0.08314453467000252,-0.03873369999999986,0.0902152
34.71000000000166,0.08135927131704615,0.08135927131704615,0.3726535207477144,0.07081095305193089,-336857526.1017549,2522316.570457626,-242936.64096868588,-0.07835926120393022,0.08275714864000253,-0.03874350599999986,-0.0921764
34.72000000000166,0.08148495619024396,0.08148495619024396,0.3727793394632851,0.04034139630949956,-336396162.34447765,2625283.261677256,-236071.91559379923,-0.07849182571908553,0.08236588924000253,-0.03950837399999986,-0.0607972
34.73000000000166,0.0816153932952782,0.0816153932952782,0.3729099087794722,0.03859552778535513,-338080156.9090893,2227846.1585582364,-231415.83133317073,-0.07862035151481714,0.08196781467000253,-0.04010653999999986,-0.058836
34.74000000000166,0.08174687380353046,0.08174687380353046,0.3730415196432521,-0.07581726168268521,-337851005.70877886,-569396.3451083505,-228417.3656343689,-0.07874620295317972,0.08156667572500252,-0.04012124899999986,0.0558942
34.750000000001656,0.08187230488854855,0.08187230488854855,0.3731670790101378,-0.1290025339932648,-335039610.2814648,-2882774.592891048,-224903.13551324554,-0.07886983541256959,0.08116960627000253,-0.03929264199999986,0.1098272
34.760000000001654,0.0819895091033245,0.0819895091033245,0.3732844092100385,0.004681135141198797,-332957877.6797886,670585.7390133826,-219243.4355958431,-0.0789903882306752,0.08077886168500252,-0.03885627499999986,-0.0225538
34.77000000000165,0.0821021762414465,0.0821021762414465,0.3733971998087475,-0.06189281421533993,-330186693.51460457,-966068.2323665263,-212209.58091737944,-0.07910666955746634,0.08039086278000253,-0.03874350599999986,0.0451076
34.78000000000165,0.08221224944616737,0.08221224944616737,0.37350739372914366,0.01529258002364227,-329351628.5162196,774978.6040953628,-205830.00381534675,-0.0792184230849988,0.08000377093000254,-0.03867486399999986,-0.0313792
34.79000000000165,0.08232034742102301,0.08232034742102301,0.3736156094687678,-0.04776010795396857,-327887256.90518665,-614073.5659549125,-199726.3964988259,-0.07932599909627866,0.07961704680500253,-0.03866996099999986,0.0323598
34.800000000001646,0.08242901216677129,0.08242901216677129,0.37372438883348186,0.1028359137852163,-330195106.60845923,3158643.0044629243,-193971.8827244013,-0.07942963429420019,0.07922821439000254,-0.039096521999999856,-0.117672
34.810000000001644,0.0825423148695722,0.0825423148695722,0.37383780282686074,0.027575283588632735,-333159384.6085646,2026982.5330067144,-189389.25518908715,-0.07952983738448774,0.07883325322500254,-0.039895710999999855,-0.0421658
34.82000000000164,0.08265951816205591,0.08265951816205591,0.3739551139169286,-0.001999519980980103,-336784952.97814155,738997.9935460021,-186810.20471437185,-0.0796276527618226,0.07843292327500254,-0.04017027899999986,-0.0127478
34.83000000000164,0.08277400859827833,0.08277400859827833,0.37406970850800253,-0.13220142663456774,-336882160.8905227,-2669946.8700779416,-184773.88949636603,-0.07972395436652796,0.07803384359000254,-0.039645657999999855,0.117672
34.84000000000164,0.08288120578460415,0.08288120578460415,0.37417700605647736,-0.025479330713680144,-337091617.0136566,-636913.1375630011,-180809.21024865514,-0.07981835255455597,0.07764062299000254,-0.03899846199999985,0.0117672
34.850000000001636,0.08298100665743152,0.08298100665743152,0.37427690334129676,-0.11285045815655913,-334839286.09168077,-2498636.899273356,-174955.9205829275,-0.07990962657021741,0.07725343308000254,-0.03843951999999985,0.1000212
34.860000000001634,0.08307214648600778,0.08307214648600778,0.3743681354762599,-0.0954257472221033,-331979120.10026765,-3011876.7327184984,-168212.97051157206,-0.0799968897302632,0.07687362218500254,-0.037522658999999854,0.083351
34.87000000000163,0.08315296782285528,0.08315296782285528,0.37444904486630043,-0.10920784430435941,-327537534.46187353,-3200828.1274103746,-160094.96001987573,-0.08007947169876392,0.07650293087000254,-0.03661560399999986,0.09806
34.88000000000163,0.08322591267201548,0.08322591267201548,0.37452207337223786,-0.001393928293482933,-325002152.9624634,-850866.117674031,-150436.61399874795,-0.08015651766440374,0.07613900569500254,-0.036169430999999856,-0.0088254
34.89000000000163,0.08329236139095922,0.08329236139095922,0.3745886012177519,-0.14803071604504026,-320188741.55341816,-4350788.989749733,-140900.07426711026,-0.08022763509290057,0.07578054736500253,-0.035522234999999854,0.1382646
34.900000000001626,0.08334898973664803,0.08334898973664803,0.3746453040425565,-0.09554546799235548,-315337190.50903964,-4130157.041114679,-131276.40678775797,-0.08029293444220229,0.07543093895000254,-0.03439944799999985,0.0862928
34.910000000001624,0.08339431004424686,0.08339431004424686,0.37469064681531694,-0.11528042973862179,-309016884.2890961,-4269588.562904632,-119842.88740294873,-0.08035199274451901,0.07509177392500253,-0.03343355699999985,0.1068854
34.92000000000162,0.08342846480636057,0.08342846480636057,0.37472480157743066,-0.12141409839925182,-302182042.137027,-5283393.026227009,-107012.09169033734,-0.08040400772237813,0.07476295423000254,-0.03233038199999985,0.1137496
34.93000000000162,0.08345444804516433,0.08345444804516433,0.3747507848162344,0.03129868083662179,-298277673.93848324,-917548.0846506536,-93192.44839890252,-0.08044848646437583,0.07444153806500253,-0.03195285099999985,-0.0382434
34.94000000000162,0.08347793072725751,0.08347793072725751,0.3747742674983276,-0.04110355829998922,-295151912.6575794,-2628230.438645218,-79593.2700489533,-0.08048543963143606,0.07412191149500254,-0.031972462999999854,0.034321
34.950000000001616,0.08350071788896396,0.08350071788896396,0.37479705466003405,0.02319100927723223,-294685451.963351,-1035234.909726421,-68277.73205490432,-0.08051576187822254,0.07380228492500254,-0.03195285099999985,-0.0303986
34.960000000001614,0.08352408250074728,0.08352408250074728,0.37482041927181736,0.017977708992574788,-295478191.7182286,-773110.4938636378,-58088.974928688294,-0.08054059349219495,0.07348135906000254,-0.032232321999999855,-0.0254956
34.97000000000161,0.0835516559940172,0.0835516559940172,0.3748479927650873,0.10942100304382929,-300072803.0580604,1899597.0010232073,-49388.89423208454,-0.08056078104304312,0.07315545665000255,-0.03294815999999986,-0.117672
34.98000000000161,0.08358537476623934,0.08358537476623934,0.3748817115373094,0.009203484570156446,-304970406.7303202,-143751.22742897167,-43636.872388325064,-0.08057751476940264,0.07282256746500254,-0.03362967699999986,-0.0186314
34.99000000000161,0.08362037527327654,0.08362037527327654,0.3749167120443466,-0.07640035570497526,-308443191.806901,-2831012.324255057,-40294.134294915486,-0.08059213718157868,0.07248744741500254,-0.03339433299999986,0.0657002
35.000000000001606,0.08364864231030661,0.08364864231030661,0.3749449790813767,-0.12568898417609134,-308853163.95425224,-4380028.313785669,-35840.15492514182,-0.08060505394693426,0.07215801484500255,-0.032492180999999856,0.1147302
35.010000000001604,0.08366470709970353,0.08366470709970353,0.3749610438707736,-0.1603115812686165,-306112860.9586439,-5808803.981733302,-27147.44226612358,-0.08061524718508079,0.07183971208500255,-0.031168370999999855,0.1500318
35.0200000000016,0.08366500390236592,0.08366500390236592,0.374961340673436,-0.18440732266828339,-300296458.41082144,-6940022.650412619,-13125.46253440345,-0.08062108761868811,0.07153616735500255,-0.029540574999999854,0.1755274
35.0300000000016,0.08364963647712792,0.08364963647712792,0.374945973248198,-0.0974428894088194,-294162746.189409,-5108649.99972734,12578.357750472338,-0.0806210526346596,0.07124745420000256,-0.028202055999999854,0.0921764
35.0400000000016,0.08361841691673566,0.08361841691673566,0.37491475368780575,-0.25479230468525815,-283973179.8859799,-9425785.792366302,32328.17275925568,-0.08061395191137197,0.07097394034500255,-0.026500714999999855,0.2480918
35.050000000001596,0.08356644445125933,0.08356644445125933,0.3748627812223294,-0.22308870458453317,-271619244.8032861,-9874130.016666543,51326.27665350007,-0.0805988439241252,0.07072057782000256,-0.024171789999999856,0.2176932
35.060000000001594,0.08349281576007339,0.08349281576007339,0.3747891525311435,-0.16527931453053465,-258081682.80527043,-8397597.057578504,72621.94008698802,-0.0805743220680522,0.07048829819500256,-0.022284134999999858,0.1598378
35.07000000000159,0.0834039857906771,0.0834039857906771,0.3747003225617472,-0.054403794768285524,-247006869.28993058,-5767094.49866762,94693.09272900104,-0.08053866209827532,0.07027070305500256,-0.02123489299999986,0.0500106
35.08000000000159,0.08330691370215776,0.08330691370215776,0.37460325047322784,-0.0555978608550179,-237851813.75496578,-5375775.2291659005,114383.36965436972,-0.08049157605147006,0.07006085465500256,-0.02073478699999986,0.0500106
35.09000000000159,0.08320903512609229,0.08320903512609229,0.3745053718971624,0.13337797169693189,-235094282.08157825,-306056.3077740376,131013.74726848966,-0.08043406699085948,0.06985127592000256,-0.02118095999999986,-0.1392452
35.100000000001586,0.08311914962282646,0.08311914962282646,0.37441548639389655,0.10867767033909383,-236448030.90911818,375390.5666762497,143584.91008508138,-0.08036788869353412,0.06963306790500257,-0.02246064299999986,-0.1166914
35.110000000001584,0.08304063175250431,0.08304063175250431,0.3743369685235744,0.10412141512470663,-241676342.82973433,292038.3489272166,150833.65428905527,-0.08029569145633275,0.06940270045000256,-0.02361284799999986,-0.1137496
35.12000000000158,0.08297220779758202,0.08297220779758202,0.3742685445686521,0.08698464936871231,-248776543.79707742,681823.0157489129,154237.90852092314,-0.0802202113012273,0.06916125221500256,-0.02467679899999986,-0.0990406
35.13000000000158,0.08291162811387565,0.08291162811387565,0.37420796488494573,0.03582694089522716,-256323932.97879386,-582783.3328773938,155644.28957688384,-0.08014323490917102,0.06891078246000257,-0.02541715199999986,-0.04903
35.14000000000158,0.08285551902046134,0.08285551902046134,0.37415185579153143,0.02032924873852183,-263741326.26753378,-626630.1831329629,155828.19669868652,-0.08006575869452176,0.06865450265000257,-0.025838809999999858,-0.0353016
35.150000000001576,0.08280429221632357,0.08280429221632357,0.37410062898739366,0.11894697061393392,-273445281.3834593,2270923.723328054,156041.34814506085,-0.07998815328506559,0.06839187345500257,-0.02668702899999986,-0.1343422
35.160000000001574,0.08276110612031062,0.08276110612031062,0.3740574428913807,0.06354206049816828,-283789094.28671575,1710199.5762904342,155354.74640971332,-0.07991108486552839,0.06811963438000257,-0.027760785999999857,-0.0804092
35.17000000000157,0.0827284312406637,0.0827284312406637,0.3740247680117338,0.17455022913341636,-297790523.7303872,4817736.232343772,152654.11470093744,-0.07983521573525698,0.06783521135000257,-0.029123819999999856,-0.1921976
35.18000000000157,0.0827103191699291,0.0827103191699291,0.3740066559409992,0.16999792843875827,-314114623.07676625,6057926.424939286,147990.60346411995,-0.079761637910021,0.06753443681500258,-0.031031086999999857,-0.1892558
35.19000000000157,0.08270607628071291,0.08270607628071291,0.374002413051783,0.04034439541165596,-329781334.24432397,2720569.9445310384,140267.66641968355,-0.07969188250125431,0.06721787462000259,-0.032281351999999854,-0.0607972
35.200000000001566,0.08270828682347892,0.08270828682347892,0.374004623594549,0.007568566828530373,-343629732.68783236,1991793.8922224,130945.01576253951,-0.07962727328092645,0.06689280572000258,-0.032732427999999855,-0.029418
35.210000000001564,0.08270865242061948,0.08270865242061948,0.37400495603639883,-0.13051992262229353,-352302637.057631,-1887390.9958266183,123240.86982671203,-0.07956766520917635,0.06656746715500259,-0.03233528499999985,0.1088466
35.22000000000156,0.0826997674332515,0.0826997674332515,0.3739960113655147,-0.11758525625313647,-357428313.3492298,-2121956.7390190503,118582.12955408725,-0.07951158690506038,0.06624923794000259,-0.03131055799999985,0.0960988
35.23000000000156,0.08267516473560907,0.08267516473560907,0.3739713464840121,-0.2631179896084733,-355741735.40983725,-6388376.934519332,118077.08549895562,-0.07945688844916682,0.0659446145500026,-0.029614119999999848,0.2431888
35.24000000000156,0.08263206757193681,0.08263206757193681,0.37392818479533263,-0.09605105160372053,-353215973.4078295,-2924891.728768264,122180.90956473172,-0.07940101172076608,0.0656564897550026,-0.028010838999999847,0.0774674
35.250000000001556,0.08257656345318293,0.08257656345318293,0.3738726139673607,-0.041145478883382686,-350718035.18011355,-873169.3162405085,129870.01565783848,-0.07934157347291915,0.0653789309250026,-0.027500926999999845,0.024515
35.260000000001554,0.08251504342203247,0.08251504342203247,0.373811025197358,-0.06237567186197199,-348847766.8232691,-1758725.5188203608,137367.90652306596,-0.07927760394675404,0.06510568673500261,-0.027147910999999844,0.0460882
35.27000000000155,0.08244712439079177,0.08244712439079177,0.37374303555239213,-0.09013817591775343,-346182635.8418412,-2565712.801954129,143317.13329592327,-0.07920959715948628,0.0648372229700026,-0.026544841999999843,0.0745256
35.28000000000155,0.08237408256183526,0.08237408256183526,0.3736699213909219,0.037686916043945765,-345819819.27747965,653865.9135527319,149646.25952274987,-0.07913783002663577,0.0645723138800026,-0.02643697599999984,-0.0529524
35.29000000000155,0.08229995910971918,0.08229995910971918,0.3735957240443842,-0.02853195383468351,-345517974.77904844,-523924.289351661,155383.77776172658,-0.0790623517680984,0.0643069635200026,-0.026633095999999842,0.0137284
35.300000000001546,0.08222389478592373,0.08222389478592373,0.37351958442318184,-0.058298442441151045,-345035741.39717436,-1860566.8084212644,159415.18948552833,-0.07898386464609147,0.0640420544300026,-0.026348721999999842,0.0431464
35.310000000001544,0.08214396117025427,0.08214396117025427,0.37343957426758634,-0.00969253700845211,-344809300.3418455,-398686.94972953585,163321.75349003685,-0.07890288751232244,0.06377952329500261,-0.02615750499999984,-0.004903
35.32000000000154,0.08206177217060157,0.08206177217060157,0.37335730764529945,-0.0125751511974023,-344916441.9560592,-460413.1904643241,167690.54082717144,-0.07881928883391048,0.06351777664000262,-0.026191825999999842,-0.0019612
35.33000000000154,0.08198235354128655,0.08198235354128655,0.37327781046990255,0.1456283970660064,-349311606.4886706,4100050.9844142534,171308.95215007837,-0.07873317082747444,0.06325181340500262,-0.02700082099999984,-0.1598378
35.34000000000154,0.0819102430643514,0.0819102430643514,0.37320562068440033,0.013635265648859599,-353773619.23146105,1329832.7307440825,172931.1310152391,-0.07864542353674864,0.06297709831500262,-0.027942196999999842,-0.0284374
35.350000000001536,0.08184318089756301,0.08184318089756301,0.37313847861036353,0.029033477507536605,-359179655.49305844,1302905.6939452854,171980.3746410307,-0.07855750619352769,0.06269586223500262,-0.02830501899999984,-0.044127
35.360000000001534,0.08177770119291747,0.08177770119291747,0.37307291856384506,-0.008406435551944287,-363374887.9528067,749709.9220611472,170733.69912028994,-0.07847028536128126,0.06241153726500262,-0.028559974999999842,-0.0068642
35.37000000000153,0.08171232884898871,0.08171232884898871,0.37300746560349146,-0.00793279195348473,-367206165.7903478,460461.6300390155,170070.83064689016,-0.0783836495205863,0.06212559430500262,-0.028628616999999842,-0.0068642
35.38000000000153,0.08164664572466279,0.08164664572466279,0.37294170174383817,0.011836047472318643,-370924155.24843264,1252754.0252190435,169676.33974889162,-0.07829733116879861,0.061838474625002623,-0.028795318999999844,-0.0264762
35.39000000000153,0.08157941447911357,0.08157941447911357,0.37287438979620496,-0.07766462386523071,-372579817.3840678,-1295061.437234922,169662.17921074585,-0.078211122715789,0.06155145300500262,-0.028609004999999844,0.063739
35.400000000001526,0.08150742538532241,0.08150742538532241,0.37280232018196846,-0.04682035888297655,-373328849.95732117,-825309.8726542755,170155.3065188575,-0.0781247369455878,0.06126778994000262,-0.028123607999999845,0.0333404
35.410000000001524,0.08143092241070726,0.08143092241070726,0.3727257370115153,-0.009249891327495962,-373919933.28747344,258210.925754693,172243.7299569718,-0.07803748781061404,0.06098731382500262,-0.027971614999999846,-0.0029418
35.42000000000152,0.08135433406671005,0.08135433406671005,0.37264906893414157,0.06191137444878434,-376554262.14633584,2305173.428215921,174782.18366647026,-0.07794874652303996,0.060705685505002625,-0.028354048999999847,-0.073545
35.43000000000152,0.08128227150364178,0.08128227150364178,0.3725769272372187,0.0664777611558268,-380909394.5198469,2846259.4279332734,176079.36238603955,-0.07785879906707244,0.060418369705002625,-0.029109110999999847,-0.0774674
35.44000000000152,0.08121546545094696,0.08121546545094696,0.3725100427891605,0.01542305782734522,-385538992.2324207,1557845.2621030593,175500.0056504459,-0.07776865626701868,0.06012468000500263,-0.029628828999999846,-0.0264762
35.450000000001516,0.08115276565144477,0.08115276565144477,0.372447265471472,0.06696133797641853,-391372612.05027866,2971205.248008013,173846.94899724604,-0.07767931723711419,0.05982579312500263,-0.030148546999999845,-0.0774674
35.460000000001514,0.08109346806887624,0.08109346806887624,0.3723878913825945,-0.013228015911061515,-396049744.5818546,1127376.4498056401,171913.46210171006,-0.07759112876860391,0.05952244451500263,-0.030521174999999845,0.0029418
35.47000000000151,0.0810346739795407,0.0810346739795407,0.372329021928261,-0.020355457118135047,-399944348.71055484,535837.9905249913,169662.64673145296,-0.07750427201302562,0.059217575975002636,-0.030452532999999844,0.0107866
35.48000000000151,0.08097450590990482,0.08097450590990482,0.37226877975801154,-0.0010202818667029137,-403213367.3967025,1181609.5772894358,168278.20542976615,-0.07741854551619665,0.058913124190002636,-0.030437823999999843,-0.0078448
35.49000000000151,0.08091206434276452,0.08091206434276452,0.3722062654699786,-0.06854387932491243,-404632866.6537862,-808976.3199087305,167762.29291378663,-0.07733339661542135,0.05861006976000264,-0.03017306199999984,0.0607972
35.500000000001506,0.0808442320929833,0.0808442320929833,0.372138361987943,-0.07751926512006904,-404370339.15400124,-1444429.6470519828,167911.62637321203,-0.07724835154256157,0.05831162415000264,-0.02951605999999984,0.0706032
35.510000000001504,0.08076775985010373,0.08076775985010373,0.37206182010347094,-0.1220173143687285,-401388785.2251489,-2963709.2011468937,169850.98343948548,-0.07716263587776437,0.058021145915002646,-0.02857958699999984,0.1166914
35.5200000000015,0.0806787852870609,0.0806787852870609,0.371972777583027,-0.178538912672946,-395030989.9091215,-5131746.576898229,173754.71669738102,-0.07707505973512846,0.057742631000002646,-0.02712339599999984,0.1745468
35.5300000000015,0.08057641169340496,0.08057641169340496,0.3718703378016493,-0.056866084810707165,-388765790.165349,-2412786.7994944956,180198.66070445091,-0.07698416861220517,0.05747713355000265,-0.025976093999999842,0.0549136
35.5400000000015,0.08046585974325687,0.08046585974325687,0.37175972151322206,-0.034863177390700884,-383103074.95882964,-1594431.7388423837,188282.89633190603,-0.07688858387385877,0.05721960347500265,-0.02552992099999984,0.034321
35.550000000001496,0.0803526230296866,0.0803526230296866,0.37164642239055595,0.01922203242678331,-379822164.1344712,-355226.2718317365,195463.67205196063,-0.0767880215665715,0.05696469650500265,-0.025451472999999843,-0.0186314
35.560000000001494,0.08024126442083732,0.08024126442083732,0.371535003384949,0.07160452290726108,-379345560.0690851,1447070.2935432645,201049.57825621843,-0.07668325865333558,0.05670795091000266,-0.025897645999999844,-0.0706032
35.57000000000149,0.08013657279708647,0.08013657279708647,0.3714302534613101,0.10433220048056431,-382079538.9051697,2585496.608029381,204569.14057343232,-0.07657547899803369,0.05644463529500266,-0.026765476999999843,-0.102963
35.58000000000149,0.08004079830430727,0.08004079830430727,0.3713344228496915,0.07650355694350608,-386642165.97146916,2279306.279773468,205466.1936663754,-0.07646626031466222,0.056172518795002666,-0.027657822999999842,-0.0755062
35.59000000000149,0.07995437195231994,0.07995437195231994,0.37124794264207817,0.11667684584493694,-393615039.2338793,3490256.8179886704,204251.41986940382,-0.07635719813820269,0.055891160140002664,-0.02861390799999984,-0.1157108
35.60000000000149,0.07987558093198452,0.07987558093198452,0.37116910010683785,-0.0043744815077471745,-399356037.5127137,689936.6300971267,201481.8582178501,-0.07624949812246962,0.055602250865002666,-0.02916794699999984,0.004903
35.610000000001484,0.07979881915379228,0.07979881915379228,0.3710922892253201,-0.026734765621273568,-403818824.3620126,-467826.01830115146,198074.346855358,-0.07614385645190808,0.05531138039000267,-0.02900614799999984,0.0274568
35.62000000000148,0.07971968323301698,0.07971968323301698,0.37101310667431464,-0.03712169057039368,-406443274.2002559,-618319.8944845649,195991.69637409042,-0.0760399959223409,0.05502296141500267,-0.02867764699999984,0.0382434
35.63000000000148,0.07963584245132935,0.07963584245132935,0.37092922178631127,-0.08721628973154896,-406799801.9737978,-2371006.5363768297,195588.41860517432,-0.075936912841497,0.05473937189500268,-0.02804025699999984,0.0892346
35.64000000000148,0.07954418176430234,0.07954418176430234,0.37083751955914157,-0.10124194354243658,-404979145.6024735,-3050778.142633342,196604.20104843445,-0.07583358977519719,0.05446379878000268,-0.02707436599999984,0.1039436
35.65000000000148,0.07944177456156323,0.07944177456156323,0.37073507341757367,-0.14016045166681912,-400386072.4350474,-4589960.8289522175,199761.64980291095,-0.0757288644511748,0.054199257415002686,-0.02583390699999984,0.1441482
35.660000000001475,0.07932522228320463,0.07932522228320463,0.37061848483003357,-0.18424017790420397,-392598050.70477223,-6342075.752050256,205011.947239218,-0.07562134929910036,0.05394925344500269,-0.02416688699999984,0.1892558
35.67000000000147,0.0791937899245784,0.0791937899245784,0.3704870188143077,-0.08656240322890338,-384538758.0828121,-4338656.9615722,212739.2202656755,-0.07550950028346715,0.05371464489500269,-0.022754822999999837,0.093157
35.68000000000147,0.07905248513471408,0.07905248513471408,0.3703456830375554,-0.0375322651624603,-377463423.7205944,-2848807.769895614,222070.4069076482,-0.0753919056674878,0.05349055328000269,-0.022063499999999837,0.0451076
35.69000000000147,0.0789059725036757,0.0789059725036757,0.3701991421066925,-0.04668671340877728,-371422855.089973,-3303862.134114021,230684.02643957522,-0.07526820997325412,0.05327241881000269,-0.021563393999999837,0.0549136
35.70000000000147,0.07875690906273616,0.07875690906273616,0.37005005306982064,0.028900471948760838,-367849189.3039081,-1238167.5528926514,238111.89410936454,-0.07513900907999344,0.05305764289500269,-0.021391788999999835,-0.0205926
35.710000000001465,0.07860911662703371,0.07860911662703371,0.369902237756923,0.039807662554123886,-366359520.82221675,-649664.9260212182,244408.76297595043,-0.07500505985408545,0.052842425710002694,-0.021651647999999836,-0.0313792
35.72000000000146,0.07846334745955205,0.07846334745955205,0.3697564484425525,-0.027503229143706877,-365157925.4454768,-2401812.1460610135,248838.4737099988,-0.07486740081619031,0.0526260072900027,-0.021632035999999837,0.0353016
35.73000000000146,0.07831508460836792,0.07831508460836792,0.36960816818220876,-0.08452122083320542,-362530368.79005146,-4265711.089814984,252188.18324341474,-0.07472704676831882,0.0524128738800027,-0.020994645999999836,0.0921764
35.74000000000146,0.07816454901406114,0.07816454901406114,0.36945761791777887,0.1056632716179478,-363195914.84233594,838011.3177442509,256378.3670957638,-0.07458403522199641,0.0522027803300027,-0.021024063999999835,-0.09806
35.75000000000146,0.07801869100749595,0.07801869100749595,0.3693117479753009,0.060380124389986606,-365463706.8688595,532149.4006927283,260326.39031738145,-0.07443817244601855,0.0519887643800027,-0.021779125999999836,-0.0529524
35.760000000001455,0.07788087950031225,0.07788087950031225,0.3691739272577919,0.0955454783593382,-370746368.33545136,1388417.4755561503,261654.07394554417,-0.07429051119573105,0.051767418445002704,-0.022490060999999836,-0.0892346
35.77000000000145,0.0777495403964647,0.0777495403964647,0.36904258165711235,0.007533592069085202,-375451129.9568746,-376249.00678771036,261005.89903164696,-0.07414265663486391,0.0515402379400027,-0.022946039999999834,-0.0019612
35.78000000000145,0.07762149806765761,0.07762149806765761,0.36891453552759745,0.021366184089724797,-380443433.0881367,-355570.9703821464,259731.1550726849,-0.07399549488047921,0.051310311755002704,-0.023039196999999834,-0.0166702
35.79000000000145,0.07749579934012449,0.07749579934012449,0.3687888356719944,0.04358499622437248,-385698924.4143069,741164.2407033148,258618.29516687716,-0.07384916864980995,0.05107852243000271,-0.023318667999999834,-0.039224
35.80000000000145,0.0773739571991538,0.0773739571991538,0.36866699504649264,0.04583302751471836,-391710608.3809345,877921.9054052717,257539.00473427295,-0.07370361071993967,0.05084330100500271,-0.023725616999999834,-0.0421658
35.810000000001445,0.07725625787416271,0.07725625787416271,0.3685492998466328,0.03056597442256658,-397918945.8057089,810584.2585365495,255674.60122332253,-0.07355909977947472,0.05060430427000271,-0.024073729999999835,-0.0274568
35.82000000000144,0.07714060287019711,0.07714060287019711,0.36843365153909013,-0.025114550269327393,-402943496.8588915,-738816.2166510883,253433.37024677798,-0.07341603211924225,0.050363566970002716,-0.024073729999999835,0.0274568
35.83000000000144,0.07702597807006187,0.07702597807006187,0.36831903596360643,0.06092187527874432,-409046694.72721696,1638191.1312286574,251529.73710440617,-0.0732744016173012,0.05012204519000272,-0.024230625999999835,-0.058836
35.84000000000144,0.07691466519114981,0.07691466519114981,0.3682077347900327,0.03582160951362213,-415313244.20628476,1455644.2599302537,249901.55598732602,-0.07313399359082012,0.04987741000500272,-0.024696410999999835,-0.034321
35.85000000000144,0.07680781436069417,0.07680781436069417,0.36810089809410895,0.046014011690864685,-422447655.26718783,1757038.9640549866,247444.3310070989,-0.07299502185014023,0.04962846018000272,-0.025093553999999834,-0.0451076
35.860000000001435,0.0767022972509035,0.0767022972509035,0.36799539749275856,-0.07442897738964,-426920284.3321171,-1297799.1038386754,244336.65019103145,-0.07285799236008517,0.04937826009000272,-0.024946463999999835,0.0745256
35.87000000000143,0.07659445168773257,0.07659445168773257,0.3678875707527676,0.009752142614994788,-431484379.13509345,479520.77454756806,241976.31106301016,-0.0727228358405517,0.04913041344000272,-0.024622865999999834,-0.009806
35.88000000000143,0.07648554184450795,0.07648554184450795,0.3677786819847683,0.012420444394536828,-435697800.148159,1141068.1422957848,240905.39482072197,-0.07258883250110693,0.048883620935002724,-0.024735634999999832,-0.0127478
35.89000000000143,0.07637686565939228,0.07637686565939228,0.36767002906121604,-0.02518046839632753,-439466899.3620758,-82536.3537259869,239820.93717915914,-0.07245556716501961,0.048636558765002724,-0.024676798999999833,0.024515
35.90000000000143,0.07626495514409976,0.07626495514409976,0.36755814392520847,-0.09141087370316761,-440863299.38722086,-1892864.2645257004,238483.39349538524,-0.0723231335822094,0.04839265903000273,-0.02410314799999983,0.0902152
35.910000000001425,0.07614477874174588,0.07614477874174588,0.36743799494858115,-0.12263326665265849,-439517455.29198027,-3296361.1438201847,238529.32288028504,-0.07219110462341097,0.04815692279000273,-0.02304409999999983,0.1215944
35.92000000000142,0.07601471699104148,0.07601471699104148,0.3673079625968748,-0.05873652701388869,-437361118.7162988,-1742988.754620363,240758.9011365143,-0.07205824466758226,0.04793096803500273,-0.022146850999999832,0.0578554
35.93000000000142,0.0758779286627016,0.0758779286627016,0.3671712055662907,-0.028956784737046472,-435413366.0731728,-924359.8915006039,244527.24040452545,-0.07192328718507421,0.047711656845002726,-0.021715386999999833,0.0284374
35.94000000000142,0.07573913455759765,0.07573913455759765,0.3670324445815722,0.036436442643639724,-435513156.0855777,967418.7746987678,248100.53839225858,-0.07178577293416116,0.047494282340002726,-0.021759513999999834,-0.0372628
35.95000000000142,0.07560042698761688,0.07560042698761688,0.3668937718761861,-0.04041986218443249,-435222750.24047613,-874329.8143365582,250526.2289804025,-0.07164616549268918,0.047276736230002725,-0.021749707999999833,0.039224
35.960000000001415,0.07546090595930133,0.07546090595930133,0.36675428737582866,0.011898141770350054,-435996931.05026937,261014.98534210373,252084.28805032774,-0.07150517036622683,0.047059876540002724,-0.021622229999999833,-0.0137284
35.97000000000141,0.07532280400292649,0.07532280400292649,0.36661622352817597,0.07343301627938975,-438588559.5686023,2409601.8146982784,253557.46939242948,-0.07136311604032763,0.04684142337500272,-0.022068402999999834,-0.0755062
35.98000000000141,0.07518996909049058,0.07518996909049058,0.3664834282211642,0.05197745130764768,-442587438.8258457,2140183.4291521786,253989.21998435192,-0.07122041898937892,0.046617478850002725,-0.022720501999999834,-0.0549136
35.99000000000141,0.07506478408386014,0.07506478408386014,0.3663582842305343,0.12866473638148168,-449526110.3434081,4508482.977948855,252548.1287867811,-0.07107811894516688,0.04638559146500273,-0.023656974999999834,-0.132381
36.00000000000141,0.07495316689690618,0.07495316689690618,0.3662467093819221,0.23345875663648608,-461164057.12141967,8223657.856657412,249526.18211841333,-0.07093742317888102,0.04613975504500273,-0.025510308999999835,-0.2382858
36.010000000001405,0.07485902732329544,0.07485902732329544,0.3661526133783744,0.10357155292474125,-473720619.1817486,5581343.073609825,243304.6009363909,-0.07080002714213673,0.04587594913000273,-0.027250873999999835,-0.1098272
36.0200000000014,0.07478021566834292,0.07478021566834292,0.3660738464314436,0.1725604021929884,-488757934.2826736,7485505.057516463,234000.96837642638,-0.07066807989835708,0.045596183950002735,-0.028702161999999833,-0.1804304
36.0300000000014,0.0747197290443414,0.0747197290443414,0.3660134055578262,0.28435057522479334,-507755017.01464605,11734934.899035648,223625.4454176144,-0.0705429195008373,0.045297321585002735,-0.031070310999999833,-0.2931994
36.0400000000014,0.07468295005481657,0.07468295005481657,0.3659766732640966,0.2070816428668663,-528808844.59361625,10622621.506117132,210562.17014522868,-0.07042577121756624,0.04497384616000274,-0.03362477399999984,-0.2176932
36.0500000000014,0.07466668448105351,0.07466668448105351,0.3659604552305537,0.1220565465096262,-549478866.7488863,8735606.104157764,193630.8223179398,-0.07031871375803969,0.04462879753500274,-0.03538495099999984,-0.1343422
36.060000000001395,0.07466386199719477,0.07466386199719477,0.3659576810266538,0.08655844983560299,-568409344.4764822,8015259.8225335805,175666.4446208858,-0.07022309374593577,0.04426908894000274,-0.03655676799999984,-0.1000212
36.07000000000139,0.07466873387178052,0.07466873387178052,0.365962601816626,0.012626308698440418,-584132633.8391588,6207420.530488595,158552.70350756304,-0.0701386629632901,0.04390035882500274,-0.03718925499999984,-0.0264762
36.08000000000139,0.0746758304596265,0.0746758304596265,0.3659697478537362,-0.022805494550797462,-596567544.505755,5035036.146138502,142934.68503786135,-0.07006439295273495,0.04352802500500274,-0.03727750899999984,0.0088254
36.09000000000139,0.07468081323761036,0.07468081323761036,0.3659747805177216,-0.05156234953022314,-605527072.5630004,4149235.3065962684,129792.29229378898,-0.06999880374697265,0.04315642663500274,-0.03704216499999984,0.0382434
36.10000000000139,0.07467895112413306,0.07467895112413306,0.3659729686365072,-0.14786546483459048,-609478133.6693709,1111983.7237910908,119470.93471378686,-0.06994013095201052,0.042790344140002746,-0.03617433399999984,0.1353228
36.110000000001385,0.07466516525928266,0.07466516525928266,0.3659592332688832,-0.12965677572524886,-609805856.899399,876782.3891727095,112747.49903907566,-0.06988641252768357,0.04243495018500275,-0.03490445699999984,0.1186526
36.12000000000138,0.07463589383375296,0.07463589383375296,0.36593001253691076,-0.21224341088697926,-604933133.7709019,-1803170.4309530156,110243.99926786224,-0.0698353544511239,0.04209394653500275,-0.03329627299999984,0.2029842
36.13000000000138,0.07458589909015878,0.07458589909015878,0.36588006862779837,-0.27478912508039444,-594661949.3240917,-4674631.914591379,111664.37963022183,-0.06978460686127069,0.04177275100500275,-0.030942832999999843,0.2677038
36.14000000000138,0.07451181604420748,0.07451181604420748,0.36580603651351257,-0.20171043323681764,-581363099.9345155,-3606390.876113501,117956.56246304077,-0.06973163919494674,0.04147494278500275,-0.02861881099999984,0.1971006
36.15000000000138,0.07441609438476293,0.07441609438476293,0.36571036584757016,-0.18733454817432138,-566015428.3272889,-3755115.321199274,128406.4807903942,-0.06967379136633145,0.041198315525002756,-0.02670664099999984,0.1853334
36.160000000001375,0.0743028445150325,0.0743028445150325,0.36559716699638056,-0.12474910895414841,-550872105.990581,-2725007.6147507764,140348.36434055833,-0.06960929653955206,0.040938995855002755,-0.02515729299999984,0.1245362
36.17000000000137,0.074175669450287,0.074175669450287,0.3654700429295499,-0.12017617816163909,-535688584.86921954,-2865157.828805577,152589.63214070117,-0.06953747021364828,0.04069357619000276,-0.02392663999999984,0.1215944
36.18000000000137,0.07403594651693987,0.07403594651693987,0.3653303709203604,-0.13681622907597596,-520157942.76860213,-3896532.0916822734,164431.61606433894,-0.06945819258196823,0.04046083078000276,-0.02262244199999984,0.1392452
36.19000000000137,0.07388239964308069,0.07388239964308069,0.36517687484029043,-0.15915419890600993,-503452585.0384207,-5019699.549674778,176178.95562811356,-0.06937147665129018,0.04024215698000276,-0.02111231799999984,0.1627796
36.20000000000137,0.07371479741051906,0.07371479741051906,0.3650093232150141,-0.10709718136603616,-486956113.38791084,-4209508.239876045,188668.41797398246,-0.06927698051165132,0.040037898000002764,-0.019739477999999838,0.1117884
36.210000000001365,0.073534746993661,0.073534746993661,0.36482932316489497,-0.12458843207606077,-470085145.89361,-4886669.885005702,201550.37945073596,-0.06917420143714964,0.039846558425002766,-0.01852843699999984,0.1304198
36.22000000000136,0.0733419829989303,0.0733419829989303,0.36463660924322777,-0.15228081640468633,-452442913.3078089,-6282833.226399433,214213.96664439412,-0.06906294695273152,0.039668505980002766,-0.017082051999999837,0.1588572
36.23000000000136,0.07313728460155311,0.07313728460155311,0.3644319605731489,-0.04823987157844557,-436414784.9929707,-3834241.7752065137,227205.73342050368,-0.06894304702070814,0.03950305424500277,-0.016008294999999836,0.0558942
36.24000000000136,0.07292623178768873,0.07292623178768873,0.36422095709077645,-0.005431932184044029,-422718919.77404714,-2522271.9044774296,240078.35019598695,-0.06881430413236062,0.039344711860002775,-0.015660181999999835,0.0137284
36.25000000000136,0.07271340196571066,0.07271340196571066,0.36400817615507625,-0.011994397163021527,-411133619.2437377,-2721822.7134598056,250946.84085075077,-0.06867733948682903,0.03918896806500278,-0.015488576999999835,0.0205926
36.260000000001355,0.07249897331095678,0.07249897331095678,0.3637937958916532,-0.034552382400421314,-400443256.86238647,-3410101.449330875,259778.29124508463,-0.06853347624497083,0.03903567577000278,-0.015169881999999834,0.0431464
36.27000000000135,0.07228426102185306,0.07228426102185306,0.3635791314511337,0.06973791614468422,-392884291.54834294,-620536.3155049195,267661.7960196315,-0.06838370546437009,0.03888353568000279,-0.015258135999999834,-0.0607972
36.28000000000135,0.07207271269898968,0.07207271269898968,0.3633676303897917,0.021629723190095467,-386605983.2315626,-1397082.9742514137,274194.497657997,-0.06822880221391298,0.038729115695002786,-0.015625860999999835,-0.0127478
36.29000000000135,0.07186514177626899,0.07186514177626899,0.3631601060998175,0.046098643182655996,-382401083.357594,-928683.6776495808,278778.31940901437,-0.0680699480554639,0.03857160682000279,-0.015875913999999835,-0.0372628
36.30000000000135,0.07166387063733412,0.07166387063733412,0.362958880925777,0.13816434187780777,-381590219.7472453,2112896.235333226,282075.54323867365,-0.0679083077920733,0.038408680130002794,-0.016709423999999834,-0.1294392
36.310000000001345,0.07147116798940775,0.07147116798940775,0.36276622353906884,0.020312313401543047,-380973172.9444277,-632264.0978172788,283596.57767115464,-0.06774499008192014,0.038238055730002794,-0.017415455999999833,-0.0117672
36.32000000000134,0.0712834089742592,0.0712834089742592,0.3625785090484016,0.0189563424318534,-380655940.87327766,-947982.531817484,283110.9235260615,-0.06758135374271568,0.0380633373250028,-0.01752822499999983,-0.0107866
36.33000000000134,0.0711005790565154,0.0711005790565154,0.362395722889282,0.13893889792615094,-382867175.92193866,2707235.9781136005,282758.27608022204,-0.06741802589426052,0.0378845249150028,-0.01823425699999983,-0.1304198
36.34000000000134,0.07092731461766141,0.07092731461766141,0.36222250141898926,0.08578501730789452,-386308024.9182558,1939215.8962229656,281714.7224849945,-0.06725524904565322,0.0376969851650028,-0.01927369299999983,-0.0774674
36.35000000000134,0.07076431774458222,0.07076431774458222,0.36205954670294677,0.1001936984479662,-391462554.6008396,2381578.744454651,278403.04093301925,-0.06709413131364927,0.0375000071400028,-0.020121911999999832,-0.0921764
36.360000000001335,0.0706120262705277,0.0706120262705277,0.3619072965550766,0.14204354678397696,-398492371.1042688,4108556.8530143476,273939.6086670357,-0.06693583224743277,0.037293125055002804,-0.021254504999999833,-0.1343422
36.37000000000133,0.07047418423822133,0.07047418423822133,0.361769495002137,0.19369687790983933,-408616030.2472894,6060165.798412815,268241.9173066104,-0.06678119432904123,0.03707256360000281,-0.022857785999999835,-0.186314
36.38000000000133,0.07035229073584287,0.07035229073584287,0.3616476411189051,0.10850389451304986,-419210907.46395946,4481068.499651248,260175.19804636942,-0.06663149836059296,0.03683677833000281,-0.024299267999999836,-0.1019824
36.39000000000133,0.07024091118835574,0.07024091118835574,0.361536300318759,0.009853528717308015,-427854227.86275077,1697676.1322810473,250277.8150609267,-0.06648817039807725,0.036591138030002815,-0.024828791999999836,-0.0039224
36.40000000000133,0.07013327244013559,0.07013327244013559,0.36142869943831313,0.021421018730682546,-434752711.0627394,1972101.334514745,240923.19245964903,-0.06635154860844933,0.03634235981000282,-0.024926851999999836,-0.0156896
36.410000000001325,0.07002511716020851,0.07002511716020851,0.36132058114498034,-0.07336557554381612,-437954313.1203263,-605192.2124667775,233434.10839121425,-0.06622070680465625,0.03609468476500282,-0.024608156999999835,0.0794286
36.42000000000132,0.06991259140438472,0.06991259140438472,0.36120809149889316,-0.04953511307004687,-439134046.70973206,-469114.4466589284,227757.8427723019,-0.06609433133092635,0.03585198626500282,-0.023931542999999837,0.0558942
36.43000000000132,0.0697950257526444,0.0697950257526444,0.3610905610892392,-0.02919474098710782,-438838243.5377395,132963.99675454607,224411.896276685,-0.06597097020505721,0.035614975245002824,-0.023470660999999837,0.0362822
36.44000000000132,0.06967421114376493,0.06967421114376493,0.36096978086778175,-0.02206787709750582,-437999395.1418507,164744.09933568793,222512.7122840278,-0.06584934600087583,0.035381911140002824,-0.02314215999999984,0.029418
36.45000000000132,0.06955128733002192,0.06955128733002192,0.36084689060159614,-0.011071293942871353,-436910436.1460812,449724.85867065925,221008.47773257684,-0.06572885277601137,0.035151690775002825,-0.02290191299999984,0.0186314
36.460000000001315,0.0694250179963935,0.0694250179963935,0.3607206539913661,-0.08964329679287963,-433682709.25278354,-1840635.8891602433,219869.67599091644,-0.065609233547473,0.03492556441500283,-0.02232335899999984,0.0970794
36.47000000000131,0.0692925858358445,0.0692925858358445,0.3605882537472793,-0.0561874667428129,-429513194.5107732,-1425398.312359721,219600.71310593185,-0.06549006930058365,0.03470635128500283,-0.021519266999999842,0.063739
36.48000000000131,0.06915389627756452,0.06915389627756452,0.36044959531808346,-0.048309174083061485,-424464989.84093857,-1196562.054619817,220961.62735284888,-0.06537052111676439,0.034494149445002835,-0.02092110099999984,0.0558942
36.49000000000131,0.0690096383613655,0.0690096383613655,0.3603053677650855,-0.0699591371745738,-418560321.1276252,-2070097.713335785,223082.9544668626,-0.06524978848549967,0.03428827247500284,-0.02025429299999984,0.0774674
36.50000000000131,0.0688616630522845,0.0688616630522845,0.36015742207553114,0.03950923547391646,-414502915.5338423,798856.2347430945,225691.97879788364,-0.06512744380156377,0.03408685723500284,-0.02002875499999984,-0.0323598
36.510000000001305,0.06871530563677,0.06871530563677,0.3600110935582745,0.05564900804262598,-412265790.1404717,1700264.1188258764,228197.03599168517,-0.0650033519161507,0.03388453494000284,-0.02043570399999984,-0.04903
36.5200000000013,0.0685754004148893,0.0685754004148893,0.3598712165351581,0.10728049379451834,-413185601.3962467,3263616.773436585,228907.08745276346,-0.06487815904342731,0.03367640259000284,-0.02119076599999984,-0.1019824
36.5300000000013,0.06844538740395414,0.06844538740395414,0.359741231044012,0.1254784421889195,-416739271.1234684,4374971.498299602,227578.40311759483,-0.06475319630172266,0.03345890551000284,-0.02230864999999984,-0.1215944
36.5400000000013,0.0683279104441882,0.0683279104441882,0.3596237809449222,0.14320466859659545,-423029324.4094646,5254669.879878525,224087.2020675801,-0.06462992689751701,0.033229248990002846,-0.02362265399999984,-0.1412064
36.5500000000013,0.06822254835362809,0.06822254835362809,0.3595184450756341,0.07270698885112586,-429640185.36287,3876362.0718524307,218346.99711164276,-0.06450984425317097,0.032987678180002845,-0.02469150799999984,-0.0725644
36.560000000001295,0.06812784004384742,0.06812784004384742,0.3594237623678325,0.1375325848791354,-438159195.4320309,5711964.431827666,211390.1496033688,-0.0643940754541531,0.032735467860002844,-0.02575055599999984,-0.1392452
36.57000000000129,0.06804274892869225,0.06804274892869225,0.35933869625660714,0.03691562640979475,-445460295.4222269,3709403.5593503583,203829.4494430325,-0.06428318153659907,0.032473476055002844,-0.02664780499999984,-0.0402046
36.58000000000129,0.06796149524531755,0.06796149524531755,0.35925746700145655,-0.05787213244865482,-449995123.7057717,678347.2265973955,195808.70489265202,-0.06417746210376174,0.03220731670000285,-0.02658406599999984,0.0529524
36.59000000000129,0.06787648839648378,0.06787648839648378,0.3591724840290658,-0.07131433063281489,-451374244.6675775,155568.98248136626,189436.42371216827,-0.06407643273651148,0.03194444235500285,-0.02599080299999984,0.0657002
36.60000000000129,0.06778433513945006,0.06778433513945006,0.35908035412342637,-0.08537653623579239,-450027473.74473166,-561280.4463703977,186352.43430758693,-0.06397843873942932,0.031688162545002854,-0.02526515899999984,0.0794286
36.610000000001286,0.06768374907680394,0.06768374907680394,0.35897979091610666,-0.09526466410502195,-446480921.98477006,-1054798.511419606,185687.02271874534,-0.06388165178124317,0.031439727535002855,-0.02442184299999984,0.0892346
36.62000000000128,0.06757498471883824,0.06757498471883824,0.35887104894694233,-0.0512446093392429,-442283934.99557805,-191422.63912390918,187050.53066261113,-0.06378463613417562,0.031198867660002856,-0.02375013199999984,0.0451076
36.63000000000128,0.0674611220178967,0.0674611220178967,0.3587572081974774,-0.006197329240468387,-438686546.8186383,1130659.6876713883,189681.39880738713,-0.06368631693362753,0.030962494030002858,-0.02352459399999984,0.0
36.64000000000128,0.06734449536806161,0.06734449536806161,0.35864060308991996,-0.04693505588012103,-434754832.4279084,-18138.791511010844,192187.79754002055,-0.0635863173202002,0.03072825320500286,-0.023323570999999838,0.0402046
36.65000000000128,0.06722335059735596,0.06722335059735596,0.3585194794790308,-0.08067269226948497,-429681928.758821,-1203542.5768240069,194378.84995092012,-0.06348477620346754,0.030497861235002862,-0.022754822999999837,0.073545
36.660000000001276,0.06709634896343802,0.06709634896343802,0.35839249864861206,-0.026008340763763314,-424727599.35871196,22596.316752425046,197422.9362915964,-0.06338151114788781,0.030272617415002864,-0.022293940999999838,0.0186314
36.670000000001274,0.06696532885558298,0.06696532885558298,0.35826149901415166,-0.028062787866515313,-419832041.86898375,108449.45030502963,201217.85582023123,-0.0632759858412757,0.030050658605002865,-0.022097820999999837,0.0205926
36.68000000000127,0.06683051350968935,0.06683051350968935,0.3581267038374362,-0.06968777370743195,-414230344.10972595,-1266527.729987038,204693.45611925476,-0.06316804794618208,0.029831739655002867,-0.021685968999999836,0.0617778
36.69000000000127,0.06668971951894506,0.06668971951894506,0.3579859297369602,-0.07171861514078881,-407774328.32810855,-1563162.6884373254,208345.06332700283,-0.06305773415119126,0.02961801788500287,-0.021058384999999836,0.063739
36.70000000000127,0.06654212344068286,0.06654212344068286,0.3578383532952261,-0.05896864633415464,-400823267.4138458,-1429916.632643835,212936.029625475,-0.06294465945134398,0.02941030229000287,-0.020484733999999834,0.0509912
36.710000000001266,0.0663876791780125,0.0663876791780125,0.35768392844051683,-0.08428061119943124,-392950207.9955385,-2256287.8642275934,218111.83808133352,-0.06282829643160148,0.029208641900002875,-0.019847343999999833,0.0764868
36.720000000001264,0.06622593294105042,0.06622593294105042,0.3575222014078947,-0.06455724778020203,-384842339.59224844,-2070140.6637744186,223716.07346657987,-0.06270828261343092,0.029013502500002876,-0.01918053599999983,0.0568748
36.73000000000126,0.06605835060484394,0.06605835060484394,0.3573546380971075,-0.02005601984346908,-377487550.63823915,-863777.7714717624,229854.85389451787,-0.06258426651309656,0.028823437705002876,-0.01883242299999983,0.0127478
36.74000000000126,0.06588730859760267,0.06588730859760267,0.35718361496084,-0.033723731746075035,-370551352.60260344,-1246093.5093857353,235743.22778173813,-0.06245612531693229,0.028636094075002876,-0.01863630299999983,0.0264762
36.75000000000126,0.06571211256159387,0.06571211256159387,0.3570084376655219,-0.07866287868689616,-362879913.3636019,-2644081.030004829,240888.32271678513,-0.06232417675450469,0.02845218254500288,-0.01814600299999983,0.0715838
36.760000000001256,0.06553244316303769,0.06553244316303769,0.3568287799341078,0.011832906374235452,-356620522.4378495,-441719.005377645,246155.9467109736,-0.0621886139055573,0.02827204632500288,-0.01788124099999983,-0.0186314
36.770000000001254,0.06535083423498544,0.06535083423498544,0.35664717100605553,-0.02304907739483749,-350526124.29885244,-1024904.3803084436,251409.4285556015,-0.06204937965970564,0.028093184885002884,-0.01789104699999983,0.0166702
36.78000000000125,0.06516794179058977,0.06516794179058977,0.35646427856165985,-0.017074544227202396,-345148471.7045963,-1200737.2759834735,255653.95932216087,-0.061906815075889576,0.027914960835002885,-0.01775376299999983,0.0107866
36.79000000000125,0.06498278726549972,0.06498278726549972,0.3562791240365698,-0.03328506192565284,-339458613.9125016,-1491939.9608768825,259444.93737230878,-0.06176142024297715,0.027738379290002887,-0.01756254599999983,0.0274568
36.80000000000125,0.0647945486760127,0.0647945486760127,0.3560908854470828,-0.03971799608463893,-333549780.31113386,-1957545.8232004112,263235.6256618796,-0.06161334456847056,0.02756429827500289,-0.01725365699999983,0.034321
36.810000000001246,0.06460197783772931,0.06460197783772931,0.3558983146087994,-0.0605694722083098,-326792125.6632488,-2545272.7538505215,267084.3366372278,-0.06146255780545007,0.02739401708500289,-0.016802580999999827,0.0558942
36.820000000001244,0.06440384123381321,0.06440384123381321,0.3557001780048833,-0.06177512404362595,-319382735.9607365,-2928869.213531445,271355.5669453789,-0.06130887855276368,0.02722883501500289,-0.016233832999999826,0.0578554
36.83000000000124,0.06420012222598265,0.06420012222598265,0.35549645899705273,-0.03917880463037543,-311904984.8827758,-2372229.1066816803,276129.7002673924,-0.06115196438163656,0.027068850125002892,-0.015763144999999826,0.0362822
36.84000000000124,0.06399262866808048,0.06399262866808048,0.35528896543915056,-0.01085255711637517,-305143583.0393319,-1719952.0045573385,281114.7575459282,-0.06099154533969681,0.026912346365002893,-0.015537606999999825,0.0088254
36.85000000000124,0.06378333916137913,0.06378333916137913,0.3550796759324492,-0.010958228431183348,-298996142.46382236,-1626214.696712859,285647.89983605937,-0.06082770022802392,0.026757436080002896,-0.015444449999999825,0.009806
36.860000000001236,0.06357321834081442,0.06357321834081442,0.3548695551118845,-0.0004886302095546198,-293606858.9036956,-1457116.7425069218,289469.7204563574,-0.06066084792656268,0.026603236730002897,-0.015395419999999825,0.0
36.870000000001234,0.06336339559852505,0.06336339559852505,0.35465973236959514,0.023854397434535157,-289296070.6302397,-665431.2882470095,292690.2059921354,-0.060491458900391315,0.0264486941700029,-0.015513091999999824,-0.0235344
36.88000000000123,0.06315646716543188,0.06315646716543188,0.35445280393650197,0.06855074737570138,-286981636.82865405,666489.2330940987,295149.7003120423,-0.06032002582243934,0.0262912833550029,-0.015969070999999824,-0.0676614
36.89000000000123,0.06295582846540626,0.06295582846540626,0.35425216523647635,0.09063343051643233,-286833871.83878183,1677887.4533346377,296285.0541915192,-0.0601473178540991,0.026127670245002902,-0.016753550999999825,-0.0892346
36.90000000000123,0.06276328817926602,0.06276328817926602,0.3540596249503361,0.07411894700798596,-288092767.747061,1464188.8774259908,295601.013399749,-0.059974490219382004,0.025956089760002903,-0.017562545999999825,-0.0725644
36.910000000001226,0.06257838379881941,0.06257838379881941,0.3538747205698895,0.06656490321254173,-290200487.79648733,1483421.333542996,293349.88118386414,-0.059802768725437216,0.025777032200002905,-0.018248965999999825,-0.0647196
36.920000000001224,0.06239984074787136,0.06239984074787136,0.35369617751894145,0.04720442650908117,-292396875.8281853,1096752.7226089553,290225.17725228437,-0.059633020801382275,0.025591796860002906,-0.018798101999999824,-0.0451076
36.93000000000122,0.062228426304158424,0.062228426304158424,0.3535247630752285,0.12417053317191244,-296585311.0753994,3395276.9862569086,286678.2278387032,-0.05946570000886192,0.025399648290002907,-0.019631611999999823,-0.1215944
36.94000000000122,0.062066308059628594,0.062066308059628594,0.3533626448306987,0.07630247447276017,-301178786.05191827,2648607.2291159714,282305.2002142175,-0.05930125837192607,0.025198453685002908,-0.020607308999999824,-0.073545
36.95000000000122,0.06191052087211485,0.06191052087211485,0.35320685764318493,-0.023536385191288492,-303992176.4881022,-196453.19280670758,276596.5376178104,-0.05914046938734063,0.02499120387500291,-0.020842652999999822,0.0264762
36.960000000001216,0.06175623698046129,0.06175623698046129,0.3530525737515314,0.03089576287944277,-306258230.2083299,1061746.3016728992,271177.6364730873,-0.0589836521393961,0.024782752830002912,-0.020847555999999823,-0.0274568
36.970000000001214,0.06160321303911076,0.06160321303911076,0.35289954981018085,0.012139687835612945,-307520733.2275448,824829.648472399,267173.1401869668,-0.05883015636128508,0.024573394730002914,-0.02102406399999982,-0.0078448
36.98000000000121,0.06145114860356887,0.06145114860356887,0.35274748537463896,-0.016798333064574074,-307778932.6123502,-183167.9649741518,263451.94503367523,-0.058679387142471506,0.024363497300002916,-0.02095542199999982,0.0215732
36.99000000000121,0.0612976565161355,0.0612976565161355,0.3525939932872056,-0.035659520978702126,-306491903.9723275,-795117.367357807,260199.18117288133,-0.05853106425586052,0.024155512040002918,-0.02064162999999982,0.0411852
37.00000000000121,0.061141235276823025,0.061141235276823025,0.3524375720478931,-0.029062813407628597,-304147621.95637774,-878054.063294092,258129.38333538116,-0.05838458266876301,0.02395100791000292,-0.02025919599999982,0.0353016
37.010000000001206,0.060983332110046085,0.060983332110046085,0.35227966888111617,0.034497386093310704,-302513024.2466581,855034.4732274404,257051.7085877303,-0.0582391776616451,0.023748612070002922,-0.02021997199999982,-0.0274568
37.020000000001204,0.060827078078129204,0.060827078078129204,0.3521234148491993,0.026029889005129085,-301349191.7012758,798104.9840282503,256118.43118412097,-0.05809446968366622,0.023545260145002925,-0.02045041299999982,-0.0186314
37.0300000000012,0.06067075066597788,0.06067075066597788,0.35196708743704797,-0.08949602700872038,-297904168.6742737,-2510919.3234918984,254442.91658202172,-0.057950686464694146,0.023342717215002928,-0.02005817299999982,0.0970794
37.0400000000012,0.06050766007716202,0.06050766007716202,0.3518039968482321,-0.1175757553343521,-291666404.7437017,-3972298.3912463244,253406.34370013102,-0.05780785124727844,0.02314770039000293,-0.018945191999999823,0.1255168
37.0500000000012,0.060334420151945733,0.060334420151945733,0.3516307569230158,-0.08134022626751525,-283719459.54059386,-3311356.6307982085,254980.59129278138,-0.057664817294007575,0.022963641770002933,-0.017866531999999824,0.0902152
37.060000000001196,0.06015428983622911,0.06015428983622911,0.3514506266072992,0.004629919181783038,-276820398.17889905,-1156420.6011426365,258559.48827534757,-0.05751996788056951,0.022787354405002933,-0.017390940999999823,0.004903
37.070000000001194,0.059972308351328385,0.059972308351328385,0.35126864512239847,-0.0019733224491413587,-270795269.7051139,-1114972.4634464784,262155.16800014826,-0.05737258450371041,0.022613861750002934,-0.017307589999999824,0.0117672
37.08000000000119,0.059791072228802145,0.059791072228802145,0.35108740899987223,0.02912445668453444,-266424778.29366708,-440684.7250903615,264710.62147885805,-0.057223022211963126,0.022440589730002937,-0.017346813999999825,-0.019612
37.09000000000119,0.059611375101689235,0.059611375101689235,0.3509077118727593,0.005280843607812427,-262466032.6734805,-846531.9907984654,266399.6234145069,-0.05707195262218312,0.02226672935000294,-0.017425261999999823,0.0039224
37.10000000000119,0.059433376455826525,0.059433376455826525,0.3507297132268966,0.028253106109185286,-259566212.45580864,-406072.1102412528,267474.96656974184,-0.05691989967091199,0.02209208449000294,-0.017503709999999822,-0.019612
37.110000000001186,0.05925702836095326,0.05925702836095326,0.35055336513202334,0.004234983752432969,-256706171.13035536,-802960.6529075301,268132.33728919545,-0.05676722966210873,0.02191665515000294,-0.01758215799999982,0.0039224
37.120000000001184,0.059084334781748626,0.059084334781748626,0.3503806715528187,0.10945755312797482,-256682181.90555835,1968843.2388158718,268510.9188293559,-0.05661419047722244,0.02173838207000294,-0.01807245799999982,-0.1019824
37.13000000000118,0.05891907746318931,0.05891907746318931,0.3502154142342594,0.07430033580666973,-257911443.96398115,1793397.3540682662,267948.91829034954,-0.05646122545374438,0.021553416395002942,-0.01892067699999982,-0.0676614
37.14000000000118,0.05876163154476555,0.05876163154476555,0.35005796831583563,0.054397780679953774,-260176282.8874507,1100559.9302524303,265667.62981672265,-0.05630930342628521,0.021361292340002943,-0.01950413399999982,-0.04903
37.15000000000118,0.05861076027836465,0.05861076027836465,0.34990709704943473,0.07989018374772332,-263386829.18296766,2203555.5826004213,262464.7118906335,-0.05615935155907398,0.021163137595002945,-0.02012681499999982,-0.0755062
37.160000000001176,0.05846508120836874,0.05846508120836874,0.3497614179794388,-0.0064916574013615825,-265419481.0992906,-53500.7800805319,258983.1331502953,-0.056011773564385636,0.020960226940002945,-0.020455315999999817,0.009806
37.170000000001174,0.058321897156027036,0.058321897156027036,0.3496182339270971,0.03289110636650442,-267590733.953789,893965.0633407504,255389.62654185548,-0.05586669162750424,0.02075515896500295,-0.02055827899999982,-0.0303986
37.18000000000117,0.05818043665822925,0.05818043665822925,0.34947677342929934,0.009650260998548432,-268998264.2623439,512724.0618454153,252568.48790648222,-0.05572384695589189,0.02054862009000295,-0.02074949599999982,-0.0078448
37.19000000000117,0.058039941957232666,0.058039941957232666,0.34933627872830275,-0.013560146105348402,-269710228.5406425,-225016.07634578063,250077.17194092227,-0.05558285453094519,0.020341296735002953,-0.02071517499999982,0.014709
37.20000000000117,0.057899562992426545,0.057899562992426545,0.34919589976349663,0.022098765189439762,-270508348.65175986,739845.8406562044,248003.99569425045,-0.05544344825193648,0.020133973380002956,-0.02074949599999982,-0.0215732
37.210000000001166,0.057759901950659,0.057759901950659,0.3490562387217291,-0.0019207206493288772,-270874420.59822583,265566.4484323541,246517.62898767059,-0.055305273804233,0.019925988120002958,-0.02084755599999982,0.0019612
37.220000000001164,0.057619087519182655,0.057619087519182655,0.34891542429025274,-0.0643928463088213,-269548993.5827768,-1635635.5837290443,245001.76529879755,-0.055168147117075794,0.01971915506500296,-0.02051905499999982,0.063739
37.23000000000116,0.05747199224580535,0.05747199224580535,0.34876832901687543,-0.12052726276961388,-265288133.77715087,-3518991.89565009,244392.1218269222,-0.05503176143000843,0.01951854882000296,-0.01960219399999982,0.1196332
37.24000000000116,0.05731579294515882,0.05731579294515882,0.3486121297162289,-0.05871371892158373,-260078132.36262274,-2295575.7896157946,245954.59176756206,-0.054895043557945555,0.019326964095002962,-0.018714750999999818,0.0578554
37.25000000000116,0.05715411782876206,0.05715411782876206,0.34845045459983215,0.018924198186978162,-256033809.6009903,-9089.637807686202,249304.04196251743,-0.054756610858461174,0.019140772670002963,-0.018523533999999817,-0.019612
37.260000000001156,0.056990250098740425,0.056990250098740425,0.3482865868698105,-0.06683496728425921,-251236051.87131476,-2279443.0916995886,252343.32911489738,-0.05461594257700003,0.018956689535002964,-0.018293092999999816,0.0657002
37.270000000001154,0.05682173578121774,0.05682173578121774,0.3481180725522878,-0.07111563607884853,-245732468.78506565,-2859158.0247401693,254762.08933572713,-0.05447335887951171,0.018777141675002967,-0.017616478999999817,0.0696226
37.28000000000115,0.05664511103713571,0.05664511103713571,0.3479414478082058,-0.11535082292958104,-238022745.07257843,-4220343.124706291,258164.84409746007,-0.054328725717251725,0.018605561190002968,-0.016699617999999816,0.1137496
37.29000000000115,0.05645815924326203,0.05645815924326203,0.3477544960143321,-0.11126470972911887,-228920553.83421564,-4648442.995020228,262960.30947960133,-0.054181196239017904,0.018444154430002968,-0.015581733999999816,0.1098272
37.30000000000115,0.05626069425005531,0.05626069425005531,0.3475570310211254,-0.08264773093471488,-219191397.16342998,-4065421.435023664,269129.277025971,-0.05402977542178261,0.01829311751500297,-0.014625648999999815,0.0813898
37.310000000001146,0.05605366635389075,0.05605366635389075,0.34735000312496084,-0.10595594671407112,-208584235.16735578,-4948644.860287044,276166.7550834862,-0.05387364151041779,0.01815151887500297,-0.013694078999999816,0.1049242
37.320000000001144,0.05583696970824342,0.05583696970824342,0.3471333064793135,-0.0921903549490946,-197628111.21094394,-4940727.216249024,283533.83066461474,-0.053712334971240006,0.018019481085002974,-0.012713478999999816,0.0911958
37.33000000000114,0.05561145129975459,0.05561145129975459,0.3469077880708247,-0.06253385704764947,-186934197.60452676,-4292734.773222495,291455.65739068703,-0.05354550146508846,0.017896170635002977,-0.011948610999999816,0.0617778
37.34000000000114,0.055379795331366444,0.055379795331366444,0.34667613210243653,-0.028244326929787587,-177398705.76707244,-3437893.6716730883,299422.2092497498,-0.05337288588053912,0.017778915390002977,-0.011502437999999816,0.0274568
37.35000000000114,0.05514296021450915,0.05514296021450915,0.34643929698557924,-0.08814342785442773,-167333211.808347,-5091440.157321595,306691.2738187799,-0.05319468998090471,0.01766675926500298,-0.010928786999999817,0.0872734
37.360000000001136,0.05490015347285776,0.05490015347285776,0.34619649024392785,-0.034333809125629305,-158152426.1255486,-4032358.016639284,313587.68280708755,-0.05301127377181386,0.01756048674000298,-0.010325717999999817,0.0333404
37.370000000001134,0.054653109994558635,0.054653109994558635,0.3459494467656287,-0.01265841980469376,-149866449.67358184,-3192596.1046947585,320573.9501648015,-0.05282271197625127,0.01745835725000298,-0.010100179999999816,0.0117672
37.38000000000113,0.054404841346705146,0.054404841346705146,0.34570117811777523,0.010651993197193111,-143271218.983279,-2618731.7015577434,326832.2707796532,-0.05262921555302885,0.017357355450002984,-0.010100179999999816,-0.0117672
37.39000000000113,0.054156362840031336,0.054156362840031336,0.3454526996111014,-0.01702366612703903,-137175005.35870123,-3151300.729587826,331876.8558893196,-0.05243149536401359,0.017256451710002986,-0.010080567999999816,0.0156896
37.40000000000113,0.05390730882862016,0.05390730882862016,0.34520364559969025,0.00039219821101136795,-131947112.9123745,-2842109.85430564,336138.42525883584,-0.05223029785604627,0.017155989240002986,-0.010011925999999815,-0.0019612
37.410000000001126,0.05365930341290942,0.05365930341290942,0.3449556401839795,0.05821017135413066,-128618152.12431216,-966078.7060402716,339923.43850140454,-0.052026089361829286,0.01705432553500299,-0.010320814999999815,-0.0598166
37.420000000001124,0.05341328775171261,0.05341328775171261,0.3447096245227827,-0.03719497913522083,-124659328.68702507,-3365611.369481413,342742.67128710315,-0.05181941641312632,0.01695050451000299,-0.010443389999999815,0.0353016
37.43000000000112,0.05316446564774574,0.05316446564774574,0.3444608024188158,-0.09606869428204065,-118834385.34494257,-5373586.58603018,344676.3100313537,-0.05161096603253407,0.016849306590002992,-0.009796193999999814,0.0941376
37.44000000000112,0.052908475774161856,0.052908475774161856,0.34420481254523194,-0.05737841698040104,-111937448.0823927,-4598646.083922202,347677.9956024395,-0.05140061676716423,0.016755095445002994,-0.009046034999999814,0.0558942
37.45000000000112,0.052644818002956284,0.052644818002956284,0.34394115477402637,-0.09589037662706346,-103392107.9084084,-5690517.232583661,352133.6872614177,-0.05118739588530441,0.016668410405002995,-0.008290972999999813,0.0951182
37.460000000001116,0.05237240168994478,0.05237240168994478,0.34366873846101487,-0.10118250200093663,-93674075.43122196,-6307474.542499578,357197.885674385,-0.050970526685950035,0.016590403675002998,-0.007310372999999813,0.1010018
37.470000000001114,0.05209070820788486,0.05209070820788486,0.34338704497895495,-0.07283138131047517,-83432927.64388943,-5697657.04935581,363199.5962376369,-0.050749399493693115,0.016521663615003,-0.006437638999999813,0.073545
37.48000000000111,0.05180050175631884,0.05180050175631884,0.3430968385273889,-0.0936735156183471,-72391495.71279383,-6484591.308790027,369892.84719210985,-0.05052337807301516,0.016461503805003,-0.005594322999999813,0.0951182
37.49000000000111,0.05150195908129812,0.05150195908129812,0.3427982958523682,-0.07327052564378023,-61257434.817994595,-6222450.013958125,376786.67745559494,-0.050292108178464634,0.016409826185003,-0.004741200999999812,0.0755062
37.50000000000111,0.051195425276306994,0.051195425276306994,0.3424917620473771,-0.07943063190907468,-49715785.82651639,-6539225.693506714,383988.6797369983,-0.05005536790650311,0.016366361090003004,-0.003951817999999812,0.0823704
37.51000000000111,0.05088131709609467,0.05088131709609467,0.34217765386716475,-0.07084321938486446,-38174337.577188015,-6565731.473055752,391298.6872956042,-0.04981296949807018,0.016330765310003006,-0.0031673379999998122,0.0745256
37.520000000001104,0.05056264596807769,0.05056264596807769,0.3418589827391478,0.038611315203305574,-29180431.159092903,-3624638.2250654628,398645.13440639985,-0.049564833446104184,0.016300097045003008,-0.0029663149999998124,-0.034321
37.5300000000011,0.05024547550966668,0.05024547550966668,0.34154181228073677,0.05368389729372265,-22661399.09439206,-2724077.8029094287,405170.93025005236,-0.049311271192732764,0.01626835012000301,-0.0033830699999998124,-0.04903
37.5400000000011,0.04993297200950486,0.04993297200950486,0.34122930878057495,0.04074816378805415,-18123616.540084124,-2989385.8742864216,409524.080757796,-0.04905347590220527,0.016232386615003012,-0.0038096309999998126,-0.0362822
37.5500000000011,0.049624740859898764,0.049624740859898764,0.34092107763096885,0.03576310298228806,-14694509.551947594,-2910481.3147356547,412105.4309740225,-0.04879298414420069,0.016192598770003015,-0.004147937999999813,-0.0313792
37.5600000000011,0.04932084370678497,0.04932084370678497,0.34061718047785505,0.06113505241712635,-12717071.85321474,-2096842.42293045,413794.85242981446,-0.04853082315301721,0.016148913040003016,-0.004589207999999813,-0.0568748
37.570000000001095,0.04902212851929105,0.04902212851929105,0.34031846529036114,0.04929513755656692,-11617112.585550785,-2065477.3195740092,414588.90225869615,-0.048267697746714355,0.01610047140000302,-0.005099119999999813,-0.0451076
37.58000000000109,0.04873010281539597,0.04873010281539597,0.34002643958646606,0.1079037941818504,-12786915.137872458,-323617.83013636805,414431.9600947794,-0.048004340134688184,0.01604575392000302,-0.005844375999999813,-0.1039436
37.59000000000109,0.04844509097844407,0.04844509097844407,0.33974142774951416,0.015501683195300726,-13397708.363024235,-2292463.313431853,413164.7626978986,-0.04774156994195711,0.015984417390003024,-0.006422929999999813,-0.0117672
37.60000000000109,0.048163980421464414,0.048163980421464414,0.3394603171925345,0.01719361956678565,-13875475.890265703,-2593540.267525045,411054.8265601994,-0.0474801497951306,0.015919550700003025,-0.006550407999999813,-0.0137284
37.61000000000109,0.04788361795164392,0.04788361795164392,0.339179954722714,-0.01992832461725238,-12803525.258305311,-3304421.560076325,409302.8778212372,-0.04722023841216455,0.015854291770003026,-0.006501377999999813,0.0235344
37.620000000001085,0.047602390322910304,0.047602390322910304,0.3388987270939804,-0.011930955663075305,-11093645.127479076,-3418832.6649551545,408310.19577371585,-0.046961380812618525,0.015790258590003027,-0.006305257999999813,0.0156896
37.63000000000108,0.047320659951147315,0.047320659951147315,0.3386169967222174,0.023692511567049004,-9559146.499733686,-2211006.7486300794,407942.39661733585,-0.046703032080074036,0.015727107950003028,-0.0063248699999998124,-0.019612
37.64000000000108,0.0470397231964812,0.0470397231964812,0.3383360599675513,-0.0036853900027002313,-7741292.724500418,-2957811.3759686616,407823.1384588075,-0.04644485781524327,0.01566356507000303,-0.006383705999999812,0.0078448
37.65000000000108,0.04675807449753655,0.04675807449753655,0.33805441126860664,-0.04478750590323438,-4742362.257932425,-4126401.6969991056,407478.44124044525,-0.0461868588937952,0.01560114988000303,-0.006099331999999812,0.04903
37.66000000000108,0.046475160629614765,0.046475160629614765,0.33777149740068485,0.04266518476435316,-2759077.7377488613,-1955878.0464393366,407681.21904177754,-0.045928890611566575,0.015540426225003033,-0.006045398999999812,-0.0382434
37.670000000001075,0.046194549482767466,0.046194549482767466,0.33749088625383755,0.0516003246811393,-1784866.0155465603,-1187193.124233105,408241.6734748527,-0.04567060337608703,0.015477839430003035,-0.0064719599999998115,-0.0470688
37.68000000000107,0.045917148969665866,0.045917148969665866,0.33721348574073595,-0.01740641978654514,827343.8477433026,-3165851.904653931,407836.81628716434,-0.04541226917850988,0.015412482440003037,-0.006599437999999812,0.0215732
37.69000000000107,0.04563980279615687,0.04563980279615687,0.33693613956722696,-0.014602640166228018,1609031.2238588333,-3195572.9116399903,406992.69882869336,-0.04515442874524228,0.01534749317500304,-0.006398414999999812,0.0186314
37.70000000000107,0.04536085202136825,0.04536085202136825,0.33665718879243833,-0.01757235106699961,4337690.566864252,-3340273.8231448773,406920.18004341464,-0.044896921705676274,0.015284514140003041,-0.006197391999999812,0.0215732
37.71000000000107,0.04507896834586328,0.04507896834586328,0.33637530511693337,-0.0675686863520512,8650788.948272228,-4786439.08511291,407422.4903633232,-0.04463921977073165,0.015224869145003043,-0.005731606999999812,0.0715838
37.720000000001065,0.04479250978370258,0.04479250978370258,0.33608884655477267,-0.030285742460432752,13344134.664271832,-4141359.618016544,408636.0928298145,-0.04438081106901637,0.015170200695003045,-0.005202082999999812,0.034321
37.73000000000106,0.04450363855570327,0.04450363855570327,0.33579997532677336,0.031643043901598875,16946051.597285748,-2256393.9543408705,410843.2251426456,-0.04412102559099834,0.015118351470003047,-0.005167761999999812,-0.0274568
37.74000000000106,0.04421534547093586,0.04421534547093586,0.33551168224200595,-0.009855603713039045,20358884.342770338,-3288847.6030384144,412819.5473738341,-0.043859583438176586,0.01506633064000305,-0.005236403999999812,0.0137284
37.75000000000106,0.04392645818818369,0.04392645818818369,0.3352227949592538,-0.03569024968817927,24194421.133220673,-4149090.2648424385,414094.2688387141,-0.043596857424697155,0.015015290410003051,-0.004971641999999812,0.039224
37.76000000000106,0.04363557317674338,0.04363557317674338,0.33493190994781347,0.0013353767471864786,27784073.66830063,-3262646.098959275,415669.2039825238,-0.043332994821187465,0.014966603620003053,-0.0047657159999998115,0.0019612
37.770000000001055,0.04334457709664424,0.04334457709664424,0.33464091386771433,0.028601536969961313,30419058.748591185,-2327229.6525320667,417651.6579271,-0.04306771072357446,0.014918358100003054,-0.004883387999999812,-0.0254956
37.78000000000105,0.04305491235524922,0.04305491235524922,0.3343512491263193,-0.005260591819515996,32902838.67167759,-3191937.252759335,419155.2337383742,-0.04280104462023593,0.014869082950003056,-0.004971641999999812,0.0078448
37.79000000000105,0.04276621931950564,0.04276621931950564,0.3340625560905757,0.020802873031949904,34644627.92739034,-2525004.353941434,420202.4692188844,-0.04253336892594739,0.014819096865003057,-0.005025574999999812,-0.0186314
37.80000000000105,0.042478623979384456,0.042478623979384456,0.33377496075045454,0.007583433860441697,36284427.3973186,-2721894.4795975597,421193.8740551582,-0.042264881755944395,0.014768228240003059,-0.0051481499999998116,-0.0058836
37.81000000000105,0.04219480253847169,0.04219480253847169,0.3334911393095418,0.11501269811934331,34970332.574223995,289334.6368380701,421975.9687421028,-0.041995693689057256,0.014713755910003061,-0.005746315999999811,-0.1137496
37.820000000001045,0.041919114891198095,0.041919114891198095,0.3332154516622682,0.08776746298193527,32070094.623550892,271276.31336983433,421803.5142451594,-0.041726289249186366,0.014651267175003063,-0.006751430999999811,-0.0872734
37.83000000000104,0.041654111403670924,0.041654111403670924,0.332950448174741,0.13684131739508398,26219592.830504656,1716149.089078139,419860.9882875264,-0.04145777408896617,0.014578138930003065,-0.007874217999999811,-0.137284
37.84000000000104,0.04140188164929598,0.04140188164929598,0.33269821842036607,0.14951971175109297,18162169.300267696,2845572.2073681396,416317.8201319578,-0.041191484574075454,0.014492189340003066,-0.009315699999999812,-0.1510124
37.85000000000104,0.04116413695681559,0.04116413695681559,0.3324604737278857,0.14354009092462475,8105458.771828175,3057028.8556211814,411131.09526203136,-0.040928704434843755,0.014391604295003068,-0.010801308999999813,-0.1461094
37.86000000000104,0.04093868442123799,0.04093868442123799,0.3322350211923081,0.05510255603227654,-1225960.1824519634,1128330.7862374529,404249.67456526303,-0.04067074456214145,0.01427846757000307,-0.011826035999999812,-0.058836
37.870000000001035,0.040720886410164525,0.040720886410164525,0.3320172231812346,0.05244972716821813,-9936714.962728024,922578.2416189043,396957.95155365893,-0.040418422057551556,0.014157314440003073,-0.012404589999999813,-0.0568748
37.88000000000103,0.04050775129419265,0.04050775129419265,0.33180408806526274,0.026525511689980272,-17245799.007973433,548993.9743134659,390361.1260551085,-0.04017152664484705,0.014031062190003074,-0.012845859999999813,-0.0313792
37.89000000000103,0.04029801062651911,0.04029801062651911,0.3315943473975892,0.030286673027234246,-23896526.68167329,546101.5725546035,384535.6091547949,-0.039929459243000204,0.013900936570003077,-0.013179263999999814,-0.0353016
37.90000000000103,0.040089877181854194,0.040089877181854194,0.3313862139529243,-0.022803961688633457,-28626256.97072649,-716859.9605958879,379300.9742720192,-0.039691674015351286,0.013768702660003079,-0.013267517999999813,0.0176508
37.91000000000103,0.03988123616570738,0.03988123616570738,0.33117757293677746,-0.004979822913632685,-32423026.26619363,-560509.0668257659,374943.2458701447,-0.039457579934963294,0.013636468750003081,-0.013179263999999814,0.0
37.920000000001025,0.03967305459736492,0.03967305459736492,0.330969391368435,0.051141689612832025,-36638856.64235115,1210542.2168717794,371668.96263615775,-0.039226406297043714,0.013503278755003083,-0.013458734999999814,-0.0558942
37.93000000000102,0.03946760767026014,0.03946760767026014,0.3307639444413302,0.012082433033120017,-40530585.94601774,274009.85470266105,368621.0585472118,-0.03899766203457433,0.013366877295003085,-0.013821556999999814,-0.0166702
37.94000000000102,0.039262727429179745,0.039262727429179745,0.33055906420024983,-0.052639914073280565,-42653864.51496005,-1635699.3566600906,365164.2300927124,-0.03877142775857409,0.013229446205003088,-0.013664660999999814,0.0480494
37.95000000000102,0.039055071077424175,0.039055071077424175,0.33035140784849426,-0.01785056050367126,-43892307.54969978,-1022163.237542368,362532.35647482786,-0.038547537422515404,0.01309434404000309,-0.013355771999999815,0.0137284
37.96000000000102,0.038843743709861434,0.038843743709861434,0.3301400804809315,-0.05850583175158633,-43340486.246421814,-2069326.8955548096,361189.98367424577,-0.03832517502727456,0.012962502370003091,-0.013012561999999814,0.0549136
37.970000000001015,0.0386283579659501,0.0386283579659501,0.3299246947370202,-0.027481289443697276,-42424800.5831151,-1661587.8027092575,360624.3697991417,-0.03810354523771678,0.012834362465003094,-0.012615418999999814,0.024515
37.98000000000101,0.03840916985727538,0.03840916985727538,0.32970550662834547,-0.038636852194611736,-40649245.892641306,-1864873.185299608,360823.9532142052,-0.03788205571573108,0.012709728205003096,-0.012311432999999814,0.0362822
37.99000000000101,0.03818695269871958,0.03818695269871958,0.32948328946978966,-0.016419874516984605,-38999741.2508297,-1591842.1011935088,361457.3129201721,-0.03766024608117191,0.012587888655003097,-0.012056476999999814,0.014709
38.00000000000101,0.03796098295460576,0.03796098295460576,0.32925731972567585,-0.07864188553912019,-35706461.93890548,-3249421.0502648186,362259.5879916048,-0.037437884689434486,0.012469628295003098,-0.011595594999999815,0.0774674
38.01000000000101,0.03772791518045149,0.03772791518045149,0.3290242519515216,-0.11023479848858171,-30443920.70717907,-4766994.356815855,363617.0249465527,-0.03721469282147716,0.0123583547100031,-0.010659121999999814,0.1098272
38.020000000001005,0.03748601139210328,0.03748601139210328,0.32878234816317337,-0.054348469616781206,-24610376.81707239,-3484333.805548019,366395.3159949243,-0.036989909030625684,0.012255882010003102,-0.009835417999999815,0.0549136
38.030000000001,0.037237008149880124,0.037237008149880124,0.3285333449209502,-0.06506789126565733,-18188711.675789118,-3941479.5324490415,370338.5768238374,-0.03676253354799214,0.012160567690003104,-0.009227445999999815,0.0666808
38.040000000001,0.03698264377206256,0.03698264377206256,0.32827898054313265,-0.029984698782578974,-12386150.706816196,-3231864.3716972857,374398.00041647255,-0.03653206528036282,0.012070769245003105,-0.008732242999999815,0.0323598
38.050000000001,0.03672538095253863,0.03672538095253863,0.3280217177236087,0.009080983077804628,-7795516.135333538,-2161624.366082613,378407.6036781021,-0.036298470192165505,0.011984108720003106,-0.008599861999999814,-0.0058836
38.060000000001,0.03646752301555661,0.03646752301555661,0.3277638597866267,-0.011995684292207138,-3818674.100483179,-2683272.476661613,381792.3822730245,-0.03606200249066924,0.011898355250003108,-0.008550831999999814,0.0156896
38.070000000000995,0.03620993758072305,0.03620993758072305,0.32750627435179314,0.025795760405228386,-1216160.5900161266,-1793360.8793934903,384317.8238677484,-0.035823233583513914,0.01181269984000311,-0.008580249999999814,-0.0215732
38.08000000000099,0.03595429234400538,0.03595429234400538,0.32725062911507546,0.03800473259607929,759404.0168844461,-1211743.3072278416,386281.6133435337,-0.03558271342215524,0.011725524500003111,-0.008854817999999813,-0.0333404
38.09000000000099,0.03570158811836038,0.03570158811836038,0.32699792488943047,0.015835217307844412,976280.6554255486,-1813841.1360553664,387288.9222086704,-0.03534103252785603,0.011635873145003113,-0.009075452999999813,-0.0107866
38.10000000000099,0.035450025508580896,0.035450025508580896,0.326746362279651,-0.02401972434681029,2374514.4992392063,-2921789.895046696,387526.6318635788,-0.03509886426266734,0.011545584400003115,-0.008982295999999813,0.029418
38.11000000000099,0.03519822691432212,0.03519822691432212,0.3264945636853922,0.022746468700549787,3213517.310270071,-1840216.5123535763,387876.30968426296,-0.03485646535577305,0.011456080135003117,-0.008918556999999813,-0.0166702
38.120000000000985,0.034947010177349136,0.034947010177349136,0.3262433469484192,0.001791886623010335,4179382.9484608173,-2163930.3823147067,388393.6326774355,-0.03461372639330354,0.011366600385003119,-0.008977392999999813,0.004903
38.13000000000098,0.0346965610798477,0.0346965610798477,0.3259928978509178,0.004375336914614665,4879593.190535307,-2307813.432094693,388567.32483054424,-0.034370716061750295,0.011277022575003121,-0.008938168999999814,0.0029418
38.14000000000098,0.034444196352795886,0.034444196352795886,0.32574053312386597,-0.08717846028567668,7869548.551883459,-4779417.919504477,388615.84418643726,-0.03412761757466787,0.011190092385003124,-0.008447868999999813,0.0951182
38.15000000000098,0.034187903753735094,0.034187903753735094,0.3254842405248052,0.01284526766176545,10131583.030594587,-2639955.0290893354,389418.2967372217,-0.03388418491569556,0.011107893590003125,-0.007991889999999812,-0.0039224
38.16000000000098,0.03393073687384485,0.03393073687384485,0.32522707364491493,0.026505973968078904,11822476.806369305,-1725653.7018125665,390990.95637424657,-0.03363982137755611,0.011027459875003127,-0.008094852999999812,-0.0166702
38.170000000000975,0.03367513450078924,0.03367513450078924,0.3249714712718593,-0.0032886274602940825,13080431.359489202,-2780738.316612725,391869.6495909016,-0.033394500387410236,0.01094643780000313,-0.008109561999999812,0.0137284
38.18000000000097,0.03341957000808282,0.03341957000808282,0.3247159067791529,-0.018448770193700094,14753284.049130917,-3141372.215565133,391993.10206658236,-0.03314878981721334,0.010866420840003131,-0.007893829999999812,0.029418
38.19000000000097,0.033162805545874585,0.033162805545874585,0.32445914231694467,-0.007860276211179735,16568186.372869015,-3093219.5737504167,392375.22748186404,-0.03290287623207547,0.010788708290003134,-0.0076486799999998115,0.019612
38.20000000000097,0.032904738270237155,0.032904738270237155,0.32420107504130724,-0.017991838556105977,18751929.6662004,-3281148.6688952306,392969.90237553086,-0.03265657492298296,0.010713471755003135,-0.007398626999999811,0.0303986
38.21000000000097,0.03264524243281358,0.03264524243281358,0.32394157920388367,-0.013348008916621069,21018346.345933676,-3391240.7832110645,393648.6295404526,-0.032409772382562096,0.010640907355003138,-0.007114252999999812,0.0264762
38.220000000000965,0.03238573365948433,0.03238573365948433,0.3236820704305544,0.04413286869738846,22030725.07856512,-1705153.6170711326,394441.20996446983,-0.0321623911606016,0.010569666765003139,-0.007133864999999812,-0.0303986
38.23000000000096,0.03212923764414277,0.03212923764414277,0.32342557441521286,0.045579990483631865,21925880.488574743,-1480545.7621812532,394844.22525190597,-0.031914553033045356,0.01049678367000314,-0.007442753999999812,-0.0313792
38.24000000000096,0.031877241882601326,0.031877241882601326,0.3231735786536714,0.044717302341176525,20785918.07927394,-1370582.1923238793,394166.7531605294,-0.031666850572663635,0.010420811685003143,-0.007751642999999812,-0.0303986
38.25000000000096,0.031627708954958866,0.031627708954958866,0.32292404572602895,-0.03651439651735976,21005612.353541136,-3574803.671914479,392619.19960515125,-0.031420040507642855,0.010343810070003146,-0.0076486799999998115,0.0509912
38.26000000000096,0.03137803385748045,0.03137803385748045,0.32267437062855053,0.02259838263895287,20868390.581757784,-2251584.9807595415,391197.2215710552,-0.03117438742294612,0.010268401930003147,-0.007432947999999812,-0.0078448
38.270000000000955,0.031129837571941543,0.031129837571941543,0.32242617434301163,0.05045695151262316,20042634.325652838,-1145127.0071179096,390367.00336319226,-0.03092959952419294,0.010192993790003149,-0.0076486799999998115,-0.0353016
38.28000000000095,0.030886553910442427,0.030886553910442427,0.3221828906815125,0.07299267592794596,17589899.101083755,-407765.1572726753,389097.77631379094,-0.030685642434532617,0.01011417806500315,-0.008114464999999812,-0.0578554
38.29000000000095,0.030650148784659326,0.030650148784659326,0.3219464855557294,0.07869912527251707,13844593.761315823,84727.07272858382,386641.47136273485,-0.030443168172499757,0.010029993555003152,-0.008722436999999812,-0.063739
38.30000000000095,0.03042124095061799,0.03042124095061799,0.3217175777216881,0.06950074319683254,9241032.749586105,28304.72640498588,383166.22987416934,-0.03020303064804722,0.009939802870003154,-0.009315699999999812,-0.0549136
38.31000000000095,0.03019901368030098,0.03019901368030098,0.32149535045137106,0.04952193730680777,4523359.063428879,-318400.5340457468,378827.0794208958,-0.029965950898041327,0.009844390490003156,-0.009766775999999812,-0.0353016
38.320000000000945,0.029982155031910707,0.029982155031910707,0.3212784918029808,0.046200259259835466,778627.7420282066,-326380.93586676265,374154.2299669288,-0.029732370960146026,0.009745031195003157,-0.010105082999999812,-0.0323598
38.33000000000094,0.029770041234217115,0.029770041234217115,0.3210663780052872,0.04787157204038625,-4883965.2282652855,-111878.51523706922,369462.63469557284,-0.02950240767046186,0.00964231334500316,-0.010438486999999812,-0.034321
38.34000000000094,0.029562172645908824,0.029562172645908824,0.3208585094169789,0.027864972070435166,-9177404.199624538,-543937.8155000914,364747.36166630674,-0.029276065063184725,0.009536702725003161,-0.010683636999999812,-0.014709
38.35000000000094,0.029357557970678905,0.029357557970678905,0.320653894741749,0.026555006955144803,-13131788.121406555,-549266.9772801646,360075.43030783103,-0.029053321357263462,0.009429155420003162,-0.010825823999999812,-0.0137284
38.36000000000094,0.029155524182890857,0.029155524182890857,0.32045186095396094,0.022260511690547907,-16657479.86892867,-575304.6551591759,355686.9946519676,-0.02883403487190314,0.009320308820003164,-0.010943495999999811,-0.009806
38.370000000000935,0.028954859385613707,0.028954859385613707,0.3202511961566838,-0.016329295451376888,-18968798.995681286,-1630544.0172525353,351574.95939228655,-0.028617981626696543,0.009211339645003166,-0.010850338999999811,0.0284374
38.38000000000093,0.028753151293994694,0.028753151293994694,0.3200494880650648,-0.0313721715820441,-19922410.885056496,-2220969.7387820575,347971.55934455304,-0.02840484713740843,0.009104625850003168,-0.010492419999999811,0.0431464
38.39000000000093,0.028549023247350258,0.028549023247350258,0.31984536001842034,-0.017775481530178508,-20010654.437030792,-1949126.5681769676,345447.33113346645,-0.028194020481378756,0.00900151576000317,-0.010129597999999811,0.029418
38.40000000000093,0.028342601116923494,0.028342601116923494,0.3196389378879936,-0.024890583471570412,-19320880.72053504,-2184022.4325109506,343830.7275367486,-0.027984759163550366,0.008901862285003172,-0.00980109699999981,0.0362822
38.41000000000093,0.02813403392479813,0.02813403392479813,0.3194303706958682,-0.018295583420675186,-18250833.876443148,-2125534.3772990704,342714.4901337666,-0.027776534519998425,0.008805493820003174,-0.00947259599999981,0.029418
38.420000000000925,0.027923414772352606,0.027923414772352606,0.3192197515434227,-0.020645772113934233,-16746470.341256142,-2217070.1343278517,342034.87032370444,-0.027568990547047506,0.008712287790003177,-0.00916860999999981,0.0313792
38.43000000000092,0.027710536240262262,0.027710536240262262,0.31900687301133235,-0.030836462800599165,-14687711.764564753,-2608883.5478249574,341693.6634620315,-0.027361833284895803,0.008622415800003178,-0.00880578799999981,0.0411852
38.44000000000092,0.02749503885093263,0.02749503885093263,0.3187913756220027,-0.02248324194125343,-12337441.134771347,-2482271.4421634967,341728.28296001145,-0.027154792137175365,0.008536196545003179,-0.00843806299999981,0.0323598
38.45000000000092,0.0272768788244504,0.0272768788244504,0.3185732155955205,-0.030749385993286023,-9521315.4252522,-2762933.2786124675,342179.52489084407,-0.026947566970805803,0.00845363002500318,-0.00807524099999981,0.0402046
38.46000000000092,0.02705740686419167,0.02705740686419167,0.31835374363526175,0.03146991906486059,-7908936.869737864,-1128059.4704149168,342917.37707152887,-0.02673989131129781,0.008373318885003183,-0.00798698699999981,-0.0225538
38.470000000000915,0.026839829128256498,0.026839829128256498,0.3181361658993266,0.04356699320692437,-7498616.255121708,-467322.75985675375,343458.1361400566,-0.026531731069354608,0.008292002630003185,-0.00827626399999981,-0.0353016
38.48000000000091,0.02662583949809244,0.02662583949809244,0.3179221762691625,0.02492032536697843,-7842941.920436621,-901104.5782345753,342992.7432494288,-0.02632354226145156,0.008207916180003187,-0.00854102599999981,-0.0176508
38.49000000000091,0.026414932270072022,0.026414932270072022,0.3177112690411421,0.02988844180257583,-8709666.006401777,-665080.3434227987,341724.88814226876,-0.02611601023033902,0.008121476290003189,-0.00874695199999981,-0.0235344
38.50000000000091,0.02620647482074817,0.02620647482074817,0.31750281159181826,0.01329393889178827,-9515028.278365374,-1005429.0083712881,340219.27635477367,-0.02590952838750149,0.008033222290003191,-0.00890384799999981,-0.0078448
38.51000000000091,0.025999888838615703,0.025999888838615703,0.3172962256096858,0.018382368069672438,-10458393.666914701,-840549.2995232755,338568.1785395667,-0.02570424057092452,0.007943644480003193,-0.00901171399999981,-0.0137284
38.520000000000906,0.025795214976791103,0.025795214976791103,0.3170915517478612,0.02642613728194401,-11641973.402354002,-489588.0024141262,336937.47691474936,-0.025500192662596677,0.007852620285003196,-0.009193124999999809,-0.0225538
38.5300000000009,0.025593503949719376,0.025593503949719376,0.31688984072078946,0.04727874748348697,-13620792.60841918,218665.60238169273,335192.0718605346,-0.0252974186905163,0.0077590220150031974,-0.00952652899999981,-0.044127
38.5400000000009,0.02539487548996533,0.02539487548996533,0.3166912122610354,0.0023190604578401607,-15143343.071233511,-810212.4284432968,333005.22305642726,-0.02509612640390757,0.007662653550003199,-0.00974716399999981,0.0
38.5500000000009,0.0251969247783852,0.0251969247783852,0.3164932615494553,-0.024815408580001332,-15681584.686753273,-1713052.8624328738,330615.441001045,-0.024896555938076714,0.007565843815003201,-0.009614782999999811,0.0264762
38.5600000000009,0.024997504023982153,0.024997504023982153,0.31629384079505224,-0.011514918858485167,-15520710.899301052,-1388797.3510090557,328870.6367587933,-0.024698538685882704,0.007470676585003203,-0.009418662999999812,0.0127478
38.570000000000896,0.02479661861972382,0.02479661861972382,0.3160929553907939,-0.010772945998346955,-14898616.139073849,-1365847.8536192568,327915.4668785472,-0.024501534432515737,0.007377102830003205,-0.009296087999999812,0.0117672
38.580000000000894,0.024595022251272136,0.024595022251272136,0.3158913590223422,0.004598866344256097,-14396468.050905704,-950401.7230102735,327240.1536153952,-0.024305141354812126,0.007284338070003207,-0.009256863999999813,-0.0039224
38.59000000000089,0.02439430452253577,0.02439430452253577,0.31569064129360586,0.036713127716763806,-14734871.970715046,30973.76942097,326611.97120965,-0.024109236588697014,0.007190764315003209,-0.009457886999999813,-0.0362822
38.60000000000089,0.02419644479680344,0.02419644479680344,0.3154927815678735,0.036294998383534394,-15787618.938501358,229725.1991028993,325570.96706560027,-0.02391395671780086,0.00709437133500321,-0.009820708999999813,-0.0362822
38.61000000000089,0.02400199421049698,0.02400199421049698,0.31529833098156707,0.02706245255249923,-17220417.890106678,58259.01100615901,323780.0483210747,-0.023719736053058604,0.0069945707700032125,-0.010139403999999814,-0.0274568
38.620000000000886,0.023810127886512156,0.023810127886512156,0.31510646465758224,0.0129505893762882,-18483659.882350683,-245923.97456088837,321534.2870716604,-0.0235270232900959,0.006892147100003214,-0.010345329999999814,-0.0137284
38.630000000000884,0.023618998122705903,0.023618998122705903,0.314915334893776,-0.023505964584592143,-18675772.19004011,-1279591.816132919,319241.7442558272,-0.023336003129193206,0.006788914435003217,-0.010301202999999814,0.0225538
38.64000000000088,0.023426134839510726,0.023426134839510726,0.3147224716105808,-0.035293054476196135,-17675036.154304504,-1772129.6515893578,317384.0396078935,-0.023146528366072783,0.006687324275003219,-0.010016828999999814,0.034321
38.65000000000088,0.023230387481191828,0.023230387481191828,0.3145267242522619,-0.021287570716241596,-15969946.444942951,-1497807.3005006388,316423.04722166806,-0.02295810184288241,0.006588528825003221,-0.009742260999999815,0.0205926
38.66000000000088,0.023032094540823056,0.023032094540823056,0.31432843131189314,-0.023969458005910903,-13708442.900072813,-1613310.9425992318,316153.92112715467,-0.022770132403230448,0.006492209390003223,-0.009521625999999814,0.0235344
38.670000000000876,0.022830940944794986,0.022830940944794986,0.31412727771586507,-0.045211766657321906,-10536623.640350103,-2336296.037976427,316178.9245517593,-0.02258225364039662,0.006398709180003225,-0.009178415999999814,0.0451076
38.680000000000874,0.02262602759674276,0.02262602759674276,0.31392236436781285,-0.03600668856358702,-6777854.527231455,-2288170.116701901,316659.3919014642,-0.022394187110042263,0.006308959765003227,-0.008771466999999814,0.0362822
38.69000000000087,0.022417395080379376,0.022417395080379376,0.31371373185144946,-0.03154868687432998,-2571164.142589569,-2256372.972222181,317740.93504424114,-0.022205540085358105,0.006222961145003229,-0.008428256999999814,0.0323598
38.70000000000087,0.022205164492544893,0.022205164492544893,0.313501501263615,-0.044823319341190715,2246831.4039776325,-2771938.84658021,319134.7347836348,-0.022015972463121813,0.006140639775003231,-0.008036016999999814,0.0460882
38.71000000000087,0.021989337016392496,0.021989337016392496,0.3132856737874626,-0.02268226110019233,7072519.332484245,-2351501.6151556615,320799.62753610755,-0.021825266065277238,0.006062044685003233,-0.007683000999999814,0.024515
38.720000000000866,0.021770700692754053,0.021770700692754053,0.31306703746382414,-0.022166504420731717,11970264.177145481,-2361212.0260162926,322722.39520219836,-0.021633222222142368,0.005986440425003235,-0.007437850999999813,0.024515
38.730000000000864,0.021550264467317726,0.021550264467317726,0.3128466012383878,-0.004980801973761387,16415228.553216457,-2019415.4818871329,324569.5475453089,-0.021439771070688507,0.005912870910003237,-0.007276051999999813,0.0078448
38.74000000000086,0.021328690471763334,0.021328690471763334,0.3126250272428334,-0.013382696354753395,20813661.591221094,-2228045.170591386,326196.10405957396,-0.0212450214068563,0.005840723265003238,-0.007153476999999814,0.0166702
38.75000000000086,0.021105436428896673,0.021105436428896673,0.31240177319996676,-0.03545569780647954,25673220.150482416,-3002185.2850787314,327598.213526393,-0.021049138177976517,0.00577058585000324,-0.006874005999999814,0.039224
38.76000000000086,0.020879177280244077,0.020879177280244077,0.31217551405131416,-0.03591013946962008,31043456.10450411,-3188743.4933442315,329118.69020224374,-0.020852159770186396,0.005703831505003242,-0.006476862999999814,0.0402046
38.770000000000856,0.020649944245045515,0.020649944245045515,0.3119462810161156,-0.011679485093343387,36281904.573325634,-2659823.6715400806,331099.0829925076,-0.020653867794478392,0.005640484745003243,-0.006192488999999813,0.0166702
38.780000000000854,0.020419441884856726,0.020419441884856726,0.3117157786559268,0.008501597357036737,40865890.260941744,-2088188.602688329,333199.6810900806,-0.020454042482749207,0.0055789030650032455,-0.0061238469999998135,-0.0029418
38.79000000000085,0.020188439258093105,0.020188439258093105,0.3114847760291632,-0.025323397999794307,45684228.42625928,-3040170.5841618152,334886.49222973076,-0.020252792175401824,0.005518375530003248,-0.005981659999999813,0.0313792
38.80000000000085,0.019956496838119342,0.019956496838119342,0.3112528336091894,0.004566042184688729,49990233.08219576,-2419230.321302726,336303.0537805907,-0.020050372699141533,0.0054593924400032495,-0.005814957999999813,0.0019612
38.81000000000085,0.019725013023993543,0.019725013023993543,0.31102134979506363,0.03455755368858048,53336977.5995934,-1460354.1447212044,337757.0731546919,-0.019846870490005997,0.005400605470003252,-0.005942435999999813,-0.0274568
38.820000000000846,0.019497002127106866,0.019497002127106866,0.31079333889817695,0.06526699333817376,54933400.33417106,-502059.21335124155,338640.10946987965,-0.019642486031763856,0.0053390483050032534,-0.006368996999999813,-0.0578554
38.830000000000844,0.01927468019326617,0.01927468019326617,0.31057101696433626,0.06250167323151887,55218803.33509469,-312811.49850331317,338365.2497660154,-0.019437919251927893,0.005272539110003255,-0.006932841999999813,-0.0549136
38.84000000000084,0.019057794887719193,0.019057794887719193,0.3103541316587893,0.027232741356087133,55290587.089524984,-1206831.608667632,336913.25688595,-0.019234051242320915,0.005201347550003258,-0.007305469999999813,-0.019612
38.85000000000084,0.018843954888931924,0.018843954888931924,0.310140291660002,0.004886299847326133,55867314.64789009,-1860194.794372213,334865.23647372914,-0.019031516894809475,0.0051278760950032596,-0.007388820999999813,0.0029418
38.86000000000084,0.018631414948084124,0.018631414948084124,0.3099277517191542,0.01504133066907756,56689954.774918795,-1644505.8465210877,333075.3782469008,-0.018830419887842342,0.005053889825003262,-0.0074084329999998125,-0.0068642
38.870000000000836,0.018420061768091855,0.018420061768091855,0.30971639853916194,0.012548909285584298,57715136.511288404,-1661696.5954635355,331666.68466653815,-0.01863051418232764,0.004979535830003263,-0.0074623659999998124,-0.0039224
38.880000000000834,0.018210547929218113,0.018210547929218113,0.3095068847002882,0.033484936836678,58261981.10114193,-1115122.161076129,330344.58744911524,-0.018431629358121926,0.0049042012350032655,-0.007604552999999813,-0.024515
38.89000000000083,0.01800344945868304,0.01800344945868304,0.3092997862297531,0.017149328356180882,58853273.81020498,-1430536.743180216,328897.1517821002,-0.01823378395141423,0.004827346710003268,-0.0077663519999998125,-0.0078448
38.90000000000083,0.017797571516171895,0.017797571516171895,0.309093908287242,-0.018921015892164144,60260193.71903396,-2547629.8989919815,327240.04595471115,-0.018037102937820515,0.004750198005003269,-0.007663388999999812,0.0284374
38.91000000000083,0.01759122803856994,0.01759122803856994,0.30888756480964,0.0021007361571021375,61940633.69733381,-2116242.017607021,325893.2204856842,-0.01784153438985825,0.004674471170003271,-0.007481977999999812,0.0078448
38.920000000000826,0.017384994481198623,0.017384994481198623,0.3086813312522687,0.019163209599045335,63453567.77166319,-1607819.4190883392,325182.5722582696,-0.01764671908115034,0.004599626875003273,-0.007486880999999812,-0.0088254
38.930000000000824,0.017179863656668903,0.017179863656668903,0.308476200427739,0.0037463178287403167,65008413.832778454,-2017296.4855795968,324483.944743886,-0.017452426747723182,0.004524709035003275,-0.007496686999999812,0.0068642
38.94000000000082,0.016976156783927276,0.016976156783927276,0.30827249355499736,0.03036879921371897,65954108.92634368,-1358131.590352455,323616.54235519195,-0.017258718587737032,0.004449423470003277,-0.007560425999999812,-0.019612
38.95000000000082,0.016774626907720858,0.016774626907720858,0.30807096367879094,0.022664811944831394,66681181.49870467,-1419306.8759068216,322689.13603702787,-0.017065680027719354,0.004373034730003279,-0.007717321999999812,-0.0117672
38.96000000000082,0.016575258938266002,0.016575258938266002,0.3078715957093361,0.010848875733727583,67362726.49468207,-1812842.4273625393,321453.7080386157,-0.016873452877675332,0.004295567330003281,-0.007776157999999812,0.0
38.970000000000816,0.016377147464748665,0.016377147464748665,0.30767348423581875,0.005970322409413984,68248029.3121996,-1944807.7043799697,320124.7958534801,-0.016682180448305328,0.004217928325003283,-0.007751642999999812,0.004903
38.980000000000814,0.01617963002352696,0.01617963002352696,0.30747596679459704,0.001046679067880284,69391094.46198606,-2146767.515544827,319033.5958366849,-0.016491802138452027,0.004140779620003285,-0.007678097999999811,0.009806
38.99000000000081,0.015982044545004015,0.015982044545004015,0.3072783813160741,-0.010728092410859738,71001831.81242037,-2507548.5755823203,318188.49737005925,-0.016302140676510368,0.004064783120003287,-0.007521201999999811,0.0215732
39.00000000000081,0.015783826213733698,0.015783826213733698,0.3070801629848038,-0.004885421525772536,72817662.25846314,-2468657.0864735483,317695.98948935024,-0.016112975078657943,0.003990502670003289,-0.007334887999999811,0.0156896
39.01000000000081,0.015584654310955404,0.015584654310955404,0.3068809910820255,-0.017643924856651737,75115287.54545641,-2835024.3104638397,317576.18100631103,-0.015924035372750833,0.003918256965003291,-0.007114252999999811,0.0284374
39.020000000000806,0.015383887314009581,0.015383887314009581,0.30668022408507967,-0.02363049546418329,77861750.92489481,-3170219.277504921,317782.8767702128,-0.015735061484629387,0.003848683395003293,-0.006800460999999811,0.034321
39.030000000000804,0.015180489380618556,0.015180489380618556,0.30647682615168864,-0.04033254202084415,81431852.4252336,-3725612.974439485,318449.72322403884,-0.015545760779596851,0.003782811590003295,-0.006373899999999811,0.0509912
39.0400000000008,0.014973621141435411,0.014973621141435411,0.3062699579125055,-0.03451665217982634,85467985.63335562,-3798444.532007182,319739.0327246096,-0.01535573012706587,0.0037214750600032967,-0.005893405999999811,0.0451076
39.0500000000008,0.014763498453676749,0.014763498453676749,0.30605983522474683,-0.020812096641669442,89570854.3598392,-3484188.712975729,321651.19233941747,-0.015164504839446147,0.0036644531700032986,-0.005510971999999811,0.0313792
39.0600000000008,0.014550849187175752,0.014550849187175752,0.30584718595824584,-0.02492230422915263,93720551.50830698,-3693366.390459708,323873.6610512036,-0.014971735150293874,0.0036110104700033006,-0.005177567999999811,0.0353016
39.070000000000796,0.014336393212599663,0.014336393212599663,0.30563272998366975,-0.001611617903666838,97305041.79480791,-3128108.491753243,326163.71375132876,-0.014777277328330063,0.0035604115100033025,-0.004942223999999811,0.0117672
39.080000000000794,0.014120939023447077,0.014120939023447077,0.30541727579451716,-0.011783043023436642,100718333.97136378,-3371128.519292093,328411.6192452706,-0.014581118935870163,0.0035118227800033045,-0.004775521999999811,0.0215732
39.09000000000079,0.013904648830446342,0.013904648830446342,0.30520098560151643,-0.008262449973275984,103798346.52055669,-3368168.4559418834,330454.55102754093,-0.01438334979631506,0.0034650481600033063,-0.004579401999999811,0.0176508
39.10000000000079,0.01368772711281907,0.01368772711281907,0.30498406388388916,0.003067782646179749,106438313.6361444,-3037159.4072734513,332433.41839289974,-0.01418406834623065,0.003419842500003308,-0.004461729999999811,0.0058836
39.11000000000079,0.013470252071344613,0.013470252071344613,0.3047665888424147,-0.01996441973348121,109206305.55317116,-3658185.989077869,334306.19586042984,-0.013983336337887231,0.00337608322500331,-0.004290124999999811,0.0284374
39.120000000000786,0.013251808872347226,0.013251808872347226,0.3045481456434173,-0.0018444193560014947,111601676.39912105,-3273610.2720537586,336094.05141730653,-0.013781223656675945,0.0033341380600033117,-0.004098907999999811,0.009806
39.130000000000784,0.013033134425122661,0.013033134425122661,0.30432947119619275,0.014423550975004605,113384963.73701501,-2711144.1463151444,337992.04911099136,-0.013577718852006426,0.0032932225250033136,-0.004084198999999811,-0.0068642
39.14000000000078,0.01281491541842178,0.01281491541842178,0.30411125218949187,-0.008744618414647357,115071053.4822576,-3304234.475314389,339616.3694834106,-0.013372881921005275,0.0032526011700033156,-0.004040071999999811,0.0156896
39.15000000000078,0.01259685325724097,0.01259685325724097,0.30389319002831106,0.009379379788319285,116239244.2714715,-2852828.0701976204,340950.32412869093,-0.013166926601681561,0.0032125191450033176,-0.003976332999999811,-0.0029418
39.16000000000078,0.012379016059827719,0.012379016059827719,0.3036753528308978,-0.0009762874282328053,117340512.35288882,-3012318.284703319,342265.81817249703,-0.012959971526161351,0.0031728538750033196,-0.003956720999999812,0.0068642
39.170000000000776,0.012161841903739201,0.012161841903739201,0.3034581786748093,0.01913343539996915,117731283.46486855,-2485924.726898923,343430.53134924476,-0.012752084135780606,0.0031331150600033214,-0.003991041999999812,-0.0137284
39.180000000000774,0.011944984525573632,0.011944984525573632,0.3032413212966437,-0.024581594806209108,118713571.78889847,-3530610.038712461,344357.77125301654,-0.012543412858114278,0.0030935968800033234,-0.003912593999999812,0.029418
39.19000000000077,0.011727241358973017,0.011727241358973017,0.3030235781300431,-0.0053828473618373444,119561099.42850542,-3220696.742874702,345262.66827519337,-0.012334049262028413,0.0030554515400033253,-0.0037164739999998118,0.009806
39.20000000000077,0.011507907526512429,0.011507907526512429,0.3028042442975825,-0.02827934487024628,121082261.45163321,-3692863.0519377673,346475.879795688,-0.012123876032779313,0.003019340945003327,-0.0035056449999998117,0.0323598
39.21000000000077,0.011286556959308802,0.011286556959308802,0.3025828937303789,-0.01872785261962623,122650426.57017326,-3648111.049028473,347962.8042497911,-0.011912671819401532,0.002985657335003329,-0.0032310769999998115,0.0225538
39.220000000000766,0.011063309339983507,0.011063309339983507,0.3023596461110536,-0.010147034756702124,124215259.3332038,-3298594.5292549804,349692.401948457,-0.011700239994867911,0.002954253620003331,-0.0030496659999998117,0.0137284
39.230000000000764,0.010838484338880239,0.010838484338880239,0.3021348211099503,-0.024073348985570966,125957137.25204754,-3755802.7224061307,351542.545583384,-0.011486444300858212,0.0029247865900033326,-0.0028437399999998118,0.0274568
39.24000000000076,0.010611618738969486,0.010611618738969486,0.30190795551003957,-0.023330219571676854,127856265.16874266,-3764437.1725468496,353353.061839759,-0.011271255149040038,0.0028976975150033345,-0.0025740749999998117,0.0264762
39.25000000000076,0.010382767121973557,0.010382767121973557,0.30167910389304364,-0.008706895276931274,129574846.26312757,-3414639.8980753226,355372.0021071942,-0.01105460099669553,0.0028729128500033364,-0.0023828579999998116,0.0117672
39.26000000000076,0.010153165222682559,0.010153165222682559,0.30144950199375264,0.010747095074320232,130625691.56380057,-2788380.855604068,357424.7437461317,-0.010836392069368317,0.0028491823300033385,-0.0023632459999998116,-0.0078448
39.270000000000756,0.009924268525235702,0.009924268525235702,0.3012206052963058,0.015463257461969825,130976930.66931558,-2570482.514989434,359110.7261566629,-0.010616763706946586,0.0028250350550033405,-0.002466208999999812,-0.0127478
39.280000000000754,0.009697232799012412,0.009697232799012412,0.3009935695700825,0.0328202084960328,130326688.6094141,-1970465.7604721796,360228.82107862405,-0.010396077241282387,0.0027992943050033424,-0.002681940999999812,-0.0303986
39.29000000000075,0.009473012788169921,0.009473012788169921,0.30076934955924,0.031577416674173076,128951770.69480085,-1827684.40863981,360712.7185880587,-0.010174793882033184,0.002770979480003344,-0.002981023999999812,-0.029418
39.30000000000075,0.009251874032267848,0.009251874032267848,0.30054821080333793,0.027325090190226147,127055970.01558375,-1821310.0281230733,360526.8967089319,-0.00995341310841319,0.002739796400003346,-0.0032555919999998116,-0.0254956
39.31000000000075,0.009033273442984657,0.009033273442984657,0.30032961021405474,0.01534642124389662,125108009.61326909,-2046175.503255582,359834.5836521988,-0.00973238024173867,0.002706259880003348,-0.003451711999999812,-0.0137284
39.320000000000746,0.008816158638664973,0.008816158638664973,0.30011249540973506,0.0014582100078003295,123461543.6056447,-2385769.7088294677,358939.75012336374,-0.009511957990209097,0.00267139955000335,-0.0035203539999998116,0.0
39.330000000000744,0.008599438226001677,0.008599438226001677,0.29989577499707176,-0.002454907792854507,122186662.7289455,-2494070.539475058,358103.396395437,-0.009292193366679913,0.0026362940700033516,-0.0035007419999998116,0.0039224
39.34000000000074,0.008383258173700225,0.008383258173700225,0.2996795949447703,0.025085803083581236,120535386.02549577,-1693439.7608036653,357509.77278074855,-0.009072966288948436,0.0026007963500033534,-0.0035988019999998117,-0.0235344
39.35000000000074,0.0081688019450471,0.0081688019450471,0.2994651387161172,0.02126324441248682,118640904.31912541,-1621942.1697523182,356882.0477670718,-0.008854203596640686,0.002563729670003355,-0.003814533999999812,-0.019612
39.36000000000074,0.007956052076672049,0.007956052076672049,0.29925238884774213,0.0006763249176639407,116952282.90953374,-2164730.450183602,355860.3116008194,-0.008636076578767304,0.002525118545003357,-0.003907690999999812,0.0009806
39.370000000000736,0.007743985938156894,0.007743985938156894,0.299040322709227,0.004764863266045977,115452060.76876879,-2068226.0897924535,354709.71153604746,-0.008418777521318865,0.002485992605003359,-0.0039174969999998125,-0.0029418
39.380000000000734,0.007532396876790137,0.007532396876790137,0.2988287336478602,0.008905967521482247,114051694.13067794,-1901159.838249684,353768.1805733817,-0.00820226736999874,0.0024465724850033605,-0.003966526999999813,-0.0068642
39.39000000000073,0.007321061641529791,0.007321061641529791,0.2986173984125999,-0.012403342730809671,113186529.98038864,-2471638.162288516,352865.08592465817,-0.00798645458532049,0.0024071033350033626,-0.003927302999999813,0.014709
39.40000000000073,0.007109050598516187,0.007109050598516187,0.2984053873695863,-0.011124992308774269,112735569.8853395,-2536353.816306284,352057.6171491126,-0.007771285740420353,0.0023685412400033645,-0.0037851159999998125,0.0137284
39.41000000000073,0.006895661103069162,0.006895661103069162,0.29819199787413925,-0.02048476999025776,112940488.79533076,-2808177.6272098133,351611.2739241926,-0.00755658034320994,0.0023316216500033665,-0.0035988019999998126,0.0235344
39.42000000000073,0.0066808357040695765,0.0066808357040695765,0.29797717247513966,-0.005341609812819691,113231488.63282657,-2502271.196476654,351516.4884860673,-0.007342067291897181,0.0022964426250033686,-0.0034370029999998128,0.0088254
39.430000000000724,0.00646520774961834,0.00646520774961834,0.2977615445206884,-0.0009342284484556612,113543059.42768908,-2331870.356652301,351636.16068922024,-0.00712753518817677,0.0022624158050033706,-0.003368360999999813,0.004903
39.44000000000072,0.006249655403875176,0.006249655403875176,0.29754599217494526,0.01023723747646726,113513940.87239146,-2060872.199493542,351727.2470633452,-0.006912920021128033,0.0022287076800033725,-0.003373263999999813,-0.0058836
39.45000000000072,0.006035224624982238,0.006035224624982238,0.2973315613960523,0.025330249785724953,112904975.22477055,-1558587.3747321297,351606.239167704,-0.006698318784479462,0.0021943131350033746,-0.003505644999999813,-0.0205926
39.46000000000072,0.005822784449326934,0.005822784449326934,0.297119121220397,0.01873518701310576,111967755.23591208,-1668820.3824767123,351120.70890012756,-0.006483955459273327,0.0021583986600033763,-0.003677249999999813,-0.0137284
39.47000000000072,0.005612708266329591,0.005612708266329591,0.2969090450373997,0.03176548017616647,110458180.474442,-1273724.6410501013,350196.4151342825,-0.006270137473708803,0.0021206210450033782,-0.003878272999999813,-0.0264762
39.480000000000715,0.005405292618169466,0.005405292618169466,0.29670162938923955,0.02415927650261818,108752468.95366454,-1361930.1439639586,348945.44562714576,-0.006057153254073244,0.00208071062500338,-0.004103810999999813,-0.0186314
39.49000000000071,0.005199974954068209,0.005199974954068209,0.2964963117251383,0.003837198392652568,107326510.72236705,-1923270.7234010429,347368.0752111383,-0.005845249384131834,0.002039255760003382,-0.004187161999999813,0.0019612
39.50000000000071,0.004995679553229937,0.004995679553229937,0.2962920163243,0.009057299020542572,106082377.33076668,-1826071.5214860043,345756.70201587444,-0.005634553816468435,0.001997359625003384,-0.004192064999999813,-0.0029418
39.51000000000071,0.0047921947384987895,0.0047921947384987895,0.2960885315095689,0.01047164785084557,104982757.03680778,-1752109.3549105343,344397.45174218697,-0.005424975998251758,0.0019552673700033857,-0.004226385999999813,-0.0039224
39.52000000000071,0.004589632684287304,0.004589632684287304,0.2958859694553574,0.006909826064107763,104002298.75728464,-1862343.4635647144,343116.78284249024,-0.0052163933857280465,0.0019129054500033875,-0.004245997999999813,0.0
39.530000000000705,0.004388032633140859,0.004388032633140859,0.29568436940421094,0.014188822624586301,102957213.49568653,-1666129.9209617407,341860.42010616267,-0.005008792460202527,0.0018702738650033894,-0.004280318999999813,-0.0068642
39.5400000000007,0.004187580374082733,0.004187580374082733,0.2954839171451528,0.010624212220445453,101955130.35726237,-1735480.8913694033,340638.29913326475,-0.0048021485448198065,0.0018272255250033913,-0.004329348999999813,-0.0029418
39.5500000000007,0.003988338215263509,0.003988338215263509,0.2952846749863336,0.012966762490777349,100896330.23311996,-1688540.6100355815,339370.91176040884,-0.004596445820242684,0.0017837359150033932,-0.004368572999999813,-0.004903
39.5600000000007,0.0037901709256675797,0.0037901709256675797,0.29508650769673767,0.006437031726593173,99989866.86109805,-1851603.2478817326,338089.482196388,-0.004391706580530896,0.001739976640003395,-0.004383281999999813,0.0019612
39.5700000000007,0.0035929181944170385,0.0035929181944170385,0.2948892549654871,0.010741507873123765,99074976.90916133,-1775421.9280110956,336846.4735676591,-0.004187920644614845,0.0016961438200033968,-0.004383281999999813,-0.0019612
39.580000000000695,0.0033965422514248833,0.0033965422514248833,0.29469287902249497,0.007151482861959066,98273598.26404428,-1852301.8033766558,335665.00500350085,-0.003985049342365932,0.0016523110000033986,-0.004383281999999813,0.0019612
39.59000000000069,0.003200882202672839,0.003200882202672839,0.2944972189737429,0.0035912960077213348,97605682.00825143,-1996748.064714329,334524.91568925726,-0.003783052980906504,0.0016086743000034004,-0.004344057999999813,0.0058836
39.60000000000069,0.0030056047177746126,0.0030056047177746126,0.2943019414888447,0.0009684792749916958,97138916.6518004,-2092751.3337456295,333472.33521014336,-0.0035818821985040272,0.0015656014450034022,-0.004270512999999813,0.0088254
39.61000000000069,0.002810621486952547,0.002810621486952547,0.29410695825802263,0.006241908487332598,96693652.16940999,-1994859.6344248082,332581.63098020654,-0.0033814424165907464,0.001523215010003404,-0.004206773999999813,0.0039224
39.62000000000069,0.0026160263284615293,0.0026160263284615293,0.29391235215094386,0.001632653484574444,96373760.57807183,-2119072.726317254,331790.86642219435,-0.0031816345676695668,0.001481465965003406,-0.004143034999999812,0.0088254
39.630000000000685,0.002421783367559771,0.002421783367559771,0.2937180569119556,0.0029275081644385818,96088977.81511188,-2145254.051918088,331052.87842416303,-0.0029824007753482262,0.0014404523700034077,-0.004059683999999813,0.0078448
39.64000000000068,0.002228100594772686,0.002228100594772686,0.29352432257200534,0.014948291702912156,95567819.92280626,-1811545.780240248,330400.05968007835,-0.0027836888191093423,0.0013999535900034096,-0.004040071999999813,-0.0039224
39.65000000000068,0.002035274171088508,0.002035274171088508,0.2933314453345375,0.001460007727756441,95155037.24747992,-2160420.076015931,329716.62265786115,-0.0025854778544996404,0.0013596999600034114,-0.004010653999999813,0.009806
39.66000000000068,0.0018425175010012285,0.0018425175010012285,0.29313863864558803,-0.015054705414030404,95197718.53907776,-2705636.5677105812,328957.85101680085,-0.002387807299242012,0.0013205004750034132,-0.0038292429999998135,0.0264762
39.67000000000068,0.001648601621418777,0.001648601621418777,0.29294467358254045,-0.017711006347679244,95753866.02498126,-2891407.988212619,328474.25708771095,-0.0021906018665331373,0.001283605400003415,-0.0035497719999998136,0.029418
39.680000000000675,0.0014530125898029045,0.0014530125898029045,0.2927490362420301,-0.016449363226603207,96687015.62071323,-2944258.48498978,328476.0655830984,-0.0019935761037713218,0.0012495540650034169,-0.0032604949999998135,0.0284374
39.69000000000067,0.0012559506831533174,0.0012559506831533174,0.29255192693895044,-0.008305268549509493,97673642.79412365,-2797959.943397228,328838.0363368749,-0.0017964128285711534,0.0012181748650034188,-0.0030153449999998135,0.0205926
39.70000000000067,0.001058031166401907,0.001058031166401907,0.29235396097502886,-0.0012445037455531556,98507451.86514354,-2629852.0507500824,329374.03240656125,-0.0015989115708926471,0.0011888794400034205,-0.0028437399999998135,0.0137284
39.71000000000067,0.000859863719059828,0.000859863719059828,0.2921557480655783,0.0008872721475989396,99134020.85569215,-2591846.567204688,329885.05683497136,-0.0014010162205344567,0.0011610794300034224,-0.0027162619999998136,0.0117672
39.72000000000067,0.0006617568408651131,0.0006617568408651131,0.2919575967451352,0.001923685133625633,99567538.29906726,-2578920.520146135,330277.8913600264,-0.0012027803049484143,0.0011344806550034243,-0.0026034929999998136,0.0107866
39.730000000000665,0.0004636944182461189,0.0004636944182461189,0.29175949093381265,-0.002925159010363701,99974665.8118782,-2729528.429226105,330572.18106859166,-0.001004285028643248,0.0011091076300034262,-0.0024711119999998137,0.0156896
39.74000000000066,0.0002654851040093664,0.0002654851040093664,0.2915612393168391,-0.0019385115021286247,100333663.99810004,-2742801.105483949,330835.975613574,-0.0008055787234691469,0.001085156475003428,-0.0023191189999998136,0.014709
39.75000000000066,6.722992234597935e-05,6.722992234597935e-05,0.2913629429494418,0.00497897261701115,100497673.52435803,-2558482.596937311,331135.48162814986,-0.0006066593194838099,0.0010625291300034299,-0.0022063499999998137,0.0078448
39.76000000000066,-0.0001314396384568539,-0.0001314396384568539,-0.291427112626412,0.001991433493758955,100546129.43056893,-2623231.34932788,331394.52575926675,-0.00040752849888464615,0.0010409314150034317,-0.0021131929999998137,0.0107866
39.77000000000066,-0.00032928611951082987,-0.00032928611951082987,-0.29162492024305176,-0.0010004439089543048,100548711.11178946,-2725260.262329385,331543.4595694844,-0.0002082427496783168,0.0010204123600034336,-0.0019906179999998135,0.0137284
39.780000000000655,-0.0005270853447154611,-0.0005270853447154611,-0.2918226818051385,0.001875617720289353,100467430.36358619,-2653956.7592097735,331676.51709061,-8.849343638650531e-06,0.0010011190550034354,-0.0018680429999998135,0.0107866
39.79000000000065,-0.0007246717442628836,-0.0007246717442628836,-0.2920202317677634,0.0057501994666019325,100211595.67305899,-2534070.70293717,331822.3341033963,0.0001986847467642383,0.0009828798950034373,-0.0017797889999998135,0.0068642
39.80000000000065,-0.0009217586621876883,-0.0009217586621876883,-0.2922172834981307,0.006603248252130198,99766651.58222485,-2483617.5217522336,331890.27445099683,0.0003982787568259649,0.0009654007000034392,-0.0017160499999998135,0.0058836
39.81000000000065,-0.0011181848736270261,-0.0011181848736270261,-0.29241367579277605,0.007471563446177562,99136489.18575215,-2437236.8374522557,331831.95723905566,0.0005978824847743258,0.000948509865003441,-0.0016621169999998136,0.004903
39.82000000000065,-0.0013139389255756861,-0.0013139389255756861,-0.2926093972182351,0.005340004483361214,98410393.18171287,-2465523.583472066,331662.8639233012,0.0007974044812850134,0.0009321828750034429,-0.0016032809999998135,0.0068642
39.830000000000645,-0.0015090109577527988,-0.0015090109577527988,-0.2928044379318068,0.009129218450335862,97506597.5715394,-2343621.2340508513,331410.9719179812,0.0009967690094419834,0.0009163952150034448,-0.0015542509999998135,0.0029418
39.84000000000064,-0.0017032939512975354,-0.0017032939512975354,-0.2929986909301629,0.007963103909853605,96491235.83211303,-2322948.0266407393,331081.68835826084,0.0011959151392223477,0.0009010243100034467,-0.0015199299999998136,0.0039224
39.85000000000064,-0.0018968534874150844,-0.0018968534874150844,-0.29319222180792315,0.0038828708164431497,95458772.22368503,-2415530.3934873594,330646.62972461776,0.0013947741134039127,0.0008861191900034485,-0.0014610939999998135,0.0078448
39.86000000000064,-0.0020899519485665374,-0.0020899519485665374,-0.29338529295876986,0.0027141531029166656,94454549.31946564,-2429609.220059586,330158.2578481577,0.0015932862712927376,0.0008719250050034504,-0.0013777429999998136,0.0088254
39.87000000000064,-0.0022828510473279495,-0.0022828510473279495,-0.29357816610422494,-0.001350340970050948,93574894.53935766,-2526654.0351719805,329697.26760446845,0.0017914419945109783,0.0008586869050034523,-0.0012698769999998135,0.0127478
39.880000000000635,-0.0024757129607771433,-0.0024757129607771433,-0.2937710034279752,0.0014466222318023478,92714535.98706937,-2449547.924631646,329289.71143973904,0.0019892717356939094,0.0008465519800034541,-0.0011571079999998135,0.009806
39.89000000000063,-0.002668502559817987,-0.002668502559817987,-0.29396376980515565,0.0013360132926325547,91880065.5614624,-2421598.0943721114,328937.7853320015,0.0021868165165755404,0.000835471200003456,-0.0010590479999998135,0.009806
39.90000000000063,-0.0028611598809381578,-0.0028611598809381578,-0.2941564052740696,0.0011724680073441436,91043873.46991944,-2414474.7230444057,328586.78407607396,0.0023840976327172414,0.0008253710200034579,-0.0009609879999998135,0.009806
39.91000000000063,-0.003053674397190842,-0.003053674397190842,-0.294348899307128,0.0020312453946439604,90198851.44558406,-2367119.6106261485,328217.9750249364,0.0025811086256685434,0.0008162269250034598,-0.0008678309999998135,0.0088254
39.92000000000063,-0.0032460113301973625,-0.0032460113301973625,-0.29454121712280756,0.0018683710473275347,89349314.81788206,-2349794.4228209527,327839.6400670119,0.002777838273527067,0.0008079898850034616,-0.0007795769999998136,0.0088254
39.930000000000625,-0.003438111425718593,-0.003438111425718593,-0.29473329946118454,0.0037055119225747513,88453350.8087449,-2274806.5662759845,327430.22834933986,0.002974270592710798,0.0008005863550034635,-0.0007011289999998135,0.0068642
39.94000000000062,-0.003629915543022333,-0.003629915543022333,-0.2949250871732723,0.0025597338052319174,87554493.4135468,-2273835.898479393,326980.48808981373,0.003170378926539763,0.0007939427900034654,-0.0006275839999998136,0.0078448
39.95000000000062,-0.0038214381412999265,-0.0038214381412999265,-0.2951165947074128,0.0024357815153336557,86655468.06210303,-2257311.69107295,326480.5623088389,0.0033661294933787222,0.0007880591900034672,-0.0005491359999998135,0.0078448
39.96000000000062,-0.004012742416861725,-0.004012742416861725,-0.2953078852464574,0.0013016117968378603,85800379.86124754,-2262293.5962294457,325950.5580710997,0.0035614923872249737,0.0007829845850034691,-0.0004657849999998135,0.0088254
39.97000000000062,-0.0042039152432288285,-0.0042039152432288285,-0.2954990456478552,0.00021896267723343582,85009959.15917945,-2276539.8900911757,325410.10587506805,0.003756452609686961,0.000778792520003471,-0.0003726279999998135,0.009806
39.980000000000615,-0.004395017779764421,-0.004395017779764421,-0.29569013705229275,0.001072056108436439,84262249.29979801,-2235912.276534881,324874.768354392,0.003951008347800544,0.0007755320250034728,-0.00027947099999981346,0.0088254
39.99000000000061,-0.0045860363436355245,-0.0045860363436355245,-0.29588114575567304,0.0009958316848302387,83558219.82120824,-2215768.860879206,324349.41067824396,0.004145165433041859,0.0007731785850034747,-0.00019121699999981345,0.0088254
40.00000000000061,-0.004776735561508649,-0.004776735561508649,-0.2960718363608337,0.009710120441963446,82677610.199152,-2191502.055705632,323812.51349450747,0.004338923472447603,0.0007717076850034766,-0.00010296299999981343,0.0088254
